network,model,reference,sigma_km,block_days,metric,change,ci_low,ci_high,p_smoothing_improves
inmet_hourly,era5_forecast,era5,12.5,1,centred_rmse,-0.0022159921830932705,-0.002399578097162386,-0.002028943884702178,1.0
inmet_hourly,era5_forecast,era5,25.0,1,centred_rmse,0.008898716026901253,0.0073752946922844564,0.010425392785282563,0.0
inmet_hourly,era5_forecast,era5,50.0,1,centred_rmse,0.11148705040255115,0.10589433757653247,0.11713830883172541,0.0
inmet_hourly,era5_forecast,era5,100.0,1,centred_rmse,0.31428419910870603,0.3020912816221081,0.32608665381761853,0.0
inmet_hourly,era5_forecast,era5,12.5,3,centred_rmse,-0.0022150912124783363,-0.00246462226538017,-0.001973288566931822,1.0
inmet_hourly,era5_forecast,era5,25.0,3,centred_rmse,0.008911672540580746,0.0069319786658595785,0.010908442241031808,0.0
inmet_hourly,era5_forecast,era5,50.0,3,centred_rmse,0.11157416742217362,0.10406360059880876,0.11874057589314281,0.0
inmet_hourly,era5_forecast,era5,100.0,3,centred_rmse,0.31451713240400875,0.2981260187727199,0.3305828921166249,0.0
inmet_hourly,era5_forecast,era5,12.5,5,centred_rmse,-0.002212105042502169,-0.002499508096340702,-0.0019463950836949631,1.0
inmet_hourly,era5_forecast,era5,25.0,5,centred_rmse,0.008922407194213755,0.006722674348234209,0.011155011839315653,0.0
inmet_hourly,era5_forecast,era5,50.0,5,centred_rmse,0.11156266182269318,0.10311747099710153,0.12010025987559034,0.0
inmet_hourly,era5_forecast,era5,100.0,5,centred_rmse,0.3144492350607352,0.29507308780063446,0.33258267259464475,0.0
inmet_hourly,era5_forecast,era5,12.5,7,centred_rmse,-0.0022163730003214492,-0.002495801105137421,-0.001956196869297872,1.0
inmet_hourly,era5_forecast,era5,25.0,7,centred_rmse,0.008915035811508267,0.006497817636101477,0.011270870877493074,0.0
inmet_hourly,era5_forecast,era5,50.0,7,centred_rmse,0.11164040769088965,0.10197171062511891,0.12089377625973123,0.0
inmet_hourly,era5_forecast,era5,100.0,7,centred_rmse,0.31471188013706985,0.29301205753469495,0.33514722592879087,0.0
inmet_hourly,era5_forecast,era5,12.5,1,mae,-0.0017376241864382825,-0.001891429038243475,-0.001570576716437802,1.0
inmet_hourly,era5_forecast,era5,25.0,1,mae,0.014357116253253402,0.013101916733266853,0.015542612613815229,0.0
inmet_hourly,era5_forecast,era5,50.0,1,mae,0.11151873245571738,0.10822283469291527,0.11479254688769547,0.0
inmet_hourly,era5_forecast,era5,100.0,1,mae,0.28415027264673676,0.27777805840754505,0.2903971388989655,0.0
inmet_hourly,era5_forecast,era5,12.5,3,mae,-0.001734911318998741,-0.0019269016957771889,-0.0015421594833388008,1.0
inmet_hourly,era5_forecast,era5,25.0,3,mae,0.014357012237723205,0.012901144702402135,0.015911807062873956,0.0
inmet_hourly,era5_forecast,era5,50.0,3,mae,0.11150976457204191,0.10728948122555952,0.11579199935865586,0.0
inmet_hourly,era5_forecast,era5,100.0,3,mae,0.2841708999119373,0.2755348726223579,0.2928510600510045,0.0
inmet_hourly,era5_forecast,era5,12.5,5,mae,-0.0017313660591805283,-0.0019399220405886264,-0.0015259867328934642,1.0
inmet_hourly,era5_forecast,era5,25.0,5,mae,0.01437064014928494,0.012731398315604797,0.016060830630144803,0.0
inmet_hourly,era5_forecast,era5,50.0,5,mae,0.11152679377014328,0.10693458100646047,0.11631140587834271,0.0
inmet_hourly,era5_forecast,era5,100.0,5,mae,0.28418884528273586,0.2748149490777532,0.29407133432682153,0.0
inmet_hourly,era5_forecast,era5,12.5,7,mae,-0.0017355583430581057,-0.0019449510724059232,-0.0015161624430272361,1.0
inmet_hourly,era5_forecast,era5,25.0,7,mae,0.014342177694700269,0.012658088838030273,0.01607878962647277,0.0
inmet_hourly,era5_forecast,era5,50.0,7,mae,0.1114997921898043,0.1066438926904362,0.1164516973766332,0.0
inmet_hourly,era5_forecast,era5,100.0,7,mae,0.28419211189873833,0.27395958788385727,0.29453527186286305,0.0
inmet_hourly,era5_forecast,era5,12.5,1,rmse,-0.002300370526282073,-0.0024834292972354954,-0.002117531025801331,1.0
inmet_hourly,era5_forecast,era5,25.0,1,rmse,0.008458227075913021,0.007004708278629418,0.009848511862364417,0.0
inmet_hourly,era5_forecast,era5,50.0,1,rmse,0.11068088370693221,0.10547594400045823,0.11590104224844852,0.0
inmet_hourly,era5_forecast,era5,100.0,1,rmse,0.3188441859090876,0.30724384009280353,0.3296717895049738,0.0
inmet_hourly,era5_forecast,era5,12.5,3,rmse,-0.0022998329567782846,-0.0025307936988609196,-0.0020717132880916176,1.0
inmet_hourly,era5_forecast,era5,25.0,3,rmse,0.008466807288777372,0.006701454434930543,0.0102952354253604,0.0
inmet_hourly,era5_forecast,era5,50.0,3,rmse,0.11074925428864653,0.1042459177175634,0.11735915629672414,0.0
inmet_hourly,era5_forecast,era5,100.0,3,rmse,0.31905573421328376,0.3044378528950028,0.33361913330081305,0.0
inmet_hourly,era5_forecast,era5,12.5,5,rmse,-0.0022972234631433936,-0.0025693633897981957,-0.002052244283801846,1.0
inmet_hourly,era5_forecast,era5,25.0,5,rmse,0.00847334624392877,0.006552189326713399,0.010434942960504536,0.0
inmet_hourly,era5_forecast,era5,50.0,5,rmse,0.11071669708835424,0.10334056242376008,0.11799782511650107,0.0
inmet_hourly,era5_forecast,era5,100.0,5,rmse,0.3189431742908511,0.3021263347444446,0.3350900416563566,0.0
inmet_hourly,era5_forecast,era5,12.5,7,rmse,-0.0023024623951264653,-0.0025493334086016868,-0.002055697807640783,1.0
inmet_hourly,era5_forecast,era5,25.0,7,rmse,0.008456965154731069,0.006439545190420332,0.01046818540502761,0.0
inmet_hourly,era5_forecast,era5,50.0,7,rmse,0.11076365279540511,0.10282434733066428,0.11829789336104311,0.0
inmet_hourly,era5_forecast,era5,100.0,7,rmse,0.3191616562654317,0.3009592436347767,0.3370287800240231,0.0
inmet_hourly,era5_forecast,station,12.5,1,centred_rmse,0.0015880047993608358,0.0013455214122870152,0.0018318253706920637,0.0
inmet_hourly,era5_forecast,station,25.0,1,centred_rmse,0.03686128011979589,0.034881612100814814,0.03884206365082484,0.0
inmet_hourly,era5_forecast,station,50.0,1,centred_rmse,0.12767371081443601,0.12308971418164041,0.13218814755473512,0.0
inmet_hourly,era5_forecast,station,100.0,1,centred_rmse,0.2729884131994685,0.2650944965312499,0.28079760619887545,0.0
inmet_hourly,era5_forecast,station,12.5,3,centred_rmse,0.0015912149598633814,0.0012544047827644956,0.0019302812276547564,0.0
inmet_hourly,era5_forecast,station,25.0,3,centred_rmse,0.03690641640338062,0.03396014813116801,0.03980108435998379,0.0
inmet_hourly,era5_forecast,station,50.0,3,centred_rmse,0.12779282268783168,0.12110939256036689,0.13456274224722153,0.0
inmet_hourly,era5_forecast,station,100.0,3,centred_rmse,0.2731953699160508,0.2616399260383407,0.2842393462548375,0.0
inmet_hourly,era5_forecast,station,12.5,5,centred_rmse,0.0015960308512721895,0.001196342605188844,0.0019738607237098026,0.0
inmet_hourly,era5_forecast,station,25.0,5,centred_rmse,0.03693092531317346,0.033312773479029265,0.04033722271210102,0.0
inmet_hourly,era5_forecast,station,50.0,5,centred_rmse,0.1278429490425723,0.11978860772923018,0.13551949564723034,0.0
inmet_hourly,era5_forecast,station,100.0,5,centred_rmse,0.2732569087304198,0.26006830283714,0.28589122696721847,0.0
inmet_hourly,era5_forecast,station,12.5,7,centred_rmse,0.0015952088251251927,0.0011810201061181749,0.00202173411671408,0.0
inmet_hourly,era5_forecast,station,25.0,7,centred_rmse,0.03691599963739,0.03320842254301997,0.040595819645302185,0.0
inmet_hourly,era5_forecast,station,50.0,7,centred_rmse,0.12781506509997445,0.11941659269551796,0.13634123982930527,0.0
inmet_hourly,era5_forecast,station,100.0,7,centred_rmse,0.27326276742985506,0.25873276390916855,0.2869514850952856,0.0
inmet_hourly,era5_forecast,station,12.5,1,mae,0.001449683873859375,0.0012739261857539486,0.001630302076615075,0.0
inmet_hourly,era5_forecast,station,25.0,1,mae,0.030594482832447287,0.029272217211147283,0.031993425720501796,0.0
inmet_hourly,era5_forecast,station,50.0,1,mae,0.10240524631462937,0.09946427592262998,0.10532083340086061,0.0
inmet_hourly,era5_forecast,station,100.0,1,mae,0.21649538006699542,0.21195169391777435,0.22118607910175486,0.0
inmet_hourly,era5_forecast,station,12.5,3,mae,0.0014492096634065618,0.0011941507817878783,0.0016800334439051323,0.0
inmet_hourly,era5_forecast,station,25.0,3,mae,0.030605926244459028,0.02849170734640863,0.03252473723849532,0.0
inmet_hourly,era5_forecast,station,50.0,3,mae,0.10245097844311932,0.09813574539127642,0.10628524776148875,0.0
inmet_hourly,era5_forecast,station,100.0,3,mae,0.21660295876011804,0.2098856197946528,0.22259635686562726,0.0
inmet_hourly,era5_forecast,station,12.5,5,mae,0.0014545317246693241,0.0011718610246577276,0.0017271313878505056,0.0
inmet_hourly,era5_forecast,station,25.0,5,mae,0.030639447314837868,0.028214643118300547,0.032918947082070986,0.0
inmet_hourly,era5_forecast,station,50.0,5,mae,0.10250122005771523,0.09738828784453904,0.10713078965175978,0.0
inmet_hourly,era5_forecast,station,100.0,5,mae,0.2166587385181162,0.2091773097045624,0.22370969946538957,0.0
inmet_hourly,era5_forecast,station,12.5,7,mae,0.0014540087375725875,0.0011615943672254438,0.001742279769109095,0.0
inmet_hourly,era5_forecast,station,25.0,7,mae,0.03061882633604941,0.02809546597180974,0.03308722642933106,0.0
inmet_hourly,era5_forecast,station,50.0,7,mae,0.10245871275958315,0.09735304483286837,0.10762617773347934,0.0
inmet_hourly,era5_forecast,station,100.0,7,mae,0.2165954397583942,0.20929682875591699,0.22389014493702747,0.0
inmet_hourly,era5_forecast,station,12.5,1,rmse,0.0018092949734366975,0.0015736199112544149,0.0020588710485606562,0.0
inmet_hourly,era5_forecast,station,25.0,1,rmse,0.03800419622824701,0.036083538018329565,0.039969858034606426,0.0
inmet_hourly,era5_forecast,station,50.0,1,rmse,0.13277929983120146,0.1282577837921847,0.13725510214132644,0.0
inmet_hourly,era5_forecast,station,100.0,1,rmse,0.2925674351507849,0.2848717357484898,0.3003652290387053,0.0
inmet_hourly,era5_forecast,station,12.5,3,rmse,0.0018127143835223207,0.0014721563692685735,0.0021470822466661487,0.0
inmet_hourly,era5_forecast,station,25.0,3,rmse,0.038051478300268234,0.03503387800648684,0.040910010576550505,0.0
inmet_hourly,era5_forecast,station,50.0,3,rmse,0.13290558726407256,0.12630076817829758,0.1393708529187217,0.0
inmet_hourly,era5_forecast,station,100.0,3,rmse,0.2928006595567487,0.28141257910074957,0.303382924151369,0.0
inmet_hourly,era5_forecast,station,12.5,5,rmse,0.0018175632360444346,0.001417206806013771,0.0021913936817959,0.0
inmet_hourly,era5_forecast,station,25.0,5,rmse,0.038072954392242016,0.03447339211267973,0.04139733363631824,0.0
inmet_hourly,era5_forecast,station,50.0,5,rmse,0.1329444640166385,0.1252567691179383,0.14036207211683052,0.0
inmet_hourly,era5_forecast,station,100.0,5,rmse,0.29283783824311715,0.27955765163362983,0.30513786323314473,0.0
inmet_hourly,era5_forecast,station,12.5,7,rmse,0.0018162677157198743,0.0014158626590632332,0.002237597131609198,0.0
inmet_hourly,era5_forecast,station,25.0,7,rmse,0.03805935010321244,0.03438998699241606,0.04168842316014253,0.0
inmet_hourly,era5_forecast,station,50.0,7,rmse,0.13292139483542673,0.12469524685123598,0.1411736303007639,0.0
inmet_hourly,era5_forecast,station,100.0,7,rmse,0.2928627607644079,0.27896141087198756,0.30584687080636036,0.0
inmet_hourly,graphcast_era5,era5,12.5,1,centred_rmse,0.00039164528793922025,0.0002677015967700619,0.0005108093786416605,0.0
inmet_hourly,graphcast_era5,era5,25.0,1,centred_rmse,0.03069182947754052,0.02946523755639847,0.0319367534419522,0.0
inmet_hourly,graphcast_era5,era5,50.0,1,centred_rmse,0.16845803966698508,0.16412721156223614,0.17260770354199265,0.0
inmet_hourly,graphcast_era5,era5,100.0,1,centred_rmse,0.41266060669456633,0.4046867913170185,0.421020136483966,0.0
inmet_hourly,graphcast_era5,era5,12.5,3,centred_rmse,0.00039084595904499247,0.000245800040954372,0.0005304023712915246,0.0
inmet_hourly,graphcast_era5,era5,25.0,3,centred_rmse,0.03069393482014657,0.029161314603032475,0.03217751837409351,0.0
inmet_hourly,graphcast_era5,era5,50.0,3,centred_rmse,0.16845577882879514,0.1631208069400637,0.17359766255122525,0.0
inmet_hourly,graphcast_era5,era5,100.0,3,centred_rmse,0.4126320141020983,0.40263610798440885,0.4221762128414994,0.0
inmet_hourly,graphcast_era5,era5,12.5,5,centred_rmse,0.00039291397538295837,0.00024499520425551037,0.0005396705401750799,0.0
inmet_hourly,graphcast_era5,era5,25.0,5,centred_rmse,0.030698683924199652,0.029114290559592186,0.032234747554468736,0.0
inmet_hourly,graphcast_era5,era5,50.0,5,centred_rmse,0.16848155603999865,0.16277663465786385,0.17415225754271565,0.0
inmet_hourly,graphcast_era5,era5,100.0,5,centred_rmse,0.4126587800550136,0.40185716720901354,0.423138695978676,0.0
inmet_hourly,graphcast_era5,era5,12.5,7,centred_rmse,0.000390811820761359,0.00022011331357337516,0.0005674965974585943,0.0
inmet_hourly,graphcast_era5,era5,25.0,7,centred_rmse,0.030679129616193804,0.028854824715658367,0.032534050104845606,0.0
inmet_hourly,graphcast_era5,era5,50.0,7,centred_rmse,0.1684124005320021,0.162140042031932,0.17485920920163636,0.0
inmet_hourly,graphcast_era5,era5,100.0,7,centred_rmse,0.4125846283854965,0.4013569488031923,0.4237257371513348,0.0
inmet_hourly,graphcast_era5,era5,12.5,1,mae,0.001370393222818151,0.00124102129266358,0.0015075644873879606,0.0
inmet_hourly,graphcast_era5,era5,25.0,1,mae,0.031998651151742656,0.030963880366527616,0.03301671349410785,0.0
inmet_hourly,graphcast_era5,era5,50.0,1,mae,0.1462344244343775,0.14339879626874755,0.14906821390133984,0.0
inmet_hourly,graphcast_era5,era5,100.0,1,mae,0.3431199643418013,0.33778442225648336,0.3485647478755453,0.0
inmet_hourly,graphcast_era5,era5,12.5,3,mae,0.0013699411221693445,0.0012239932334921128,0.001516133640588485,0.0
inmet_hourly,graphcast_era5,era5,25.0,3,mae,0.03199210833871387,0.03069204455335026,0.03325508771600787,0.0
inmet_hourly,graphcast_era5,era5,50.0,3,mae,0.14617955510989464,0.14248635641764676,0.1498706043674208,0.0
inmet_hourly,graphcast_era5,era5,100.0,3,mae,0.3430177720781668,0.33633522613023004,0.34941761927641574,0.0
inmet_hourly,graphcast_era5,era5,12.5,5,mae,0.001371061445413808,0.0012236523894423174,0.0015130713327290628,0.0
inmet_hourly,graphcast_era5,era5,25.0,5,mae,0.03198013312623466,0.03062705887291819,0.03334981437960017,0.0
inmet_hourly,graphcast_era5,era5,50.0,5,mae,0.14618051535479354,0.14211367036977016,0.1502813527576917,0.0
inmet_hourly,graphcast_era5,era5,100.0,5,mae,0.34307777426513586,0.3357989569101776,0.3502719815948753,0.0
inmet_hourly,graphcast_era5,era5,12.5,7,mae,0.0013685315329378602,0.001207964076134227,0.0015348203778652479,0.0
inmet_hourly,graphcast_era5,era5,25.0,7,mae,0.031960869864097866,0.030420774571326793,0.03351284997794614,0.0
inmet_hourly,graphcast_era5,era5,50.0,7,mae,0.14612887362392935,0.14166877565920677,0.15101043860068258,0.0
inmet_hourly,graphcast_era5,era5,100.0,7,mae,0.3430035700387095,0.33531954749441556,0.35099396799996274,0.0
inmet_hourly,graphcast_era5,era5,12.5,1,rmse,0.0010762773382780695,0.000946110852977533,0.0012043104388693214,0.0
inmet_hourly,graphcast_era5,era5,25.0,1,rmse,0.03316654039410559,0.03193115301456552,0.03437894891898487,0.0
inmet_hourly,graphcast_era5,era5,50.0,1,rmse,0.17474604009680514,0.17049433125831834,0.17882785626276157,0.0
inmet_hourly,graphcast_era5,era5,100.0,1,rmse,0.4349246686396881,0.4265141686735815,0.44369147036677975,0.0
inmet_hourly,graphcast_era5,era5,12.5,3,rmse,0.001077676558273533,0.0009296982768878109,0.0012240575651560252,0.0
inmet_hourly,graphcast_era5,era5,25.0,3,rmse,0.033171167838023416,0.03169665451046872,0.03456152389621343,0.0
inmet_hourly,graphcast_era5,era5,50.0,3,rmse,0.17473788740523202,0.16960382669572424,0.17975952545471915,0.0
inmet_hourly,graphcast_era5,era5,100.0,3,rmse,0.4348952482642915,0.42496047269726417,0.4450029639614207,0.0
inmet_hourly,graphcast_era5,era5,12.5,5,rmse,0.0010785549046177475,0.0009202453751171208,0.0012339776504045664,0.0
inmet_hourly,graphcast_era5,era5,25.0,5,rmse,0.03317281643729773,0.03161694788409306,0.03465820654224009,0.0
inmet_hourly,graphcast_era5,era5,50.0,5,rmse,0.17476141730388087,0.16903912347167674,0.18016927550049128,0.0
inmet_hourly,graphcast_era5,era5,100.0,5,rmse,0.4349213753878056,0.4238438682823454,0.4456400917927621,0.0
inmet_hourly,graphcast_era5,era5,12.5,7,rmse,0.0010775240508280434,0.0009039771372355149,0.0012512093881171082,0.0
inmet_hourly,graphcast_era5,era5,25.0,7,rmse,0.03316041060042083,0.03145131640189093,0.03489909464491211,0.0
inmet_hourly,graphcast_era5,era5,50.0,7,rmse,0.1747130209187219,0.16856067818557563,0.18073190271860431,0.0
inmet_hourly,graphcast_era5,era5,100.0,7,rmse,0.4349107536082049,0.42293401293607025,0.4468572454775129,0.0
inmet_hourly,graphcast_era5,station,12.5,1,centred_rmse,0.004429208976173658,0.004267389306383989,0.004598361250476468,0.0
inmet_hourly,graphcast_era5,station,25.0,1,centred_rmse,0.06345015870649497,0.06179367497263989,0.06503410565633409,0.0
inmet_hourly,graphcast_era5,station,50.0,1,centred_rmse,0.1831346441648405,0.17880910738322606,0.18726520104175975,0.0
inmet_hourly,graphcast_era5,station,100.0,1,centred_rmse,0.355875986241403,0.3488566830562065,0.3628641849006101,0.0
inmet_hourly,graphcast_era5,station,12.5,3,centred_rmse,0.0044233245072676335,0.0041818552174362365,0.004664010421714204,0.0
inmet_hourly,graphcast_era5,station,25.0,3,centred_rmse,0.0634046544736397,0.06092194640209885,0.06589489971687537,0.0
inmet_hourly,graphcast_era5,station,50.0,3,centred_rmse,0.18302638456434212,0.1767996966522589,0.18936804583817585,0.0
inmet_hourly,graphcast_era5,station,100.0,3,centred_rmse,0.3557065009678476,0.3460155852274904,0.3657667582652489,0.0
inmet_hourly,graphcast_era5,station,12.5,5,centred_rmse,0.00442815590628769,0.004124942451332897,0.0047240066123679205,0.0
inmet_hourly,graphcast_era5,station,25.0,5,centred_rmse,0.06342999023126014,0.06041948728524488,0.06631911954465612,0.0
inmet_hourly,graphcast_era5,station,50.0,5,centred_rmse,0.18308474153826348,0.17553564252840928,0.19048043027510905,0.0
inmet_hourly,graphcast_era5,station,100.0,5,centred_rmse,0.3557700215595446,0.3435369811765837,0.36767204256818603,0.0
inmet_hourly,graphcast_era5,station,12.5,7,centred_rmse,0.0044220131005984235,0.004104716996248242,0.004745365632804049,0.0
inmet_hourly,graphcast_era5,station,25.0,7,centred_rmse,0.06337543877049773,0.060141977411154686,0.0666914924020127,0.0
inmet_hourly,graphcast_era5,station,50.0,7,centred_rmse,0.1829591344592845,0.17499549394724975,0.19139704930486384,0.0
inmet_hourly,graphcast_era5,station,100.0,7,centred_rmse,0.35561902850275295,0.3430715204413046,0.36916776776646315,0.0
inmet_hourly,graphcast_era5,station,12.5,1,mae,0.0035873529558475034,0.003454474152462678,0.0037217835621881135,0.0
inmet_hourly,graphcast_era5,station,25.0,1,mae,0.046487234224364474,0.045306749512803016,0.047694004452574115,0.0
inmet_hourly,graphcast_era5,station,50.0,1,mae,0.13556865685930575,0.13284699958404148,0.1384395561125568,0.0
inmet_hourly,graphcast_era5,station,100.0,1,mae,0.2723178909259843,0.26801496365840194,0.27712867723991935,0.0
inmet_hourly,graphcast_era5,station,12.5,3,mae,0.003583210885967382,0.0034067430261228715,0.0037606199751565425,0.0
inmet_hourly,graphcast_era5,station,25.0,3,mae,0.04644738345650579,0.044758204779240494,0.048181870285497426,0.0
inmet_hourly,graphcast_era5,station,50.0,3,mae,0.13548236357376664,0.1315627046415863,0.1395208429258377,0.0
inmet_hourly,graphcast_era5,station,100.0,3,mae,0.2721838047299667,0.2660655979880706,0.2781774270056685,0.0
inmet_hourly,graphcast_era5,station,12.5,5,mae,0.003587767479067757,0.003380096542857802,0.0037873158179102806,0.0
inmet_hourly,graphcast_era5,station,25.0,5,mae,0.046468895274181535,0.04447237925328832,0.04855064465016105,0.0
inmet_hourly,graphcast_era5,station,50.0,5,mae,0.13552917923899863,0.1307920141793934,0.14031737508387832,0.0
inmet_hourly,graphcast_era5,station,100.0,5,mae,0.27226095957054347,0.2651338047218499,0.27955803783184585,0.0
inmet_hourly,graphcast_era5,station,12.5,7,mae,0.0035828042860480388,0.003355718487428133,0.003816604588241607,0.0
inmet_hourly,graphcast_era5,station,25.0,7,mae,0.04643584456754951,0.04418111250843903,0.0487110124428834,0.0
inmet_hourly,graphcast_era5,station,50.0,7,mae,0.13545904013010673,0.1301914239444603,0.14093139779857702,0.0
inmet_hourly,graphcast_era5,station,100.0,7,mae,0.2721884962513182,0.26461834058854095,0.2798813121507555,0.0
inmet_hourly,graphcast_era5,station,12.5,1,rmse,0.0049865603988573344,0.004823359058425247,0.0051570027277217986,0.0
inmet_hourly,graphcast_era5,station,25.0,1,rmse,0.06485894690054288,0.06329826440926738,0.06639742324161135,0.0
inmet_hourly,graphcast_era5,station,50.0,1,rmse,0.188956717543421,0.1848729489725031,0.1930560915424976,0.0
inmet_hourly,graphcast_era5,station,100.0,1,rmse,0.3801758590034674,0.3734604042262292,0.3873554559026263,0.0
inmet_hourly,graphcast_era5,station,12.5,3,rmse,0.004981076675020724,0.004735868259125748,0.005221478244049843,0.0
inmet_hourly,graphcast_era5,station,25.0,3,rmse,0.06481262870552353,0.06254442838850041,0.06711361559434299,0.0
inmet_hourly,graphcast_era5,station,50.0,3,rmse,0.18884539619815285,0.18301216801904385,0.194698355914848,0.0
inmet_hourly,graphcast_era5,station,100.0,3,rmse,0.38000237311890284,0.3704496342800303,0.3895766879718973,0.0
inmet_hourly,graphcast_era5,station,12.5,5,rmse,0.004985490006258381,0.004691469384616765,0.005268529544480004,0.0
inmet_hourly,graphcast_era5,station,25.0,5,rmse,0.06483833742543095,0.06198583361461147,0.06756150403574337,0.0
inmet_hourly,graphcast_era5,station,50.0,5,rmse,0.18890421600263924,0.18170650777966535,0.19583404438861834,0.0
inmet_hourly,graphcast_era5,station,100.0,5,rmse,0.38006642656219786,0.36865900366291743,0.39152609724604065,0.0
inmet_hourly,graphcast_era5,station,12.5,7,rmse,0.004979750078977173,0.0046622600117462555,0.005296994946394789,0.0
inmet_hourly,graphcast_era5,station,25.0,7,rmse,0.06478933635406056,0.061825588097433506,0.06784789869558822,0.0
inmet_hourly,graphcast_era5,station,50.0,7,rmse,0.18880104069898943,0.18137450959326495,0.1966068183570834,0.0
inmet_hourly,graphcast_era5,station,100.0,7,rmse,0.37998187502093106,0.3677323858498505,0.3925422921540743,0.0
inmet_hourly,graphcast_hres_init,era5,12.5,1,centred_rmse,-0.011626410204837985,-0.01201106574011103,-0.01124347567886044,1.0
inmet_hourly,graphcast_hres_init,era5,25.0,1,centred_rmse,-0.026547199617576227,-0.02818020897103473,-0.02491142102002635,1.0
inmet_hourly,graphcast_hres_init,era5,50.0,1,centred_rmse,0.08391962731074144,0.08017967017904938,0.08781472528722592,0.0
inmet_hourly,graphcast_hres_init,era5,100.0,1,centred_rmse,0.3054769093337925,0.2970502924713438,0.31414421936073644,0.0
inmet_hourly,graphcast_hres_init,era5,12.5,3,centred_rmse,-0.011633640047617409,-0.012181754108594955,-0.011118266320776124,1.0
inmet_hourly,graphcast_hres_init,era5,25.0,3,centred_rmse,-0.026567275058789683,-0.028886308915359826,-0.02429940782663719,1.0
inmet_hourly,graphcast_hres_init,era5,50.0,3,centred_rmse,0.08396937561516639,0.07875866019582457,0.08875292901001815,0.0
inmet_hourly,graphcast_hres_init,era5,100.0,3,centred_rmse,0.30562382909117136,0.29470635981109433,0.31609912375841953,0.0
inmet_hourly,graphcast_hres_init,era5,12.5,5,centred_rmse,-0.011636437865262996,-0.012252581653931598,-0.011018033422095622,1.0
inmet_hourly,graphcast_hres_init,era5,25.0,5,centred_rmse,-0.026570653539279863,-0.02909194186511087,-0.02400948298613715,1.0
inmet_hourly,graphcast_hres_init,era5,50.0,5,centred_rmse,0.08394291552096464,0.07816824035152899,0.08946446239810005,0.0
inmet_hourly,graphcast_hres_init,era5,100.0,5,centred_rmse,0.3054833886816279,0.292799854982601,0.31741154114112113,0.0
inmet_hourly,graphcast_hres_init,era5,12.5,7,centred_rmse,-0.011624373338355564,-0.012327843119443096,-0.010894316322456831,1.0
inmet_hourly,graphcast_hres_init,era5,25.0,7,centred_rmse,-0.02651268359675681,-0.02951257922036358,-0.02361964021992298,1.0
inmet_hourly,graphcast_hres_init,era5,50.0,7,centred_rmse,0.08394709531743783,0.07769334781321882,0.09008472797102496,0.0
inmet_hourly,graphcast_hres_init,era5,100.0,7,centred_rmse,0.3054892281321937,0.2916066885936773,0.3195081717166852,0.0
inmet_hourly,graphcast_hres_init,era5,12.5,1,mae,-0.00833787184003512,-0.00858304055957747,-0.008083099676895513,1.0
inmet_hourly,graphcast_hres_init,era5,25.0,1,mae,-0.02050218046162801,-0.02194166278995717,-0.019091459896510315,1.0
inmet_hourly,graphcast_hres_init,era5,50.0,1,mae,0.07107662219261093,0.06823169881187328,0.07398991882426176,0.0
inmet_hourly,graphcast_hres_init,era5,100.0,1,mae,0.24704689600702537,0.2409307691331244,0.25314027810767387,0.0
inmet_hourly,graphcast_hres_init,era5,12.5,3,mae,-0.008344191487483343,-0.008676092630722613,-0.008007756850880727,1.0
inmet_hourly,graphcast_hres_init,era5,25.0,3,mae,-0.020529262509211933,-0.02235012434693428,-0.018581695320599598,1.0
inmet_hourly,graphcast_hres_init,era5,50.0,3,mae,0.07109637273580442,0.06743359250252771,0.07476376244318284,0.0
inmet_hourly,graphcast_hres_init,era5,100.0,3,mae,0.2471143429484727,0.23971005683877777,0.25484305795777035,0.0
inmet_hourly,graphcast_hres_init,era5,12.5,5,mae,-0.00834238637873843,-0.008722166276191826,-0.007933151891001725,1.0
inmet_hourly,graphcast_hres_init,era5,25.0,5,mae,-0.020545613343241013,-0.022585159293372018,-0.018421622714927914,1.0
inmet_hourly,graphcast_hres_init,era5,50.0,5,mae,0.07101224111171486,0.06693158976990403,0.07507021630451154,0.0
inmet_hourly,graphcast_hres_init,era5,100.0,5,mae,0.24691889448949586,0.23823649191175483,0.2555862577362064,0.0
inmet_hourly,graphcast_hres_init,era5,12.5,7,mae,-0.008336868357641653,-0.008766057038584412,-0.007878396503959396,1.0
inmet_hourly,graphcast_hres_init,era5,25.0,7,mae,-0.020491535672042083,-0.022760036418031263,-0.018151248767041064,1.0
inmet_hourly,graphcast_hres_init,era5,50.0,7,mae,0.07103074954878084,0.06665099758012784,0.07539429575958827,0.0
inmet_hourly,graphcast_hres_init,era5,100.0,7,mae,0.24698093783295097,0.23760849871010178,0.2564044740133288,0.0
inmet_hourly,graphcast_hres_init,era5,12.5,1,rmse,-0.012275588106941881,-0.012675095469328013,-0.01188641304670208,1.0
inmet_hourly,graphcast_hres_init,era5,25.0,1,rmse,-0.029555201733014663,-0.031352026920643095,-0.02775123909150119,1.0
inmet_hourly,graphcast_hres_init,era5,50.0,1,rmse,0.07734450819790009,0.07316744407854887,0.08143174232410863,0.0
inmet_hourly,graphcast_hres_init,era5,100.0,1,rmse,0.29943458662926503,0.28992179731786955,0.308821944722808,0.0
inmet_hourly,graphcast_hres_init,era5,12.5,3,rmse,-0.012283913500399287,-0.012839860234669315,-0.01173697771271257,1.0
inmet_hourly,graphcast_hres_init,era5,25.0,3,rmse,-0.029585901020507434,-0.03204231816454606,-0.02706767046169461,1.0
inmet_hourly,graphcast_hres_init,era5,50.0,3,rmse,0.07735140849059098,0.07209452782939836,0.08267724395459668,0.0
inmet_hourly,graphcast_hres_init,era5,100.0,3,rmse,0.2994996388745561,0.28835976491830123,0.311204967415262,0.0
inmet_hourly,graphcast_hres_init,era5,12.5,5,rmse,-0.012287948318349957,-0.01294509156821525,-0.011640998083575943,1.0
inmet_hourly,graphcast_hres_init,era5,25.0,5,rmse,-0.029597131006815,-0.03241117333005573,-0.026749535925921202,1.0
inmet_hourly,graphcast_hres_init,era5,50.0,5,rmse,0.07729083640698485,0.07161119254291715,0.08304888288887217,0.0
inmet_hourly,graphcast_hres_init,era5,100.0,5,rmse,0.29927537352385425,0.28613122596446483,0.31214554445112647,0.0
inmet_hourly,graphcast_hres_init,era5,12.5,7,rmse,-0.012273247135463345,-0.013023767970128669,-0.011490897157625413,1.0
inmet_hourly,graphcast_hres_init,era5,25.0,7,rmse,-0.02952435269880204,-0.03264628379264525,-0.02627928618108795,1.0
inmet_hourly,graphcast_hres_init,era5,50.0,7,rmse,0.07734088907832427,0.07106319278844835,0.08375304411532147,0.0
inmet_hourly,graphcast_hres_init,era5,100.0,7,rmse,0.29940717374623704,0.28501223410957355,0.3140449097221536,0.0
inmet_hourly,graphcast_hres_init,station,12.5,1,centred_rmse,0.008057150051285203,0.007752232478636822,0.008356209036766515,0.0
inmet_hourly,graphcast_hres_init,station,25.0,1,centred_rmse,0.09700333697494239,0.09479516427211318,0.0991348733631284,0.0
inmet_hourly,graphcast_hres_init,station,50.0,1,centred_rmse,0.23048515394621544,0.22616111866294694,0.23482467081401753,0.0
inmet_hourly,graphcast_hres_init,station,100.0,1,centred_rmse,0.41168301851663125,0.4050407944492494,0.41839844823364836,0.0
inmet_hourly,graphcast_hres_init,station,12.5,3,centred_rmse,0.008066153359517266,0.0076363403232007025,0.008518014774469668,0.0
inmet_hourly,graphcast_hres_init,station,25.0,3,centred_rmse,0.09704803331747647,0.09390828109590048,0.10045364662272525,0.0
inmet_hourly,graphcast_hres_init,station,50.0,3,centred_rmse,0.2306013154570801,0.224128518397942,0.23749017034408773,0.0
inmet_hourly,graphcast_hres_init,station,100.0,3,centred_rmse,0.4119008222119113,0.40204886010511415,0.42230808821452476,0.0
inmet_hourly,graphcast_hres_init,station,12.5,5,centred_rmse,0.008066042375350314,0.007570718759765904,0.00859821101941905,0.0
inmet_hourly,graphcast_hres_init,station,25.0,5,centred_rmse,0.0970522393973443,0.093288468488465,0.10091845081803873,0.0
inmet_hourly,graphcast_hres_init,station,50.0,5,centred_rmse,0.2305468676958296,0.2229393127558938,0.23838441202391436,0.0
inmet_hourly,graphcast_hres_init,station,100.0,5,centred_rmse,0.411729890407627,0.40008591964010376,0.4238568863777978,0.0
inmet_hourly,graphcast_hres_init,station,12.5,7,centred_rmse,0.008049681265711506,0.007454234100597879,0.008642683790893696,0.0
inmet_hourly,graphcast_hres_init,station,25.0,7,centred_rmse,0.09692605038120979,0.09266812326723017,0.10128800141313904,0.0
inmet_hourly,graphcast_hres_init,station,50.0,7,centred_rmse,0.23028573553560075,0.22213769164814154,0.23876974025924516,0.0
inmet_hourly,graphcast_hres_init,station,100.0,7,centred_rmse,0.41139792778306633,0.3985577957899403,0.42439503534696754,0.0
inmet_hourly,graphcast_hres_init,station,12.5,1,mae,0.0058779509626016935,0.005622514792896388,0.006131636417569297,0.0
inmet_hourly,graphcast_hres_init,station,25.0,1,mae,0.07665578346586878,0.07503238738510348,0.07830769129248721,0.0
inmet_hourly,graphcast_hres_init,station,50.0,1,mae,0.17826555549625966,0.17535353052821676,0.18123826432115284,0.0
inmet_hourly,graphcast_hres_init,station,100.0,1,mae,0.31656020985284444,0.31201259525475766,0.32131327680322036,0.0
inmet_hourly,graphcast_hres_init,station,12.5,3,mae,0.005881308174639157,0.005548381280847159,0.006231737458465436,0.0
inmet_hourly,graphcast_hres_init,station,25.0,3,mae,0.07666677250613162,0.07434721616378684,0.07917493052852326,0.0
inmet_hourly,graphcast_hres_init,station,50.0,3,mae,0.17831338099413857,0.174138160322642,0.18286214248800883,0.0
inmet_hourly,graphcast_hres_init,station,100.0,3,mae,0.3165959294867242,0.31011918519087156,0.32309286591980324,0.0
inmet_hourly,graphcast_hres_init,station,12.5,5,mae,0.00588096398420149,0.0055352859434119935,0.006242202192779889,0.0
inmet_hourly,graphcast_hres_init,station,25.0,5,mae,0.07667168331097637,0.0739313429084152,0.07943799315738317,0.0
inmet_hourly,graphcast_hres_init,station,50.0,5,mae,0.17828159943494512,0.17331859488287998,0.1835581346247496,0.0
inmet_hourly,graphcast_hres_init,station,100.0,5,mae,0.3165152155442196,0.3095062930736639,0.3236384842519068,0.0
inmet_hourly,graphcast_hres_init,station,12.5,7,mae,0.005869247338764247,0.005467216113184387,0.0062893200804838125,0.0
inmet_hourly,graphcast_hres_init,station,25.0,7,mae,0.07659626792006788,0.07342378990197723,0.07975097710217172,0.0
inmet_hourly,graphcast_hres_init,station,50.0,7,mae,0.17813300810072671,0.1723822201581734,0.18382516361544537,0.0
inmet_hourly,graphcast_hres_init,station,100.0,7,mae,0.3163486417545948,0.3085790338014819,0.3242603496484039,0.0
inmet_hourly,graphcast_hres_init,station,12.5,1,rmse,0.008462835867457904,0.008179695707332813,0.00874040346701605,0.0
inmet_hourly,graphcast_hres_init,station,25.0,1,rmse,0.09884265495902006,0.0967275349490821,0.10094686779904478,0.0
inmet_hourly,graphcast_hres_init,station,50.0,1,rmse,0.23578666400332754,0.23157064200042438,0.23995179486224374,0.0
inmet_hourly,graphcast_hres_init,station,100.0,1,rmse,0.4297160577577447,0.4227836919220898,0.4363954288545373,0.0
inmet_hourly,graphcast_hres_init,station,12.5,3,rmse,0.008470767485857747,0.008069823029014322,0.00888964347013973,0.0
inmet_hourly,graphcast_hres_init,station,25.0,3,rmse,0.09888305748116792,0.09589066975497332,0.10217883524474339,0.0
inmet_hourly,graphcast_hres_init,station,50.0,3,rmse,0.23589525424287114,0.22993111515638195,0.24247931940463505,0.0
inmet_hourly,graphcast_hres_init,station,100.0,3,rmse,0.42992306941006714,0.4204122018895896,0.43992409768587015,0.0
inmet_hourly,graphcast_hres_init,station,12.5,5,rmse,0.008468820993091692,0.008029207034210834,0.008934844676524783,0.0
inmet_hourly,graphcast_hres_init,station,25.0,5,rmse,0.0988789257772808,0.09531625636692641,0.10254293647221345,0.0
inmet_hourly,graphcast_hres_init,station,50.0,5,rmse,0.23581942889464078,0.22875348234414347,0.2431668841291624,0.0
inmet_hourly,graphcast_hres_init,station,100.0,5,rmse,0.4297007578101257,0.41868590037279435,0.44117746393000634,0.0
inmet_hourly,graphcast_hres_init,station,12.5,7,rmse,0.008454963558775598,0.007922402979705123,0.008983360150955388,0.0
inmet_hourly,graphcast_hres_init,station,25.0,7,rmse,0.09876327802724154,0.09471948850629205,0.10282795589332744,0.0
inmet_hourly,graphcast_hres_init,station,50.0,7,rmse,0.2355882943905792,0.22784704140304482,0.24371257670004312,0.0
inmet_hourly,graphcast_hres_init,station,100.0,7,rmse,0.42945802586916987,0.41649464265521247,0.44139424485646056,0.0
inmet_hourly,ifs_ens_mean,era5,12.5,1,centred_rmse,-0.005707275503003677,-0.005911070689085191,-0.005505602311658692,1.0
inmet_hourly,ifs_ens_mean,era5,25.0,1,centred_rmse,-0.011181285935776171,-0.012522937952726049,-0.009813131099182115,1.0
inmet_hourly,ifs_ens_mean,era5,50.0,1,centred_rmse,0.08113681613577259,0.07636315017669582,0.08561013538190379,0.0
inmet_hourly,ifs_ens_mean,era5,100.0,1,centred_rmse,0.2743573404049573,0.26342319678537185,0.28423763675622016,0.0
inmet_hourly,ifs_ens_mean,era5,12.5,3,centred_rmse,-0.005706595993613287,-0.005965882943946427,-0.005457423786010657,1.0
inmet_hourly,ifs_ens_mean,era5,25.0,3,centred_rmse,-0.01119220069290245,-0.01306700825726999,-0.009345614305157563,1.0
inmet_hourly,ifs_ens_mean,era5,50.0,3,centred_rmse,0.08109812486900633,0.07491294323683456,0.08705457978434596,0.0
inmet_hourly,ifs_ens_mean,era5,100.0,3,centred_rmse,0.2743028951972219,0.25979053111122075,0.28846719044284813,0.0
inmet_hourly,ifs_ens_mean,era5,12.5,5,centred_rmse,-0.005705393526211429,-0.005992735541624439,-0.005428873567809101,1.0
inmet_hourly,ifs_ens_mean,era5,25.0,5,centred_rmse,-0.01118736438233047,-0.0133400365585792,-0.009049967377573976,1.0
inmet_hourly,ifs_ens_mean,era5,50.0,5,centred_rmse,0.08114855550805176,0.07384317011750292,0.08836934835591642,0.0
inmet_hourly,ifs_ens_mean,era5,100.0,5,centred_rmse,0.2744319196373442,0.2577853162373282,0.29112352435489985,0.0
inmet_hourly,ifs_ens_mean,era5,12.5,7,centred_rmse,-0.005710967714503958,-0.006037223083705967,-0.005412920806321564,1.0
inmet_hourly,ifs_ens_mean,era5,25.0,7,centred_rmse,-0.011231723692980207,-0.013719949597647406,-0.008702035003549971,1.0
inmet_hourly,ifs_ens_mean,era5,50.0,7,centred_rmse,0.08100657219611265,0.07244793158285454,0.08883295535597224,0.0
inmet_hourly,ifs_ens_mean,era5,100.0,7,centred_rmse,0.27411682311005414,0.25435046942437955,0.29281820234543127,0.0
inmet_hourly,ifs_ens_mean,era5,12.5,1,mae,-0.005351345316644112,-0.005523757229456067,-0.005179427249656258,1.0
inmet_hourly,ifs_ens_mean,era5,25.0,1,mae,-0.010749047188489133,-0.011969779179402965,-0.00948640345792243,1.0
inmet_hourly,ifs_ens_mean,era5,50.0,1,mae,0.0681606855826762,0.06483210996599123,0.07141594356635808,0.0
inmet_hourly,ifs_ens_mean,era5,100.0,1,mae,0.22300857151450895,0.21629778283651432,0.2294622445288842,0.0
inmet_hourly,ifs_ens_mean,era5,12.5,3,mae,-0.005351205144544494,-0.005550608155234465,-0.005155793723328891,1.0
inmet_hourly,ifs_ens_mean,era5,25.0,3,mae,-0.010772203946171913,-0.012250106911248847,-0.009301893393441743,1.0
inmet_hourly,ifs_ens_mean,era5,50.0,3,mae,0.0680880127849781,0.06380611310354263,0.07222400077918129,0.0
inmet_hourly,ifs_ens_mean,era5,100.0,3,mae,0.22291894005147234,0.2140056266355758,0.23214583215481097,0.0
inmet_hourly,ifs_ens_mean,era5,12.5,5,mae,-0.005353452085119256,-0.00557000391350092,-0.00514551717032919,1.0
inmet_hourly,ifs_ens_mean,era5,25.0,5,mae,-0.010775378288837413,-0.012401376640760802,-0.009075455613702169,1.0
inmet_hourly,ifs_ens_mean,era5,50.0,5,mae,0.06813004775893981,0.06335464512021448,0.07269462344350618,0.0
inmet_hourly,ifs_ens_mean,era5,100.0,5,mae,0.22302633381149956,0.2120297103436194,0.23338036282824626,0.0
inmet_hourly,ifs_ens_mean,era5,12.5,7,mae,-0.0053530326898247015,-0.00557004182165452,-0.005136040207462659,1.0
inmet_hourly,ifs_ens_mean,era5,25.0,7,mae,-0.010783503160059847,-0.012559666091216165,-0.0089876325712719,1.0
inmet_hourly,ifs_ens_mean,era5,50.0,7,mae,0.06805372743102657,0.06282542360193909,0.07316420138014833,0.0
inmet_hourly,ifs_ens_mean,era5,100.0,7,mae,0.22283159945369568,0.21166135874493547,0.2337807353556008,0.0
inmet_hourly,ifs_ens_mean,era5,12.5,1,rmse,-0.006074168369992611,-0.006278282117029038,-0.005865350635036104,1.0
inmet_hourly,ifs_ens_mean,era5,25.0,1,rmse,-0.013415114903620826,-0.014801085168975025,-0.011978245323284398,1.0
inmet_hourly,ifs_ens_mean,era5,50.0,1,rmse,0.07334987318593036,0.06893127445586336,0.07769678013941125,0.0
inmet_hourly,ifs_ens_mean,era5,100.0,1,rmse,0.26080765888629415,0.25047748427204075,0.27066940961793434,0.0
inmet_hourly,ifs_ens_mean,era5,12.5,3,rmse,-0.006073285122568677,-0.006331597959474827,-0.005811793057048643,1.0
inmet_hourly,ifs_ens_mean,era5,25.0,3,rmse,-0.013429111347818478,-0.015325164369351297,-0.011575839239120256,1.0
inmet_hourly,ifs_ens_mean,era5,50.0,3,rmse,0.07327912510322264,0.06738821980209306,0.07903185809374325,0.0
inmet_hourly,ifs_ens_mean,era5,100.0,3,rmse,0.2606703559882894,0.247629436239038,0.2739929203505297,0.0
inmet_hourly,ifs_ens_mean,era5,12.5,5,rmse,-0.006073165555697013,-0.0063744960575250805,-0.005779688005080557,1.0
inmet_hourly,ifs_ens_mean,era5,25.0,5,rmse,-0.013432954118688606,-0.015616349064717117,-0.011298243456492675,1.0
inmet_hourly,ifs_ens_mean,era5,50.0,5,rmse,0.07328397208484205,0.0668517039211018,0.07958402344564422,0.0
inmet_hourly,ifs_ens_mean,era5,100.0,5,rmse,0.26070627902331805,0.2450301246403757,0.27585737243244285,0.0
inmet_hourly,ifs_ens_mean,era5,12.5,7,rmse,-0.006076619559603835,-0.006388666043520991,-0.005771752411131354,1.0
inmet_hourly,ifs_ens_mean,era5,25.0,7,rmse,-0.013464043792271958,-0.01583388219563045,-0.011117019784792593,1.0
inmet_hourly,ifs_ens_mean,era5,50.0,7,rmse,0.07319585971895626,0.06620129426864937,0.08003776032447642,0.0
inmet_hourly,ifs_ens_mean,era5,100.0,7,rmse,0.26050194526314974,0.24402363462197874,0.2768426412386676,0.0
inmet_hourly,ifs_ens_mean,station,12.5,1,centred_rmse,0.0034344174731780514,0.0032537950977323373,0.0036171140612392457,0.0
inmet_hourly,ifs_ens_mean,station,25.0,1,centred_rmse,0.064648621023375,0.06292089243514032,0.06624844006595983,0.0
inmet_hourly,ifs_ens_mean,station,50.0,1,centred_rmse,0.18618619768255062,0.18214079376888123,0.19000167069834792,0.0
inmet_hourly,ifs_ens_mean,station,100.0,1,centred_rmse,0.353423952452864,0.34601148946892357,0.35995398324008465,0.0
inmet_hourly,ifs_ens_mean,station,12.5,3,centred_rmse,0.0034303425287486914,0.003189689213721847,0.0036683389778697727,0.0
inmet_hourly,ifs_ens_mean,station,25.0,3,centred_rmse,0.06463699834535931,0.06235752143953195,0.0668897133971349,0.0
inmet_hourly,ifs_ens_mean,station,50.0,3,centred_rmse,0.1861693623545377,0.1806969686180566,0.19143180876392127,0.0
inmet_hourly,ifs_ens_mean,station,100.0,3,centred_rmse,0.3534064549136283,0.34340065936575676,0.3626195750422721,0.0
inmet_hourly,ifs_ens_mean,station,12.5,5,centred_rmse,0.003435604169271906,0.0031830000557567907,0.00370621054840064,0.0
inmet_hourly,ifs_ens_mean,station,25.0,5,centred_rmse,0.06464503891861964,0.06208656687799831,0.0672176044509013,0.0
inmet_hourly,ifs_ens_mean,station,50.0,5,centred_rmse,0.18619323268665397,0.18018997470254905,0.19215160486083682,0.0
inmet_hourly,ifs_ens_mean,station,100.0,5,centred_rmse,0.3534748791055074,0.34258356189700795,0.36384773816722726,0.0
inmet_hourly,ifs_ens_mean,station,12.5,7,centred_rmse,0.0034365242091191337,0.003148644704508535,0.0037334264390929176,0.0
inmet_hourly,ifs_ens_mean,station,25.0,7,centred_rmse,0.06466568370839684,0.06173202388376884,0.06745752093338128,0.0
inmet_hourly,ifs_ens_mean,station,50.0,7,centred_rmse,0.1861834651935491,0.1791827722024453,0.19280519126185663,0.0
inmet_hourly,ifs_ens_mean,station,100.0,7,centred_rmse,0.3533390999811051,0.3408534180079139,0.36492537883589155,0.0
inmet_hourly,ifs_ens_mean,station,12.5,1,mae,0.0026188941210533896,0.002444445641067228,0.0027837797144056654,0.0
inmet_hourly,ifs_ens_mean,station,25.0,1,mae,0.05212411387779946,0.050847769019145686,0.05335733414839306,0.0
inmet_hourly,ifs_ens_mean,station,50.0,1,mae,0.1468738261863315,0.14423572966303794,0.14960974839395458,0.0
inmet_hourly,ifs_ens_mean,station,100.0,1,mae,0.2735460216257609,0.2690471106557154,0.27800696336757813,0.0
inmet_hourly,ifs_ens_mean,station,12.5,3,mae,0.0026164169097796694,0.002410363317452735,0.002812893016601331,0.0
inmet_hourly,ifs_ens_mean,station,25.0,3,mae,0.052116812166412244,0.05041911256968891,0.05380517042544488,0.0
inmet_hourly,ifs_ens_mean,station,50.0,3,mae,0.14689461097736933,0.1432388268649424,0.15051495913896723,0.0
inmet_hourly,ifs_ens_mean,station,100.0,3,mae,0.27360521009411515,0.267580527680264,0.2795192485709629,0.0
inmet_hourly,ifs_ens_mean,station,12.5,5,mae,0.002618478809222628,0.0023910675773485767,0.0028366045014904693,0.0
inmet_hourly,ifs_ens_mean,station,25.0,5,mae,0.05211983849974113,0.05010233561424684,0.05413666083852935,0.0
inmet_hourly,ifs_ens_mean,station,50.0,5,mae,0.1469010546994452,0.14256631835711464,0.15126123667976002,0.0
inmet_hourly,ifs_ens_mean,station,100.0,5,mae,0.2736426446191008,0.26673478515939547,0.28057865232346546,0.0
inmet_hourly,ifs_ens_mean,station,12.5,7,mae,0.002619525957126508,0.0023921424170387285,0.002852139355928046,0.0
inmet_hourly,ifs_ens_mean,station,25.0,7,mae,0.05214377462220211,0.04986591072521098,0.054402423485057395,0.0
inmet_hourly,ifs_ens_mean,station,50.0,7,mae,0.1469269487977652,0.14223077563551484,0.15159988892561554,0.0
inmet_hourly,ifs_ens_mean,station,100.0,7,mae,0.2736071495748725,0.2662760422388451,0.28094769481706894,0.0
inmet_hourly,ifs_ens_mean,station,12.5,1,rmse,0.003537775207176771,0.0033600406639739512,0.003716160204951735,0.0
inmet_hourly,ifs_ens_mean,station,25.0,1,rmse,0.0652300572045039,0.06356617984704002,0.06683015120653457,0.0
inmet_hourly,ifs_ens_mean,station,50.0,1,rmse,0.1887143371050415,0.18468962126805985,0.19251806855192355,0.0
inmet_hourly,ifs_ens_mean,station,100.0,1,rmse,0.3650566560686213,0.3577550688632742,0.37195519911553765,0.0
inmet_hourly,ifs_ens_mean,station,12.5,3,rmse,0.003533568307853601,0.003302410522844146,0.0037663270295549335,0.0
inmet_hourly,ifs_ens_mean,station,25.0,3,rmse,0.06521671299542081,0.06299935878789306,0.06744538860825501,0.0
inmet_hourly,ifs_ens_mean,station,50.0,3,rmse,0.18869293698975978,0.18339442750908286,0.19389158465819326,0.0
inmet_hourly,ifs_ens_mean,station,100.0,3,rmse,0.3650348833954676,0.3551800440057675,0.37441417489732115,0.0
inmet_hourly,ifs_ens_mean,station,12.5,5,rmse,0.003538106298071017,0.003284041318570835,0.0037973148324457638,0.0
inmet_hourly,ifs_ens_mean,station,25.0,5,rmse,0.06522072708183821,0.06275073454514116,0.06777428137886693,0.0
inmet_hourly,ifs_ens_mean,station,50.0,5,rmse,0.18870555321683738,0.18285568907692704,0.19456199083143375,0.0
inmet_hourly,ifs_ens_mean,station,100.0,5,rmse,0.36508664869663393,0.35411307216099164,0.3755034120402114,0.0
inmet_hourly,ifs_ens_mean,station,12.5,7,rmse,0.0035396371757949363,0.003261978290388945,0.003829029531419814,0.0
inmet_hourly,ifs_ens_mean,station,25.0,7,rmse,0.06524306413928421,0.06242429935059549,0.06794850803727134,0.0
inmet_hourly,ifs_ens_mean,station,50.0,7,rmse,0.18869690936453917,0.1820064560844732,0.19497510963873918,0.0
inmet_hourly,ifs_ens_mean,station,100.0,7,rmse,0.36493762806706687,0.3532334222050356,0.37636358996937286,0.0
inmet_hourly,ifs_hres,era5,12.5,1,centred_rmse,-0.017462829654201564,-0.017979996214720084,-0.01695348889434341,1.0
inmet_hourly,ifs_hres,era5,25.0,1,centred_rmse,-0.06171618092711,-0.06406005071378515,-0.05934964941153686,1.0
inmet_hourly,ifs_hres,era5,50.0,1,centred_rmse,0.010510677350545342,0.005696080594436532,0.01521733548331114,0.0
inmet_hourly,ifs_hres,era5,100.0,1,centred_rmse,0.18912135545324313,0.177662654113942,0.20032343405252218,0.0
inmet_hourly,ifs_hres,era5,12.5,3,centred_rmse,-0.017459732862555363,-0.018165636934449392,-0.016801048216907016,1.0
inmet_hourly,ifs_hres,era5,25.0,3,centred_rmse,-0.061718866630766665,-0.06523322630640292,-0.058524408223690594,1.0
inmet_hourly,ifs_hres,era5,50.0,3,centred_rmse,0.01045857862909868,0.0033899102624997852,0.01747146827939576,0.0015
inmet_hourly,ifs_hres,era5,100.0,3,centred_rmse,0.18898795237733765,0.1732268102560287,0.20532484784398947,0.0
inmet_hourly,ifs_hres,era5,12.5,5,centred_rmse,-0.017463659112516752,-0.018253933406157042,-0.01669680637995241,1.0
inmet_hourly,ifs_hres,era5,25.0,5,centred_rmse,-0.06173600132617105,-0.06559656528620017,-0.058032282216432696,1.0
inmet_hourly,ifs_hres,era5,50.0,5,centred_rmse,0.010420506923225676,0.002287674257112295,0.018287133497558526,0.011
inmet_hourly,ifs_hres,era5,100.0,5,centred_rmse,0.18889777225179102,0.17010891658807184,0.20703278447376403,0.0
inmet_hourly,ifs_hres,era5,12.5,7,centred_rmse,-0.01747241296389462,-0.01829624475359546,-0.01665449491280554,1.0
inmet_hourly,ifs_hres,era5,25.0,7,centred_rmse,-0.0617556476122866,-0.06575618679625511,-0.057929090023399105,1.0
inmet_hourly,ifs_hres,era5,50.0,7,centred_rmse,0.010501382878448005,0.0016020934659634232,0.019219322400603412,0.0125
inmet_hourly,ifs_hres,era5,100.0,7,centred_rmse,0.18912418412103665,0.16801028090422873,0.2097006616455736,0.0
inmet_hourly,ifs_hres,era5,12.5,1,mae,-0.01398889008132129,-0.014281037965213909,-0.013696770736739911,1.0
inmet_hourly,ifs_hres,era5,25.0,1,mae,-0.05053036049847677,-0.05227589648228232,-0.04878848217111582,1.0
inmet_hourly,ifs_hres,era5,50.0,1,mae,0.02139725488188492,0.018015862147196315,0.02455944613007762,0.0
inmet_hourly,ifs_hres,era5,100.0,1,mae,0.17722765643318059,0.17058381564464375,0.18353425978279053,0.0
inmet_hourly,ifs_hres,era5,12.5,3,mae,-0.013980608763073273,-0.01433230495588284,-0.01363075210204183,1.0
inmet_hourly,ifs_hres,era5,25.0,3,mae,-0.05052462442835693,-0.05287285515594469,-0.0481972803840912,1.0
inmet_hourly,ifs_hres,era5,50.0,3,mae,0.021381871814047573,0.01684776084043258,0.0260693088082054,0.0
inmet_hourly,ifs_hres,era5,100.0,3,mae,0.1771592743498912,0.16788298368389099,0.18669717899744204,0.0
inmet_hourly,ifs_hres,era5,12.5,5,mae,-0.013988029736391813,-0.0143580121722103,-0.013605691720273391,1.0
inmet_hourly,ifs_hres,era5,25.0,5,mae,-0.05056563564216452,-0.053090666315118294,-0.048029395763320375,1.0
inmet_hourly,ifs_hres,era5,50.0,5,mae,0.021295642038212024,0.016028005738889108,0.02657740649454423,0.0
inmet_hourly,ifs_hres,era5,100.0,5,mae,0.17704088325845288,0.1666586254879507,0.18730361306075474,0.0
inmet_hourly,ifs_hres,era5,12.5,7,mae,-0.013987658719578919,-0.014366089496737917,-0.013617413052033622,1.0
inmet_hourly,ifs_hres,era5,25.0,7,mae,-0.05053475086976744,-0.05326038798938351,-0.04782848749068222,1.0
inmet_hourly,ifs_hres,era5,50.0,7,mae,0.021371071081576664,0.015950082260499557,0.027005416679787026,0.0
inmet_hourly,ifs_hres,era5,100.0,7,mae,0.17709535348373528,0.16604462160509206,0.18909722658345585,0.0
inmet_hourly,ifs_hres,era5,12.5,1,rmse,-0.017677516638543254,-0.018222759204780774,-0.01713321283678789,1.0
inmet_hourly,ifs_hres,era5,25.0,1,rmse,-0.06250115697713336,-0.06492209906257401,-0.06004961949180138,1.0
inmet_hourly,ifs_hres,era5,50.0,1,rmse,0.009259099273873705,0.004602577515201356,0.013606082097804064,0.0
inmet_hourly,ifs_hres,era5,100.0,1,rmse,0.19293399269820935,0.1819210138517808,0.20320713462333548,0.0
inmet_hourly,ifs_hres,era5,12.5,3,rmse,-0.017670938942804467,-0.018400478796433,-0.01696794033428997,1.0
inmet_hourly,ifs_hres,era5,25.0,3,rmse,-0.06249076031092973,-0.0660850196168552,-0.05923597269833576,1.0
inmet_hourly,ifs_hres,era5,50.0,3,rmse,0.009220755374324544,0.0027336021091714426,0.015591166453341443,0.004
inmet_hourly,ifs_hres,era5,100.0,3,rmse,0.19281143617493457,0.17835002476791675,0.2079661132532066,0.0
inmet_hourly,ifs_hres,era5,12.5,5,rmse,-0.017676177279832457,-0.018518599492875126,-0.01681646234217533,1.0
inmet_hourly,ifs_hres,era5,25.0,5,rmse,-0.0625152343361239,-0.0662306941954011,-0.05875711836153547,1.0
inmet_hourly,ifs_hres,era5,50.0,5,rmse,0.009151525680896125,0.001643306372252846,0.016275595547889685,0.0095
inmet_hourly,ifs_hres,era5,100.0,5,rmse,0.19266247507111103,0.17636591112413785,0.20949080164900283,0.0
inmet_hourly,ifs_hres,era5,12.5,7,rmse,-0.01768455249858883,-0.018536551043954068,-0.01680903793987956,1.0
inmet_hourly,ifs_hres,era5,25.0,7,rmse,-0.06253522389954332,-0.06666192716134686,-0.058554358031453466,1.0
inmet_hourly,ifs_hres,era5,50.0,7,rmse,0.009211342791930152,0.0014117310436437274,0.017061737777059313,0.01
inmet_hourly,ifs_hres,era5,100.0,7,rmse,0.1928310200643131,0.1741017039643277,0.21168407957195395,0.0
inmet_hourly,ifs_hres,station,12.5,1,centred_rmse,0.005145573080274291,0.0047662040119568596,0.0055370276885960855,0.0
inmet_hourly,ifs_hres,station,25.0,1,centred_rmse,0.07987234942117351,0.07743781936697369,0.08235789813811008,0.0
inmet_hourly,ifs_hres,station,50.0,1,centred_rmse,0.19504731566539477,0.19004116212257532,0.20010069681616788,0.0
inmet_hourly,ifs_hres,station,100.0,1,centred_rmse,0.3550045617582892,0.3462741849171945,0.363746967728536,0.0
inmet_hourly,ifs_hres,station,12.5,3,centred_rmse,0.005154213062425507,0.004589766071214046,0.0056866822298184344,0.0
inmet_hourly,ifs_hres,station,25.0,3,centred_rmse,0.07994025609991655,0.07658568869845382,0.0831982281203322,0.0
inmet_hourly,ifs_hres,station,50.0,3,centred_rmse,0.19514402171501966,0.18838036476569106,0.20170644247347963,0.0
inmet_hourly,ifs_hres,station,100.0,3,centred_rmse,0.355075994582759,0.3430510712310511,0.3664853520261139,0.0
inmet_hourly,ifs_hres,station,12.5,5,centred_rmse,0.005137638256579619,0.00449496272747617,0.0057909748896559305,0.0
inmet_hourly,ifs_hres,station,25.0,5,centred_rmse,0.07982390083071436,0.07587556762337025,0.08379021959640294,0.0
inmet_hourly,ifs_hres,station,50.0,5,centred_rmse,0.19493068357118168,0.1873618593306205,0.2023169319024235,0.0
inmet_hourly,ifs_hres,station,100.0,5,centred_rmse,0.35476181327530615,0.34086830858178696,0.3676830101032355,0.0
inmet_hourly,ifs_hres,station,12.5,7,centred_rmse,0.005153613548476497,0.004471152113946097,0.005822389839451574,0.0
inmet_hourly,ifs_hres,station,25.0,7,centred_rmse,0.07994052683053195,0.0759203910140998,0.0838025431110705,0.0
inmet_hourly,ifs_hres,station,50.0,7,centred_rmse,0.1951659565389765,0.18696112943807014,0.2029973000376962,0.0
inmet_hourly,ifs_hres,station,100.0,7,centred_rmse,0.3551068227135569,0.3404849512029979,0.36933544794297973,0.0
inmet_hourly,ifs_hres,station,12.5,1,mae,0.004409197610705495,0.004096248274735598,0.0047205242007733236,0.0
inmet_hourly,ifs_hres,station,25.0,1,mae,0.06804562092524623,0.0663927930468928,0.06973857640573759,0.0
inmet_hourly,ifs_hres,station,50.0,1,mae,0.16073735482179075,0.15773005296013468,0.16369669617451507,0.0
inmet_hourly,ifs_hres,station,100.0,1,mae,0.28650104839693935,0.28169207054656303,0.2915649514645424,0.0
inmet_hourly,ifs_hres,station,12.5,3,mae,0.004413029824283747,0.003996526649256005,0.004822894566196783,0.0
inmet_hourly,ifs_hres,station,25.0,3,mae,0.06808184818532445,0.0657277619717313,0.07035130933320188,0.0
inmet_hourly,ifs_hres,station,50.0,3,mae,0.16082609158598557,0.1563645179133879,0.16504896735010954,0.0
inmet_hourly,ifs_hres,station,100.0,3,mae,0.28661273292892886,0.27936931702581935,0.2936322948867057,0.0
inmet_hourly,ifs_hres,station,12.5,5,mae,0.004406385525562944,0.003953340661458727,0.004850024658323554,0.0
inmet_hourly,ifs_hres,station,25.0,5,mae,0.06803767490627098,0.06540725037497691,0.07057861387891269,0.0
inmet_hourly,ifs_hres,station,50.0,5,mae,0.16072479642573376,0.15610486128952827,0.16536765975978904,0.0
inmet_hourly,ifs_hres,station,100.0,5,mae,0.2864370902352171,0.27896461009729717,0.2936707050205327,0.0
inmet_hourly,ifs_hres,station,12.5,7,mae,0.0044156555579963445,0.003952463845146559,0.004914105058736745,0.0
inmet_hourly,ifs_hres,station,25.0,7,mae,0.06808455979646015,0.06550884480233272,0.07079155553554536,0.0
inmet_hourly,ifs_hres,station,50.0,7,mae,0.16079814589051358,0.15624680429819868,0.16537554304145188,0.0
inmet_hourly,ifs_hres,station,100.0,7,mae,0.28653401026639447,0.27903068604836734,0.29375621368088356,0.0
inmet_hourly,ifs_hres,station,12.5,1,rmse,0.005663642339185372,0.005303910666110673,0.0060320096633009745,0.0
inmet_hourly,ifs_hres,station,25.0,1,rmse,0.08174653296090414,0.07933422047627224,0.08416829794112712,0.0
inmet_hourly,ifs_hres,station,50.0,1,rmse,0.20077998190928487,0.19589244914498122,0.2056446363156046,0.0
inmet_hourly,ifs_hres,station,100.0,1,rmse,0.37506233103302083,0.36630655185776195,0.3835709553292601,0.0
inmet_hourly,ifs_hres,station,12.5,3,rmse,0.005672500801455502,0.005135076018003709,0.006166119989548729,0.0
inmet_hourly,ifs_hres,station,25.0,3,rmse,0.08181156504436679,0.07850937487075264,0.08500376366666104,0.0
inmet_hourly,ifs_hres,station,50.0,3,rmse,0.20086886067527956,0.19419786234169556,0.20717026192503882,0.0
inmet_hourly,ifs_hres,station,100.0,3,rmse,0.37511948592734495,0.3633421083744651,0.38659165505590876,0.0
inmet_hourly,ifs_hres,station,12.5,5,rmse,0.00565553686355347,0.005066593978351214,0.006248638481788832,0.0
inmet_hourly,ifs_hres,station,25.0,5,rmse,0.08169471875871301,0.07787665526671979,0.08550156779658287,0.0
inmet_hourly,ifs_hres,station,50.0,5,rmse,0.20065017208783456,0.19332210651279103,0.20764261988978724,0.0
inmet_hourly,ifs_hres,station,100.0,5,rmse,0.3747978420504472,0.36131298674863027,0.38744617791225205,0.0
inmet_hourly,ifs_hres,station,12.5,7,rmse,0.005670421188725176,0.005027893225609542,0.006303919465763934,0.0
inmet_hourly,ifs_hres,station,25.0,7,rmse,0.08180459734980462,0.07793170867329667,0.08551557049771445,0.0
inmet_hourly,ifs_hres,station,50.0,7,rmse,0.20087190220313222,0.19301459057361448,0.20836794635208822,0.0
inmet_hourly,ifs_hres,station,100.0,7,rmse,0.3751132602549088,0.3605988602309117,0.38924303593844556,0.0
inmet_hourly,pangu_era5,era5,12.5,1,centred_rmse,-0.0003823579157192917,-0.0005429902221368826,-0.00022415867651650638,1.0
inmet_hourly,pangu_era5,era5,25.0,1,centred_rmse,0.023175138023817942,0.021739965850898373,0.024593418669843145,0.0
inmet_hourly,pangu_era5,era5,50.0,1,centred_rmse,0.14858812496227233,0.14419465329882913,0.15282368821170625,0.0
inmet_hourly,pangu_era5,era5,100.0,1,centred_rmse,0.3793878814965899,0.3707921737822432,0.38762711692288637,0.0
inmet_hourly,pangu_era5,era5,12.5,3,centred_rmse,-0.0003871618751679179,-0.000583797530198829,-0.00018081971237712846,1.0
inmet_hourly,pangu_era5,era5,25.0,3,centred_rmse,0.023131501711713187,0.021166820104345098,0.02506767543323776,0.0
inmet_hourly,pangu_era5,era5,50.0,3,centred_rmse,0.14846468906444404,0.14277660406645323,0.1537541335759885,0.0
inmet_hourly,pangu_era5,era5,100.0,3,centred_rmse,0.3792177030192821,0.36916469552361464,0.38862551545083024,0.0
inmet_hourly,pangu_era5,era5,12.5,5,centred_rmse,-0.0003792039470977737,-0.0006077462581310394,-0.00015794202572317064,1.0
inmet_hourly,pangu_era5,era5,25.0,5,centred_rmse,0.0232274563582939,0.02099303280840807,0.02550024600290834,0.0
inmet_hourly,pangu_era5,era5,50.0,5,centred_rmse,0.14878394062719455,0.14227910458192775,0.15523093651895023,0.0
inmet_hourly,pangu_era5,era5,100.0,5,centred_rmse,0.3797651800595671,0.36828268958476784,0.39098152636431804,0.0
inmet_hourly,pangu_era5,era5,12.5,7,centred_rmse,-0.00037808909841680576,-0.0006298296894070327,-0.00013054073358506892,0.9995
inmet_hourly,pangu_era5,era5,25.0,7,centred_rmse,0.023230791615290285,0.02072515796148203,0.02574141953086999,0.0
inmet_hourly,pangu_era5,era5,50.0,7,centred_rmse,0.14873180703365357,0.14191724847807652,0.15544099193019845,0.0
inmet_hourly,pangu_era5,era5,100.0,7,centred_rmse,0.37954975118895845,0.36808655791815925,0.39080689609664127,0.0
inmet_hourly,pangu_era5,era5,12.5,1,mae,0.00015722018984846753,1.7091888211803762e-05,0.0003123134907017569,0.015
inmet_hourly,pangu_era5,era5,25.0,1,mae,0.02391304067160007,0.02280547543502931,0.025049514726310396,0.0
inmet_hourly,pangu_era5,era5,50.0,1,mae,0.1292170050381777,0.1262304710640061,0.13220133791434538,0.0
inmet_hourly,pangu_era5,era5,100.0,1,mae,0.3142102006142569,0.3089549548698174,0.31936419512406095,0.0
inmet_hourly,pangu_era5,era5,12.5,3,mae,0.00015075207881635382,-1.150150567877638e-05,0.0003198531887099093,0.041
inmet_hourly,pangu_era5,era5,25.0,3,mae,0.023865527014478922,0.0223047466096414,0.0254636740765815,0.0
inmet_hourly,pangu_era5,era5,50.0,3,mae,0.1290997923796309,0.12511381939536018,0.13331798573504527,0.0
inmet_hourly,pangu_era5,era5,100.0,3,mae,0.314053990565623,0.30783367876192064,0.32089298220188933,0.0
inmet_hourly,pangu_era5,era5,12.5,5,mae,0.0001569198165203446,-2.7399837700464707e-05,0.0003406830873239035,0.051
inmet_hourly,pangu_era5,era5,25.0,5,mae,0.0239333830663753,0.022035112014592705,0.0258084395269196,0.0
inmet_hourly,pangu_era5,era5,50.0,5,mae,0.12928974046991482,0.12456127234685346,0.1340440662586851,0.0
inmet_hourly,pangu_era5,era5,100.0,5,mae,0.31438254459281406,0.3068096774666902,0.32177671994249574,0.0
inmet_hourly,pangu_era5,era5,12.5,7,mae,0.00016049466510427147,-3.408284905407066e-05,0.00035885668444606824,0.0555
inmet_hourly,pangu_era5,era5,25.0,7,mae,0.023951898191524875,0.021886508331097853,0.026017867735308262,0.0
inmet_hourly,pangu_era5,era5,50.0,7,mae,0.1293001075635683,0.12398045120257986,0.134416938685663,0.0
inmet_hourly,pangu_era5,era5,100.0,7,mae,0.31427295787373655,0.30661400320946103,0.3220085388139135,0.0
inmet_hourly,pangu_era5,era5,12.5,1,rmse,-0.0002460111554082811,-0.0004142216345249277,-8.009172073574226e-05,0.9985
inmet_hourly,pangu_era5,era5,25.0,1,rmse,0.02403854833782777,0.022546179675291298,0.02551695397705756,0.0
inmet_hourly,pangu_era5,era5,50.0,1,rmse,0.1519404793922077,0.1474089219591332,0.15638006058601187,0.0
inmet_hourly,pangu_era5,era5,100.0,1,rmse,0.3936660011937201,0.38457659496688756,0.4024596232390851,0.0
inmet_hourly,pangu_era5,era5,12.5,3,rmse,-0.0002522987840896459,-0.0004484399775523895,-3.852091117203255e-05,0.99
inmet_hourly,pangu_era5,era5,25.0,3,rmse,0.023987999411715623,0.02192511297109186,0.025989629697614185,0.0
inmet_hourly,pangu_era5,era5,50.0,3,rmse,0.15180236206359285,0.14612635245915429,0.15721974358890392,0.0
inmet_hourly,pangu_era5,era5,100.0,3,rmse,0.393473347828903,0.38278432075378127,0.40358763794065744,0.0
inmet_hourly,pangu_era5,era5,12.5,5,rmse,-0.00024267859469551245,-0.00047562067291325447,-1.18865933041557e-05,0.9805
inmet_hourly,pangu_era5,era5,25.0,5,rmse,0.024092230974919103,0.021789115696448858,0.026379330286921274,0.0
inmet_hourly,pangu_era5,era5,50.0,5,rmse,0.1521470256754885,0.1455945951870283,0.15856676406149128,0.0
inmet_hourly,pangu_era5,era5,100.0,5,rmse,0.39409587851736994,0.382207983462429,0.40588519271932927,0.0
inmet_hourly,pangu_era5,era5,12.5,7,rmse,-0.00024264889259307387,-0.0004916696061474268,7.853533002471953e-06,0.971
inmet_hourly,pangu_era5,era5,25.0,7,rmse,0.024087513521303373,0.021595882954032704,0.026578575062164312,0.0
inmet_hourly,pangu_era5,era5,50.0,7,rmse,0.1520634262784646,0.14517763212446155,0.1587929048163516,0.0
inmet_hourly,pangu_era5,era5,100.0,7,rmse,0.39376566785370104,0.38157738491655246,0.40598015160518497,0.0
inmet_hourly,pangu_era5,station,12.5,1,centred_rmse,0.0042907791830465,0.004114227537182336,0.0044739904842071515,0.0
inmet_hourly,pangu_era5,station,25.0,1,centred_rmse,0.05946115848074821,0.05783846741422686,0.06110747381392857,0.0
inmet_hourly,pangu_era5,station,50.0,1,centred_rmse,0.1773693075986896,0.1733965907987949,0.18145703279308867,0.0
inmet_hourly,pangu_era5,station,100.0,1,centred_rmse,0.3501113246502206,0.34409160575692854,0.3565031382562273,0.0
inmet_hourly,pangu_era5,station,12.5,3,centred_rmse,0.004292461126163692,0.004030894175660549,0.004547319905379937,0.0
inmet_hourly,pangu_era5,station,25.0,3,centred_rmse,0.059483800260351515,0.0569947122293629,0.061914478123720126,0.0
inmet_hourly,pangu_era5,station,50.0,3,centred_rmse,0.1774220627268842,0.17152594109014108,0.18313490029590687,0.0
inmet_hourly,pangu_era5,station,100.0,3,centred_rmse,0.35022229128406207,0.34112972007188697,0.35907081345533376,0.0
inmet_hourly,pangu_era5,station,12.5,5,centred_rmse,0.004297797533648044,0.003985938910291575,0.004604275888778431,0.0
inmet_hourly,pangu_era5,station,25.0,5,centred_rmse,0.059536752180472614,0.05654012501449428,0.06249909491097533,0.0
inmet_hourly,pangu_era5,station,50.0,5,centred_rmse,0.1775720559960242,0.170452665397729,0.18463471498835804,0.0
inmet_hourly,pangu_era5,station,100.0,5,centred_rmse,0.3504913919059519,0.3399702003101628,0.36124453171815557,0.0
inmet_hourly,pangu_era5,station,12.5,7,centred_rmse,0.004297817963654397,0.003970106953282204,0.004620224631852004,0.0
inmet_hourly,pangu_era5,station,25.0,7,centred_rmse,0.059524012696696056,0.05626567569966286,0.06281876776666283,0.0
inmet_hourly,pangu_era5,station,50.0,7,centred_rmse,0.17753078876574635,0.17007007176879552,0.18521037354055103,0.0
inmet_hourly,pangu_era5,station,100.0,7,centred_rmse,0.3503560994058372,0.3392844143849808,0.36165897194824403,0.0
inmet_hourly,pangu_era5,station,12.5,1,mae,0.0031080664758872194,0.0029709006912693623,0.0032591554493076155,0.0
inmet_hourly,pangu_era5,station,25.0,1,mae,0.042951499091313836,0.04175450032828979,0.044223507873281095,0.0
inmet_hourly,pangu_era5,station,50.0,1,mae,0.130153332871435,0.12748193432548602,0.13299812501103034,0.0
inmet_hourly,pangu_era5,station,100.0,1,mae,0.2632025645277652,0.25902565821705226,0.2675080567318259,0.0
inmet_hourly,pangu_era5,station,12.5,3,mae,0.0031084082200759605,0.002900184058564059,0.0033046089736897544,0.0
inmet_hourly,pangu_era5,station,25.0,3,mae,0.04295393476638665,0.04105653241372799,0.04476597382646495,0.0
inmet_hourly,pangu_era5,station,50.0,3,mae,0.13015247547543293,0.12591471139531007,0.13434832269897423,0.0
inmet_hourly,pangu_era5,station,100.0,3,mae,0.2632267225285452,0.2568268113534727,0.269465193202491,0.0
inmet_hourly,pangu_era5,station,12.5,5,mae,0.0031125804452991836,0.002883869857614724,0.0033439888762531954,0.0
inmet_hourly,pangu_era5,station,25.0,5,mae,0.042992085735357455,0.040701935309068224,0.04527153295714705,0.0
inmet_hourly,pangu_era5,station,50.0,5,mae,0.13026548348437794,0.12501998097581535,0.13547033028869704,0.0
inmet_hourly,pangu_era5,station,100.0,5,mae,0.2634164048770492,0.25601563539256844,0.27088221516729505,0.0
inmet_hourly,pangu_era5,station,12.5,7,mae,0.003110995983300114,0.0028524793784186707,0.0033689011004193305,0.0
inmet_hourly,pangu_era5,station,25.0,7,mae,0.042987421367938906,0.04046630724714906,0.04558574519362935,0.0
inmet_hourly,pangu_era5,station,50.0,7,mae,0.13023728734903972,0.12465291937292985,0.1359389628192512,0.0
inmet_hourly,pangu_era5,station,100.0,7,mae,0.26331101659846545,0.25556473396489515,0.2712310380437696,0.0
inmet_hourly,pangu_era5,station,12.5,1,rmse,0.004624543955282197,0.004444517053203145,0.0048118816648473,0.0
inmet_hourly,pangu_era5,station,25.0,1,rmse,0.06102757490164622,0.059455146033222356,0.0626371901871997,0.0
inmet_hourly,pangu_era5,station,50.0,1,rmse,0.18317959158736755,0.17936627743132316,0.18712062686086647,0.0
inmet_hourly,pangu_era5,station,100.0,1,rmse,0.3718125491218162,0.3655204716628216,0.37823827564191337,0.0
inmet_hourly,pangu_era5,station,12.5,3,rmse,0.004626125730893485,0.004364825607676809,0.004881497821625419,0.0
inmet_hourly,pangu_era5,station,25.0,3,rmse,0.061051199460494664,0.058606239075686385,0.06343100851469005,0.0
inmet_hourly,pangu_era5,station,50.0,3,rmse,0.18323848422366948,0.1775032589649671,0.188896697221903,0.0
inmet_hourly,pangu_era5,station,100.0,3,rmse,0.37194856635794904,0.3629709380530766,0.3807113403509825,0.0
inmet_hourly,pangu_era5,station,12.5,5,rmse,0.0046331389633993076,0.004320792348685182,0.004944373757742521,0.0
inmet_hourly,pangu_era5,station,25.0,5,rmse,0.06110954322311694,0.058170144703766295,0.06398578621429957,0.0
inmet_hourly,pangu_era5,station,50.0,5,rmse,0.18340513257954938,0.17649557442559846,0.19015090183361094,0.0
inmet_hourly,pangu_era5,station,100.0,5,rmse,0.3722651145450687,0.361631493192053,0.382934341919675,0.0
inmet_hourly,pangu_era5,station,12.5,7,rmse,0.004631583521525363,0.004298403417074775,0.004960311143949581,0.0
inmet_hourly,pangu_era5,station,25.0,7,rmse,0.06108497052722261,0.05792875945631425,0.06424739305861579,0.0
inmet_hourly,pangu_era5,station,50.0,7,rmse,0.18332093951191689,0.17601088176757104,0.19087620964173982,0.0
inmet_hourly,pangu_era5,station,100.0,7,rmse,0.37199959482025347,0.36069994184916243,0.38335941417119673,0.0
inmet_hourly,pangu_hres_init,era5,12.5,1,centred_rmse,-0.005339759180756051,-0.005557039449663015,-0.005133243451878747,1.0
inmet_hourly,pangu_hres_init,era5,25.0,1,centred_rmse,-0.0026399012391778846,-0.0039906816146708934,-0.0013256620112696313,1.0
inmet_hourly,pangu_hres_init,era5,50.0,1,centred_rmse,0.10724590847954427,0.10326754140539166,0.11104665908899396,0.0
inmet_hourly,pangu_hres_init,era5,100.0,1,centred_rmse,0.32410387697746906,0.3159315513888161,0.3315859065381532,0.0
inmet_hourly,pangu_hres_init,era5,12.5,3,centred_rmse,-0.005341665316267168,-0.005614208471349272,-0.0050738732784657405,1.0
inmet_hourly,pangu_hres_init,era5,25.0,3,centred_rmse,-0.002642347122107388,-0.004384110998029778,-0.0008726013810727776,0.9985
inmet_hourly,pangu_hres_init,era5,50.0,3,centred_rmse,0.10723239648752506,0.1021038871266588,0.11217231088849024,0.0
inmet_hourly,pangu_hres_init,era5,100.0,3,centred_rmse,0.324055616122762,0.31336292929455034,0.3341141805268065,0.0
inmet_hourly,pangu_hres_init,era5,12.5,5,centred_rmse,-0.0053417133460572285,-0.005649889596344817,-0.005051654162308322,1.0
inmet_hourly,pangu_hres_init,era5,25.0,5,centred_rmse,-0.002658449148156554,-0.004588064321995754,-0.000667308668090106,0.996
inmet_hourly,pangu_hres_init,era5,50.0,5,centred_rmse,0.10723039257583937,0.10139623375283045,0.11299836490628198,0.0
inmet_hourly,pangu_hres_init,era5,100.0,5,centred_rmse,0.32410044526753184,0.3122589019701475,0.3353147707729805,0.0
inmet_hourly,pangu_hres_init,era5,12.5,7,centred_rmse,-0.005340479097118448,-0.005673250340391708,-0.0050223161761280945,1.0
inmet_hourly,pangu_hres_init,era5,25.0,7,centred_rmse,-0.0026435899939583553,-0.0049024141652787455,-0.00037901101664298295,0.9895
inmet_hourly,pangu_hres_init,era5,50.0,7,centred_rmse,0.10725845238564116,0.10072817951799097,0.11396627389864412,0.0
inmet_hourly,pangu_hres_init,era5,100.0,7,centred_rmse,0.3241958224028181,0.31202921672753103,0.3365055546499287,0.0
inmet_hourly,pangu_hres_init,era5,12.5,1,mae,-0.004833825705312735,-0.005023011149328499,-0.004648330969493219,1.0
inmet_hourly,pangu_hres_init,era5,25.0,1,mae,-0.0017497253288390711,-0.003063037376193816,-0.0005272569831159524,0.997
inmet_hourly,pangu_hres_init,era5,50.0,1,mae,0.08887616154586485,0.0857724576825863,0.09191439738635533,0.0
inmet_hourly,pangu_hres_init,era5,100.0,1,mae,0.25788184237972245,0.25191731843862475,0.2634869926954422,0.0
inmet_hourly,pangu_hres_init,era5,12.5,3,mae,-0.00483333241813413,-0.005048600000112438,-0.00461201541623677,1.0
inmet_hourly,pangu_hres_init,era5,25.0,3,mae,-0.0017408738532619888,-0.0033049468647615736,-0.00023000312801618378,0.9895
inmet_hourly,pangu_hres_init,era5,50.0,3,mae,0.08884788655794823,0.08492755493046435,0.0926153143890102,0.0
inmet_hourly,pangu_hres_init,era5,100.0,3,mae,0.25783171177724934,0.24993422963481687,0.2651823148878661,0.0
inmet_hourly,pangu_hres_init,era5,12.5,5,mae,-0.004833354963167127,-0.005059455462610554,-0.004610950918103282,1.0
inmet_hourly,pangu_hres_init,era5,25.0,5,mae,-0.001758816136588997,-0.003333184037528266,-0.00017558183379568228,0.985
inmet_hourly,pangu_hres_init,era5,50.0,5,mae,0.08885526976900596,0.08472472472093923,0.09283718443061088,0.0
inmet_hourly,pangu_hres_init,era5,100.0,5,mae,0.257860281113523,0.24956429602680896,0.26575419786231547,0.0
inmet_hourly,pangu_hres_init,era5,12.5,7,mae,-0.0048316836348727835,-0.005052876654548283,-0.0046171179137974114,1.0
inmet_hourly,pangu_hres_init,era5,25.0,7,mae,-0.0017454880244214635,-0.003497226274981902,-5.68557979378846e-05,0.9775
inmet_hourly,pangu_hres_init,era5,50.0,7,mae,0.08887043227138391,0.08424462777861716,0.09339228985526911,0.0
inmet_hourly,pangu_hres_init,era5,100.0,7,mae,0.25792916226996077,0.24925199532103842,0.2665861759593208,0.0
inmet_hourly,pangu_hres_init,era5,12.5,1,rmse,-0.005796585932054868,-0.006017092376414432,-0.005580891133454272,1.0
inmet_hourly,pangu_hres_init,era5,25.0,1,rmse,-0.005078284461384227,-0.006574968827327132,-0.0036032749674396445,1.0
inmet_hourly,pangu_hres_init,era5,50.0,1,rmse,0.10130417007542028,0.09711956190537221,0.10541436961036868,0.0
inmet_hourly,pangu_hres_init,era5,100.0,1,rmse,0.3171155257779011,0.30802293592495267,0.32567781021364545,0.0
inmet_hourly,pangu_hres_init,era5,12.5,3,rmse,-0.00579832570334777,-0.006081442099170517,-0.005519750216953706,1.0
inmet_hourly,pangu_hres_init,era5,25.0,3,rmse,-0.005079904234962754,-0.0069773677715495525,-0.003249889316987946,1.0
inmet_hourly,pangu_hres_init,era5,50.0,3,rmse,0.10128348344336632,0.09604966492872159,0.1063652767656273,0.0
inmet_hourly,pangu_hres_init,era5,100.0,3,rmse,0.3170406615219449,0.30568594574428626,0.32770601718080594,0.0
inmet_hourly,pangu_hres_init,era5,12.5,5,rmse,-0.005797619321180056,-0.006116859243130801,-0.00548807558857708,1.0
inmet_hourly,pangu_hres_init,era5,25.0,5,rmse,-0.005090893754661877,-0.007128812805346868,-0.00301708259471557,1.0
inmet_hourly,pangu_hres_init,era5,50.0,5,rmse,0.10129417578379867,0.09552673734703161,0.10706646125213398,0.0
inmet_hourly,pangu_hres_init,era5,100.0,5,rmse,0.31713410462163966,0.3045677266736307,0.32906467588801275,0.0
inmet_hourly,pangu_hres_init,era5,12.5,7,rmse,-0.005796583713085854,-0.006138592695547293,-0.005469827688891626,1.0
inmet_hourly,pangu_hres_init,era5,25.0,7,rmse,-0.005079541459903234,-0.007392417011795121,-0.002817757351308298,1.0
inmet_hourly,pangu_hres_init,era5,50.0,7,rmse,0.10131196213662635,0.09469336363988186,0.10773769777055049,0.0
inmet_hourly,pangu_hres_init,era5,100.0,7,rmse,0.3172176261292775,0.3036803478643207,0.33038209882234215,0.0
inmet_hourly,pangu_hres_init,station,12.5,1,centred_rmse,0.005788732398636714,0.005562480827970506,0.006013306950879088,0.0
inmet_hourly,pangu_hres_init,station,25.0,1,centred_rmse,0.07724491380512788,0.07546221981739942,0.07895344318658298,0.0
inmet_hourly,pangu_hres_init,station,50.0,1,centred_rmse,0.2036656847436653,0.19965169212073947,0.20741632482131384,0.0
inmet_hourly,pangu_hres_init,station,100.0,1,centred_rmse,0.38000508997893123,0.37359668624462955,0.38590584743805595,0.0
inmet_hourly,pangu_hres_init,station,12.5,3,centred_rmse,0.005787201081353093,0.005457829801110719,0.006119589946224679,0.0
inmet_hourly,pangu_hres_init,station,25.0,3,centred_rmse,0.07724332626026592,0.07464284069458127,0.07982561484935363,0.0
inmet_hourly,pangu_hres_init,station,50.0,3,centred_rmse,0.20364175441735657,0.19800445442629497,0.20937954536746495,0.0
inmet_hourly,pangu_hres_init,station,100.0,3,centred_rmse,0.3799176642249089,0.3710903949229223,0.38860922426238576,0.0
inmet_hourly,pangu_hres_init,station,12.5,5,centred_rmse,0.00578981078512545,0.00540667537075516,0.006181470623294011,0.0
inmet_hourly,pangu_hres_init,station,25.0,5,centred_rmse,0.07723035575768751,0.07431860189976151,0.08028058769171,0.0
inmet_hourly,pangu_hres_init,station,50.0,5,centred_rmse,0.20363668256376016,0.19707758240008882,0.21045462296370732,0.0
inmet_hourly,pangu_hres_init,station,100.0,5,centred_rmse,0.3799654069139151,0.3697855568870242,0.39009243410404665,0.0
inmet_hourly,pangu_hres_init,station,12.5,7,centred_rmse,0.0057825667077236916,0.0053598382820057525,0.006242014641356824,0.0
inmet_hourly,pangu_hres_init,station,25.0,7,centred_rmse,0.07719656328147646,0.07380037775873957,0.08055406508752798,0.0
inmet_hourly,pangu_hres_init,station,50.0,7,centred_rmse,0.2035686954526698,0.19617332791618666,0.21095678548921393,0.0
inmet_hourly,pangu_hres_init,station,100.0,7,centred_rmse,0.37988541422822925,0.36853973243480664,0.3911300734561624,0.0
inmet_hourly,pangu_hres_init,station,12.5,1,mae,0.004468569429361295,0.004275727077904784,0.004657757396548201,0.0
inmet_hourly,pangu_hres_init,station,25.0,1,mae,0.060058328715335674,0.05871168872495449,0.06133567903160826,0.0
inmet_hourly,pangu_hres_init,station,50.0,1,mae,0.155753191702179,0.15299823527681752,0.1584095621490088,0.0
inmet_hourly,pangu_hres_init,station,100.0,1,mae,0.2890011317351148,0.284660385889906,0.2931969538470404,0.0
inmet_hourly,pangu_hres_init,station,12.5,3,mae,0.004466150616920335,0.004228603452011842,0.004702338547977946,0.0
inmet_hourly,pangu_hres_init,station,25.0,3,mae,0.06005349484973471,0.058092600538315546,0.061903500655923836,0.0
inmet_hourly,pangu_hres_init,station,50.0,3,mae,0.15573865867386372,0.1517960036883744,0.15977012768547563,0.0
inmet_hourly,pangu_hres_init,station,100.0,3,mae,0.28894381909156575,0.2829193584513384,0.29498578640763284,0.0
inmet_hourly,pangu_hres_init,station,12.5,5,mae,0.004466577402727703,0.004202061160220832,0.004743634668606572,0.0
inmet_hourly,pangu_hres_init,station,25.0,5,mae,0.060030126073006444,0.05779218772018531,0.062188882599686496,0.0
inmet_hourly,pangu_hres_init,station,50.0,5,mae,0.155706018266104,0.1511082066645931,0.16042200031497464,0.0
inmet_hourly,pangu_hres_init,station,100.0,5,mae,0.28894214361014603,0.2824004087501562,0.29565645013213226,0.0
inmet_hourly,pangu_hres_init,station,12.5,7,mae,0.00446164255630553,0.004166167278113225,0.0047601573362164975,0.0
inmet_hourly,pangu_hres_init,station,25.0,7,mae,0.060011893386784934,0.05745608286181812,0.06246734082183656,0.0
inmet_hourly,pangu_hres_init,station,50.0,7,mae,0.15567707045932355,0.15048309975430754,0.16091349483947887,0.0
inmet_hourly,pangu_hres_init,station,100.0,7,mae,0.2888986747736563,0.2815883068009586,0.2958151955101827,0.0
inmet_hourly,pangu_hres_init,station,12.5,1,rmse,0.0060478960460941195,0.005827485937606297,0.006267111601103536,0.0
inmet_hourly,pangu_hres_init,station,25.0,1,rmse,0.07856353878650857,0.07683303793878817,0.08021848329861779,0.0
inmet_hourly,pangu_hres_init,station,50.0,1,rmse,0.20776432335399916,0.20383198954709128,0.21139867481191688,0.0
inmet_hourly,pangu_hres_init,station,100.0,1,rmse,0.39512592722071066,0.38877259608678116,0.4009875314296664,0.0
inmet_hourly,pangu_hres_init,station,12.5,3,rmse,0.006046179693026275,0.005734242597024958,0.006364300039806719,0.0
inmet_hourly,pangu_hres_init,station,25.0,3,rmse,0.07856011894699051,0.07613270164789099,0.08104287905695991,0.0
inmet_hourly,pangu_hres_init,station,50.0,3,rmse,0.20773509014269037,0.20239606049507608,0.21322781167893548,0.0
inmet_hourly,pangu_hres_init,station,100.0,3,rmse,0.3950248867542545,0.38630806281755814,0.4035907041618488,0.0
inmet_hourly,pangu_hres_init,station,12.5,5,rmse,0.006049299562297707,0.005685176236269585,0.006413543430909379,0.0
inmet_hourly,pangu_hres_init,station,25.0,5,rmse,0.07854935390580943,0.07571099989946581,0.08147173449256451,0.0
inmet_hourly,pangu_hres_init,station,50.0,5,rmse,0.20773929503227254,0.2015451526005821,0.21399750428709022,0.0
inmet_hourly,pangu_hres_init,station,100.0,5,rmse,0.39511213959133806,0.3850241429144944,0.4048783466781801,0.0
inmet_hourly,pangu_hres_init,station,12.5,7,rmse,0.006041811447833461,0.005645428779387523,0.006462203664533505,0.0
inmet_hourly,pangu_hres_init,station,25.0,7,rmse,0.0785162808739262,0.07534367379156214,0.081667325697382,0.0
inmet_hourly,pangu_hres_init,station,50.0,7,rmse,0.207675624669037,0.20080402556475302,0.21457682371103748,0.0
inmet_hourly,pangu_hres_init,station,100.0,7,rmse,0.39504814375599095,0.3838533024296599,0.4056816311816363,0.0
midas_open_uk,era5_forecast,era5,12.5,1,centred_rmse,-0.003125168348500538,-0.004691183369957277,-0.001538227484917019,1.0
midas_open_uk,era5_forecast,era5,25.0,1,centred_rmse,0.03435906067378524,0.024518049168007407,0.043592363656339235,0.0
midas_open_uk,era5_forecast,era5,50.0,1,centred_rmse,0.2320256768784032,0.20505196806212134,0.2568880688750205,0.0
midas_open_uk,era5_forecast,era5,100.0,1,centred_rmse,0.6124608473304031,0.5653419036136414,0.6587982853332275,0.0
midas_open_uk,era5_forecast,era5,12.5,3,centred_rmse,-0.0030656312827364793,-0.0050767348732188135,-0.0009866048217786088,0.996
midas_open_uk,era5_forecast,era5,25.0,3,centred_rmse,0.03482294846727078,0.022366046005758946,0.04802781328155772,0.0
midas_open_uk,era5_forecast,era5,50.0,3,centred_rmse,0.23309914170163595,0.19963124934460977,0.2701930032579017,0.0
midas_open_uk,era5_forecast,era5,100.0,3,centred_rmse,0.6136765245366211,0.55242011305612,0.6798628117141118,0.0
midas_open_uk,era5_forecast,era5,12.5,5,centred_rmse,-0.0030932425135540855,-0.005363520590704327,-0.0007851607685926002,0.994
midas_open_uk,era5_forecast,era5,25.0,5,centred_rmse,0.034627540454369804,0.020297130492498823,0.04965170877372677,0.0
midas_open_uk,era5_forecast,era5,50.0,5,centred_rmse,0.23251149073740954,0.19375535660343166,0.27279351703987464,0.0
midas_open_uk,era5_forecast,era5,100.0,5,centred_rmse,0.612444430872072,0.543030904318524,0.6850706726189096,0.0
midas_open_uk,era5_forecast,era5,12.5,7,centred_rmse,-0.0030590892068086584,-0.005470347274991324,-0.0006017127572127973,0.9925
midas_open_uk,era5_forecast,era5,25.0,7,centred_rmse,0.034814839311997005,0.01901306722531422,0.050177708930859405,0.0
midas_open_uk,era5_forecast,era5,50.0,7,centred_rmse,0.23288504673611674,0.18810073211317943,0.27368856387691204,0.0
midas_open_uk,era5_forecast,era5,100.0,7,centred_rmse,0.6129965675672416,0.5333593459785128,0.6861330362698054,0.0
midas_open_uk,era5_forecast,era5,12.5,1,mae,-0.003989106794376669,-0.0053225959782805445,-0.002675380504179269,1.0
midas_open_uk,era5_forecast,era5,25.0,1,mae,0.00985596163137361,0.00214293765093329,0.017388652727782627,0.0055
midas_open_uk,era5_forecast,era5,50.0,1,mae,0.12470312015803947,0.10547154244961267,0.143807977659761,0.0
midas_open_uk,era5_forecast,era5,100.0,1,mae,0.38857561786038614,0.3544456918333811,0.4225557227184919,0.0
midas_open_uk,era5_forecast,era5,12.5,3,mae,-0.003941813385712387,-0.005814511711432838,-0.0019845072544712444,1.0
midas_open_uk,era5_forecast,era5,25.0,3,mae,0.01013086545684042,-0.00043878212458815525,0.02193152450006541,0.0315
midas_open_uk,era5_forecast,era5,50.0,3,mae,0.12527750278499658,0.0989986270625874,0.1538669989569717,0.0
midas_open_uk,era5_forecast,era5,100.0,3,mae,0.38936157755447254,0.34204364658871117,0.439180292395321,0.0
midas_open_uk,era5_forecast,era5,12.5,5,mae,-0.003973034620195656,-0.006096205078208072,-0.0017587574797764685,0.9995
midas_open_uk,era5_forecast,era5,25.0,5,mae,0.009903327468895651,-0.002834573088605106,0.02326535354242529,0.0695
midas_open_uk,era5_forecast,era5,50.0,5,mae,0.12476051659287847,0.09318257426467905,0.1574543614101696,0.0
midas_open_uk,era5_forecast,era5,100.0,5,mae,0.3884666185541484,0.33402941293965593,0.44479804184242766,0.0
midas_open_uk,era5_forecast,era5,12.5,7,mae,-0.003943115940996285,-0.006317426675126259,-0.001454136688844952,0.9985
midas_open_uk,era5_forecast,era5,25.0,7,mae,0.010117385527861426,-0.004609034343746377,0.025356039393552278,0.0945
midas_open_uk,era5_forecast,era5,50.0,7,mae,0.1253151907292352,0.08814872799366269,0.16279521347120854,0.0
midas_open_uk,era5_forecast,era5,100.0,7,mae,0.38957932584831884,0.32801702583571263,0.4536607765536323,0.0
midas_open_uk,era5_forecast,era5,12.5,1,rmse,-0.005906489019231877,-0.0076397343979132115,-0.004152920353444167,1.0
midas_open_uk,era5_forecast,era5,25.0,1,rmse,0.014441500109901532,0.004352047544533309,0.024672565269975587,0.003
midas_open_uk,era5_forecast,era5,50.0,1,rmse,0.1822215122271242,0.15492608059642357,0.20918810770704366,0.0
midas_open_uk,era5_forecast,era5,100.0,1,rmse,0.5524236849155597,0.5035478456170003,0.5978534128874079,0.0
midas_open_uk,era5_forecast,era5,12.5,3,rmse,-0.0058540976288580125,-0.00810720962354529,-0.0033586522921512946,1.0
midas_open_uk,era5_forecast,era5,25.0,3,rmse,0.014822038936450437,0.0011423300695342915,0.03007832737076091,0.0155
midas_open_uk,era5_forecast,era5,50.0,3,rmse,0.18313441012346476,0.14689877738881818,0.2231324601216973,0.0
midas_open_uk,era5_forecast,era5,100.0,3,rmse,0.5535879035642973,0.4899676229695982,0.6203037201671537,0.0
midas_open_uk,era5_forecast,era5,12.5,5,rmse,-0.005894662717658694,-0.008514337849837142,-0.0032253550796841808,1.0
midas_open_uk,era5_forecast,era5,25.0,5,rmse,0.014529971178335587,-0.0016209124046485193,0.03156137048778244,0.0435
midas_open_uk,era5_forecast,era5,50.0,5,rmse,0.18232928076725494,0.13887863029365546,0.22850805698976223,0.0
midas_open_uk,era5_forecast,era5,100.0,5,rmse,0.5521982686822244,0.47841765845265616,0.6278962068832383,0.0
midas_open_uk,era5_forecast,era5,12.5,7,rmse,-0.0058650094150589464,-0.008767472774435516,-0.002668061617970273,1.0
midas_open_uk,era5_forecast,era5,25.0,7,rmse,0.014707791760748034,-0.003916600483989409,0.034182242745680276,0.0685
midas_open_uk,era5_forecast,era5,50.0,7,rmse,0.18282936003856795,0.13242601808280724,0.23306786430821294,0.0
midas_open_uk,era5_forecast,era5,100.0,7,rmse,0.5532930798944703,0.47168182405871106,0.6350208180638278,0.0
midas_open_uk,era5_forecast,station,12.5,1,centred_rmse,-0.00023350007234468418,-0.0012922742356408056,0.0007821951777019657,0.658
midas_open_uk,era5_forecast,station,25.0,1,centred_rmse,0.029046344047254407,0.022045020876292593,0.035700519491378466,0.0
midas_open_uk,era5_forecast,station,50.0,1,centred_rmse,0.14447312854970312,0.12446671477387687,0.16318366151844854,0.0
midas_open_uk,era5_forecast,station,100.0,1,centred_rmse,0.384690476088971,0.34451296625521993,0.42251284540822376,0.0
midas_open_uk,era5_forecast,station,12.5,3,centred_rmse,-0.00020707019258791714,-0.001555577916295447,0.0011725568529214962,0.624
midas_open_uk,era5_forecast,station,25.0,3,centred_rmse,0.029188201291414202,0.020028947107140607,0.03899134594247598,0.0
midas_open_uk,era5_forecast,station,50.0,3,centred_rmse,0.1447945290977917,0.11781567800499067,0.1733385281767936,0.0
midas_open_uk,era5_forecast,station,100.0,3,centred_rmse,0.3849890489151747,0.33204195859120345,0.4398512138376571,0.0
midas_open_uk,era5_forecast,station,12.5,5,centred_rmse,-0.0002463326355285108,-0.0017706033045746413,0.0013468316924590874,0.629
midas_open_uk,era5_forecast,station,25.0,5,centred_rmse,0.02896176534529065,0.01840128601844047,0.039914270341329404,0.0
midas_open_uk,era5_forecast,station,50.0,5,centred_rmse,0.14417282297575976,0.11379026645512298,0.17549276580043757,0.0
midas_open_uk,era5_forecast,station,100.0,5,centred_rmse,0.38379719468240503,0.32665709470144955,0.445298182418564,0.0
midas_open_uk,era5_forecast,station,12.5,7,centred_rmse,-0.00022577515415350558,-0.001915431480170753,0.001469831566300399,0.6115
midas_open_uk,era5_forecast,station,25.0,7,centred_rmse,0.029107029439984795,0.017425483112207117,0.04062198513225506,0.0
midas_open_uk,era5_forecast,station,50.0,7,centred_rmse,0.14444287417234447,0.10963447140600227,0.17740780270809642,0.0
midas_open_uk,era5_forecast,station,100.0,7,centred_rmse,0.3840448687664165,0.31545695380029964,0.44663978302165186,0.0
midas_open_uk,era5_forecast,station,12.5,1,mae,-0.0010558454468651858,-0.0019181706241456376,-0.00017552648437425076,0.9905
midas_open_uk,era5_forecast,station,25.0,1,mae,0.013210587140597058,0.007978089831601082,0.01829662444944441,0.0
midas_open_uk,era5_forecast,station,50.0,1,mae,0.07355499674499262,0.0585144621812449,0.08831188956494095,0.0
midas_open_uk,era5_forecast,station,100.0,1,mae,0.24329538505500523,0.21451337342935334,0.2720380999241914,0.0
midas_open_uk,era5_forecast,station,12.5,3,mae,-0.001022780167796919,-0.0021425255901746155,0.0001683273395445939,0.9535
midas_open_uk,era5_forecast,station,25.0,3,mae,0.013363976707769745,0.006497222414091876,0.020958808208335837,0.0
midas_open_uk,era5_forecast,station,50.0,3,mae,0.07392629162379911,0.05358673605673196,0.0953963187914876,0.0
midas_open_uk,era5_forecast,station,100.0,3,mae,0.24382732364736553,0.2039132197170891,0.28392137356974956,0.0
midas_open_uk,era5_forecast,station,12.5,5,mae,-0.0010576562429227695,-0.0022936709086522063,0.0003508735099094744,0.936
midas_open_uk,era5_forecast,station,25.0,5,mae,0.013203588444149227,0.005194438169787242,0.021820255358780318,0.0
midas_open_uk,era5_forecast,station,50.0,5,mae,0.07353932917885879,0.050583602114737995,0.09836786966330645,0.0
midas_open_uk,era5_forecast,station,100.0,5,mae,0.24322376071515606,0.19915308575331306,0.29066184879212703,0.0
midas_open_uk,era5_forecast,station,12.5,7,mae,-0.0010362896260125063,-0.0024692724309002823,0.0004110153647020539,0.9195
midas_open_uk,era5_forecast,station,25.0,7,mae,0.013343940510938491,0.004168693751069164,0.022807389725207503,0.002
midas_open_uk,era5_forecast,station,50.0,7,mae,0.0739569380305538,0.046240185869292565,0.10221331542116187,0.0
midas_open_uk,era5_forecast,station,100.0,7,mae,0.24397345326533473,0.1921587182932956,0.2972850936304468,0.0
midas_open_uk,era5_forecast,station,12.5,1,rmse,-0.0016479888678240205,-0.0027522910687050534,-0.0005339327960439351,0.999
midas_open_uk,era5_forecast,station,25.0,1,rmse,0.020322877262839503,0.012774930824902287,0.027604017141946935,0.0
midas_open_uk,era5_forecast,station,50.0,1,rmse,0.12327828985640528,0.10231146155768381,0.1436455859344504,0.0
midas_open_uk,era5_forecast,station,100.0,1,rmse,0.3601494513962441,0.3200348491611212,0.396777210870676,0.0
midas_open_uk,era5_forecast,station,12.5,3,rmse,-0.0016185662179589591,-0.0031402999738766807,-5.872827214878042e-05,0.9775
midas_open_uk,era5_forecast,station,25.0,3,rmse,0.02048049050624209,0.010327260938420275,0.031191306461564646,0.0
midas_open_uk,era5_forecast,station,50.0,3,rmse,0.12367100614980345,0.09538944079820522,0.15323079321122463,0.0
midas_open_uk,era5_forecast,station,100.0,3,rmse,0.36071001845314155,0.3101522727975656,0.4140932177944036,0.0
midas_open_uk,era5_forecast,station,12.5,5,rmse,-0.0016626694199320942,-0.0033966482803823353,7.280479085580949e-05,0.968
midas_open_uk,era5_forecast,station,25.0,5,rmse,0.02022829496394153,0.008413463197878352,0.03234008002771633,0.0
midas_open_uk,era5_forecast,station,50.0,5,rmse,0.12302115840577398,0.09052189967512267,0.15626087936873828,0.0
midas_open_uk,era5_forecast,station,100.0,5,rmse,0.35962458967258987,0.30339756194890855,0.4199017848328504,0.0
midas_open_uk,era5_forecast,station,12.5,7,rmse,-0.0016372596145870196,-0.003578779571984263,0.0003343985901482639,0.9555
midas_open_uk,era5_forecast,station,25.0,7,rmse,0.020411128896597453,0.0069057338474869615,0.03372104894869076,0.003
midas_open_uk,era5_forecast,station,50.0,7,rmse,0.12347540247506396,0.08593372288325898,0.16036057860167915,0.0
midas_open_uk,era5_forecast,station,100.0,7,rmse,0.36045430387041094,0.294788695729861,0.4244953313619232,0.0
midas_open_uk,graphcast_era5,era5,12.5,1,centred_rmse,0.004313045029425294,0.002976052299365623,0.0056349714567429515,0.0
midas_open_uk,graphcast_era5,era5,25.0,1,centred_rmse,0.08120661734434621,0.07417466651973954,0.0882648469884732,0.0
midas_open_uk,graphcast_era5,era5,50.0,1,centred_rmse,0.33898866423264484,0.32045907839460025,0.3572385558058504,0.0
midas_open_uk,graphcast_era5,era5,100.0,1,centred_rmse,0.7480225644782788,0.71184126367363,0.783116512647442,0.0
midas_open_uk,graphcast_era5,era5,12.5,3,centred_rmse,0.004296040625131243,0.002880274468109759,0.005804465278408724,0.0
midas_open_uk,graphcast_era5,era5,25.0,3,centred_rmse,0.08113339615369711,0.07273362484711347,0.08958702381903967,0.0
midas_open_uk,graphcast_era5,era5,50.0,3,centred_rmse,0.33869328270263155,0.31480595484647167,0.3638522508420802,0.0
midas_open_uk,graphcast_era5,era5,100.0,3,centred_rmse,0.7471269412285924,0.6998894564531021,0.7968192785717508,0.0
midas_open_uk,graphcast_era5,era5,12.5,5,centred_rmse,0.004318790487791383,0.002749406255254586,0.00600478707969333,0.0
midas_open_uk,graphcast_era5,era5,25.0,5,centred_rmse,0.08121343048993665,0.07187820856400928,0.09120429281510531,0.0
midas_open_uk,graphcast_era5,era5,50.0,5,centred_rmse,0.33875642444728593,0.31147702083231926,0.3670122784558251,0.0
midas_open_uk,graphcast_era5,era5,100.0,5,centred_rmse,0.7470225222043531,0.691010748130744,0.803603123882545,0.0
midas_open_uk,graphcast_era5,era5,12.5,7,centred_rmse,0.004311508476248862,0.002522179296885341,0.006086648039182492,0.0
midas_open_uk,graphcast_era5,era5,25.0,7,centred_rmse,0.08122936260241778,0.07084631828202474,0.09185707221919114,0.0
midas_open_uk,graphcast_era5,era5,50.0,7,centred_rmse,0.3388485349587279,0.3085368239133697,0.3689369470253939,0.0
midas_open_uk,graphcast_era5,era5,100.0,7,centred_rmse,0.7473052480635163,0.6863398900814713,0.8082052329199463,0.0
midas_open_uk,graphcast_era5,era5,12.5,1,mae,0.0024199883375016643,0.001534685632572017,0.003325336208306027,0.0
midas_open_uk,graphcast_era5,era5,25.0,1,mae,0.05848017856860329,0.0537577118957649,0.06320313741626825,0.0
midas_open_uk,graphcast_era5,era5,50.0,1,mae,0.24023981704438752,0.228406177962427,0.25203687829105936,0.0
midas_open_uk,graphcast_era5,era5,100.0,1,mae,0.5492390872158188,0.524659411616517,0.5739616670778172,0.0
midas_open_uk,graphcast_era5,era5,12.5,3,mae,0.0024090331234257363,0.0014186094099562024,0.0035109035284787422,0.0
midas_open_uk,graphcast_era5,era5,25.0,3,mae,0.0584805328765497,0.053265563248538095,0.06409004756438542,0.0
midas_open_uk,graphcast_era5,era5,50.0,3,mae,0.2401834243019471,0.2253348055397777,0.2557360082058577,0.0
midas_open_uk,graphcast_era5,era5,100.0,3,mae,0.5489440602016218,0.517857320352753,0.5822453856934828,0.0
midas_open_uk,graphcast_era5,era5,12.5,5,mae,0.0024229514337871095,0.0011936273271790573,0.003708605429240284,0.0
midas_open_uk,graphcast_era5,era5,25.0,5,mae,0.05855272818477267,0.05229125182309613,0.06534715991625409,0.0
midas_open_uk,graphcast_era5,era5,50.0,5,mae,0.24041534403754644,0.2235977896370282,0.25778850797560765,0.0
midas_open_uk,graphcast_era5,era5,100.0,5,mae,0.5495229913385731,0.5142808708092911,0.5868299636105283,0.0
midas_open_uk,graphcast_era5,era5,12.5,7,mae,0.002426359773443658,0.0010850960116733312,0.003796969911228662,0.0
midas_open_uk,graphcast_era5,era5,25.0,7,mae,0.05860249670218821,0.05169245295882281,0.06592525772081934,0.0
midas_open_uk,graphcast_era5,era5,50.0,7,mae,0.24054704717891662,0.22221784406790984,0.2599799168478384,0.0
midas_open_uk,graphcast_era5,era5,100.0,7,mae,0.5496583729670564,0.5109886961711619,0.5903397314798773,0.0
midas_open_uk,graphcast_era5,era5,12.5,1,rmse,0.004212651485833161,0.0028719474475481263,0.005549662124943661,0.0
midas_open_uk,graphcast_era5,era5,25.0,1,rmse,0.07942191051896336,0.07214568076362057,0.08653441628589685,0.0
midas_open_uk,graphcast_era5,era5,50.0,1,rmse,0.33766902170674634,0.31929652175777923,0.35534067220670507,0.0
midas_open_uk,graphcast_era5,era5,100.0,1,rmse,0.7584590654574334,0.7243934109813532,0.7913084283118003,0.0
midas_open_uk,graphcast_era5,era5,12.5,3,rmse,0.004203199028934216,0.0027635659732201004,0.005776277899208306,0.0
midas_open_uk,graphcast_era5,era5,25.0,3,rmse,0.07943692952129626,0.07085992353029602,0.08816960702627494,0.0
midas_open_uk,graphcast_era5,era5,50.0,3,rmse,0.33768023168593014,0.31524373683717255,0.36102221059463835,0.0
midas_open_uk,graphcast_era5,era5,100.0,3,rmse,0.7582263386856266,0.7167590833181839,0.801478819165755,0.0
midas_open_uk,graphcast_era5,era5,12.5,5,rmse,0.004226554398357288,0.0025994023767067307,0.005985282164285456,0.0
midas_open_uk,graphcast_era5,era5,25.0,5,rmse,0.07953873643124436,0.07010932518112875,0.08975389064940374,0.0
midas_open_uk,graphcast_era5,era5,50.0,5,rmse,0.3379224915089643,0.31360339123135966,0.3634993781206933,0.0
midas_open_uk,graphcast_era5,era5,100.0,5,rmse,0.7587486747935863,0.7120467029554477,0.8080551468034531,0.0
midas_open_uk,graphcast_era5,era5,12.5,7,rmse,0.004226052006897371,0.0024081818153267103,0.006104822492494284,0.0
midas_open_uk,graphcast_era5,era5,25.0,7,rmse,0.07956799211887089,0.06915660294102326,0.09010893611185371,0.0
midas_open_uk,graphcast_era5,era5,50.0,7,rmse,0.33798083273298735,0.3107485703098316,0.3652767290455836,0.0
midas_open_uk,graphcast_era5,era5,100.0,7,rmse,0.7588599617550363,0.7070877397838711,0.811123320430348,0.0
midas_open_uk,graphcast_era5,station,12.5,1,centred_rmse,0.008513002712157559,0.007532810891842845,0.009523078423869074,0.0
midas_open_uk,graphcast_era5,station,25.0,1,centred_rmse,0.06948954356326867,0.06269520363614985,0.07613919001142591,0.0
midas_open_uk,graphcast_era5,station,50.0,1,centred_rmse,0.233219304241188,0.21476240046636222,0.2509232177851913,0.0
midas_open_uk,graphcast_era5,station,100.0,1,centred_rmse,0.5174984594401908,0.48262019243831283,0.5522706970865406,0.0
midas_open_uk,graphcast_era5,station,12.5,3,centred_rmse,0.00847927432108968,0.0071954038760642,0.009821894112541274,0.0
midas_open_uk,graphcast_era5,station,25.0,3,centred_rmse,0.06923568306064025,0.05970923461520465,0.07879280113599077,0.0
midas_open_uk,graphcast_era5,station,50.0,3,centred_rmse,0.2325491477854037,0.2065058913446211,0.2586702321908684,0.0
midas_open_uk,graphcast_era5,station,100.0,3,centred_rmse,0.5162750234183071,0.46655286646978716,0.5654918659096565,0.0
midas_open_uk,graphcast_era5,station,12.5,5,centred_rmse,0.008472930018782599,0.00697174941646978,0.01002918721044879,0.0
midas_open_uk,graphcast_era5,station,25.0,5,centred_rmse,0.06921982264904848,0.057955547581582514,0.08038244718368061,0.0
midas_open_uk,graphcast_era5,station,50.0,5,centred_rmse,0.2324174223014608,0.2004667487182227,0.26187855333467325,0.0
midas_open_uk,graphcast_era5,station,100.0,5,centred_rmse,0.5157835626233563,0.4558937387139101,0.5710752602007079,0.0
midas_open_uk,graphcast_era5,station,12.5,7,centred_rmse,0.008478201812018683,0.006741428818246415,0.010190452997119109,0.0
midas_open_uk,graphcast_era5,station,25.0,7,centred_rmse,0.06928436387868817,0.05676367932668557,0.08152980454673674,0.0
midas_open_uk,graphcast_era5,station,50.0,7,centred_rmse,0.23261213592871702,0.19756142493724846,0.26617636217302443,0.0
midas_open_uk,graphcast_era5,station,100.0,7,centred_rmse,0.5161762057781822,0.4489379770582638,0.5798117822848019,0.0
midas_open_uk,graphcast_era5,station,12.5,1,mae,0.005807945784410906,0.00497191044493212,0.006675254102392419,0.0
midas_open_uk,graphcast_era5,station,25.0,1,mae,0.04358598154419848,0.038676404555981474,0.04859706979467428,0.0
midas_open_uk,graphcast_era5,station,50.0,1,mae,0.1561108875096063,0.14413964410828775,0.1682561887956287,0.0
midas_open_uk,graphcast_era5,station,100.0,1,mae,0.38182280691038967,0.357707456664911,0.40577108319195837,0.0
midas_open_uk,graphcast_era5,station,12.5,3,mae,0.00579027702380996,0.004719049783845408,0.006921508093225152,0.0
midas_open_uk,graphcast_era5,station,25.0,3,mae,0.04345106894303497,0.036902464823063065,0.05033578047855474,0.0
midas_open_uk,graphcast_era5,station,50.0,3,mae,0.15584807094762862,0.1392499124140857,0.17320685963796092,0.0
midas_open_uk,graphcast_era5,station,100.0,3,mae,0.3813857302908199,0.34991181727676696,0.4150376551135757,0.0
midas_open_uk,graphcast_era5,station,12.5,5,mae,0.00579289710676401,0.004569595219593237,0.007149154465778395,0.0
midas_open_uk,graphcast_era5,station,25.0,5,mae,0.043501950422026626,0.035748055756406244,0.05177815504069608,0.0
midas_open_uk,graphcast_era5,station,50.0,5,mae,0.15597240164636553,0.13673300575614517,0.1766867003240674,0.0
midas_open_uk,graphcast_era5,station,100.0,5,mae,0.3817617776354665,0.34547616684837795,0.4199621270139237,0.0
midas_open_uk,graphcast_era5,station,12.5,7,mae,0.0058101932200596874,0.004412744488579162,0.007317501346795613,0.0
midas_open_uk,graphcast_era5,station,25.0,7,mae,0.043604804907840286,0.034634208042845484,0.05302072238810248,0.0
midas_open_uk,graphcast_era5,station,50.0,7,mae,0.156185287402788,0.13351192946449877,0.17921448899674658,0.0
midas_open_uk,graphcast_era5,station,100.0,7,mae,0.3819345603610625,0.3405418510121662,0.42477014660146717,0.0
midas_open_uk,graphcast_era5,station,12.5,1,rmse,0.008494187152398922,0.007520690267448632,0.00952408806825068,0.0
midas_open_uk,graphcast_era5,station,25.0,1,rmse,0.0691658204876683,0.06253284036266778,0.07577332686846149,0.0
midas_open_uk,graphcast_era5,station,50.0,1,rmse,0.23439977015817004,0.2173222308634009,0.2504229493634317,0.0
midas_open_uk,graphcast_era5,station,100.0,1,rmse,0.5288956893110797,0.49771550966679734,0.5582664581294502,0.0
midas_open_uk,graphcast_era5,station,12.5,3,rmse,0.008470841458561576,0.00715819199829294,0.00984030759717392,0.0
midas_open_uk,graphcast_era5,station,25.0,3,rmse,0.06898606745154834,0.059854718603498204,0.07824813238911854,0.0
midas_open_uk,graphcast_era5,station,50.0,3,rmse,0.2339781133052813,0.2109447237491555,0.25791942339852614,0.0
midas_open_uk,graphcast_era5,station,100.0,3,rmse,0.5282646724831751,0.4877972911346279,0.5698270134669904,0.0
midas_open_uk,graphcast_era5,station,12.5,5,rmse,0.008473258123509606,0.006983128027580371,0.01004464805039833,0.0
midas_open_uk,graphcast_era5,station,25.0,5,rmse,0.06903737747570395,0.05853261058337218,0.07972590289437867,0.0
midas_open_uk,graphcast_era5,station,50.0,5,rmse,0.23410883390540754,0.2071341314773973,0.26087222327193993,0.0
midas_open_uk,graphcast_era5,station,100.0,5,rmse,0.5285132248489381,0.48145091175198645,0.5759824219803665,0.0
midas_open_uk,graphcast_era5,station,12.5,7,rmse,0.008483097483760735,0.006743772987161274,0.010261557153089273,0.0
midas_open_uk,graphcast_era5,station,25.0,7,rmse,0.0691090479866335,0.056980482785465573,0.08116147616554886,0.0
midas_open_uk,graphcast_era5,station,50.0,7,rmse,0.23427462096954305,0.20263675824943408,0.2649168182959741,0.0
midas_open_uk,graphcast_era5,station,100.0,7,rmse,0.5287595876464205,0.4764008156105184,0.5807716321275922,0.0
midas_open_uk,graphcast_hres_init,era5,12.5,1,centred_rmse,-0.019369514617174035,-0.02125992478409062,-0.017382164633081214,1.0
midas_open_uk,graphcast_hres_init,era5,25.0,1,centred_rmse,0.000946918709517756,-0.00805403997423485,0.01010965453367734,0.4245
midas_open_uk,graphcast_hres_init,era5,50.0,1,centred_rmse,0.22810326975685044,0.20579259066715005,0.24989994767094112,0.0
midas_open_uk,graphcast_hres_init,era5,100.0,1,centred_rmse,0.6283322343838409,0.5866010783449096,0.6688510336216353,0.0
midas_open_uk,graphcast_hres_init,era5,12.5,3,centred_rmse,-0.01938105136935512,-0.02189810938572032,-0.016747244471436284,1.0
midas_open_uk,graphcast_hres_init,era5,25.0,3,centred_rmse,0.0009191589620920761,-0.010877111118286497,0.012813560289919654,0.4405
midas_open_uk,graphcast_hres_init,era5,50.0,3,centred_rmse,0.22799200716283635,0.19905438454805646,0.2568607860284268,0.0
midas_open_uk,graphcast_hres_init,era5,100.0,3,centred_rmse,0.628088355389376,0.5717950972171068,0.6830146170282142,0.0
midas_open_uk,graphcast_hres_init,era5,12.5,5,centred_rmse,-0.019366639930721866,-0.022189678427947095,-0.016354181528973003,1.0
midas_open_uk,graphcast_hres_init,era5,25.0,5,centred_rmse,0.0009054220925560639,-0.012191661455085436,0.014458667982860511,0.447
midas_open_uk,graphcast_hres_init,era5,50.0,5,centred_rmse,0.2278778247322826,0.1950391921365195,0.2618744774482491,0.0
midas_open_uk,graphcast_hres_init,era5,100.0,5,centred_rmse,0.6278067201522918,0.5644487969009263,0.6900217987026691,0.0
midas_open_uk,graphcast_hres_init,era5,12.5,7,centred_rmse,-0.019401845373860263,-0.02256655475631059,-0.01625077936367221,1.0
midas_open_uk,graphcast_hres_init,era5,25.0,7,centred_rmse,0.0007713552176358198,-0.012867510157315668,0.014903698331520823,0.468
midas_open_uk,graphcast_hres_init,era5,50.0,7,centred_rmse,0.2275037680696023,0.19284910795446575,0.2629090781563865,0.0
midas_open_uk,graphcast_hres_init,era5,100.0,7,centred_rmse,0.6270257175898318,0.5601514114865495,0.693227038953675,0.0
midas_open_uk,graphcast_hres_init,era5,12.5,1,mae,-0.014224797173105735,-0.015731779002378155,-0.012714985234247031,1.0
midas_open_uk,graphcast_hres_init,era5,25.0,1,mae,-0.01793849693219386,-0.025098416449788972,-0.010819231736286893,1.0
midas_open_uk,graphcast_hres_init,era5,50.0,1,mae,0.11819636239993687,0.10197889181598514,0.13545266720541255,0.0
midas_open_uk,graphcast_hres_init,era5,100.0,1,mae,0.4043789510747375,0.37469054461407436,0.435225836875119,0.0
midas_open_uk,graphcast_hres_init,era5,12.5,3,mae,-0.01422036682025739,-0.016338064860509587,-0.012052260871621973,1.0
midas_open_uk,graphcast_hres_init,era5,25.0,3,mae,-0.017926963541208752,-0.028305299025027642,-0.007255023409791495,1.0
midas_open_uk,graphcast_hres_init,era5,50.0,3,mae,0.11808924893771114,0.09521792612386759,0.14149808970934163,0.0
midas_open_uk,graphcast_hres_init,era5,100.0,3,mae,0.4042477761568367,0.36332904791618403,0.4454821258490382,0.0
midas_open_uk,graphcast_hres_init,era5,12.5,5,mae,-0.014208205702338743,-0.016693853379627654,-0.011670238714267768,1.0
midas_open_uk,graphcast_hres_init,era5,25.0,5,mae,-0.017875625909738586,-0.02971845305234915,-0.005242206885224848,0.9985
midas_open_uk,graphcast_hres_init,era5,50.0,5,mae,0.11827430193462328,0.09186608828946272,0.14613718925595875,0.0
midas_open_uk,graphcast_hres_init,era5,100.0,5,mae,0.40465954574220175,0.35630873921386896,0.45395916798415026,0.0
midas_open_uk,graphcast_hres_init,era5,12.5,7,mae,-0.014225193254721989,-0.017118702468047097,-0.011404101029949541,1.0
midas_open_uk,graphcast_hres_init,era5,25.0,7,mae,-0.017945895792200864,-0.031524272519574646,-0.004627838871043319,0.9935
midas_open_uk,graphcast_hres_init,era5,50.0,7,mae,0.11802764122714388,0.08873816080673591,0.14658163119466855,0.0
midas_open_uk,graphcast_hres_init,era5,100.0,7,mae,0.4042119001163314,0.35395840000760165,0.45478680849325875,0.0
midas_open_uk,graphcast_hres_init,era5,12.5,1,rmse,-0.01969995023485217,-0.021717220822394516,-0.0176398687189545,1.0
midas_open_uk,graphcast_hres_init,era5,25.0,1,rmse,-0.014738499086953512,-0.024800604172150634,-0.004543749972265612,0.9965
midas_open_uk,graphcast_hres_init,era5,50.0,1,rmse,0.1876288416857578,0.16356017321119426,0.21174619968635205,0.0
midas_open_uk,graphcast_hres_init,era5,100.0,1,rmse,0.5849158109612459,0.5442154315265535,0.6264389158968795,0.0
midas_open_uk,graphcast_hres_init,era5,12.5,3,rmse,-0.019699674640257212,-0.02270026508985121,-0.016575979185903002,1.0
midas_open_uk,graphcast_hres_init,era5,25.0,3,rmse,-0.014754557687207286,-0.029415111165089124,-0.0003812040206883165,0.9765
midas_open_uk,graphcast_hres_init,era5,50.0,3,rmse,0.18752028242869048,0.15452216439079255,0.22110212776559873,0.0
midas_open_uk,graphcast_hres_init,era5,100.0,3,rmse,0.5847845885568668,0.5288329521039902,0.6390220904109916,0.0
midas_open_uk,graphcast_hres_init,era5,12.5,5,rmse,-0.01969014565340145,-0.023140537275126116,-0.01623423485292053,1.0
midas_open_uk,graphcast_hres_init,era5,25.0,5,rmse,-0.014733838741178706,-0.03066706245980448,0.002498550351472653,0.957
midas_open_uk,graphcast_hres_init,era5,50.0,5,rmse,0.18759497056652283,0.14981752774166116,0.22756647510170255,0.0
midas_open_uk,graphcast_hres_init,era5,100.0,5,rmse,0.584992755858659,0.5212544704930974,0.6500731051652539,0.0
midas_open_uk,graphcast_hres_init,era5,12.5,7,rmse,-0.01972430578836606,-0.023740019825915254,-0.01597227821196655,1.0
midas_open_uk,graphcast_hres_init,era5,25.0,7,rmse,-0.014892713337813843,-0.03329934256174339,0.003140069815911717,0.948
midas_open_uk,graphcast_hres_init,era5,50.0,7,rmse,0.18718393075000558,0.14621590285105618,0.2278953320462262,0.0
midas_open_uk,graphcast_hres_init,era5,100.0,7,rmse,0.5843111993424572,0.5183595899882287,0.6499230270268666,0.0
midas_open_uk,graphcast_hres_init,station,12.5,1,centred_rmse,0.013343908115081786,0.011839128687842277,0.014821193295020912,0.0
midas_open_uk,graphcast_hres_init,station,25.0,1,centred_rmse,0.0714117471421655,0.06299896244745107,0.07995776475036236,0.0
midas_open_uk,graphcast_hres_init,station,50.0,1,centred_rmse,0.23049050161985946,0.2091803295956163,0.25128490663354225,0.0
midas_open_uk,graphcast_hres_init,station,100.0,1,centred_rmse,0.5063476143583073,0.46599746751885,0.5460725331650371,0.0
midas_open_uk,graphcast_hres_init,station,12.5,3,centred_rmse,0.013345384897184853,0.011361080335469466,0.015350297479512736,0.0
midas_open_uk,graphcast_hres_init,station,25.0,3,centred_rmse,0.07136319372390204,0.059724820558643116,0.08303811077514829,0.0
midas_open_uk,graphcast_hres_init,station,50.0,3,centred_rmse,0.23035458039332557,0.20045867248058566,0.2605478802770902,0.0
midas_open_uk,graphcast_hres_init,station,100.0,3,centred_rmse,0.5061262595547076,0.44937496419826123,0.5618373180843587,0.0
midas_open_uk,graphcast_hres_init,station,12.5,5,centred_rmse,0.013326302227356826,0.011119248785296899,0.015659320539450877,0.0
midas_open_uk,graphcast_hres_init,station,25.0,5,centred_rmse,0.07139511178005967,0.05807236543581137,0.08503279490711671,0.0
midas_open_uk,graphcast_hres_init,station,50.0,5,centred_rmse,0.23042710921126225,0.19490972860978972,0.2650570276201728,0.0
midas_open_uk,graphcast_hres_init,station,100.0,5,centred_rmse,0.5060560105457149,0.4381509507361689,0.5710659767713868,0.0
midas_open_uk,graphcast_hres_init,station,12.5,7,centred_rmse,0.013317033688304164,0.010874868807837352,0.01563319586640226,0.0
midas_open_uk,graphcast_hres_init,station,25.0,7,centred_rmse,0.0712354384400684,0.056473860944980435,0.08556500054094837,0.0
midas_open_uk,graphcast_hres_init,station,50.0,7,centred_rmse,0.22999535029805646,0.19113233933344193,0.2660631887284733,0.0
midas_open_uk,graphcast_hres_init,station,100.0,7,centred_rmse,0.5052539000597315,0.4333517167114825,0.5698899271582359,0.0
midas_open_uk,graphcast_hres_init,station,12.5,1,mae,0.011942659577389231,0.010740147114858174,0.013090727046257937,0.0
midas_open_uk,graphcast_hres_init,station,25.0,1,mae,0.05077920444709673,0.04479230315444783,0.05668666824549526,0.0
midas_open_uk,graphcast_hres_init,station,50.0,1,mae,0.14478224505896953,0.12951770307924979,0.1600460960797826,0.0
midas_open_uk,graphcast_hres_init,station,100.0,1,mae,0.3497318505249648,0.32035491536180255,0.3784112346785332,0.0
midas_open_uk,graphcast_hres_init,station,12.5,3,mae,0.011965759030768632,0.010458663406504781,0.013479834920622834,0.0
midas_open_uk,graphcast_hres_init,station,25.0,3,mae,0.050852496725411804,0.042375301716973526,0.05930024478043758,0.0
midas_open_uk,graphcast_hres_init,station,50.0,3,mae,0.14488138686099655,0.12323837001936477,0.16629905129395006,0.0
midas_open_uk,graphcast_hres_init,station,100.0,3,mae,0.3498438909726253,0.3107777476873797,0.3885636805192209,0.0
midas_open_uk,graphcast_hres_init,station,12.5,5,mae,0.011957373351766248,0.010265366642074347,0.013732660963170162,0.0
midas_open_uk,graphcast_hres_init,station,25.0,5,mae,0.05091690161085772,0.041649788269849455,0.06100820417154213,0.0
midas_open_uk,graphcast_hres_init,station,50.0,5,mae,0.1451308886073345,0.1209027083917223,0.17129434805553365,0.0
midas_open_uk,graphcast_hres_init,station,100.0,5,mae,0.35031480306110496,0.3037055393191389,0.3973845396682434,0.0
midas_open_uk,graphcast_hres_init,station,12.5,7,mae,0.011953940382179265,0.010132634602090823,0.013870011995968351,0.0
midas_open_uk,graphcast_hres_init,station,25.0,7,mae,0.05085619103387543,0.04033402565911163,0.06136330370560809,0.0
midas_open_uk,graphcast_hres_init,station,50.0,7,mae,0.1449593073102323,0.11772417465735269,0.17249305336468745,0.0
midas_open_uk,graphcast_hres_init,station,100.0,7,mae,0.35003181680638407,0.30065139209808095,0.398359613942583,0.0
midas_open_uk,graphcast_hres_init,station,12.5,1,rmse,0.01243548624478052,0.010838456504117706,0.014029478638501318,0.0
midas_open_uk,graphcast_hres_init,station,25.0,1,rmse,0.06294973476920135,0.054018971785701926,0.07202197689450598,0.0
midas_open_uk,graphcast_hres_init,station,50.0,1,rmse,0.21152080025800538,0.1893204971193309,0.23281140436957903,0.0
midas_open_uk,graphcast_hres_init,station,100.0,1,rmse,0.4883179699544268,0.44820390477326727,0.5256725728274381,0.0
midas_open_uk,graphcast_hres_init,station,12.5,3,rmse,0.012446447791976246,0.010172954912486615,0.014720967850290693,0.0
midas_open_uk,graphcast_hres_init,station,25.0,3,rmse,0.06293256703673138,0.04991811001353711,0.07585828254551283,0.0
midas_open_uk,graphcast_hres_init,station,50.0,3,rmse,0.21147389077671147,0.18000441058018404,0.24226347888737476,0.0
midas_open_uk,graphcast_hres_init,station,100.0,3,rmse,0.48834804586476355,0.43494739544551175,0.5399850909882435,0.0
midas_open_uk,graphcast_hres_init,station,12.5,5,rmse,0.01243505576168914,0.009930300025176326,0.015124231812938881,0.0
midas_open_uk,graphcast_hres_init,station,25.0,5,rmse,0.0630218256415437,0.04829492356818572,0.07855993682502481,0.0
midas_open_uk,graphcast_hres_init,station,50.0,5,rmse,0.21174421360961307,0.17546644849846982,0.24794545847037153,0.0
midas_open_uk,graphcast_hres_init,station,100.0,5,rmse,0.48877213770953715,0.42824052929295026,0.54923025843809,0.0
midas_open_uk,graphcast_hres_init,station,12.5,7,rmse,0.0124275431819297,0.009532460243640252,0.015199109543419057,0.0
midas_open_uk,graphcast_hres_init,station,25.0,7,rmse,0.06286707853293454,0.04636960396264511,0.0789187168720196,0.0
midas_open_uk,graphcast_hres_init,station,50.0,7,rmse,0.21135923321407757,0.1716820396169225,0.24904603102268946,0.0
midas_open_uk,graphcast_hres_init,station,100.0,7,rmse,0.488180069462214,0.4243233001518665,0.5486368250219391,0.0
midas_open_uk,ifs_ens_mean,era5,12.5,1,centred_rmse,-0.016798498875011184,-0.018315634327787482,-0.015278599196340864,1.0
midas_open_uk,ifs_ens_mean,era5,25.0,1,centred_rmse,-0.02126636204607041,-0.02976497809977919,-0.012451619972480042,1.0
midas_open_uk,ifs_ens_mean,era5,50.0,1,centred_rmse,0.16066101431991894,0.13534156269592987,0.18659956214289575,0.0
midas_open_uk,ifs_ens_mean,era5,100.0,1,centred_rmse,0.5356103953391704,0.48827189068925114,0.5852286617522119,0.0
midas_open_uk,ifs_ens_mean,era5,12.5,3,centred_rmse,-0.016769656291878987,-0.018540684093417945,-0.01505298148196983,1.0
midas_open_uk,ifs_ens_mean,era5,25.0,3,centred_rmse,-0.0212609953754386,-0.03209912572699538,-0.01050829423072728,0.9995
midas_open_uk,ifs_ens_mean,era5,50.0,3,centred_rmse,0.16049153652454204,0.1282691325721548,0.19182310725364465,0.0
midas_open_uk,ifs_ens_mean,era5,100.0,3,centred_rmse,0.5353033496881404,0.4735326671205325,0.5974012631293842,0.0
midas_open_uk,ifs_ens_mean,era5,12.5,5,centred_rmse,-0.016750289824175386,-0.018883800167712444,-0.01476814621925281,1.0
midas_open_uk,ifs_ens_mean,era5,25.0,5,centred_rmse,-0.021058723978188972,-0.03331061711392103,-0.008198278051353014,0.999
midas_open_uk,ifs_ens_mean,era5,50.0,5,centred_rmse,0.16109957039890485,0.12488815757637195,0.19862448929230528,0.0
midas_open_uk,ifs_ens_mean,era5,100.0,5,centred_rmse,0.5361665026937037,0.4684867024446839,0.6071910718897072,0.0
midas_open_uk,ifs_ens_mean,era5,12.5,7,centred_rmse,-0.01675501502016418,-0.01875998660479698,-0.01463713312018474,1.0
midas_open_uk,ifs_ens_mean,era5,25.0,7,centred_rmse,-0.021127290458583543,-0.0335716092671447,-0.008241744780983596,0.9985
midas_open_uk,ifs_ens_mean,era5,50.0,7,centred_rmse,0.16077360828139287,0.12207177624878439,0.2004708282720281,0.0
midas_open_uk,ifs_ens_mean,era5,100.0,7,centred_rmse,0.5351835024826469,0.46135684089344703,0.6122047184954261,0.0
midas_open_uk,ifs_ens_mean,era5,12.5,1,mae,-0.011913147554200232,-0.013218087868565225,-0.010563235525776083,1.0
midas_open_uk,ifs_ens_mean,era5,25.0,1,mae,-0.0360974604907325,-0.04325229220107962,-0.028692912795931644,1.0
midas_open_uk,ifs_ens_mean,era5,50.0,1,mae,0.053388967515504974,0.034652726836786975,0.07280299061461634,0.0
midas_open_uk,ifs_ens_mean,era5,100.0,1,mae,0.3036463339477052,0.2688428723564643,0.3404516152358067,0.0
midas_open_uk,ifs_ens_mean,era5,12.5,3,mae,-0.011901499254298795,-0.013620819127708272,-0.010172591708923182,1.0
midas_open_uk,ifs_ens_mean,era5,25.0,3,mae,-0.0360239132156176,-0.045893454055263676,-0.025886466485233163,1.0
midas_open_uk,ifs_ens_mean,era5,50.0,3,mae,0.05364747046660625,0.027419449059397694,0.08112349293447721,0.0
midas_open_uk,ifs_ens_mean,era5,100.0,3,mae,0.3042045373621573,0.25558724851296954,0.3543244637714635,0.0
midas_open_uk,ifs_ens_mean,era5,12.5,5,mae,-0.01189085799773362,-0.01383924367169138,-0.009876120829376568,1.0
midas_open_uk,ifs_ens_mean,era5,25.0,5,mae,-0.0359076922672711,-0.047613718068392215,-0.023745884326220244,1.0
midas_open_uk,ifs_ens_mean,era5,50.0,5,mae,0.05404166885449483,0.022879844115251898,0.0871959398562332,0.001
midas_open_uk,ifs_ens_mean,era5,100.0,5,mae,0.3050780359656283,0.2503792298978744,0.3645780206066718,0.0
midas_open_uk,ifs_ens_mean,era5,12.5,7,mae,-0.011882529671670652,-0.014156003935549962,-0.00961499817091696,1.0
midas_open_uk,ifs_ens_mean,era5,25.0,7,mae,-0.035886425765722776,-0.04886138842612253,-0.02215537738879848,1.0
midas_open_uk,ifs_ens_mean,era5,50.0,7,mae,0.053976227464176296,0.018233932233462875,0.08985321945078092,0.001
midas_open_uk,ifs_ens_mean,era5,100.0,7,mae,0.3047307806378898,0.2452732407740135,0.3677829303368979,0.0
midas_open_uk,ifs_ens_mean,era5,12.5,1,rmse,-0.017480321163885395,-0.01913156468003081,-0.015707108136322315,1.0
midas_open_uk,ifs_ens_mean,era5,25.0,1,rmse,-0.04234179059684021,-0.05205244855225474,-0.032013963032921956,1.0
midas_open_uk,ifs_ens_mean,era5,50.0,1,rmse,0.09969384539844517,0.07299382975062553,0.12875633421861943,0.0
midas_open_uk,ifs_ens_mean,era5,100.0,1,rmse,0.454919928724264,0.40580919456921644,0.5064023984857705,0.0
midas_open_uk,ifs_ens_mean,era5,12.5,3,rmse,-0.01744516225942582,-0.019788202244852296,-0.015293589121354603,1.0
midas_open_uk,ifs_ens_mean,era5,25.0,3,rmse,-0.042218438973557613,-0.0555769065204729,-0.028768746014194754,1.0
midas_open_uk,ifs_ens_mean,era5,50.0,3,rmse,0.09989126474989544,0.06230981888055903,0.13736301843803772,0.0
midas_open_uk,ifs_ens_mean,era5,100.0,3,rmse,0.4552947063473001,0.3873922194729072,0.522436432393551,0.0
midas_open_uk,ifs_ens_mean,era5,12.5,5,rmse,-0.01743366387897881,-0.02012828945461536,-0.014707872874022834,1.0
midas_open_uk,ifs_ens_mean,era5,25.0,5,rmse,-0.042120471770009174,-0.05748580483117333,-0.02535270985033546,1.0
midas_open_uk,ifs_ens_mean,era5,50.0,5,rmse,0.10026793470533236,0.05796533982816534,0.1464187745904439,0.0
midas_open_uk,ifs_ens_mean,era5,100.0,5,rmse,0.45602022255209307,0.38411815094097057,0.5334273434135874,0.0
midas_open_uk,ifs_ens_mean,era5,12.5,7,rmse,-0.017444498984120486,-0.020330849436838508,-0.014421748531037873,1.0
midas_open_uk,ifs_ens_mean,era5,25.0,7,rmse,-0.04217693279763637,-0.05977139505339454,-0.024920543850090307,1.0
midas_open_uk,ifs_ens_mean,era5,50.0,7,rmse,0.10005426829936889,0.051432741559441934,0.1476995227917469,0.0
midas_open_uk,ifs_ens_mean,era5,100.0,7,rmse,0.4554037795406102,0.37435645769764103,0.5370772871938918,0.0
midas_open_uk,ifs_ens_mean,station,12.5,1,centred_rmse,0.003538145551453665,0.002037510093444611,0.0051521187270616,0.0
midas_open_uk,ifs_ens_mean,station,25.0,1,centred_rmse,0.0449752215199628,0.03649811782010499,0.05407523817137428,0.0
midas_open_uk,ifs_ens_mean,station,50.0,1,centred_rmse,0.18260255694284547,0.16044242269308073,0.20608070286074823,0.0
midas_open_uk,ifs_ens_mean,station,100.0,1,centred_rmse,0.44026186202163814,0.397399163555967,0.4843032657277017,0.0
midas_open_uk,ifs_ens_mean,station,12.5,3,centred_rmse,0.003538438190736941,0.0014911761775005753,0.00551555363686032,0.0005
midas_open_uk,ifs_ens_mean,station,25.0,3,centred_rmse,0.04499640133727007,0.03331078453893003,0.05689411952082584,0.0
midas_open_uk,ifs_ens_mean,station,50.0,3,centred_rmse,0.18266428827245607,0.151842362405702,0.21416101159885342,0.0
midas_open_uk,ifs_ens_mean,station,100.0,3,centred_rmse,0.44034495950269,0.38156382122320853,0.4994955432614483,0.0
midas_open_uk,ifs_ens_mean,station,12.5,5,centred_rmse,0.0035768282838863448,0.001259670713727235,0.005914716320818769,0.0005
midas_open_uk,ifs_ens_mean,station,25.0,5,centred_rmse,0.04511648494434061,0.03175078285417419,0.05875659339879326,0.0
midas_open_uk,ifs_ens_mean,station,50.0,5,centred_rmse,0.18280631133122943,0.14889189759646093,0.2191604327927362,0.0
midas_open_uk,ifs_ens_mean,station,100.0,5,centred_rmse,0.4403909584774156,0.37483774757481914,0.5088189714092645,0.0
midas_open_uk,ifs_ens_mean,station,12.5,7,centred_rmse,0.0035548911458821286,0.0011906191138668643,0.006114247522504084,0.001
midas_open_uk,ifs_ens_mean,station,25.0,7,centred_rmse,0.04499123192084652,0.030895160410137117,0.05993161257601282,0.0
midas_open_uk,ifs_ens_mean,station,50.0,7,centred_rmse,0.18242414892810965,0.1443180343448809,0.22149742715856902,0.0
midas_open_uk,ifs_ens_mean,station,100.0,7,centred_rmse,0.439433187202858,0.3649856978930809,0.5109940243375685,0.0
midas_open_uk,ifs_ens_mean,station,12.5,1,mae,0.003266044420279689,0.0020978081487665946,0.004523177591667554,0.0
midas_open_uk,ifs_ens_mean,station,25.0,1,mae,0.026228519314585825,0.020003340974598653,0.03279453082635211,0.0
midas_open_uk,ifs_ens_mean,station,50.0,1,mae,0.09894493901382127,0.08225965357843315,0.11606421783181525,0.0
midas_open_uk,ifs_ens_mean,station,100.0,1,mae,0.27456438062955035,0.24274731887846304,0.3071469982352609,0.0
midas_open_uk,ifs_ens_mean,station,12.5,3,mae,0.003284910830449994,0.001638077930161042,0.005071775828934558,0.0
midas_open_uk,ifs_ens_mean,station,25.0,3,mae,0.026352185934478023,0.017373205503587598,0.03600269818118523,0.0
midas_open_uk,ifs_ens_mean,station,50.0,3,mae,0.09930112951246814,0.07494681553422228,0.12470943369322653,0.0
midas_open_uk,ifs_ens_mean,station,100.0,3,mae,0.27529904190216636,0.23009787905044207,0.32387987906350946,0.0
midas_open_uk,ifs_ens_mean,station,12.5,5,mae,0.0033070780252236988,0.00136668129461785,0.005375319917687178,0.0
midas_open_uk,ifs_ens_mean,station,25.0,5,mae,0.02644018984744247,0.01578905233692039,0.037617300272433735,0.0
midas_open_uk,ifs_ens_mean,station,50.0,5,mae,0.09951255779037343,0.0721412836688124,0.1285036605451721,0.0
midas_open_uk,ifs_ens_mean,station,100.0,5,mae,0.275797760302631,0.22466445461836368,0.3308686361011324,0.0
midas_open_uk,ifs_ens_mean,station,12.5,7,mae,0.0033032192550124747,0.0012462777033323714,0.005473242635468294,0.001
midas_open_uk,ifs_ens_mean,station,25.0,7,mae,0.02642205882191786,0.014691768195123507,0.038394564254019735,0.0
midas_open_uk,ifs_ens_mean,station,50.0,7,mae,0.09941633577913513,0.06844775932101949,0.13092246811237435,0.0
midas_open_uk,ifs_ens_mean,station,100.0,7,mae,0.2755236559829263,0.22054084886866923,0.3343171193987467,0.0
midas_open_uk,ifs_ens_mean,station,12.5,1,rmse,0.0022241541250563835,0.0005474051205292323,0.004000226003065947,0.0065
midas_open_uk,ifs_ens_mean,station,25.0,1,rmse,0.031743822512506875,0.022243572740798745,0.04152455128073142,0.0
midas_open_uk,ifs_ens_mean,station,50.0,1,rmse,0.150914545171057,0.12681039454695636,0.1758736710101512,0.0
midas_open_uk,ifs_ens_mean,station,100.0,1,rmse,0.39944503877309395,0.35759285236762917,0.4438664363314539,0.0
midas_open_uk,ifs_ens_mean,station,12.5,3,rmse,0.0022408465659105445,-0.00019075782320005484,0.004679111562277614,0.038
midas_open_uk,ifs_ens_mean,station,25.0,3,rmse,0.03187183699904373,0.017772208130075032,0.04609161270817717,0.0
midas_open_uk,ifs_ens_mean,station,50.0,3,rmse,0.1512591013891901,0.11529572225257274,0.18683435557894587,0.0
midas_open_uk,ifs_ens_mean,station,100.0,3,rmse,0.40010008402688363,0.33940344440065284,0.4615586216626841,0.0
midas_open_uk,ifs_ens_mean,station,12.5,5,rmse,0.002275119613977694,-0.000598395554146179,0.005201525358907771,0.056
midas_open_uk,ifs_ens_mean,station,25.0,5,rmse,0.03196952070018435,0.015564994875025596,0.0483367515166494,0.0
midas_open_uk,ifs_ens_mean,station,50.0,5,rmse,0.15139533939113842,0.11178955013406378,0.19307461616941834,0.0
midas_open_uk,ifs_ens_mean,station,100.0,5,rmse,0.4002946339502661,0.3330706572103327,0.4708959474168434,0.0
midas_open_uk,ifs_ens_mean,station,12.5,7,rmse,0.0022565373842258563,-0.0007676613417431865,0.005449040758138893,0.073
midas_open_uk,ifs_ens_mean,station,25.0,7,rmse,0.031876663898550026,0.013957534839671396,0.04960988739418083,0.0
midas_open_uk,ifs_ens_mean,station,50.0,7,rmse,0.15113252491462031,0.10666377787808773,0.19485365606564173,0.0
midas_open_uk,ifs_ens_mean,station,100.0,7,rmse,0.3996814496693436,0.32484309635819747,0.4736908331817192,0.0
midas_open_uk,ifs_hres,era5,12.5,1,centred_rmse,-0.05537285820300884,-0.05748236424069738,-0.05340647843196369,1.0
midas_open_uk,ifs_hres,era5,25.0,1,centred_rmse,-0.10884902809100391,-0.11774919817707233,-0.10013373032712472,1.0
midas_open_uk,ifs_hres,era5,50.0,1,centred_rmse,0.060910438607103046,0.034675057029429426,0.08675303333409591,0.0
midas_open_uk,ifs_hres,era5,100.0,1,centred_rmse,0.4341497241638484,0.3857306992376336,0.4805864037904097,0.0
midas_open_uk,ifs_hres,era5,12.5,3,centred_rmse,-0.05538584389065538,-0.057769772258063,-0.0529639062024657,1.0
midas_open_uk,ifs_hres,era5,25.0,3,centred_rmse,-0.10874977561099053,-0.11908475739896555,-0.0976945766595863,1.0
midas_open_uk,ifs_hres,era5,50.0,3,centred_rmse,0.06107771759300192,0.027433443022922464,0.09348659621216684,0.0
midas_open_uk,ifs_hres,era5,100.0,3,centred_rmse,0.43412312568448114,0.3709787304002123,0.4959914745772446,0.0
midas_open_uk,ifs_hres,era5,12.5,5,centred_rmse,-0.05534412533507417,-0.058003774777121854,-0.052654681802761144,1.0
midas_open_uk,ifs_hres,era5,25.0,5,centred_rmse,-0.10887346463604172,-0.12025011656046691,-0.09730155874157884,1.0
midas_open_uk,ifs_hres,era5,50.0,5,centred_rmse,0.06039440825735329,0.024378104046486215,0.0971470963258951,0.0
midas_open_uk,ifs_hres,era5,100.0,5,centred_rmse,0.43257719358422103,0.36188507658290586,0.5038826677881355,0.0
midas_open_uk,ifs_hres,era5,12.5,7,centred_rmse,-0.05534551869586228,-0.058126900225894805,-0.05279353821554363,1.0
midas_open_uk,ifs_hres,era5,25.0,7,centred_rmse,-0.1086622062252326,-0.12123113711831028,-0.09542051537547454,1.0
midas_open_uk,ifs_hres,era5,50.0,7,centred_rmse,0.0611754760673065,0.022252763247872075,0.10231385769833612,0.0015
midas_open_uk,ifs_hres,era5,100.0,7,centred_rmse,0.4336935392407256,0.3610695145693001,0.5082416262414506,0.0
midas_open_uk,ifs_hres,era5,12.5,1,mae,-0.036895633961988306,-0.03853346030276084,-0.03530409752164458,1.0
midas_open_uk,ifs_hres,era5,25.0,1,mae,-0.09240320050880785,-0.09972594491052758,-0.08530942327912658,1.0
midas_open_uk,ifs_hres,era5,50.0,1,mae,-0.007043041134607336,-0.024834838884608555,0.010619081971753198,0.7675
midas_open_uk,ifs_hres,era5,100.0,1,mae,0.2454960596928248,0.21192591692404258,0.27843408642152834,0.0
midas_open_uk,ifs_hres,era5,12.5,3,mae,-0.03692013251605511,-0.03883470709108804,-0.034977340127797234,1.0
midas_open_uk,ifs_hres,era5,25.0,3,mae,-0.09244508443241042,-0.10212236877908887,-0.08232820827765773,1.0
midas_open_uk,ifs_hres,era5,50.0,3,mae,-0.00701710232711695,-0.031502950377332424,0.01790366922238649,0.7085
midas_open_uk,ifs_hres,era5,100.0,3,mae,0.24584303105682406,0.19957182319788708,0.2925053233385094,0.0
midas_open_uk,ifs_hres,era5,12.5,5,mae,-0.03691398185261538,-0.03909859759110307,-0.034769402039583966,1.0
midas_open_uk,ifs_hres,era5,25.0,5,mae,-0.0924510856537534,-0.10385451066824454,-0.08068480467294994,1.0
midas_open_uk,ifs_hres,era5,50.0,5,mae,-0.006989452831547698,-0.035000146498280045,0.023472579568914322,0.6895
midas_open_uk,ifs_hres,era5,100.0,5,mae,0.24560499736103644,0.194589232899683,0.30133338928917897,0.0
midas_open_uk,ifs_hres,era5,12.5,7,mae,-0.03689152670692358,-0.03925007872418244,-0.034613662448506353,1.0
midas_open_uk,ifs_hres,era5,25.0,7,mae,-0.09242714111689168,-0.10496881758164947,-0.07947413886078948,1.0
midas_open_uk,ifs_hres,era5,50.0,7,mae,-0.007103153976193038,-0.03856110983310376,0.02744795825883463,0.667
midas_open_uk,ifs_hres,era5,100.0,7,mae,0.24555683648860652,0.18921288652981838,0.3083747533799431,0.0
midas_open_uk,ifs_hres,era5,12.5,1,rmse,-0.05185583413439248,-0.0539199412209645,-0.04985016150496701,1.0
midas_open_uk,ifs_hres,era5,25.0,1,rmse,-0.1205339411223492,-0.13019231205132742,-0.11067085009703528,1.0
midas_open_uk,ifs_hres,era5,50.0,1,rmse,0.013986080767030807,-0.01387730255893525,0.040025111485173286,0.157
midas_open_uk,ifs_hres,era5,100.0,1,rmse,0.3716154419508672,0.32227952798124637,0.4192186638874076,0.0
midas_open_uk,ifs_hres,era5,12.5,3,rmse,-0.051904575482492686,-0.054435695004064484,-0.04933280097289321,1.0
midas_open_uk,ifs_hres,era5,25.0,3,rmse,-0.12058503530900729,-0.13370125654872383,-0.10754838338041244,1.0
midas_open_uk,ifs_hres,era5,50.0,3,rmse,0.013962357636718659,-0.023513782071392417,0.05008545370533328,0.226
midas_open_uk,ifs_hres,era5,100.0,3,rmse,0.3718053803890728,0.30718928575100146,0.4346399853507631,0.0
midas_open_uk,ifs_hres,era5,12.5,5,rmse,-0.051860946129605526,-0.05475918425770941,-0.04903865222447281,1.0
midas_open_uk,ifs_hres,era5,25.0,5,rmse,-0.12058723296301248,-0.13545771058748737,-0.10541972850179715,1.0
midas_open_uk,ifs_hres,era5,50.0,5,rmse,0.013650788629630857,-0.028365069909394604,0.058406286097340034,0.264
midas_open_uk,ifs_hres,era5,100.0,5,rmse,0.370858128600931,0.2986231164386558,0.44743476992650283,0.0
midas_open_uk,ifs_hres,era5,12.5,7,rmse,-0.05186175763482419,-0.05494090064975552,-0.048895762674501735,1.0
midas_open_uk,ifs_hres,era5,25.0,7,rmse,-0.12063589701699141,-0.13730058943356668,-0.10366740616514457,1.0
midas_open_uk,ifs_hres,era5,50.0,7,rmse,0.013649246211504405,-0.032051980982793916,0.06284635997229063,0.2985
midas_open_uk,ifs_hres,era5,100.0,7,rmse,0.3711085317344729,0.2942852357146881,0.45482175054223273,0.0
midas_open_uk,ifs_hres,station,12.5,1,centred_rmse,0.010872260267379173,0.008687485651238613,0.012952643146432321,0.0
midas_open_uk,ifs_hres,station,25.0,1,centred_rmse,0.05930361858350727,0.048734211592844426,0.06936896546151194,0.0
midas_open_uk,ifs_hres,station,50.0,1,centred_rmse,0.20034805345783888,0.17583815336466352,0.22413034590725958,0.0
midas_open_uk,ifs_hres,station,100.0,1,centred_rmse,0.4601942966694926,0.41583303779049463,0.5029005192994602,0.0
midas_open_uk,ifs_hres,station,12.5,3,centred_rmse,0.010888104376032803,0.008258513601769046,0.013626568042414513,0.0
midas_open_uk,ifs_hres,station,25.0,3,centred_rmse,0.059360821662799795,0.04596055322402533,0.073636340489564,0.0
midas_open_uk,ifs_hres,station,50.0,3,centred_rmse,0.2003342739875811,0.16656866734394815,0.23315641895921116,0.0
midas_open_uk,ifs_hres,station,100.0,3,centred_rmse,0.45987102897492027,0.39706750341648184,0.5204539009935054,0.0
midas_open_uk,ifs_hres,station,12.5,5,centred_rmse,0.010865490783389381,0.007937899235641905,0.013985131780539293,0.0
midas_open_uk,ifs_hres,station,25.0,5,centred_rmse,0.059141609725348016,0.04401821409529958,0.0750376290692367,0.0
midas_open_uk,ifs_hres,station,50.0,5,centred_rmse,0.19972613443898107,0.1629680484838024,0.2391102446023243,0.0
midas_open_uk,ifs_hres,station,100.0,5,centred_rmse,0.458517714818311,0.38898230583184906,0.5289048504388321,0.0
midas_open_uk,ifs_hres,station,12.5,7,centred_rmse,0.010888537788814871,0.0077282558343271975,0.014337284281523104,0.0
midas_open_uk,ifs_hres,station,25.0,7,centred_rmse,0.059170950165931456,0.04269109545762403,0.07670432212902802,0.0
midas_open_uk,ifs_hres,station,50.0,7,centred_rmse,0.19971244067862573,0.15943889492050495,0.2434331970371772,0.0
midas_open_uk,ifs_hres,station,100.0,7,centred_rmse,0.45847402094617007,0.38580461406094646,0.5352096579656951,0.0
midas_open_uk,ifs_hres,station,12.5,1,mae,0.013586988380442828,0.011969287042927336,0.01520170852550589,0.0
midas_open_uk,ifs_hres,station,25.0,1,mae,0.04561835013907176,0.03856823159954292,0.052506398412366574,0.0
midas_open_uk,ifs_hres,station,50.0,1,mae,0.12254431338217597,0.10500916101534437,0.13876407611728955,0.0
midas_open_uk,ifs_hres,station,100.0,1,mae,0.3025734190187903,0.2700994021658869,0.3327483422522004,0.0
midas_open_uk,ifs_hres,station,12.5,3,mae,0.013585855485379956,0.01151433002367704,0.01578665181399358,0.0
midas_open_uk,ifs_hres,station,25.0,3,mae,0.04567037133515728,0.03592018837000925,0.055664762916392066,0.0
midas_open_uk,ifs_hres,station,50.0,3,mae,0.12267165020042704,0.09805117462571937,0.14680939427807876,0.0
midas_open_uk,ifs_hres,station,100.0,3,mae,0.3029013202773003,0.2563883160894895,0.3467115489535657,0.0
midas_open_uk,ifs_hres,station,12.5,5,mae,0.0135913269079215,0.01129536599856511,0.016111917456122844,0.0
midas_open_uk,ifs_hres,station,25.0,5,mae,0.04562671058483179,0.035080571412643195,0.05750655956227186,0.0
midas_open_uk,ifs_hres,station,50.0,5,mae,0.1226182987953316,0.09543577329582077,0.15225512888232473,0.0
midas_open_uk,ifs_hres,station,100.0,5,mae,0.3026593345138172,0.25247918457407137,0.35605605630132886,0.0
midas_open_uk,ifs_hres,station,12.5,7,mae,0.013592561074790371,0.011102305830484722,0.016429305864684874,0.0
midas_open_uk,ifs_hres,station,25.0,7,mae,0.04557176989631014,0.033352290139589666,0.05904565302423438,0.0
midas_open_uk,ifs_hres,station,50.0,7,mae,0.12237238165851573,0.09234960095336323,0.1556210829508972,0.0
midas_open_uk,ifs_hres,station,100.0,7,mae,0.3024080625827714,0.24670561459756143,0.36271331357478115,0.0
midas_open_uk,ifs_hres,station,12.5,1,rmse,0.010454762677245223,0.008133732587071951,0.01271288164287174,0.0
midas_open_uk,ifs_hres,station,25.0,1,rmse,0.04767163898310136,0.03622036198797803,0.058381786561491865,0.0
midas_open_uk,ifs_hres,station,50.0,1,rmse,0.1721249246342095,0.14534193411780505,0.1972518285831133,0.0
midas_open_uk,ifs_hres,station,100.0,1,rmse,0.4252265644482726,0.38024528855272577,0.4675791629911918,0.0
midas_open_uk,ifs_hres,station,12.5,3,rmse,0.010453389620200208,0.007515419318881951,0.013537945149674218,0.0
midas_open_uk,ifs_hres,station,25.0,3,rmse,0.04770676329008754,0.032090578545196986,0.0637804859979431,0.0
midas_open_uk,ifs_hres,station,50.0,3,rmse,0.1721953523921169,0.13492217754626887,0.20773091740963012,0.0
midas_open_uk,ifs_hres,station,100.0,3,rmse,0.425442736242985,0.36222755079617086,0.4839238955581309,0.0
midas_open_uk,ifs_hres,station,12.5,5,rmse,0.01045302485438213,0.007154595977400469,0.014057212100069858,0.0
midas_open_uk,ifs_hres,station,25.0,5,rmse,0.04760081362716693,0.030323807162943344,0.06654560716396846,0.0
midas_open_uk,ifs_hres,station,50.0,5,rmse,0.17185014110169464,0.13039734015631452,0.2152197713584653,0.0
midas_open_uk,ifs_hres,station,100.0,5,rmse,0.42452691024483635,0.35579904418946307,0.49574495157806353,0.0
midas_open_uk,ifs_hres,station,12.5,7,rmse,0.010440323849546965,0.0068154131509446155,0.014622609325724394,0.0
midas_open_uk,ifs_hres,station,25.0,7,rmse,0.04744350940756327,0.028261301752427494,0.06860451514070905,0.0
midas_open_uk,ifs_hres,station,50.0,7,rmse,0.1714875555707569,0.12700522970883646,0.21971650473468526,0.0
midas_open_uk,ifs_hres,station,100.0,7,rmse,0.42423851862713163,0.3513098008217868,0.5042388804858725,0.0
midas_open_uk,pangu_era5,era5,12.5,1,centred_rmse,0.0032731225458964685,0.002198617827713584,0.004397914443522271,0.0
midas_open_uk,pangu_era5,era5,25.0,1,centred_rmse,0.0628074229756076,0.05656219646166204,0.06931039754015954,0.0
midas_open_uk,pangu_era5,era5,50.0,1,centred_rmse,0.2645621304484281,0.24863081414297056,0.28091067462588504,0.0
midas_open_uk,pangu_era5,era5,100.0,1,centred_rmse,0.6346861255681042,0.6011951098067518,0.6691548963260742,0.0
midas_open_uk,pangu_era5,era5,12.5,3,centred_rmse,0.003273782144059238,0.0022812628826930277,0.0043368221884473165,0.0
midas_open_uk,pangu_era5,era5,25.0,3,centred_rmse,0.06275334151574095,0.05590862915812387,0.06942148713173235,0.0
midas_open_uk,pangu_era5,era5,50.0,3,centred_rmse,0.2642934423390917,0.24399582711286089,0.28326364170153706,0.0
midas_open_uk,pangu_era5,era5,100.0,3,centred_rmse,0.6339025779183832,0.5908862244196706,0.6756207147530645,0.0
midas_open_uk,pangu_era5,era5,12.5,5,centred_rmse,0.0032480437042939868,0.002248886476894055,0.004259076665229255,0.0
midas_open_uk,pangu_era5,era5,25.0,5,centred_rmse,0.06271445932934552,0.055962016665828763,0.07001376206792255,0.0
midas_open_uk,pangu_era5,era5,50.0,5,centred_rmse,0.26440212243686195,0.24399973850070664,0.2854864437580184,0.0
midas_open_uk,pangu_era5,era5,100.0,5,centred_rmse,0.6345906262190162,0.5898109003091349,0.6810932615815265,0.0
midas_open_uk,pangu_era5,era5,12.5,7,centred_rmse,0.0032586050121042203,0.0021707763784029805,0.004351309181080914,0.0
midas_open_uk,pangu_era5,era5,25.0,7,centred_rmse,0.06264638521709234,0.05478794667718656,0.07078603858328432,0.0
midas_open_uk,pangu_era5,era5,50.0,7,centred_rmse,0.2640285892470439,0.24056173769035114,0.2879929624619742,0.0
midas_open_uk,pangu_era5,era5,100.0,7,centred_rmse,0.6334980366932682,0.5781333500785257,0.6855038462633388,0.0
midas_open_uk,pangu_era5,era5,12.5,1,mae,0.002450628352059113,0.00169323218408404,0.0031793245859819018,0.0
midas_open_uk,pangu_era5,era5,25.0,1,mae,0.04689637919665366,0.0428755418591311,0.05107518436611691,0.0
midas_open_uk,pangu_era5,era5,50.0,1,mae,0.1951768252570285,0.18499254840250717,0.20557030907868548,0.0
midas_open_uk,pangu_era5,era5,100.0,1,mae,0.4777891691337741,0.4550860862234823,0.5019097018042084,0.0
midas_open_uk,pangu_era5,era5,12.5,3,mae,0.0024510614562928794,0.0016836462213508738,0.0032171433991612618,0.0
midas_open_uk,pangu_era5,era5,25.0,3,mae,0.046863065306574414,0.04246454379961971,0.05140614475948282,0.0
midas_open_uk,pangu_era5,era5,50.0,3,mae,0.19506724614864676,0.18283070297856474,0.20761574626888418,0.0
midas_open_uk,pangu_era5,era5,100.0,3,mae,0.4775304997454404,0.4492505899680785,0.5064246316576214,0.0
midas_open_uk,pangu_era5,era5,12.5,5,mae,0.002451988393604495,0.0016266668331087033,0.00330178906304203,0.0
midas_open_uk,pangu_era5,era5,25.0,5,mae,0.046913962453806024,0.042206317352017145,0.052002015618414124,0.0
midas_open_uk,pangu_era5,era5,50.0,5,mae,0.19532695733465505,0.18203883670543844,0.2097712085007393,0.0
midas_open_uk,pangu_era5,era5,100.0,5,mae,0.4783680274824298,0.44677801057789746,0.5117560117445428,0.0
midas_open_uk,pangu_era5,era5,12.5,7,mae,0.0024580994872616373,0.0015356722268036087,0.003398093308580727,0.0
midas_open_uk,pangu_era5,era5,25.0,7,mae,0.04690253829428765,0.04169473587923367,0.05261591949455438,0.0
midas_open_uk,pangu_era5,era5,50.0,7,mae,0.1952035267219016,0.18077363758915138,0.21039154191654502,0.0
midas_open_uk,pangu_era5,era5,100.0,7,mae,0.4779779750593841,0.443059271552367,0.5130878256728517,0.0
midas_open_uk,pangu_era5,era5,12.5,1,rmse,0.0032143302877810404,0.002133113320856117,0.004318755016355915,0.0
midas_open_uk,pangu_era5,era5,25.0,1,rmse,0.06272861059745456,0.056836449881313755,0.06890396728443347,0.0
midas_open_uk,pangu_era5,era5,50.0,1,rmse,0.2683300479567498,0.2532676713106004,0.2837294097164452,0.0
midas_open_uk,pangu_era5,era5,100.0,1,rmse,0.652664293175931,0.6229837903052399,0.6833747872726794,0.0
midas_open_uk,pangu_era5,era5,12.5,3,rmse,0.003218993369856808,0.0022437613266195785,0.00424281024948067,0.0
midas_open_uk,pangu_era5,era5,25.0,3,rmse,0.06270915264323314,0.05611544118983333,0.06910860599426057,0.0
midas_open_uk,pangu_era5,era5,50.0,3,rmse,0.2682319405761091,0.25034569119766537,0.28568081868481776,0.0
midas_open_uk,pangu_era5,era5,100.0,3,rmse,0.6524109082191013,0.615434944781979,0.6882033934379819,0.0
midas_open_uk,pangu_era5,era5,12.5,5,rmse,0.003201410132004337,0.0022503036103773827,0.0042109099853322,0.0
midas_open_uk,pangu_era5,era5,25.0,5,rmse,0.06271909850786223,0.0563865778959075,0.06960374550235365,0.0
midas_open_uk,pangu_era5,era5,50.0,5,rmse,0.26843747346579844,0.25026959123775744,0.28756889731974056,0.0
midas_open_uk,pangu_era5,era5,100.0,5,rmse,0.6531763079140426,0.614063613525461,0.6945210940287281,0.0
midas_open_uk,pangu_era5,era5,12.5,7,rmse,0.0032154493611801474,0.0022175002739085905,0.004284669556822789,0.0
midas_open_uk,pangu_era5,era5,25.0,7,rmse,0.06268293601053639,0.05578259622687223,0.07002196224548822,0.0
midas_open_uk,pangu_era5,era5,50.0,7,rmse,0.26827630778003,0.24881957213127817,0.2878844946516528,0.0
midas_open_uk,pangu_era5,era5,100.0,7,rmse,0.6528294066124976,0.6085342915259083,0.6948414199836007,0.0
midas_open_uk,pangu_era5,station,12.5,1,centred_rmse,0.005472795227022138,0.004617850001575291,0.006335768062458152,0.0
midas_open_uk,pangu_era5,station,25.0,1,centred_rmse,0.04939726933636199,0.044009580550349196,0.05478889722678097,0.0
midas_open_uk,pangu_era5,station,50.0,1,centred_rmse,0.1802113231020545,0.16580380433401795,0.19464349253438104,0.0
midas_open_uk,pangu_era5,station,100.0,1,centred_rmse,0.43896972154003927,0.4092662303618587,0.46915356464439223,0.0
midas_open_uk,pangu_era5,station,12.5,3,centred_rmse,0.005458203185435662,0.004371514110144243,0.006531555200188537,0.0
midas_open_uk,pangu_era5,station,25.0,3,centred_rmse,0.04927492521378594,0.04192482731494183,0.05640758068081182,0.0
midas_open_uk,pangu_era5,station,50.0,3,centred_rmse,0.17989085974253544,0.15872676621436635,0.20019873190788998,0.0
midas_open_uk,pangu_era5,station,100.0,3,centred_rmse,0.43827389254527716,0.3940116101016761,0.47972968991429726,0.0
midas_open_uk,pangu_era5,station,12.5,5,centred_rmse,0.0054615993187774005,0.004249649114543175,0.0066875538384603365,0.0
midas_open_uk,pangu_era5,station,25.0,5,centred_rmse,0.04936064304629058,0.0414179339337477,0.05740537475366415,0.0
midas_open_uk,pangu_era5,station,50.0,5,centred_rmse,0.18018612661472053,0.15707347329725027,0.20315023718323508,0.0
midas_open_uk,pangu_era5,station,100.0,5,centred_rmse,0.43897972728947715,0.39111676649867133,0.48586712814978145,0.0
midas_open_uk,pangu_era5,station,12.5,7,centred_rmse,0.005442111908393397,0.003998036077671563,0.006849929579439139,0.0
midas_open_uk,pangu_era5,station,25.0,7,centred_rmse,0.04916916062739473,0.03968459473767684,0.05822390577466658,0.0
midas_open_uk,pangu_era5,station,50.0,7,centred_rmse,0.17952789551749745,0.1522294659116943,0.20574141108457797,0.0
midas_open_uk,pangu_era5,station,100.0,7,centred_rmse,0.4375085365992849,0.37969881505138053,0.4908313267803627,0.0
midas_open_uk,pangu_era5,station,12.5,1,mae,0.0033749982139025035,0.0027072134944850948,0.0040536232305065254,0.0
midas_open_uk,pangu_era5,station,25.0,1,mae,0.030858281831051153,0.027135202224770404,0.03470698540077144,0.0
midas_open_uk,pangu_era5,station,50.0,1,mae,0.12420127764261697,0.11441090474243498,0.1342208719570229,0.0
midas_open_uk,pangu_era5,station,100.0,1,mae,0.33347702320497613,0.3120496976099752,0.35472150739552366,0.0
midas_open_uk,pangu_era5,station,12.5,3,mae,0.003369062898767167,0.0025688357139611816,0.004186925930977925,0.0
midas_open_uk,pangu_era5,station,25.0,3,mae,0.030802771820561455,0.025935264765719276,0.03577767397699758,0.0
midas_open_uk,pangu_era5,station,50.0,3,mae,0.12405132964073196,0.1109607721304441,0.13746693019096723,0.0
midas_open_uk,pangu_era5,station,100.0,3,mae,0.33321577672025726,0.3053197470028316,0.36085129171360375,0.0
midas_open_uk,pangu_era5,station,12.5,5,mae,0.0033807530830456695,0.002551397566573782,0.004325379282628399,0.0
midas_open_uk,pangu_era5,station,25.0,5,mae,0.030943045503906714,0.025612979058133242,0.036761477629701715,0.0
midas_open_uk,pangu_era5,station,50.0,5,mae,0.12454157203427554,0.11018499476334959,0.14006461509058601,0.0
midas_open_uk,pangu_era5,station,100.0,5,mae,0.33429573612573577,0.30295739793710547,0.36631772029733184,0.0
midas_open_uk,pangu_era5,station,12.5,7,mae,0.0033764811719947884,0.0024340758500888903,0.004480447498227763,0.0
midas_open_uk,pangu_era5,station,25.0,7,mae,0.03084356822025615,0.02469231821683022,0.03733753255738865,0.0
midas_open_uk,pangu_era5,station,50.0,7,mae,0.12418752461641089,0.10746833485813623,0.14147214069944888,0.0
midas_open_uk,pangu_era5,station,100.0,7,mae,0.33361553245293973,0.29839408486516544,0.3694704103018052,0.0
midas_open_uk,pangu_era5,station,12.5,1,rmse,0.005489912131180226,0.004667010974733659,0.00632681623012618,0.0
midas_open_uk,pangu_era5,station,25.0,1,rmse,0.04983064618928115,0.04483054169751285,0.0547720081750755,0.0
midas_open_uk,pangu_era5,station,50.0,1,rmse,0.1840452136250694,0.17086449190806338,0.1970523679447433,0.0
midas_open_uk,pangu_era5,station,100.0,1,rmse,0.4549757686567093,0.42932024556981985,0.48216366904635727,0.0
midas_open_uk,pangu_era5,station,12.5,3,rmse,0.005483457233939128,0.0044638327530405475,0.006515861356128316,0.0
midas_open_uk,pangu_era5,station,25.0,3,rmse,0.049765295985497775,0.04303848877082526,0.05632354822827336,0.0
midas_open_uk,pangu_era5,station,50.0,3,rmse,0.18393955772181045,0.1659899786926201,0.20154063479425727,0.0
midas_open_uk,pangu_era5,station,100.0,3,rmse,0.45487655078779665,0.41979403114388275,0.4881052049115095,0.0
midas_open_uk,pangu_era5,station,12.5,5,rmse,0.005493225395323273,0.004379343031262922,0.006646419744421271,0.0
midas_open_uk,pangu_era5,station,25.0,5,rmse,0.04988371245643213,0.04266223797293124,0.05720496844480755,0.0
midas_open_uk,pangu_era5,station,50.0,5,rmse,0.18430564755129844,0.16488795298401954,0.20409944957428838,0.0
midas_open_uk,pangu_era5,station,100.0,5,rmse,0.45565814515231534,0.4177428340435354,0.49379128482437507,0.0
midas_open_uk,pangu_era5,station,12.5,7,rmse,0.005481835034975715,0.00418793557873507,0.006834590711483995,0.0
midas_open_uk,pangu_era5,station,25.0,7,rmse,0.049754260725855155,0.041574452580169875,0.05786272498998165,0.0
midas_open_uk,pangu_era5,station,50.0,7,rmse,0.18390977971489098,0.16134355432040326,0.20566042201720075,0.0
midas_open_uk,pangu_era5,station,100.0,7,rmse,0.4549839315249294,0.4125470980363376,0.4962201525854452,0.0
midas_open_uk,pangu_hres_init,era5,12.5,1,centred_rmse,-0.006266720704772238,-0.007688951347869319,-0.004857661106762149,1.0
midas_open_uk,pangu_hres_init,era5,25.0,1,centred_rmse,0.041490699325243324,0.03422569498513164,0.04861929313226928,0.0
midas_open_uk,pangu_hres_init,era5,50.0,1,centred_rmse,0.25008483989471353,0.23226083332408706,0.2678686384954591,0.0
midas_open_uk,pangu_hres_init,era5,100.0,1,centred_rmse,0.6303908744682337,0.5935319645515155,0.6649716605151006,0.0
midas_open_uk,pangu_hres_init,era5,12.5,3,centred_rmse,-0.006269139872168075,-0.007722922014240466,-0.004809171364750088,1.0
midas_open_uk,pangu_hres_init,era5,25.0,3,centred_rmse,0.04144299087765464,0.03336388423253286,0.0491166427136815,0.0
midas_open_uk,pangu_hres_init,era5,50.0,3,centred_rmse,0.2499083551319522,0.22808880085439556,0.2704908704802893,0.0
midas_open_uk,pangu_hres_init,era5,100.0,3,centred_rmse,0.6300354186157676,0.5836930822087538,0.6749160460119212,0.0
midas_open_uk,pangu_hres_init,era5,12.5,5,centred_rmse,-0.006276906437748727,-0.007766143612556294,-0.004826729135380399,1.0
midas_open_uk,pangu_hres_init,era5,25.0,5,centred_rmse,0.04139494206989664,0.03298469083668613,0.049736146735486014,0.0
midas_open_uk,pangu_hres_init,era5,50.0,5,centred_rmse,0.2497610778721138,0.22643559070928207,0.2732136192814131,0.0
midas_open_uk,pangu_hres_init,era5,100.0,5,centred_rmse,0.6298142519403042,0.5804906829165136,0.6810038091513888,0.0
midas_open_uk,pangu_hres_init,era5,12.5,7,centred_rmse,-0.006269808064242982,-0.007866640308263262,-0.004753216418399104,1.0
midas_open_uk,pangu_hres_init,era5,25.0,7,centred_rmse,0.04142343089125092,0.03301088557787553,0.05020668383652866,0.0
midas_open_uk,pangu_hres_init,era5,50.0,7,centred_rmse,0.2497468518724071,0.2255449830283776,0.27518827179856176,0.0
midas_open_uk,pangu_hres_init,era5,100.0,7,centred_rmse,0.6294163345210443,0.5775415191204754,0.6823169067078161,0.0
midas_open_uk,pangu_hres_init,era5,12.5,1,mae,-0.007283118835571672,-0.008362925395838683,-0.006231488892455849,1.0
midas_open_uk,pangu_hres_init,era5,25.0,1,mae,0.019309400034225863,0.01448634480657806,0.024189350904089232,0.0
midas_open_uk,pangu_hres_init,era5,50.0,1,mae,0.1644921137343569,0.153358897286606,0.17569498278660337,0.0
midas_open_uk,pangu_hres_init,era5,100.0,1,mae,0.44921269263344493,0.4246534519734959,0.4728634764495491,0.0
midas_open_uk,pangu_hres_init,era5,12.5,3,mae,-0.007273415333799441,-0.008412595841889373,-0.006030848301579812,1.0
midas_open_uk,pangu_hres_init,era5,25.0,3,mae,0.01932491437131061,0.013789315796372534,0.025098429227196642,0.0
midas_open_uk,pangu_hres_init,era5,50.0,3,mae,0.1644663485464841,0.14975204438973277,0.17890222458734378,0.0
midas_open_uk,pangu_hres_init,era5,100.0,3,mae,0.44926565134790813,0.41792953509048514,0.48015170122665213,0.0
midas_open_uk,pangu_hres_init,era5,12.5,5,mae,-0.0072807753523825985,-0.008537886657861387,-0.006010899050818438,1.0
midas_open_uk,pangu_hres_init,era5,25.0,5,mae,0.019333225539439045,0.013341414949144243,0.025864922091748083,0.0
midas_open_uk,pangu_hres_init,era5,50.0,5,mae,0.1645269655878221,0.1490150634814932,0.18130561438570914,0.0
midas_open_uk,pangu_hres_init,era5,100.0,5,mae,0.44953948192696647,0.41691197301582106,0.48661606781895095,0.0
midas_open_uk,pangu_hres_init,era5,12.5,7,mae,-0.007263513405824237,-0.008680855251147729,-0.005815573348570952,1.0
midas_open_uk,pangu_hres_init,era5,25.0,7,mae,0.019361599757751955,0.01318581643635115,0.026239621189236166,0.0
midas_open_uk,pangu_hres_init,era5,50.0,7,mae,0.16453276018351493,0.14881969798277556,0.181928431206296,0.0
midas_open_uk,pangu_hres_init,era5,100.0,7,mae,0.44932025386909075,0.41512615171281764,0.48576751058147943,0.0
midas_open_uk,pangu_hres_init,era5,12.5,1,rmse,-0.007165517544868363,-0.008563829910339204,-0.005721135836857108,1.0
midas_open_uk,pangu_hres_init,era5,25.0,1,rmse,0.0343195747070363,0.027319989124791926,0.04157927302143764,0.0
midas_open_uk,pangu_hres_init,era5,50.0,1,rmse,0.23756429238383622,0.2207081349062584,0.2545126017277298,0.0
midas_open_uk,pangu_hres_init,era5,100.0,1,rmse,0.625728144698187,0.5925588289712006,0.6580570090886857,0.0
midas_open_uk,pangu_hres_init,era5,12.5,3,rmse,-0.007156977948984258,-0.008699887456465851,-0.005613529495751587,1.0
midas_open_uk,pangu_hres_init,era5,25.0,3,rmse,0.03432297332740891,0.025935351656691575,0.042570724074109,0.0
midas_open_uk,pangu_hres_init,era5,50.0,3,rmse,0.2375511378598756,0.21701611131702245,0.25767797949285937,0.0
midas_open_uk,pangu_hres_init,era5,100.0,3,rmse,0.6258045645139452,0.5857977144493459,0.6665643148301468,0.0
midas_open_uk,pangu_hres_init,era5,12.5,5,rmse,-0.007155565207487843,-0.008797042919647877,-0.00552783848507108,1.0
midas_open_uk,pangu_hres_init,era5,25.0,5,rmse,0.03433437621802177,0.025752064673786636,0.04348060300251181,0.0
midas_open_uk,pangu_hres_init,era5,50.0,5,rmse,0.23759527746772188,0.21575823168376973,0.26154888651389596,0.0
midas_open_uk,pangu_hres_init,era5,100.0,5,rmse,0.6260480166371583,0.5815481393822967,0.673521979594145,0.0
midas_open_uk,pangu_hres_init,era5,12.5,7,rmse,-0.007147053669362558,-0.008852016226970317,-0.005415108157736175,1.0
midas_open_uk,pangu_hres_init,era5,25.0,7,rmse,0.03436077663122578,0.025670677244099584,0.04370745025737131,0.0
midas_open_uk,pangu_hres_init,era5,50.0,7,rmse,0.23761846688097465,0.21596760056819886,0.2620052412957442,0.0
midas_open_uk,pangu_hres_init,era5,100.0,7,rmse,0.6258534308320514,0.5817116097249212,0.6730202179082597,0.0
midas_open_uk,pangu_hres_init,station,12.5,1,centred_rmse,0.011023312775153308,0.009862403591844931,0.0122147874864021,0.0
midas_open_uk,pangu_hres_init,station,25.0,1,centred_rmse,0.06604663783085588,0.059722429206624066,0.07244899122258763,0.0
midas_open_uk,pangu_hres_init,station,50.0,1,centred_rmse,0.20920116519767573,0.19247225907430224,0.2260348386836448,0.0
midas_open_uk,pangu_hres_init,station,100.0,1,centred_rmse,0.47883578823165385,0.445392146288124,0.5114539812221974,0.0
midas_open_uk,pangu_hres_init,station,12.5,3,centred_rmse,0.010996970166120055,0.009478882224642377,0.012666860575871013,0.0
midas_open_uk,pangu_hres_init,station,25.0,3,centred_rmse,0.06594835224218829,0.05730310861423492,0.074546463507663,0.0
midas_open_uk,pangu_hres_init,station,50.0,3,centred_rmse,0.20893046015717584,0.18476331306076416,0.23217823286299966,0.0
midas_open_uk,pangu_hres_init,station,100.0,3,centred_rmse,0.47828755715468146,0.42912483708359733,0.525820709785909,0.0
midas_open_uk,pangu_hres_init,station,12.5,5,centred_rmse,0.011002144327457681,0.009249190757920888,0.012901120969157041,0.0
midas_open_uk,pangu_hres_init,station,25.0,5,centred_rmse,0.06595727396974005,0.05598021565220364,0.07599191533840277,0.0
midas_open_uk,pangu_hres_init,station,50.0,5,centred_rmse,0.20887261877676438,0.18281304423236816,0.23530701388545047,0.0
midas_open_uk,pangu_hres_init,station,100.0,5,centred_rmse,0.4780914912675281,0.4251304298792387,0.5316687068045794,0.0
midas_open_uk,pangu_hres_init,station,12.5,7,centred_rmse,0.011002161057480695,0.009131514189428097,0.012974066235124142,0.0
midas_open_uk,pangu_hres_init,station,25.0,7,centred_rmse,0.06594197704154083,0.0555240915230955,0.07695653265860831,0.0
midas_open_uk,pangu_hres_init,station,50.0,7,centred_rmse,0.20876882545759176,0.18011326773651357,0.23764130256251298,0.0
midas_open_uk,pangu_hres_init,station,100.0,7,centred_rmse,0.4776305153363846,0.4201262654475224,0.5343971780789266,0.0
midas_open_uk,pangu_hres_init,station,12.5,1,mae,0.007358734646048164,0.00648444391467406,0.00825331803124808,0.0
midas_open_uk,pangu_hres_init,station,25.0,1,mae,0.04072526159308581,0.036356480751966014,0.045077750945701454,0.0
midas_open_uk,pangu_hres_init,station,50.0,1,mae,0.1364626355726036,0.12605801174517675,0.14760440190888466,0.0
midas_open_uk,pangu_hres_init,station,100.0,1,mae,0.3486504256800588,0.3267252626632651,0.37136457001746603,0.0
midas_open_uk,pangu_hres_init,station,12.5,3,mae,0.007352717717529272,0.006270666734119113,0.00858872893613546,0.0
midas_open_uk,pangu_hres_init,station,25.0,3,mae,0.04069959849326296,0.03474744727930564,0.04695640136010068,0.0
midas_open_uk,pangu_hres_init,station,50.0,3,mae,0.13643347652131074,0.12123081116110872,0.15232217418058006,0.0
midas_open_uk,pangu_hres_init,station,100.0,3,mae,0.34864185122244296,0.31808569716724544,0.3805420902702839,0.0
midas_open_uk,pangu_hres_init,station,12.5,5,mae,0.007378657201135125,0.006211294598792944,0.008712364781337256,0.0
midas_open_uk,pangu_hres_init,station,25.0,5,mae,0.04081151274596383,0.034213185399483766,0.048163564477413164,0.0
midas_open_uk,pangu_hres_init,station,50.0,5,mae,0.13661861078194182,0.11986481919176796,0.15532093536092034,0.0
midas_open_uk,pangu_hres_init,station,100.0,5,mae,0.34896886441742686,0.3150201615635809,0.3860329123448609,0.0
midas_open_uk,pangu_hres_init,station,12.5,7,mae,0.007375198390924243,0.006167624413549716,0.008801173127883527,0.0
midas_open_uk,pangu_hres_init,station,25.0,7,mae,0.040796791006179826,0.03408468749031546,0.04852783112259786,0.0
midas_open_uk,pangu_hres_init,station,50.0,7,mae,0.13661774370410662,0.11919244660019128,0.15632864230974203,0.0
midas_open_uk,pangu_hres_init,station,100.0,7,mae,0.34885628404819274,0.31426068900210774,0.3864740436685259,0.0
midas_open_uk,pangu_hres_init,station,12.5,1,rmse,0.010540061843153868,0.009387653556491965,0.011736145156909576,0.0
midas_open_uk,pangu_hres_init,station,25.0,1,rmse,0.06293768300309015,0.05693700025821573,0.06926861199319202,0.0
midas_open_uk,pangu_hres_init,station,50.0,1,rmse,0.20453192069374931,0.18973872209362624,0.22024052416189208,0.0
midas_open_uk,pangu_hres_init,station,100.0,1,rmse,0.48169650385012996,0.45272219764248345,0.5114085403011238,0.0
midas_open_uk,pangu_hres_init,station,12.5,3,rmse,0.010526091355413651,0.009018724564756359,0.012249642875777898,0.0
midas_open_uk,pangu_hres_init,station,25.0,3,rmse,0.06289925064132136,0.05453214613659093,0.07156516198312494,0.0
midas_open_uk,pangu_hres_init,station,50.0,3,rmse,0.20444733435431647,0.18315951303920575,0.22533195804201575,0.0
midas_open_uk,pangu_hres_init,station,100.0,3,rmse,0.4816237961479494,0.441560755806943,0.5211148122767677,0.0
midas_open_uk,pangu_hres_init,station,12.5,5,rmse,0.010541120129214742,0.008787088313881003,0.012505681036480509,0.0
midas_open_uk,pangu_hres_init,station,25.0,5,rmse,0.06296315695081273,0.053510254373949816,0.07293446580468221,0.0
midas_open_uk,pangu_hres_init,station,50.0,5,rmse,0.20456703542192922,0.18106461307928876,0.2295556595203793,0.0
midas_open_uk,pangu_hres_init,station,100.0,5,rmse,0.4818783944960605,0.439399155304936,0.5271790179823402,0.0
midas_open_uk,pangu_hres_init,station,12.5,7,rmse,0.010546803169620748,0.00869774010941135,0.012628201501505931,0.0
midas_open_uk,pangu_hres_init,station,25.0,7,rmse,0.06297888201283386,0.05336163582361089,0.0736312115699409,0.0
midas_open_uk,pangu_hres_init,station,50.0,7,rmse,0.20457934446046136,0.18041158753367065,0.23102556641070687,0.0
midas_open_uk,pangu_hres_init,station,100.0,7,rmse,0.48174241772560533,0.4375572230944544,0.5283855089190738,0.0
