unit,extraction,stratum,block_days,reference,model,n_common_cases,n_units,n_daily_blocks,mae_c_day_weighted,mae_ci_low_c,mae_ci_high_c,winner_probability,mae_rank,lead_h
cell_aggregate,nearest,dense_4_plus,1,avamet,graphcast_hres_init,8700,12,363,1.1476727833880667,1.1205740997866869,1.1756254897273017,1.0,1,24
cell_aggregate,nearest,dense_4_plus,1,avamet,pangu_hres_init,8700,12,363,1.2382127035768042,1.202796157157544,1.2721805706716722,0.0,2,24
cell_aggregate,nearest,dense_4_plus,1,avamet,ifs_hres,8700,12,363,1.3347732912374382,1.3002339056568963,1.3699811137911808,0.0,3,24
cell_aggregate,nearest,dense_4_plus,1,era5,pangu_hres_init,8700,12,363,0.943016767501831,0.9176603466272354,0.9674462288618088,0.8955,1,24
cell_aggregate,nearest,dense_4_plus,1,era5,graphcast_hres_init,8700,12,363,0.958525538444519,0.9372754767537117,0.981878849864006,0.1045,2,24
cell_aggregate,nearest,dense_4_plus,1,era5,ifs_hres,8700,12,363,1.2371066808700562,1.2090026825666427,1.26504987180233,0.0,3,24
cell_aggregate,nearest,dense_4_plus,3,avamet,graphcast_hres_init,8700,12,363,1.1476727833880667,1.1172051049084828,1.1804197836153327,1.0,1,24
cell_aggregate,nearest,dense_4_plus,3,avamet,pangu_hres_init,8700,12,363,1.2382127035768042,1.199536293467156,1.2800640469006606,0.0,2,24
cell_aggregate,nearest,dense_4_plus,3,avamet,ifs_hres,8700,12,363,1.3347732912374382,1.293092910019021,1.380912651365992,0.0,3,24
cell_aggregate,nearest,dense_4_plus,3,era5,pangu_hres_init,8700,12,363,0.943016767501831,0.913967353105545,0.9708744436502457,0.859,1,24
cell_aggregate,nearest,dense_4_plus,3,era5,graphcast_hres_init,8700,12,363,0.958525538444519,0.9322933405637741,0.9843208685517311,0.141,2,24
cell_aggregate,nearest,dense_4_plus,3,era5,ifs_hres,8700,12,363,1.2371066808700562,1.2057540267705917,1.2701691657304763,0.0,3,24
cell_aggregate,nearest,dense_4_plus,5,avamet,graphcast_hres_init,8700,12,363,1.1476727833880667,1.1150762645759584,1.1813093935276597,1.0,1,24
cell_aggregate,nearest,dense_4_plus,5,avamet,pangu_hres_init,8700,12,363,1.2382127035768042,1.19616800547081,1.2816940278479418,0.0,2,24
cell_aggregate,nearest,dense_4_plus,5,avamet,ifs_hres,8700,12,363,1.3347732912374382,1.2844363916578387,1.3864370103382244,0.0,3,24
cell_aggregate,nearest,dense_4_plus,5,era5,pangu_hres_init,8700,12,363,0.943016767501831,0.9111989736557007,0.9730371907353401,0.837,1,24
cell_aggregate,nearest,dense_4_plus,5,era5,graphcast_hres_init,8700,12,363,0.958525538444519,0.9293890088796616,0.9863300368189811,0.163,2,24
cell_aggregate,nearest,dense_4_plus,5,era5,ifs_hres,8700,12,363,1.2371066808700562,1.2029045611619948,1.2723912477493287,0.0,3,24
cell_aggregate,nearest,dense_4_plus,7,avamet,graphcast_hres_init,8700,12,363,1.1476727833880667,1.1118669669255983,1.18138344129165,1.0,1,24
cell_aggregate,nearest,dense_4_plus,7,avamet,pangu_hres_init,8700,12,363,1.2382127035768042,1.1928740846117083,1.2829581618516452,0.0,2,24
cell_aggregate,nearest,dense_4_plus,7,avamet,ifs_hres,8700,12,363,1.3347732912374382,1.2792861309955008,1.3903494705931234,0.0,3,24
cell_aggregate,nearest,dense_4_plus,7,era5,pangu_hres_init,8700,12,363,0.943016767501831,0.9099606931209564,0.9769620820879936,0.8285,1,24
cell_aggregate,nearest,dense_4_plus,7,era5,graphcast_hres_init,8700,12,363,0.958525538444519,0.9282828241586685,0.9883220821619034,0.1715,2,24
cell_aggregate,nearest,dense_4_plus,7,era5,ifs_hres,8700,12,363,1.2371066808700562,1.2000123888254166,1.2732311129570006,0.0,3,24
cell_aggregate,nearest,multi_station_cells,1,avamet,graphcast_hres_init,19233,27,363,1.215221824941873,1.1902861108667617,1.2429402042054767,1.0,1,24
cell_aggregate,nearest,multi_station_cells,1,avamet,pangu_hres_init,19233,27,363,1.310155771995022,1.2794822276454085,1.3423413678111875,0.0,2,24
cell_aggregate,nearest,multi_station_cells,1,avamet,ifs_hres,19233,27,363,1.381643698144571,1.353723821446436,1.4127156047184728,0.0,3,24
cell_aggregate,nearest,multi_station_cells,1,era5,pangu_hres_init,19233,27,363,0.9529834389686584,0.9282461941242218,0.9797135859727859,0.9855,1,24
cell_aggregate,nearest,multi_station_cells,1,era5,graphcast_hres_init,19233,27,363,0.9794284701347351,0.9595662355422974,0.9989243537187577,0.0145,2,24
cell_aggregate,nearest,multi_station_cells,1,era5,ifs_hres,19233,27,363,1.240291953086853,1.2146592557430267,1.2669799983501433,0.0,3,24
cell_aggregate,nearest,multi_station_cells,3,avamet,graphcast_hres_init,19233,27,363,1.215221824941873,1.182392975172756,1.24823443403867,1.0,1,24
cell_aggregate,nearest,multi_station_cells,3,avamet,pangu_hres_init,19233,27,363,1.310155771995022,1.2735499564976431,1.3498538215464626,0.0,2,24
cell_aggregate,nearest,multi_station_cells,3,avamet,ifs_hres,19233,27,363,1.381643698144571,1.3424468567437489,1.4216245952124653,0.0,3,24
cell_aggregate,nearest,multi_station_cells,3,era5,pangu_hres_init,19233,27,363,0.9529834389686584,0.9258277326822281,0.9818550929427147,0.975,1,24
cell_aggregate,nearest,multi_station_cells,3,era5,graphcast_hres_init,19233,27,363,0.9794284701347351,0.9583427101373673,1.00159652531147,0.025,2,24
cell_aggregate,nearest,multi_station_cells,3,era5,ifs_hres,19233,27,363,1.240291953086853,1.2080589830875397,1.2768320471048356,0.0,3,24
cell_aggregate,nearest,multi_station_cells,5,avamet,graphcast_hres_init,19233,27,363,1.215221824941873,1.1786964420049537,1.252359066854554,1.0,1,24
cell_aggregate,nearest,multi_station_cells,5,avamet,pangu_hres_init,19233,27,363,1.310155771995022,1.2699620447703575,1.3528734938889881,0.0,2,24
cell_aggregate,nearest,multi_station_cells,5,avamet,ifs_hres,19233,27,363,1.381643698144571,1.337447000662664,1.426408927133097,0.0,3,24
cell_aggregate,nearest,multi_station_cells,5,era5,pangu_hres_init,19233,27,363,0.9529834389686584,0.9205299034714699,0.9862743303179741,0.965,1,24
cell_aggregate,nearest,multi_station_cells,5,era5,graphcast_hres_init,19233,27,363,0.9794284701347351,0.9553882479667664,1.0052887797355652,0.035,2,24
cell_aggregate,nearest,multi_station_cells,5,era5,ifs_hres,19233,27,363,1.240291953086853,1.2017645180225371,1.2799795508384704,0.0,3,24
cell_aggregate,nearest,multi_station_cells,7,avamet,graphcast_hres_init,19233,27,363,1.215221824941873,1.1751638823828394,1.255743080928128,1.0,1,24
cell_aggregate,nearest,multi_station_cells,7,avamet,pangu_hres_init,19233,27,363,1.310155771995022,1.2659406365919228,1.3562226156880184,0.0,2,24
cell_aggregate,nearest,multi_station_cells,7,avamet,ifs_hres,19233,27,363,1.381643698144571,1.331350206176886,1.4305352563023603,0.0,3,24
cell_aggregate,nearest,multi_station_cells,7,era5,pangu_hres_init,19233,27,363,0.9529834389686584,0.9190387919545173,0.988204476237297,0.953,1,24
cell_aggregate,nearest,multi_station_cells,7,era5,graphcast_hres_init,19233,27,363,0.9794284701347351,0.9553918451070785,1.005884900689125,0.047,2,24
cell_aggregate,nearest,multi_station_cells,7,era5,ifs_hres,19233,27,363,1.240291953086853,1.199765858054161,1.2837871938943863,0.0,3,24
cell_aggregate,nearest,sparse_2_3,1,avamet,graphcast_hres_init,10533,15,363,1.2710185579532176,1.239614697986322,1.3020409341098966,1.0,1,24
cell_aggregate,nearest,sparse_2_3,1,avamet,pangu_hres_init,10533,15,363,1.3698257820277904,1.3359484825796364,1.4048998867773126,0.0,2,24
cell_aggregate,nearest,sparse_2_3,1,avamet,ifs_hres,10533,15,363,1.4200873357963366,1.38795711932071,1.454401911632239,0.0,3,24
cell_aggregate,nearest,sparse_2_3,1,era5,pangu_hres_init,10533,15,363,0.9608783721923828,0.9313447758555412,0.992655785381794,0.992,1,24
cell_aggregate,nearest,sparse_2_3,1,era5,graphcast_hres_init,10533,15,363,0.9965296387672424,0.9737111628055573,1.0209799230098724,0.008,2,24
cell_aggregate,nearest,sparse_2_3,1,era5,ifs_hres,10533,15,363,1.2433842420578003,1.21290984749794,1.2763662725687026,0.0,3,24
cell_aggregate,nearest,sparse_2_3,3,avamet,graphcast_hres_init,10533,15,363,1.2710185579532176,1.231939884927953,1.3095201288640528,1.0,1,24
cell_aggregate,nearest,sparse_2_3,3,avamet,pangu_hres_init,10533,15,363,1.3698257820277904,1.3274024883213822,1.4097964947385289,0.0,2,24
cell_aggregate,nearest,sparse_2_3,3,avamet,ifs_hres,10533,15,363,1.4200873357963366,1.380487331369836,1.4602120016810831,0.0,3,24
cell_aggregate,nearest,sparse_2_3,3,era5,pangu_hres_init,10533,15,363,0.9608783721923828,0.9264384776353836,0.9913721814751625,0.984,1,24
cell_aggregate,nearest,sparse_2_3,3,era5,graphcast_hres_init,10533,15,363,0.9965296387672424,0.9673984631896019,1.0227180331945418,0.016,2,24
cell_aggregate,nearest,sparse_2_3,3,era5,ifs_hres,10533,15,363,1.2433842420578003,1.2035489082336426,1.282645258307457,0.0,3,24
cell_aggregate,nearest,sparse_2_3,5,avamet,graphcast_hres_init,10533,15,363,1.2710185579532176,1.2253715241427925,1.3174719267270143,1.0,1,24
cell_aggregate,nearest,sparse_2_3,5,avamet,pangu_hres_init,10533,15,363,1.3698257820277904,1.3246061686081898,1.4167165826347128,0.0,2,24
cell_aggregate,nearest,sparse_2_3,5,avamet,ifs_hres,10533,15,363,1.4200873357963366,1.3720376704798882,1.4693553814610387,0.0,3,24
cell_aggregate,nearest,sparse_2_3,5,era5,pangu_hres_init,10533,15,363,0.9608783721923828,0.9248466610908509,0.9992077738046646,0.976,1,24
cell_aggregate,nearest,sparse_2_3,5,era5,graphcast_hres_init,10533,15,363,0.9965296387672424,0.9692598909139634,1.0252785384654999,0.024,2,24
cell_aggregate,nearest,sparse_2_3,5,era5,ifs_hres,10533,15,363,1.2433842420578003,1.1992469698190689,1.2928103387355805,0.0,3,24
cell_aggregate,nearest,sparse_2_3,7,avamet,graphcast_hres_init,10533,15,363,1.2710185579532176,1.2214633086476798,1.3230711393465218,1.0,1,24
cell_aggregate,nearest,sparse_2_3,7,avamet,pangu_hres_init,10533,15,363,1.3698257820277904,1.3190662352019766,1.4195459821875132,0.0,2,24
cell_aggregate,nearest,sparse_2_3,7,avamet,ifs_hres,10533,15,363,1.4200873357963366,1.372694415059947,1.4714326987206712,0.0,3,24
cell_aggregate,nearest,sparse_2_3,7,era5,pangu_hres_init,10533,15,363,0.9608783721923828,0.923507259786129,1.0013521045446396,0.9715,1,24
cell_aggregate,nearest,sparse_2_3,7,era5,graphcast_hres_init,10533,15,363,0.9965296387672424,0.967479208111763,1.0262712240219116,0.0285,2,24
cell_aggregate,nearest,sparse_2_3,7,era5,ifs_hres,10533,15,363,1.2433842420578003,1.1956170141696931,1.2921078294515609,0.0,3,24
station,bilinear,all_eligible,1,avamet,graphcast_hres_init,102976,146,363,1.6224069212963694,1.5950779461147069,1.6495900075064815,1.0,1,24
station,bilinear,all_eligible,1,avamet,pangu_hres_init,102976,146,363,1.693996771231119,1.6625435074905073,1.726226485085249,0.0,2,24
station,bilinear,all_eligible,1,avamet,ifs_hres,102976,146,363,1.7072449741875058,1.675510005503158,1.7408683347070322,0.0,3,24
station,bilinear,all_eligible,1,era5,pangu_hres_init,102976,146,363,0.8615041657776651,0.8367836414895634,0.8856111527036159,1.0,1,24
station,bilinear,all_eligible,1,era5,graphcast_hres_init,102976,146,363,0.9342771396841917,0.9108258386332001,0.9573558259716833,0.0,2,24
station,bilinear,all_eligible,1,era5,ifs_hres,102976,146,363,1.1581661876510214,1.1284615275029164,1.1883173982072008,0.0,3,24
station,bilinear,all_eligible,3,avamet,graphcast_hres_init,102976,146,363,1.6224069212963694,1.587298701223141,1.6605076652402315,1.0,1,24
station,bilinear,all_eligible,3,avamet,pangu_hres_init,102976,146,363,1.693996771231119,1.6529156779783551,1.7383530456274496,0.0,2,24
station,bilinear,all_eligible,3,avamet,ifs_hres,102976,146,363,1.7072449741875058,1.6645550503635473,1.753039402498777,0.0,3,24
station,bilinear,all_eligible,3,era5,pangu_hres_init,102976,146,363,0.8615041657776651,0.8348522838729873,0.8880001558542562,1.0,1,24
station,bilinear,all_eligible,3,era5,graphcast_hres_init,102976,146,363,0.9342771396841917,0.9061318258599138,0.961758996390913,0.0,2,24
station,bilinear,all_eligible,3,era5,ifs_hres,102976,146,363,1.1581661876510214,1.1221441598133,1.1964064473238756,0.0,3,24
station,bilinear,all_eligible,5,avamet,graphcast_hres_init,102976,146,363,1.6224069212963694,1.583737180121017,1.6632223733910263,1.0,1,24
station,bilinear,all_eligible,5,avamet,pangu_hres_init,102976,146,363,1.693996771231119,1.6488599764501468,1.7410701225401823,0.0,2,24
station,bilinear,all_eligible,5,avamet,ifs_hres,102976,146,363,1.7072449741875058,1.6582691756148362,1.7581500631287132,0.0,3,24
station,bilinear,all_eligible,5,era5,pangu_hres_init,102976,146,363,0.8615041657776651,0.8327251810374613,0.8919037684918575,1.0,1,24
station,bilinear,all_eligible,5,era5,graphcast_hres_init,102976,146,363,0.9342771396841917,0.9040538935973378,0.9648068241106036,0.0,2,24
station,bilinear,all_eligible,5,era5,ifs_hres,102976,146,363,1.1581661876510214,1.1157360260153764,1.2012307692607096,0.0,3,24
station,bilinear,all_eligible,7,avamet,graphcast_hres_init,102976,146,363,1.6224069212963694,1.5815342535896288,1.6673375181967787,1.0,1,24
station,bilinear,all_eligible,7,avamet,pangu_hres_init,102976,146,363,1.693996771231119,1.6477968589626484,1.742872721438455,0.0,2,24
station,bilinear,all_eligible,7,avamet,ifs_hres,102976,146,363,1.7072449741875058,1.654667468788734,1.7631111608073704,0.0,3,24
station,bilinear,all_eligible,7,era5,pangu_hres_init,102976,146,363,0.8615041657776651,0.8312420397870822,0.8934957933362907,1.0,1,24
station,bilinear,all_eligible,7,era5,graphcast_hres_init,102976,146,363,0.9342771396841917,0.9030264336674625,0.9665541017431242,0.0,2,24
station,bilinear,all_eligible,7,era5,ifs_hres,102976,146,363,1.1581661876510214,1.1148428082211275,1.2043207387886756,0.0,3,24
station,bilinear,dense_4_plus,1,avamet,graphcast_hres_init,66825,95,363,1.665410205810488,1.636529579817973,1.6935668405050295,1.0,1,24
station,bilinear,dense_4_plus,1,avamet,pangu_hres_init,66825,95,363,1.7133697519318958,1.6761439916785563,1.748555191291175,0.0,2,24
station,bilinear,dense_4_plus,1,avamet,ifs_hres,66825,95,363,1.7660650632471147,1.7298585121934902,1.803321803648726,0.0,3,24
station,bilinear,dense_4_plus,1,era5,pangu_hres_init,66825,95,363,0.8374082576791514,0.809794455263865,0.8642080358759221,1.0,1,24
station,bilinear,dense_4_plus,1,era5,graphcast_hres_init,66825,95,363,0.940756407022718,0.9136515951527279,0.9702845121051615,0.0,2,24
station,bilinear,dense_4_plus,1,era5,ifs_hres,66825,95,363,1.176354921563097,1.1431249292897168,1.209784329705743,0.0,3,24
station,bilinear,dense_4_plus,3,avamet,graphcast_hres_init,66825,95,363,1.665410205810488,1.6275725450853833,1.704243130471102,1.0,1,24
station,bilinear,dense_4_plus,3,avamet,pangu_hres_init,66825,95,363,1.7133697519318958,1.6674662492542658,1.7606775308867808,0.0,2,24
station,bilinear,dense_4_plus,3,avamet,ifs_hres,66825,95,363,1.7660650632471147,1.715098786237536,1.820046975939527,0.0,3,24
station,bilinear,dense_4_plus,3,era5,pangu_hres_init,66825,95,363,0.8374082576791514,0.8062832835433772,0.8669669904420785,1.0,1,24
station,bilinear,dense_4_plus,3,era5,graphcast_hres_init,66825,95,363,0.940756407022718,0.90901785346638,0.9753085665013427,0.0,2,24
station,bilinear,dense_4_plus,3,era5,ifs_hres,66825,95,363,1.176354921563097,1.1353646554480745,1.2173814306575144,0.0,3,24
station,bilinear,dense_4_plus,5,avamet,graphcast_hres_init,66825,95,363,1.665410205810488,1.6226622087384326,1.7059941351891115,1.0,1,24
station,bilinear,dense_4_plus,5,avamet,pangu_hres_init,66825,95,363,1.7133697519318958,1.6615889091246099,1.7643886134269513,0.0,2,24
station,bilinear,dense_4_plus,5,avamet,ifs_hres,66825,95,363,1.7660650632471147,1.705554393617508,1.8241927344619546,0.0,3,24
station,bilinear,dense_4_plus,5,era5,pangu_hres_init,66825,95,363,0.8374082576791514,0.8060638376168485,0.8710282857666019,1.0,1,24
station,bilinear,dense_4_plus,5,era5,graphcast_hres_init,66825,95,363,0.940756407022718,0.9062595564820942,0.9770828695284973,0.0,2,24
station,bilinear,dense_4_plus,5,era5,ifs_hres,66825,95,363,1.176354921563097,1.1302697124762178,1.2203724779572576,0.0,3,24
station,bilinear,dense_4_plus,7,avamet,graphcast_hres_init,66825,95,363,1.665410205810488,1.6235972295258836,1.7073691722078201,1.0,1,24
station,bilinear,dense_4_plus,7,avamet,pangu_hres_init,66825,95,363,1.7133697519318958,1.6622412110860665,1.7656334608915294,0.0,2,24
station,bilinear,dense_4_plus,7,avamet,ifs_hres,66825,95,363,1.7660650632471147,1.7037567593276381,1.8290728517110673,0.0,3,24
station,bilinear,dense_4_plus,7,era5,pangu_hres_init,66825,95,363,0.8374082576791514,0.8019993767106349,0.8731490911753869,1.0,1,24
station,bilinear,dense_4_plus,7,era5,graphcast_hres_init,66825,95,363,0.940756407022718,0.9006610178798984,0.9798287840453788,0.0,2,24
station,bilinear,dense_4_plus,7,era5,ifs_hres,66825,95,363,1.176354921563097,1.1308645138282682,1.2196124701320012,0.0,3,24
station,bilinear,single_station,1,avamet,ifs_hres,11336,16,363,1.519124234673189,1.4884134701530183,1.5484661412789622,0.632,1,24
station,bilinear,single_station,1,avamet,graphcast_hres_init,11336,16,363,1.522093177035213,1.4947950529970397,1.5503840416956722,0.368,2,24
station,bilinear,single_station,1,avamet,pangu_hres_init,11336,16,363,1.6650732835036979,1.6319356437772357,1.698619585507946,0.0,3,24
station,bilinear,single_station,1,era5,graphcast_hres_init,11336,16,363,0.8639656456656005,0.8406164731506583,0.8881061834138257,0.834,1,24
station,bilinear,single_station,1,era5,pangu_hres_init,11336,16,363,0.8786679433818483,0.8506778205987587,0.906087183290129,0.166,2,24
station,bilinear,single_station,1,era5,ifs_hres,11336,16,363,1.0443567053692326,1.0133632268865258,1.0772715366487886,0.0,3,24
station,bilinear,single_station,3,avamet,ifs_hres,11336,16,363,1.519124234673189,1.4830485660822672,1.556507070703481,0.632,1,24
station,bilinear,single_station,3,avamet,graphcast_hres_init,11336,16,363,1.522093177035213,1.4899131794566096,1.5564710675845144,0.368,2,24
station,bilinear,single_station,3,avamet,pangu_hres_init,11336,16,363,1.6650732835036979,1.6274904862857469,1.7050895730351205,0.0,3,24
station,bilinear,single_station,3,era5,graphcast_hres_init,11336,16,363,0.8639656456656005,0.8358679479047914,0.8928841868600147,0.825,1,24
station,bilinear,single_station,3,era5,pangu_hres_init,11336,16,363,0.8786679433818483,0.8489759183225295,0.9109454259835982,0.175,2,24
station,bilinear,single_station,3,era5,ifs_hres,11336,16,363,1.0443567053692326,1.0043260588181935,1.0861021725936195,0.0,3,24
station,bilinear,single_station,5,avamet,ifs_hres,11336,16,363,1.519124234673189,1.4821828308590075,1.55782974576233,0.637,1,24
station,bilinear,single_station,5,avamet,graphcast_hres_init,11336,16,363,1.522093177035213,1.4898115190933816,1.5574213115421807,0.363,2,24
station,bilinear,single_station,5,avamet,pangu_hres_init,11336,16,363,1.6650732835036979,1.6242151531947318,1.7086752968249215,0.0,3,24
station,bilinear,single_station,5,era5,graphcast_hres_init,11336,16,363,0.8639656456656005,0.8354680625986799,0.8948919485871167,0.799,1,24
station,bilinear,single_station,5,era5,pangu_hres_init,11336,16,363,0.8786679433818483,0.8462068766568337,0.9132259465489609,0.201,2,24
station,bilinear,single_station,5,era5,ifs_hres,11336,16,363,1.0443567053692326,1.0002221979886512,1.0915720378254603,0.0,3,24
station,bilinear,single_station,7,avamet,ifs_hres,11336,16,363,1.519124234673189,1.48125206941924,1.5567628921635615,0.625,1,24
station,bilinear,single_station,7,avamet,graphcast_hres_init,11336,16,363,1.522093177035213,1.4884232778490933,1.5557758458361783,0.375,2,24
station,bilinear,single_station,7,avamet,pangu_hres_init,11336,16,363,1.6650732835036979,1.6247647479092395,1.7096240871348491,0.0,3,24
station,bilinear,single_station,7,era5,graphcast_hres_init,11336,16,363,0.8639656456656005,0.832144794769606,0.8967858473920587,0.8045,1,24
station,bilinear,single_station,7,era5,pangu_hres_init,11336,16,363,0.8786679433818483,0.8426823512434476,0.9166308144591306,0.1955,2,24
station,bilinear,single_station,7,era5,ifs_hres,11336,16,363,1.0443567053692326,0.996265309211475,1.09386261242541,0.0,3,24
station,bilinear,sparse_2_3,1,avamet,graphcast_hres_init,24815,35,363,1.5520664958572346,1.5173577044445632,1.5901241297582756,1.0,1,24
station,bilinear,sparse_2_3,1,avamet,ifs_hres,24815,35,363,1.6344167345333571,1.600484145559276,1.6705306503382868,0.0,2,24
station,bilinear,sparse_2_3,1,avamet,pangu_hres_init,24815,35,363,1.654540125828546,1.6182039713116418,1.693416102045694,0.0,3,24
station,bilinear,sparse_2_3,1,era5,pangu_hres_init,24815,35,363,0.9179429145884239,0.8878856847956879,0.9474633122088214,0.9845,1,24
station,bilinear,sparse_2_3,1,era5,graphcast_hres_init,24815,35,363,0.9483691655061649,0.924788550062215,0.9729022116698227,0.0155,2,24
station,bilinear,sparse_2_3,1,era5,ifs_hres,24815,35,363,1.1605635143345991,1.1296241757839491,1.1937977258165247,0.0,3,24
station,bilinear,sparse_2_3,3,avamet,graphcast_hres_init,24815,35,363,1.5520664958572346,1.5046185512349057,1.6029904877291354,1.0,1,24
station,bilinear,sparse_2_3,3,avamet,ifs_hres,24815,35,363,1.6344167345333571,1.5870133778356068,1.679059314523818,0.0,2,24
station,bilinear,sparse_2_3,3,avamet,pangu_hres_init,24815,35,363,1.654540125828546,1.6089166325664481,1.702403291800084,0.0,3,24
station,bilinear,sparse_2_3,3,era5,pangu_hres_init,24815,35,363,0.9179429145884239,0.8866550252721158,0.9505415707801818,0.974,1,24
station,bilinear,sparse_2_3,3,era5,graphcast_hres_init,24815,35,363,0.9483691655061649,0.9231413212482276,0.9750341152395428,0.026,2,24
station,bilinear,sparse_2_3,3,era5,ifs_hres,24815,35,363,1.1605635143345991,1.1209222919247541,1.2044015054540655,0.0,3,24
station,bilinear,sparse_2_3,5,avamet,graphcast_hres_init,24815,35,363,1.5520664958572346,1.4956582765709812,1.610938445360594,1.0,1,24
station,bilinear,sparse_2_3,5,avamet,ifs_hres,24815,35,363,1.6344167345333571,1.5817290462872085,1.6868461588623305,0.0,2,24
station,bilinear,sparse_2_3,5,avamet,pangu_hres_init,24815,35,363,1.654540125828546,1.5997452185358942,1.7101716566279759,0.0,3,24
station,bilinear,sparse_2_3,5,era5,pangu_hres_init,24815,35,363,0.9179429145884239,0.8846410565119349,0.9517702339847521,0.9655,1,24
station,bilinear,sparse_2_3,5,era5,graphcast_hres_init,24815,35,363,0.9483691655061649,0.9202338186944448,0.9748712163661817,0.0345,2,24
station,bilinear,sparse_2_3,5,era5,ifs_hres,24815,35,363,1.1605635143345991,1.1187835480188058,1.2046419327441398,0.0,3,24
station,bilinear,sparse_2_3,7,avamet,graphcast_hres_init,24815,35,363,1.5520664958572346,1.4903004906392159,1.6154752063418392,1.0,1,24
station,bilinear,sparse_2_3,7,avamet,ifs_hres,24815,35,363,1.6344167345333571,1.578073240501749,1.6943097537537448,0.0,2,24
station,bilinear,sparse_2_3,7,avamet,pangu_hres_init,24815,35,363,1.654540125828546,1.5953086040228124,1.7138902993714777,0.0,3,24
station,bilinear,sparse_2_3,7,era5,pangu_hres_init,24815,35,363,0.9179429145884239,0.8832828616462404,0.952938011470381,0.9615,1,24
station,bilinear,sparse_2_3,7,era5,graphcast_hres_init,24815,35,363,0.9483691655061649,0.9189117950983748,0.9777746055748068,0.0385,2,24
station,bilinear,sparse_2_3,7,era5,ifs_hres,24815,35,363,1.1605635143345991,1.1127754977102478,1.2110462999674216,0.0,3,24
station,nearest,all_eligible,1,avamet,graphcast_hres_init,102976,146,363,1.6770421900531476,1.648419038885961,1.7045132169611446,1.0,1,24
station,nearest,all_eligible,1,avamet,pangu_hres_init,102976,146,363,1.7473526521732157,1.7154650491926204,1.7799844589342273,0.0,2,24
station,nearest,all_eligible,1,avamet,ifs_hres,102976,146,363,1.8161299030972393,1.7840731575561426,1.8463139370432353,0.0,3,24
station,nearest,all_eligible,1,era5,pangu_hres_init,102976,146,363,0.9757739901542664,0.9510572254657745,1.0015727132558823,0.9815,1,24
station,nearest,all_eligible,1,era5,graphcast_hres_init,102976,146,363,1.0036394596099854,0.9815064042806625,1.026897320151329,0.0185,2,24
station,nearest,all_eligible,1,era5,ifs_hres,102976,146,363,1.292497158050537,1.2660061717033386,1.319595780968666,0.0,3,24
station,nearest,all_eligible,3,avamet,graphcast_hres_init,102976,146,363,1.6770421900531476,1.6426647954315194,1.713689583585477,1.0,1,24
station,nearest,all_eligible,3,avamet,pangu_hres_init,102976,146,363,1.7473526521732157,1.7065094720601086,1.7902585733948242,0.0,2,24
station,nearest,all_eligible,3,avamet,ifs_hres,102976,146,363,1.8161299030972393,1.777447005810668,1.857897899746236,0.0,3,24
station,nearest,all_eligible,3,era5,pangu_hres_init,102976,146,363,0.9757739901542664,0.9467827156186104,1.004699918627739,0.9665,1,24
station,nearest,all_eligible,3,era5,graphcast_hres_init,102976,146,363,1.0036394596099854,0.9780413195490837,1.029647833108902,0.0335,2,24
station,nearest,all_eligible,3,era5,ifs_hres,102976,146,363,1.292497158050537,1.2605925053358078,1.325813391804695,0.0,3,24
station,nearest,all_eligible,5,avamet,graphcast_hres_init,102976,146,363,1.6770421900531476,1.6391652155514376,1.7212939180999345,1.0,1,24
station,nearest,all_eligible,5,avamet,pangu_hres_init,102976,146,363,1.7473526521732157,1.7032836208257576,1.7965860344216538,0.0,2,24
station,nearest,all_eligible,5,avamet,ifs_hres,102976,146,363,1.8161299030972393,1.772712378621696,1.8671507447910594,0.0,3,24
station,nearest,all_eligible,5,era5,pangu_hres_init,102976,146,363,0.9757739901542664,0.9440825715661049,1.008143550157547,0.948,1,24
station,nearest,all_eligible,5,era5,graphcast_hres_init,102976,146,363,1.0036394596099854,0.9754452988505363,1.032947826385498,0.052,2,24
station,nearest,all_eligible,5,era5,ifs_hres,102976,146,363,1.292497158050537,1.2562908947467804,1.3282809913158418,0.0,3,24
station,nearest,all_eligible,7,avamet,graphcast_hres_init,102976,146,363,1.6770421900531476,1.6349728047745173,1.7233663682616327,1.0,1,24
station,nearest,all_eligible,7,avamet,pangu_hres_init,102976,146,363,1.7473526521732157,1.699419078127628,1.800826433298956,0.0,2,24
station,nearest,all_eligible,7,avamet,ifs_hres,102976,146,363,1.8161299030972393,1.7646612405591966,1.8698936933311059,0.0,3,24
station,nearest,all_eligible,7,era5,pangu_hres_init,102976,146,363,0.9757739901542664,0.9412376180291175,1.0100200653076172,0.9405,1,24
station,nearest,all_eligible,7,era5,graphcast_hres_init,102976,146,363,1.0036394596099854,0.9741342321038247,1.0313399195671082,0.0595,2,24
station,nearest,all_eligible,7,era5,ifs_hres,102976,146,363,1.292497158050537,1.254030567407608,1.332036554813385,0.0,3,24
station,nearest,dense_4_plus,1,avamet,graphcast_hres_init,66825,95,363,1.685422320937738,1.6545283264105493,1.7155949460149487,1.0,1,24
station,nearest,dense_4_plus,1,avamet,pangu_hres_init,66825,95,363,1.7494389613856547,1.712137606190561,1.7849081958967885,0.0,2,24
station,nearest,dense_4_plus,1,avamet,ifs_hres,66825,95,363,1.8314881197311776,1.7964502360556645,1.8674400412597192,0.0,3,24
station,nearest,dense_4_plus,1,era5,pangu_hres_init,66825,95,363,0.9730069041252136,0.9459906876087188,1.0010495990514756,0.9875,1,24
station,nearest,dense_4_plus,1,era5,graphcast_hres_init,66825,95,363,1.0054432153701782,0.9796982929110527,1.0310796290636062,0.0125,2,24
station,nearest,dense_4_plus,1,era5,ifs_hres,66825,95,363,1.3042914867401123,1.2749435871839523,1.335454562306404,0.0,3,24
station,nearest,dense_4_plus,3,avamet,graphcast_hres_init,66825,95,363,1.685422320937738,1.6477101313831084,1.7228092103657284,1.0,1,24
station,nearest,dense_4_plus,3,avamet,pangu_hres_init,66825,95,363,1.7494389613856547,1.7028857154635155,1.7955050042009484,0.0,2,24
station,nearest,dense_4_plus,3,avamet,ifs_hres,66825,95,363,1.8314881197311776,1.7838525838267838,1.8820676611347404,0.0,3,24
station,nearest,dense_4_plus,3,era5,pangu_hres_init,66825,95,363,0.9730069041252136,0.9407291069626809,1.0058596163988114,0.967,1,24
station,nearest,dense_4_plus,3,era5,graphcast_hres_init,66825,95,363,1.0054432153701782,0.9747644260525703,1.0366738319396973,0.033,2,24
station,nearest,dense_4_plus,3,era5,ifs_hres,66825,95,363,1.3042914867401123,1.270486280322075,1.339555275440216,0.0,3,24
station,nearest,dense_4_plus,5,avamet,graphcast_hres_init,66825,95,363,1.685422320937738,1.6410839124934422,1.7266624327979492,1.0,1,24
station,nearest,dense_4_plus,5,avamet,pangu_hres_init,66825,95,363,1.7494389613856547,1.7002996488766633,1.8016239419763083,0.0,2,24
station,nearest,dense_4_plus,5,avamet,ifs_hres,66825,95,363,1.8314881197311776,1.7765571179197406,1.8870922905115042,0.0,3,24
station,nearest,dense_4_plus,5,era5,pangu_hres_init,66825,95,363,0.9730069041252136,0.9372389733791351,1.0092413991689682,0.9515,1,24
station,nearest,dense_4_plus,5,era5,graphcast_hres_init,66825,95,363,1.0054432153701782,0.9720042988657951,1.0413881868124009,0.0485,2,24
station,nearest,dense_4_plus,5,era5,ifs_hres,66825,95,363,1.3042914867401123,1.2676209151744842,1.3430859804153443,0.0,3,24
station,nearest,dense_4_plus,7,avamet,graphcast_hres_init,66825,95,363,1.685422320937738,1.6401402461198393,1.7299347765561712,1.0,1,24
station,nearest,dense_4_plus,7,avamet,pangu_hres_init,66825,95,363,1.7494389613856547,1.695156778189105,1.8022897256475767,0.0,2,24
station,nearest,dense_4_plus,7,avamet,ifs_hres,66825,95,363,1.8314881197311776,1.7725646605619354,1.889736700391989,0.0,3,24
station,nearest,dense_4_plus,7,era5,pangu_hres_init,66825,95,363,0.9730069041252136,0.9374354928731918,1.0105198323726654,0.9525,1,24
station,nearest,dense_4_plus,7,era5,graphcast_hres_init,66825,95,363,1.0054432153701782,0.9699820533394814,1.041689458489418,0.0475,2,24
station,nearest,dense_4_plus,7,era5,ifs_hres,66825,95,363,1.3042914867401123,1.267083179950714,1.3430882930755614,0.0,3,24
station,nearest,single_station,1,avamet,graphcast_hres_init,11336,16,363,1.6554173784244708,1.6295588388236486,1.6826233109809707,1.0,1,24
station,nearest,single_station,1,avamet,pangu_hres_init,11336,16,363,1.741515448756571,1.7093746163909396,1.775281370832342,0.0,2,24
station,nearest,single_station,1,avamet,ifs_hres,11336,16,363,1.7804727742761683,1.7492802706106905,1.8130429230413785,0.0,3,24
station,nearest,single_station,1,era5,graphcast_hres_init,11336,16,363,0.9821152091026306,0.9604100614786149,1.0055903226137162,0.982,1,24
station,nearest,single_station,1,era5,pangu_hres_init,11336,16,363,1.010725498199463,0.985681027173996,1.0381901562213898,0.018,2,24
station,nearest,single_station,1,era5,ifs_hres,11336,16,363,1.2826677560806274,1.2555416524410248,1.3110150873661042,0.0,3,24
station,nearest,single_station,3,avamet,graphcast_hres_init,11336,16,363,1.6554173784244708,1.6232692729192126,1.687737186412405,1.0,1,24
station,nearest,single_station,3,avamet,pangu_hres_init,11336,16,363,1.741515448756571,1.703060686626636,1.7823712998128074,0.0,2,24
station,nearest,single_station,3,avamet,ifs_hres,11336,16,363,1.7804727742761683,1.743565897786124,1.8204015163227165,0.0,3,24
station,nearest,single_station,3,era5,graphcast_hres_init,11336,16,363,0.9821152091026306,0.9588781282305717,1.0080733358860017,0.966,1,24
station,nearest,single_station,3,era5,pangu_hres_init,11336,16,363,1.010725498199463,0.9820721462368965,1.0418172776699066,0.034,2,24
station,nearest,single_station,3,era5,ifs_hres,11336,16,363,1.2826677560806274,1.2469365388154983,1.3205584317445755,0.0,3,24
station,nearest,single_station,5,avamet,graphcast_hres_init,11336,16,363,1.6554173784244708,1.620639681709555,1.6906317555926156,1.0,1,24
station,nearest,single_station,5,avamet,pangu_hres_init,11336,16,363,1.741515448756571,1.7007276708622832,1.785129405706192,0.0,2,24
station,nearest,single_station,5,avamet,ifs_hres,11336,16,363,1.7804727742761683,1.7388054193593447,1.8236533680864082,0.0,3,24
station,nearest,single_station,5,era5,graphcast_hres_init,11336,16,363,0.9821152091026306,0.9567124783992768,1.0105167895555496,0.9545,1,24
station,nearest,single_station,5,era5,pangu_hres_init,11336,16,363,1.010725498199463,0.9799288466572762,1.0461184978485107,0.0455,2,24
station,nearest,single_station,5,era5,ifs_hres,11336,16,363,1.2826677560806274,1.2451370716094972,1.3265554487705231,0.0,3,24
station,nearest,single_station,7,avamet,graphcast_hres_init,11336,16,363,1.6554173784244708,1.6207853841035675,1.6908401750392548,1.0,1,24
station,nearest,single_station,7,avamet,pangu_hres_init,11336,16,363,1.741515448756571,1.7018871001569316,1.7821497684273482,0.0,2,24
station,nearest,single_station,7,avamet,ifs_hres,11336,16,363,1.7804727742761683,1.7387271827237412,1.825039539442921,0.0,3,24
station,nearest,single_station,7,era5,graphcast_hres_init,11336,16,363,0.9821152091026306,0.9550432354211807,1.0104339480400084,0.9405,1,24
station,nearest,single_station,7,era5,pangu_hres_init,11336,16,363,1.010725498199463,0.9742935359477997,1.0501466423273087,0.0595,2,24
station,nearest,single_station,7,era5,ifs_hres,11336,16,363,1.2826677560806274,1.2380265563726425,1.3275643736124039,0.0,3,24
station,nearest,sparse_2_3,1,avamet,graphcast_hres_init,24815,35,363,1.6640035201447678,1.630683920762294,1.6987551069303595,1.0,1,24
station,nearest,sparse_2_3,1,avamet,pangu_hres_init,24815,35,363,1.7439646683604793,1.7080362257256694,1.7820234921614724,0.0,2,24
station,nearest,sparse_2_3,1,avamet,ifs_hres,24815,35,363,1.790935634840298,1.7584768481477517,1.8248671859365475,0.0,3,24
station,nearest,sparse_2_3,1,era5,pangu_hres_init,24815,35,363,0.9666478037834167,0.9369934052228928,0.999499560892582,0.9945,1,24
station,nearest,sparse_2_3,1,era5,graphcast_hres_init,24815,35,363,1.0077992677688599,0.9837215572595597,1.0336694896221161,0.0055,2,24
station,nearest,sparse_2_3,1,era5,ifs_hres,24815,35,363,1.2646160125732422,1.2312997907400132,1.2960415989160539,0.0,3,24
station,nearest,sparse_2_3,3,avamet,graphcast_hres_init,24815,35,363,1.6640035201447678,1.6177013638206872,1.710954371983616,1.0,1,24
station,nearest,sparse_2_3,3,avamet,pangu_hres_init,24815,35,363,1.7439646683604793,1.6970082268219748,1.7925580608910523,0.0,2,24
station,nearest,sparse_2_3,3,avamet,ifs_hres,24815,35,363,1.790935634840298,1.7477715054556215,1.83340956474992,0.0,3,24
station,nearest,sparse_2_3,3,era5,pangu_hres_init,24815,35,363,0.9666478037834167,0.9339459270238877,1.0012332797050476,0.99,1,24
station,nearest,sparse_2_3,3,era5,graphcast_hres_init,24815,35,363,1.0077992677688599,0.9783236414194107,1.035909178853035,0.01,2,24
station,nearest,sparse_2_3,3,era5,ifs_hres,24815,35,363,1.2646160125732422,1.2213011533021927,1.3072245210409164,0.0,3,24
station,nearest,sparse_2_3,5,avamet,graphcast_hres_init,24815,35,363,1.6640035201447678,1.611017004412811,1.7195194316845035,1.0,1,24
station,nearest,sparse_2_3,5,avamet,pangu_hres_init,24815,35,363,1.7439646683604793,1.6907594729495956,1.7973589047518157,0.0,2,24
station,nearest,sparse_2_3,5,avamet,ifs_hres,24815,35,363,1.790935634840298,1.7437378146104123,1.84326238819764,0.0,3,24
station,nearest,sparse_2_3,5,era5,pangu_hres_init,24815,35,363,0.9666478037834167,0.9296652004122734,1.0049178719520568,0.9885,1,24
station,nearest,sparse_2_3,5,era5,graphcast_hres_init,24815,35,363,1.0077992677688599,0.9788497269153595,1.039090272784233,0.0115,2,24
station,nearest,sparse_2_3,5,era5,ifs_hres,24815,35,363,1.2646160125732422,1.216760402917862,1.321151778101921,0.0,3,24
station,nearest,sparse_2_3,7,avamet,graphcast_hres_init,24815,35,363,1.6640035201447678,1.6082039933913614,1.7274652122064171,1.0,1,24
station,nearest,sparse_2_3,7,avamet,pangu_hres_init,24815,35,363,1.7439646683604793,1.6853554749206612,1.8056573970293408,0.0,2,24
station,nearest,sparse_2_3,7,avamet,ifs_hres,24815,35,363,1.790935634840298,1.740414540615757,1.8439380320248089,0.0,3,24
station,nearest,sparse_2_3,7,era5,pangu_hres_init,24815,35,363,0.9666478037834167,0.9257241904735565,1.0040297031402587,0.983,1,24
station,nearest,sparse_2_3,7,era5,graphcast_hres_init,24815,35,363,1.0077992677688599,0.9766832187771797,1.0398029923439025,0.017,2,24
station,nearest,sparse_2_3,7,era5,ifs_hres,24815,35,363,1.2646160125732422,1.2129872918128968,1.317157194018364,0.0,3,24
cell_aggregate,nearest,dense_4_plus,1,avamet,graphcast_hres_init,8676,12,362,1.1923198167693312,1.1614887607093503,1.2233423910015975,1.0,1,48
cell_aggregate,nearest,dense_4_plus,1,avamet,pangu_hres_init,8676,12,362,1.3475015689148016,1.3144571524111184,1.3811943514116438,0.0,2,48
cell_aggregate,nearest,dense_4_plus,1,avamet,ifs_hres,8676,12,362,1.4097148686795005,1.3702390741312296,1.4484128134118142,0.0,3,48
cell_aggregate,nearest,dense_4_plus,1,era5,graphcast_hres_init,8676,12,362,0.988490641117096,0.9628652930259705,1.0146213442087173,0.9105,1,48
cell_aggregate,nearest,dense_4_plus,1,era5,pangu_hres_init,8676,12,362,1.008563756942749,0.9772808000445365,1.0402001678943633,0.0895,2,48
cell_aggregate,nearest,dense_4_plus,1,era5,ifs_hres,8676,12,362,1.311997652053833,1.2810730278491973,1.3435877829790115,0.0,3,48
cell_aggregate,nearest,dense_4_plus,3,avamet,graphcast_hres_init,8676,12,362,1.1923198167693312,1.1591274391315793,1.2260028108546162,1.0,1,48
cell_aggregate,nearest,dense_4_plus,3,avamet,pangu_hres_init,8676,12,362,1.3475015689148016,1.3096623182257634,1.3859387037075712,0.0,2,48
cell_aggregate,nearest,dense_4_plus,3,avamet,ifs_hres,8676,12,362,1.4097148686795005,1.3629450859089391,1.4610616424300407,0.0,3,48
cell_aggregate,nearest,dense_4_plus,3,era5,graphcast_hres_init,8676,12,362,0.988490641117096,0.958924388885498,1.0190546244382859,0.878,1,48
cell_aggregate,nearest,dense_4_plus,3,era5,pangu_hres_init,8676,12,362,1.008563756942749,0.9751010268926621,1.0424053937196731,0.122,2,48
cell_aggregate,nearest,dense_4_plus,3,era5,ifs_hres,8676,12,362,1.311997652053833,1.2779762119054794,1.349365195631981,0.0,3,48
cell_aggregate,nearest,dense_4_plus,5,avamet,graphcast_hres_init,8676,12,362,1.1923198167693312,1.15539222664462,1.2294494155951143,1.0,1,48
cell_aggregate,nearest,dense_4_plus,5,avamet,pangu_hres_init,8676,12,362,1.3475015689148016,1.3069528610405106,1.3884669748218843,0.0,2,48
cell_aggregate,nearest,dense_4_plus,5,avamet,ifs_hres,8676,12,362,1.4097148686795005,1.3556070558493318,1.4675248405946018,0.0,3,48
cell_aggregate,nearest,dense_4_plus,5,era5,graphcast_hres_init,8676,12,362,0.988490641117096,0.9574666768312454,1.0184494823217392,0.8835,1,48
cell_aggregate,nearest,dense_4_plus,5,era5,pangu_hres_init,8676,12,362,1.008563756942749,0.9714849218726158,1.0462283462285995,0.1165,2,48
cell_aggregate,nearest,dense_4_plus,5,era5,ifs_hres,8676,12,362,1.311997652053833,1.2713194578886031,1.3528299629688263,0.0,3,48
cell_aggregate,nearest,dense_4_plus,7,avamet,graphcast_hres_init,8676,12,362,1.1923198167693312,1.152533412027134,1.2290211778713973,1.0,1,48
cell_aggregate,nearest,dense_4_plus,7,avamet,pangu_hres_init,8676,12,362,1.3475015689148016,1.3056024634874148,1.3887624344589644,0.0,2,48
cell_aggregate,nearest,dense_4_plus,7,avamet,ifs_hres,8676,12,362,1.4097148686795005,1.3500224183535685,1.471850689922544,0.0,3,48
cell_aggregate,nearest,dense_4_plus,7,era5,graphcast_hres_init,8676,12,362,0.988490641117096,0.9557205379009247,1.0200622171163558,0.884,1,48
cell_aggregate,nearest,dense_4_plus,7,era5,pangu_hres_init,8676,12,362,1.008563756942749,0.9710063934326172,1.0462402403354645,0.116,2,48
cell_aggregate,nearest,dense_4_plus,7,era5,ifs_hres,8676,12,362,1.311997652053833,1.267156359553337,1.3588718056678772,0.0,3,48
cell_aggregate,nearest,multi_station_cells,1,avamet,graphcast_hres_init,19179,27,362,1.2732127472384402,1.2446463668240382,1.303333865186273,1.0,1,48
cell_aggregate,nearest,multi_station_cells,1,avamet,pangu_hres_init,19179,27,362,1.3822322542738124,1.3505284630009766,1.4158125998093787,0.0,2,48
cell_aggregate,nearest,multi_station_cells,1,avamet,ifs_hres,19179,27,362,1.4506401219548148,1.41826116353376,1.4874074154460417,0.0,3,48
cell_aggregate,nearest,multi_station_cells,1,era5,pangu_hres_init,19179,27,362,1.001375436782837,0.9721753880381584,1.0309945106506349,0.9445,1,48
cell_aggregate,nearest,multi_station_cells,1,era5,graphcast_hres_init,19179,27,362,1.0254371166229248,1.0005450338125228,1.050824698805809,0.0555,2,48
cell_aggregate,nearest,multi_station_cells,1,era5,ifs_hres,19179,27,362,1.3158313035964966,1.2858529061079025,1.3477454245090486,0.0,3,48
cell_aggregate,nearest,multi_station_cells,3,avamet,graphcast_hres_init,19179,27,362,1.2732127472384402,1.2401032371972003,1.3085372739304535,1.0,1,48
cell_aggregate,nearest,multi_station_cells,3,avamet,pangu_hres_init,19179,27,362,1.3822322542738124,1.3457115451793995,1.418830925783835,0.0,2,48
cell_aggregate,nearest,multi_station_cells,3,avamet,ifs_hres,19179,27,362,1.4506401219548148,1.4117204451609606,1.4944339834294218,0.0,3,48
cell_aggregate,nearest,multi_station_cells,3,era5,pangu_hres_init,19179,27,362,1.001375436782837,0.969701986014843,1.034001526236534,0.9205,1,48
cell_aggregate,nearest,multi_station_cells,3,era5,graphcast_hres_init,19179,27,362,1.0254371166229248,0.9973240911960601,1.0535647869110107,0.0795,2,48
cell_aggregate,nearest,multi_station_cells,3,era5,ifs_hres,19179,27,362,1.3158313035964966,1.2776028960943222,1.3562253266572952,0.0,3,48
cell_aggregate,nearest,multi_station_cells,5,avamet,graphcast_hres_init,19179,27,362,1.2732127472384402,1.2352095719029308,1.311727614465757,1.0,1,48
cell_aggregate,nearest,multi_station_cells,5,avamet,pangu_hres_init,19179,27,362,1.3822322542738124,1.3445111207627602,1.423973935782486,0.0,2,48
cell_aggregate,nearest,multi_station_cells,5,avamet,ifs_hres,19179,27,362,1.4506401219548148,1.407630127748173,1.4964524361271199,0.0,3,48
cell_aggregate,nearest,multi_station_cells,5,era5,pangu_hres_init,19179,27,362,1.001375436782837,0.9675591260194778,1.036754596233368,0.935,1,48
cell_aggregate,nearest,multi_station_cells,5,era5,graphcast_hres_init,19179,27,362,1.0254371166229248,0.9962091192603111,1.055962187051773,0.065,2,48
cell_aggregate,nearest,multi_station_cells,5,era5,ifs_hres,19179,27,362,1.3158313035964966,1.2746374189853669,1.3578834325075149,0.0,3,48
cell_aggregate,nearest,multi_station_cells,7,avamet,graphcast_hres_init,19179,27,362,1.2732127472384402,1.23543894708139,1.314444588490247,1.0,1,48
cell_aggregate,nearest,multi_station_cells,7,avamet,pangu_hres_init,19179,27,362,1.3822322542738124,1.3423373109966823,1.4254308147948045,0.0,2,48
cell_aggregate,nearest,multi_station_cells,7,avamet,ifs_hres,19179,27,362,1.4506401219548148,1.4051275093533622,1.4967802461929018,0.0,3,48
cell_aggregate,nearest,multi_station_cells,7,era5,pangu_hres_init,19179,27,362,1.001375436782837,0.9679710775613785,1.0378143429756164,0.925,1,48
cell_aggregate,nearest,multi_station_cells,7,era5,graphcast_hres_init,19179,27,362,1.0254371166229248,0.998311448097229,1.055177888274193,0.075,2,48
cell_aggregate,nearest,multi_station_cells,7,era5,ifs_hres,19179,27,362,1.3158313035964966,1.2704058021306992,1.3653577804565429,0.0,3,48
cell_aggregate,nearest,sparse_2_3,1,avamet,graphcast_hres_init,10503,15,362,1.3401892758873348,1.3082203689313878,1.3741205795796754,1.0,1,48
cell_aggregate,nearest,sparse_2_3,1,avamet,pangu_hres_init,10503,15,362,1.411097386010322,1.3736821520401123,1.4492862935631061,0.0,2,48
cell_aggregate,nearest,sparse_2_3,1,avamet,ifs_hres,10503,15,362,1.4838258419601158,1.4512613694813379,1.519406516895133,0.0,3,48
cell_aggregate,nearest,sparse_2_3,1,era5,pangu_hres_init,10503,15,362,0.9948691129684448,0.9613406255841255,1.0275127738714218,1.0,1,48
cell_aggregate,nearest,sparse_2_3,1,era5,graphcast_hres_init,10503,15,362,1.0555561780929565,1.026226955652237,1.0843113273382186,0.0,2,48
cell_aggregate,nearest,sparse_2_3,1,era5,ifs_hres,10503,15,362,1.318810224533081,1.2848713994026184,1.3536457180976866,0.0,3,48
cell_aggregate,nearest,sparse_2_3,3,avamet,graphcast_hres_init,10503,15,362,1.3401892758873348,1.2993877998980838,1.380897971004293,1.0,1,48
cell_aggregate,nearest,sparse_2_3,3,avamet,pangu_hres_init,10503,15,362,1.411097386010322,1.3674878518399547,1.4535197424777564,0.0,2,48
cell_aggregate,nearest,sparse_2_3,3,avamet,ifs_hres,10503,15,362,1.4838258419601158,1.4442864882424764,1.5221378971238526,0.0,3,48
cell_aggregate,nearest,sparse_2_3,3,era5,pangu_hres_init,10503,15,362,0.9948691129684448,0.9568799749016762,1.0307895600795747,0.9995,1,48
cell_aggregate,nearest,sparse_2_3,3,era5,graphcast_hres_init,10503,15,362,1.0555561780929565,1.0203826874494553,1.0901535540819167,0.0005,2,48
cell_aggregate,nearest,sparse_2_3,3,era5,ifs_hres,10503,15,362,1.318810224533081,1.276625970005989,1.3615002542734145,0.0,3,48
cell_aggregate,nearest,sparse_2_3,5,avamet,graphcast_hres_init,10503,15,362,1.3401892758873348,1.2961322870898246,1.3860489379435568,1.0,1,48
cell_aggregate,nearest,sparse_2_3,5,avamet,pangu_hres_init,10503,15,362,1.411097386010322,1.3656161744647333,1.4609204376961655,0.0,2,48
cell_aggregate,nearest,sparse_2_3,5,avamet,ifs_hres,10503,15,362,1.4838258419601158,1.4400826157151991,1.5273905103578906,0.0,3,48
cell_aggregate,nearest,sparse_2_3,5,era5,pangu_hres_init,10503,15,362,0.9948691129684448,0.9573766052722931,1.0357441782951353,0.9995,1,48
cell_aggregate,nearest,sparse_2_3,5,era5,graphcast_hres_init,10503,15,362,1.0555561780929565,1.0221408307552338,1.0910766571760178,0.0005,2,48
cell_aggregate,nearest,sparse_2_3,5,era5,ifs_hres,10503,15,362,1.318810224533081,1.27130269408226,1.372479620575905,0.0,3,48
cell_aggregate,nearest,sparse_2_3,7,avamet,graphcast_hres_init,10503,15,362,1.3401892758873348,1.2897394507626263,1.3894177598492872,1.0,1,48
cell_aggregate,nearest,sparse_2_3,7,avamet,pangu_hres_init,10503,15,362,1.411097386010322,1.3624995475201678,1.4600714850605996,0.0,2,48
cell_aggregate,nearest,sparse_2_3,7,avamet,ifs_hres,10503,15,362,1.4838258419601158,1.4374716435465311,1.5273180493041918,0.0,3,48
cell_aggregate,nearest,sparse_2_3,7,era5,pangu_hres_init,10503,15,362,0.9948691129684448,0.9552041977643967,1.0380649745464325,0.9985,1,48
cell_aggregate,nearest,sparse_2_3,7,era5,graphcast_hres_init,10503,15,362,1.0555561780929565,1.0196232110261918,1.0916637271642684,0.0015,2,48
cell_aggregate,nearest,sparse_2_3,7,era5,ifs_hres,10503,15,362,1.318810224533081,1.2661704391241073,1.371784397959709,0.0,3,48
station,bilinear,all_eligible,1,avamet,graphcast_hres_init,102694,146,362,1.6611355877243532,1.6310876651151416,1.6905297232078438,1.0,1,48
station,bilinear,all_eligible,1,avamet,pangu_hres_init,102694,146,362,1.7408572143717278,1.7070722648346273,1.7760580079639816,0.0,2,48
station,bilinear,all_eligible,1,avamet,ifs_hres,102694,146,362,1.7672090517320183,1.731420431249501,1.802158377692244,0.0,3,48
station,bilinear,all_eligible,1,era5,pangu_hres_init,102694,146,362,0.884916587338844,0.8571916436639455,0.9139604694641219,1.0,1,48
station,bilinear,all_eligible,1,era5,graphcast_hres_init,102694,146,362,0.9735982413351127,0.9449422192869744,1.0010018748484206,0.0,2,48
station,bilinear,all_eligible,1,era5,ifs_hres,102694,146,362,1.2337861013599463,1.197361912704688,1.2704551006628548,0.0,3,48
station,bilinear,all_eligible,3,avamet,graphcast_hres_init,102694,146,362,1.6611355877243532,1.6241987815582795,1.6985648101973372,1.0,1,48
station,bilinear,all_eligible,3,avamet,pangu_hres_init,102694,146,362,1.7408572143717278,1.7020773489453596,1.7827771829533758,0.0,2,48
station,bilinear,all_eligible,3,avamet,ifs_hres,102694,146,362,1.7672090517320183,1.721540267500927,1.8151508135934187,0.0,3,48
station,bilinear,all_eligible,3,era5,pangu_hres_init,102694,146,362,0.884916587338844,0.8524648127691802,0.917867627618342,1.0,1,48
station,bilinear,all_eligible,3,era5,graphcast_hres_init,102694,146,362,0.9735982413351127,0.9420760098941169,1.0046449257586851,0.0,2,48
station,bilinear,all_eligible,3,era5,ifs_hres,102694,146,362,1.2337861013599463,1.1896708170236325,1.279594762135543,0.0,3,48
station,bilinear,all_eligible,5,avamet,graphcast_hres_init,102694,146,362,1.6611355877243532,1.6240049603349844,1.7013965722504145,1.0,1,48
station,bilinear,all_eligible,5,avamet,pangu_hres_init,102694,146,362,1.7408572143717278,1.7001184578779132,1.7835542670988311,0.0,2,48
station,bilinear,all_eligible,5,avamet,ifs_hres,102694,146,362,1.7672090517320183,1.7166844975923257,1.8178922969253766,0.0,3,48
station,bilinear,all_eligible,5,era5,pangu_hres_init,102694,146,362,0.884916587338844,0.8510699541647616,0.9195230107337217,1.0,1,48
station,bilinear,all_eligible,5,era5,graphcast_hres_init,102694,146,362,0.9735982413351127,0.9397350846252438,1.0082312969983047,0.0,2,48
station,bilinear,all_eligible,5,era5,ifs_hres,102694,146,362,1.2337861013599463,1.1850416847046028,1.2844202719240954,0.0,3,48
station,bilinear,all_eligible,7,avamet,graphcast_hres_init,102694,146,362,1.6611355877243532,1.619579310293425,1.7032646523254744,1.0,1,48
station,bilinear,all_eligible,7,avamet,pangu_hres_init,102694,146,362,1.7408572143717278,1.6981514449197534,1.7879425908034812,0.0,2,48
station,bilinear,all_eligible,7,avamet,ifs_hres,102694,146,362,1.7672090517320183,1.7137325436174091,1.8245874020874588,0.0,3,48
station,bilinear,all_eligible,7,era5,pangu_hres_init,102694,146,362,0.884916587338844,0.8529531829197368,0.9197937401155954,1.0,1,48
station,bilinear,all_eligible,7,era5,graphcast_hres_init,102694,146,362,0.9735982413351127,0.9401860624112451,1.0082700343252002,0.0,2,48
station,bilinear,all_eligible,7,era5,ifs_hres,102694,146,362,1.2337861013599463,1.1841109781697738,1.2885350609525918,0.0,3,48
station,bilinear,dense_4_plus,1,avamet,graphcast_hres_init,66643,95,362,1.6910237543404893,1.6581102108197865,1.721354567501716,1.0,1,48
station,bilinear,dense_4_plus,1,avamet,pangu_hres_init,66643,95,362,1.7553066679899532,1.7171725439925425,1.7895113849554216,0.0,2,48
station,bilinear,dense_4_plus,1,avamet,ifs_hres,66643,95,362,1.8304667470131972,1.7901828176011476,1.8686739339742597,0.0,3,48
station,bilinear,dense_4_plus,1,era5,pangu_hres_init,66643,95,362,0.8583042995520967,0.8277605275457371,0.8897006565058709,1.0,1,48
station,bilinear,dense_4_plus,1,era5,graphcast_hres_init,66643,95,362,0.9674564319728028,0.9363747256503465,0.9975483852467812,0.0,2,48
station,bilinear,dense_4_plus,1,era5,ifs_hres,66643,95,362,1.2557596881820312,1.2159969043954035,1.2956193452369573,0.0,3,48
station,bilinear,dense_4_plus,3,avamet,graphcast_hres_init,66643,95,362,1.6910237543404893,1.6533686069032454,1.7311046089071762,1.0,1,48
station,bilinear,dense_4_plus,3,avamet,pangu_hres_init,66643,95,362,1.7553066679899532,1.7096412499204707,1.7997072082032413,0.0,2,48
station,bilinear,dense_4_plus,3,avamet,ifs_hres,66643,95,362,1.8304667470131972,1.776727840654807,1.8844261061603587,0.0,3,48
station,bilinear,dense_4_plus,3,era5,pangu_hres_init,66643,95,362,0.8583042995520967,0.8264277711254265,0.8910904277467602,1.0,1,48
station,bilinear,dense_4_plus,3,era5,graphcast_hres_init,66643,95,362,0.9674564319728028,0.9303156395141932,1.0040286302541892,0.0,2,48
station,bilinear,dense_4_plus,3,era5,ifs_hres,66643,95,362,1.2557596881820312,1.2056896247199766,1.306210343906029,0.0,3,48
station,bilinear,dense_4_plus,5,avamet,graphcast_hres_init,66643,95,362,1.6910237543404893,1.6503779124924838,1.7338692905255952,1.0,1,48
station,bilinear,dense_4_plus,5,avamet,pangu_hres_init,66643,95,362,1.7553066679899532,1.7080558775441192,1.8039827694530512,0.0,2,48
station,bilinear,dense_4_plus,5,avamet,ifs_hres,66643,95,362,1.8304667470131972,1.7694367605159864,1.8914019988650144,0.0,3,48
station,bilinear,dense_4_plus,5,era5,pangu_hres_init,66643,95,362,0.8583042995520967,0.8241444093486718,0.8951505977260351,1.0,1,48
station,bilinear,dense_4_plus,5,era5,graphcast_hres_init,66643,95,362,0.9674564319728028,0.9293789341314549,1.0087514486294127,0.0,2,48
station,bilinear,dense_4_plus,5,era5,ifs_hres,66643,95,362,1.2557596881820312,1.20210259436054,1.3104598296116297,0.0,3,48
station,bilinear,dense_4_plus,7,avamet,graphcast_hres_init,66643,95,362,1.6910237543404893,1.6487223813740437,1.733081215873478,1.0,1,48
station,bilinear,dense_4_plus,7,avamet,pangu_hres_init,66643,95,362,1.7553066679899532,1.7063724342958135,1.804815437269438,0.0,2,48
station,bilinear,dense_4_plus,7,avamet,ifs_hres,66643,95,362,1.8304667470131972,1.7683715752145774,1.8953530548854463,0.0,3,48
station,bilinear,dense_4_plus,7,era5,pangu_hres_init,66643,95,362,0.8583042995520967,0.8223456549779595,0.8955308420075583,1.0,1,48
station,bilinear,dense_4_plus,7,era5,graphcast_hres_init,66643,95,362,0.9674564319728028,0.926012590202416,1.0102366382524857,0.0,2,48
station,bilinear,dense_4_plus,7,era5,ifs_hres,66643,95,362,1.2557596881820312,1.2023545062719099,1.3091921614595228,0.0,3,48
station,bilinear,single_station,1,avamet,ifs_hres,11306,16,362,1.567106233774085,1.5362792806965824,1.6001522382390994,0.9485,1,48
station,bilinear,single_station,1,avamet,graphcast_hres_init,11306,16,362,1.584600951333672,1.5561573976008016,1.6140956261510258,0.0515,2,48
station,bilinear,single_station,1,avamet,pangu_hres_init,11306,16,362,1.7478742097517064,1.7150591033458464,1.785265462597513,0.0,3,48
station,bilinear,single_station,1,era5,pangu_hres_init,11306,16,362,0.9198457135550063,0.8893021490000353,0.9516341927064954,0.6105,1,48
station,bilinear,single_station,1,era5,graphcast_hres_init,11306,16,362,0.9249773991125285,0.8970656252271967,0.9528721403610971,0.3895,2,48
station,bilinear,single_station,1,era5,ifs_hres,11306,16,362,1.1212889619124913,1.086110924904098,1.158297481392229,0.0,3,48
station,bilinear,single_station,3,avamet,ifs_hres,11306,16,362,1.567106233774085,1.5314895212836896,1.604279977863608,0.9275,1,48
station,bilinear,single_station,3,avamet,graphcast_hres_init,11306,16,362,1.584600951333672,1.550355377767485,1.621396256376261,0.0725,2,48
station,bilinear,single_station,3,avamet,pangu_hres_init,11306,16,362,1.7478742097517064,1.707229096641226,1.790765988716017,0.0,3,48
station,bilinear,single_station,3,era5,pangu_hres_init,11306,16,362,0.9198457135550063,0.88531441162044,0.9555709150241974,0.6005,1,48
station,bilinear,single_station,3,era5,graphcast_hres_init,11306,16,362,0.9249773991125285,0.8928030549772249,0.9595290169251746,0.3995,2,48
station,bilinear,single_station,3,era5,ifs_hres,11306,16,362,1.1212889619124913,1.0768999001963087,1.1678028478283164,0.0,3,48
station,bilinear,single_station,5,avamet,ifs_hres,11306,16,362,1.567106233774085,1.5299168837684678,1.605513837716036,0.908,1,48
station,bilinear,single_station,5,avamet,graphcast_hres_init,11306,16,362,1.584600951333672,1.549075620927071,1.6231147128576937,0.092,2,48
station,bilinear,single_station,5,avamet,pangu_hres_init,11306,16,362,1.7478742097517064,1.7032271512374264,1.7941121196850307,0.0,3,48
station,bilinear,single_station,5,era5,pangu_hres_init,11306,16,362,0.9198457135550063,0.8825502292429243,0.960426734749836,0.5885,1,48
station,bilinear,single_station,5,era5,graphcast_hres_init,11306,16,362,0.9249773991125285,0.8925985736039342,0.9594496956384693,0.4115,2,48
station,bilinear,single_station,5,era5,ifs_hres,11306,16,362,1.1212889619124913,1.072604672534581,1.174049715303546,0.0,3,48
station,bilinear,single_station,7,avamet,ifs_hres,11306,16,362,1.567106233774085,1.530837472303674,1.604308394849348,0.8985,1,48
station,bilinear,single_station,7,avamet,graphcast_hres_init,11306,16,362,1.584600951333672,1.550681762064181,1.6217330669479433,0.1015,2,48
station,bilinear,single_station,7,avamet,pangu_hres_init,11306,16,362,1.7478742097517064,1.7059233676769592,1.795009088868713,0.0,3,48
station,bilinear,single_station,7,era5,pangu_hres_init,11306,16,362,0.9198457135550063,0.882716966704969,0.9600024564387885,0.6065,1,48
station,bilinear,single_station,7,era5,graphcast_hres_init,11306,16,362,0.9249773991125285,0.8898522784825948,0.9605009475223814,0.3935,2,48
station,bilinear,single_station,7,era5,ifs_hres,11306,16,362,1.1212889619124913,1.066635225263832,1.177103981165488,0.0,3,48
station,bilinear,sparse_2_3,1,avamet,graphcast_hres_init,24745,35,362,1.6156257620693948,1.580788415865307,1.654449638820465,1.0,1,48
station,bilinear,sparse_2_3,1,avamet,ifs_hres,24745,35,362,1.6880085661490547,1.6540851340939495,1.724190911411251,0.0,2,48
station,bilinear,sparse_2_3,1,avamet,pangu_hres_init,24745,35,362,1.698191702070797,1.660077981596429,1.7380557134273638,0.0,3,48
station,bilinear,sparse_2_3,1,era5,pangu_hres_init,24745,35,362,0.9403059232019482,0.9067092765777761,0.9748879350251775,1.0,1,48
station,bilinear,sparse_2_3,1,era5,graphcast_hres_init,24745,35,362,1.0118721616716628,0.9819366742967005,1.042363666968548,0.0,2,48
station,bilinear,sparse_2_3,1,era5,ifs_hres,24745,35,362,1.2252503811736026,1.1912471941662925,1.2602948435648016,0.0,3,48
station,bilinear,sparse_2_3,3,avamet,graphcast_hres_init,24745,35,362,1.6156257620693948,1.567720042078928,1.6644310398881428,1.0,1,48
station,bilinear,sparse_2_3,3,avamet,ifs_hres,24745,35,362,1.6880085661490547,1.6428356083028501,1.7340615829652637,0.0,2,48
station,bilinear,sparse_2_3,3,avamet,pangu_hres_init,24745,35,362,1.698191702070797,1.6504720319071637,1.7472505195855543,0.0,3,48
station,bilinear,sparse_2_3,3,era5,pangu_hres_init,24745,35,362,0.9403059232019482,0.9044401747427243,0.9778203357694281,1.0,1,48
station,bilinear,sparse_2_3,3,era5,graphcast_hres_init,24745,35,362,1.0118721616716628,0.9772704074373406,1.0466570978236105,0.0,2,48
station,bilinear,sparse_2_3,3,era5,ifs_hres,24745,35,362,1.2252503811736026,1.1809970364367508,1.2707566937752925,0.0,3,48
station,bilinear,sparse_2_3,5,avamet,graphcast_hres_init,24745,35,362,1.6156257620693948,1.55923394221297,1.6718975358111619,1.0,1,48
station,bilinear,sparse_2_3,5,avamet,ifs_hres,24745,35,362,1.6880085661490547,1.6380327283794425,1.7386556864855853,0.0,2,48
station,bilinear,sparse_2_3,5,avamet,pangu_hres_init,24745,35,362,1.698191702070797,1.6447846846132002,1.7534393199274274,0.0,3,48
station,bilinear,sparse_2_3,5,era5,pangu_hres_init,24745,35,362,0.9403059232019482,0.9030389933398314,0.9768596499070754,0.9995,1,48
station,bilinear,sparse_2_3,5,era5,graphcast_hres_init,24745,35,362,1.0118721616716628,0.9786704588620511,1.0446559687639094,0.0005,2,48
station,bilinear,sparse_2_3,5,era5,ifs_hres,24745,35,362,1.2252503811736026,1.1758349621749218,1.2733527255060704,0.0,3,48
station,bilinear,sparse_2_3,7,avamet,graphcast_hres_init,24745,35,362,1.6156257620693948,1.5534897565427364,1.6777176428813607,1.0,1,48
station,bilinear,sparse_2_3,7,avamet,ifs_hres,24745,35,362,1.6880085661490547,1.6304460405096965,1.7484674753463654,0.0,2,48
station,bilinear,sparse_2_3,7,avamet,pangu_hres_init,24745,35,362,1.698191702070797,1.638864037552173,1.7540340185341603,0.0,3,48
station,bilinear,sparse_2_3,7,era5,pangu_hres_init,24745,35,362,0.9403059232019482,0.9014413868389439,0.9773625851548349,1.0,1,48
station,bilinear,sparse_2_3,7,era5,graphcast_hres_init,24745,35,362,1.0118721616716628,0.9755132460620884,1.0467402216026556,0.0,2,48
station,bilinear,sparse_2_3,7,era5,ifs_hres,24745,35,362,1.2252503811736026,1.173118407057089,1.279652916218457,0.0,3,48
station,nearest,all_eligible,1,avamet,graphcast_hres_init,102694,146,362,1.712446106063246,1.6835786331472455,1.7425020502879194,1.0,1,48
station,nearest,all_eligible,1,avamet,pangu_hres_init,102694,146,362,1.8156081992601252,1.7815418335126094,1.8493966249627714,0.0,2,48
station,nearest,all_eligible,1,avamet,ifs_hres,102694,146,362,1.8693545706818677,1.836781057214245,1.9018357674971895,0.0,3,48
station,nearest,all_eligible,1,era5,pangu_hres_init,102694,146,362,1.0251433849334717,0.9958013996481896,1.0543208688497543,0.7615,1,48
station,nearest,all_eligible,1,era5,graphcast_hres_init,102694,146,362,1.0353127717971802,1.010566958785057,1.0605837374925613,0.2385,2,48
station,nearest,all_eligible,1,era5,ifs_hres,102694,146,362,1.3641307353973389,1.3335026264190675,1.3955931156873702,0.0,3,48
station,nearest,all_eligible,3,avamet,graphcast_hres_init,102694,146,362,1.712446106063246,1.6780244028341058,1.751384843249876,1.0,1,48
station,nearest,all_eligible,3,avamet,pangu_hres_init,102694,146,362,1.8156081992601252,1.7774779982648754,1.8594174323018255,0.0,2,48
station,nearest,all_eligible,3,avamet,ifs_hres,102694,146,362,1.8693545706818677,1.8282382708790033,1.913743110343368,0.0,3,48
station,nearest,all_eligible,3,era5,pangu_hres_init,102694,146,362,1.0251433849334717,0.9934767231345176,1.0591082841157913,0.7125,1,48
station,nearest,all_eligible,3,era5,graphcast_hres_init,102694,146,362,1.0353127717971802,1.006274089217186,1.064647689461708,0.2875,2,48
station,nearest,all_eligible,3,era5,ifs_hres,102694,146,362,1.3641307353973389,1.3245636969804764,1.4039474368095397,0.0,3,48
station,nearest,all_eligible,5,avamet,graphcast_hres_init,102694,146,362,1.712446106063246,1.6740040307855124,1.7569002589217426,1.0,1,48
station,nearest,all_eligible,5,avamet,pangu_hres_init,102694,146,362,1.8156081992601252,1.774205500205032,1.8626896654982124,0.0,2,48
station,nearest,all_eligible,5,avamet,ifs_hres,102694,146,362,1.8693545706818677,1.823138726494919,1.9182455390440114,0.0,3,48
station,nearest,all_eligible,5,era5,pangu_hres_init,102694,146,362,1.0251433849334717,0.9906025066971779,1.0613281399011611,0.716,1,48
station,nearest,all_eligible,5,era5,graphcast_hres_init,102694,146,362,1.0353127717971802,1.0029314666986466,1.0676286488771438,0.284,2,48
station,nearest,all_eligible,5,era5,ifs_hres,102694,146,362,1.3641307353973389,1.3214760333299638,1.4065260678529738,0.0,3,48
station,nearest,all_eligible,7,avamet,graphcast_hres_init,102694,146,362,1.712446106063246,1.669783716462022,1.7580455582311092,1.0,1,48
station,nearest,all_eligible,7,avamet,pangu_hres_init,102694,146,362,1.8156081992601252,1.773373654224089,1.8646244915539358,0.0,2,48
station,nearest,all_eligible,7,avamet,ifs_hres,102694,146,362,1.8693545706818677,1.8180157095478973,1.9244610057787177,0.0,3,48
station,nearest,all_eligible,7,era5,pangu_hres_init,102694,146,362,1.0251433849334717,0.9889106050133705,1.0607790619134903,0.7005,1,48
station,nearest,all_eligible,7,era5,graphcast_hres_init,102694,146,362,1.0353127717971802,1.0020306140184403,1.0674910366535186,0.2995,2,48
station,nearest,all_eligible,7,era5,ifs_hres,102694,146,362,1.3641307353973389,1.3188797682523727,1.4123614758253098,0.0,3,48
station,nearest,dense_4_plus,1,avamet,graphcast_hres_init,66643,95,362,1.715648823821021,1.6842833252780682,1.7488788826346837,1.0,1,48
station,nearest,dense_4_plus,1,avamet,pangu_hres_init,66643,95,362,1.8302529320199352,1.792846865825782,1.8683463555174442,0.0,2,48
station,nearest,dense_4_plus,1,avamet,ifs_hres,66643,95,362,1.887489429453358,1.8492109678302222,1.9265746216614905,0.0,3,48
station,nearest,dense_4_plus,1,era5,graphcast_hres_init,66643,95,362,1.0283806324005127,0.9995576173067093,1.057713195681572,0.7055,1,48
station,nearest,dense_4_plus,1,era5,pangu_hres_init,66643,95,362,1.03705894947052,1.0059693664312364,1.0695019692182541,0.2945,2,48
station,nearest,dense_4_plus,1,era5,ifs_hres,66643,95,362,1.3762989044189453,1.340822556614876,1.411458134651184,0.0,3,48
station,nearest,dense_4_plus,3,avamet,graphcast_hres_init,66643,95,362,1.715648823821021,1.6741369022053445,1.7554541134408215,1.0,1,48
station,nearest,dense_4_plus,3,avamet,pangu_hres_init,66643,95,362,1.8302529320199352,1.7826421474821215,1.8770707237827953,0.0,2,48
station,nearest,dense_4_plus,3,avamet,ifs_hres,66643,95,362,1.887489429453358,1.8373214897883188,1.9397993807826985,0.0,3,48
station,nearest,dense_4_plus,3,era5,graphcast_hres_init,66643,95,362,1.0283806324005127,0.993832352757454,1.0629143118858337,0.663,1,48
station,nearest,dense_4_plus,3,era5,pangu_hres_init,66643,95,362,1.03705894947052,1.0010773688554764,1.0729975134134293,0.337,2,48
station,nearest,dense_4_plus,3,era5,ifs_hres,66643,95,362,1.3762989044189453,1.3361314535140991,1.4197219848632812,0.0,3,48
station,nearest,dense_4_plus,5,avamet,graphcast_hres_init,66643,95,362,1.715648823821021,1.6696843505342533,1.7579529202935358,1.0,1,48
station,nearest,dense_4_plus,5,avamet,pangu_hres_init,66643,95,362,1.8302529320199352,1.780324721925701,1.880204523576686,0.0,2,48
station,nearest,dense_4_plus,5,avamet,ifs_hres,66643,95,362,1.887489429453358,1.8310329297498567,1.947035337909771,0.0,3,48
station,nearest,dense_4_plus,5,era5,graphcast_hres_init,66643,95,362,1.0283806324005127,0.9903360828757286,1.0644193559885025,0.6755,1,48
station,nearest,dense_4_plus,5,era5,pangu_hres_init,66643,95,362,1.03705894947052,0.9957881018519402,1.0758676528930664,0.3245,2,48
station,nearest,dense_4_plus,5,era5,ifs_hres,66643,95,362,1.3762989044189453,1.3322910606861114,1.423783865571022,0.0,3,48
station,nearest,dense_4_plus,7,avamet,graphcast_hres_init,66643,95,362,1.715648823821021,1.6684449098772867,1.7622932386372199,1.0,1,48
station,nearest,dense_4_plus,7,avamet,pangu_hres_init,66643,95,362,1.8302529320199352,1.777696149463287,1.8842461440348586,0.0,2,48
station,nearest,dense_4_plus,7,avamet,ifs_hres,66643,95,362,1.887489429453358,1.8282832478029418,1.9456618418204545,0.0,3,48
station,nearest,dense_4_plus,7,era5,graphcast_hres_init,66643,95,362,1.0283806324005127,0.9903411641716957,1.0666306853294372,0.6445,1,48
station,nearest,dense_4_plus,7,era5,pangu_hres_init,66643,95,362,1.03705894947052,0.996028870344162,1.0799519956111907,0.3555,2,48
station,nearest,dense_4_plus,7,era5,ifs_hres,66643,95,362,1.3762989044189453,1.3293612092733382,1.4232585042715074,0.0,3,48
station,nearest,single_station,1,avamet,graphcast_hres_init,11306,16,362,1.6840859236231345,1.6552701337155062,1.7107299488009966,1.0,1,48
station,nearest,single_station,1,avamet,pangu_hres_init,11306,16,362,1.792775721400012,1.757379186554129,1.8286149307571478,0.0,2,48
station,nearest,single_station,1,avamet,ifs_hres,11306,16,362,1.8146518675427037,1.782730410902252,1.8457840241648502,0.0,3,48
station,nearest,single_station,1,era5,pangu_hres_init,11306,16,362,1.0069897174835205,0.9780043289065361,1.0362773567438126,0.6885,1,48
station,nearest,single_station,1,era5,graphcast_hres_init,11306,16,362,1.0133602619171143,0.9877740740776062,1.0397568941116333,0.3115,2,48
station,nearest,single_station,1,era5,ifs_hres,11306,16,362,1.3456274271011353,1.314423069357872,1.3766841143369675,0.0,3,48
station,nearest,single_station,3,avamet,graphcast_hres_init,11306,16,362,1.6840859236231345,1.649353471747497,1.7176442022428868,1.0,1,48
station,nearest,single_station,3,avamet,pangu_hres_init,11306,16,362,1.792775721400012,1.7523609135463132,1.8319837536021313,0.0,2,48
station,nearest,single_station,3,avamet,ifs_hres,11306,16,362,1.8146518675427037,1.7783959145703578,1.8522483745254723,0.0,3,48
station,nearest,single_station,3,era5,pangu_hres_init,11306,16,362,1.0069897174835205,0.9759819030761718,1.0427732586860656,0.6345,1,48
station,nearest,single_station,3,era5,graphcast_hres_init,11306,16,362,1.0133602619171143,0.9847929120063782,1.0445308804512023,0.3655,2,48
station,nearest,single_station,3,era5,ifs_hres,11306,16,362,1.3456274271011353,1.3098663330078124,1.3829048931598664,0.0,3,48
station,nearest,single_station,5,avamet,graphcast_hres_init,11306,16,362,1.6840859236231345,1.6495515280228579,1.7198524215764919,1.0,1,48
station,nearest,single_station,5,avamet,pangu_hres_init,11306,16,362,1.792775721400012,1.7499414565448468,1.8378636161833417,0.0,2,48
station,nearest,single_station,5,avamet,ifs_hres,11306,16,362,1.8146518675427037,1.7746587324329273,1.8554175673878266,0.0,3,48
station,nearest,single_station,5,era5,pangu_hres_init,11306,16,362,1.0069897174835205,0.9716188535094261,1.0450376898050309,0.6165,1,48
station,nearest,single_station,5,era5,graphcast_hres_init,11306,16,362,1.0133602619171143,0.9837692439556122,1.0458195716142655,0.3835,2,48
station,nearest,single_station,5,era5,ifs_hres,11306,16,362,1.3456274271011353,1.307627832889557,1.3895789116621018,0.0,3,48
station,nearest,single_station,7,avamet,graphcast_hres_init,11306,16,362,1.6840859236231345,1.649260918180457,1.7193732034817784,1.0,1,48
station,nearest,single_station,7,avamet,pangu_hres_init,11306,16,362,1.792775721400012,1.7534326216285023,1.835450197978289,0.0,2,48
station,nearest,single_station,7,avamet,ifs_hres,11306,16,362,1.8146518675427037,1.7747079055502795,1.8563369438340438,0.0,3,48
station,nearest,single_station,7,era5,pangu_hres_init,11306,16,362,1.0069897174835205,0.9692616000771522,1.0474143534898759,0.6355,1,48
station,nearest,single_station,7,era5,graphcast_hres_init,11306,16,362,1.0133602619171143,0.9840814888477325,1.0455518513917923,0.3645,2,48
station,nearest,single_station,7,era5,ifs_hres,11306,16,362,1.3456274271011353,1.2994953215122222,1.3917646437883378,0.0,3,48
station,nearest,sparse_2_3,1,avamet,graphcast_hres_init,24745,35,362,1.7166783970859858,1.6823359950920862,1.7510655724820148,1.0,1,48
station,nearest,sparse_2_3,1,avamet,pangu_hres_init,24745,35,362,1.7859676816687329,1.750829285864976,1.8231711776793476,0.0,2,48
station,nearest,sparse_2_3,1,avamet,ifs_hres,24745,35,362,1.8452672669352812,1.8129782584855259,1.8801121226424786,0.0,3,48
station,nearest,sparse_2_3,1,era5,pangu_hres_init,24745,35,362,1.0010279417037964,0.9700800374150277,1.0331977009773254,1.0,1,48
station,nearest,sparse_2_3,1,era5,graphcast_hres_init,24745,35,362,1.0632705688476562,1.0315790921449661,1.0948526948690414,0.0,2,48
station,nearest,sparse_2_3,1,era5,ifs_hres,24745,35,362,1.338967204093933,1.3021927237510682,1.3750015318393707,0.0,3,48
station,nearest,sparse_2_3,3,avamet,graphcast_hres_init,24745,35,362,1.7166783970859858,1.6710240553211375,1.7636493409246192,1.0,1,48
station,nearest,sparse_2_3,3,avamet,pangu_hres_init,24745,35,362,1.7859676816687329,1.7406057810896294,1.8352498872168326,0.0,2,48
station,nearest,sparse_2_3,3,avamet,ifs_hres,24745,35,362,1.8452672669352812,1.803511216015705,1.886388340579526,0.0,3,48
station,nearest,sparse_2_3,3,era5,pangu_hres_init,24745,35,362,1.0010279417037964,0.965549285709858,1.038572746515274,0.998,1,48
station,nearest,sparse_2_3,3,era5,graphcast_hres_init,24745,35,362,1.0632705688476562,1.0263190746307373,1.1012175172567367,0.002,2,48
station,nearest,sparse_2_3,3,era5,ifs_hres,24745,35,362,1.338967204093933,1.2934236735105515,1.3873199671506882,0.0,3,48
station,nearest,sparse_2_3,5,avamet,graphcast_hres_init,24745,35,362,1.7166783970859858,1.6631435313698046,1.7735542301549878,1.0,1,48
station,nearest,sparse_2_3,5,avamet,pangu_hres_init,24745,35,362,1.7859676816687329,1.735236347694974,1.8407806229986148,0.0,2,48
station,nearest,sparse_2_3,5,avamet,ifs_hres,24745,35,362,1.8452672669352812,1.8000733008490477,1.8968635443471333,0.0,3,48
station,nearest,sparse_2_3,5,era5,pangu_hres_init,24745,35,362,1.0010279417037964,0.9630936563014985,1.0413847148418427,0.997,1,48
station,nearest,sparse_2_3,5,era5,graphcast_hres_init,24745,35,362,1.0632705688476562,1.0269910007715226,1.1017499595880509,0.003,2,48
station,nearest,sparse_2_3,5,era5,ifs_hres,24745,35,362,1.338967204093933,1.2881203949451447,1.3961525976657867,0.0,3,48
station,nearest,sparse_2_3,7,avamet,graphcast_hres_init,24745,35,362,1.7166783970859858,1.661042133341211,1.778921179660078,1.0,1,48
station,nearest,sparse_2_3,7,avamet,pangu_hres_init,24745,35,362,1.7859676816687329,1.7275533650957018,1.8462870112219882,0.0,2,48
station,nearest,sparse_2_3,7,avamet,ifs_hres,24745,35,362,1.8452672669352812,1.797300042044212,1.896720766490047,0.0,3,48
station,nearest,sparse_2_3,7,era5,pangu_hres_init,24745,35,362,1.0010279417037964,0.9590976968407631,1.0414770632982253,0.9965,1,48
station,nearest,sparse_2_3,7,era5,graphcast_hres_init,24745,35,362,1.0632705688476562,1.027288419008255,1.0986084669828415,0.0035,2,48
station,nearest,sparse_2_3,7,era5,ifs_hres,24745,35,362,1.338967204093933,1.2855821549892426,1.395092523097992,0.0,3,48
cell_aggregate,nearest,dense_4_plus,1,avamet,graphcast_hres_init,8652,12,361,1.2618754705248194,1.2277131048659744,1.2964683275984015,1.0,1,72
cell_aggregate,nearest,dense_4_plus,1,avamet,pangu_hres_init,8652,12,361,1.4338155130993053,1.3940640139589318,1.472971335590814,0.0,2,72
cell_aggregate,nearest,dense_4_plus,1,avamet,ifs_hres,8652,12,361,1.5044215966802825,1.4571886829478427,1.552543579830526,0.0,3,72
cell_aggregate,nearest,dense_4_plus,1,era5,graphcast_hres_init,8652,12,361,1.0559821128845215,1.0278279781341553,1.0865523666143417,0.9465,1,72
cell_aggregate,nearest,dense_4_plus,1,era5,pangu_hres_init,8652,12,361,1.085706114768982,1.0508556425571443,1.1221188724040985,0.0535,2,72
cell_aggregate,nearest,dense_4_plus,1,era5,ifs_hres,8652,12,361,1.4027966260910034,1.3617856293916701,1.445204758644104,0.0,3,72
cell_aggregate,nearest,dense_4_plus,3,avamet,graphcast_hres_init,8652,12,361,1.2618754705248194,1.2234048911193385,1.301482430978494,1.0,1,72
cell_aggregate,nearest,dense_4_plus,3,avamet,pangu_hres_init,8652,12,361,1.4338155130993053,1.3920991668869298,1.475463144865767,0.0,2,72
cell_aggregate,nearest,dense_4_plus,3,avamet,ifs_hres,8652,12,361,1.5044215966802825,1.441780829188978,1.5689705758959436,0.0,3,72
cell_aggregate,nearest,dense_4_plus,3,era5,graphcast_hres_init,8652,12,361,1.0559821128845215,1.0234847843647004,1.0894200801849365,0.9305,1,72
cell_aggregate,nearest,dense_4_plus,3,era5,pangu_hres_init,8652,12,361,1.085706114768982,1.0457058757543565,1.1248650431632996,0.0695,2,72
cell_aggregate,nearest,dense_4_plus,3,era5,ifs_hres,8652,12,361,1.4027966260910034,1.3491686701774597,1.4543301343917847,0.0,3,72
cell_aggregate,nearest,dense_4_plus,5,avamet,graphcast_hres_init,8652,12,361,1.2618754705248194,1.2222751068038848,1.3039193663711939,1.0,1,72
cell_aggregate,nearest,dense_4_plus,5,avamet,pangu_hres_init,8652,12,361,1.4338155130993053,1.3926537524203866,1.4764673868126033,0.0,2,72
cell_aggregate,nearest,dense_4_plus,5,avamet,ifs_hres,8652,12,361,1.5044215966802825,1.4385705812353229,1.5743259953497295,0.0,3,72
cell_aggregate,nearest,dense_4_plus,5,era5,graphcast_hres_init,8652,12,361,1.0559821128845215,1.0208596378564834,1.0898001164197921,0.9475,1,72
cell_aggregate,nearest,dense_4_plus,5,era5,pangu_hres_init,8652,12,361,1.085706114768982,1.0452597320079804,1.126583257317543,0.0525,2,72
cell_aggregate,nearest,dense_4_plus,5,era5,ifs_hres,8652,12,361,1.4027966260910034,1.3470559060573577,1.4605340272188185,0.0,3,72
cell_aggregate,nearest,dense_4_plus,7,avamet,graphcast_hres_init,8652,12,361,1.2618754705248194,1.215342183842345,1.3042194875942363,1.0,1,72
cell_aggregate,nearest,dense_4_plus,7,avamet,pangu_hres_init,8652,12,361,1.4338155130993053,1.3913931933216872,1.4743767867925697,0.0,2,72
cell_aggregate,nearest,dense_4_plus,7,avamet,ifs_hres,8652,12,361,1.5044215966802825,1.4338040141245618,1.580031448947381,0.0,3,72
cell_aggregate,nearest,dense_4_plus,7,era5,graphcast_hres_init,8652,12,361,1.0559821128845215,1.018055871129036,1.090847411751747,0.9335,1,72
cell_aggregate,nearest,dense_4_plus,7,era5,pangu_hres_init,8652,12,361,1.085706114768982,1.0426976799964904,1.1285430073738099,0.0665,2,72
cell_aggregate,nearest,dense_4_plus,7,era5,ifs_hres,8652,12,361,1.4027966260910034,1.3428689241409302,1.4683227092027664,0.0,3,72
cell_aggregate,nearest,multi_station_cells,1,avamet,graphcast_hres_init,19125,27,361,1.3505581472509751,1.3199706931192436,1.384331806995704,1.0,1,72
cell_aggregate,nearest,multi_station_cells,1,avamet,pangu_hres_init,19125,27,361,1.4608628764241842,1.4269524042519544,1.4986479684066767,0.0,2,72
cell_aggregate,nearest,multi_station_cells,1,avamet,ifs_hres,19125,27,361,1.5452949555559479,1.5068581608410412,1.5880124525202146,0.0,3,72
cell_aggregate,nearest,multi_station_cells,1,era5,pangu_hres_init,19125,27,361,1.0812042951583862,1.047284373641014,1.1151183754205705,0.851,1,72
cell_aggregate,nearest,multi_station_cells,1,era5,graphcast_hres_init,19125,27,361,1.1001341342926025,1.0713224202394485,1.1302172482013702,0.149,2,72
cell_aggregate,nearest,multi_station_cells,1,era5,ifs_hres,19125,27,361,1.4047297239303589,1.3641402631998063,1.4487155377864838,0.0,3,72
cell_aggregate,nearest,multi_station_cells,3,avamet,graphcast_hres_init,19125,27,361,1.3505581472509751,1.312373198731982,1.3896096807173617,1.0,1,72
cell_aggregate,nearest,multi_station_cells,3,avamet,pangu_hres_init,19125,27,361,1.4608628764241842,1.421841649657567,1.5004518079648996,0.0,2,72
cell_aggregate,nearest,multi_station_cells,3,avamet,ifs_hres,19125,27,361,1.5452949555559479,1.4936172406032464,1.597753512375072,0.0,3,72
cell_aggregate,nearest,multi_station_cells,3,era5,pangu_hres_init,19125,27,361,1.0812042951583862,1.041113516688347,1.120810416340828,0.816,1,72
cell_aggregate,nearest,multi_station_cells,3,era5,graphcast_hres_init,19125,27,361,1.1001341342926025,1.066435194015503,1.132973763346672,0.184,2,72
cell_aggregate,nearest,multi_station_cells,3,era5,ifs_hres,19125,27,361,1.4047297239303589,1.353272145986557,1.458778867125511,0.0,3,72
cell_aggregate,nearest,multi_station_cells,5,avamet,graphcast_hres_init,19125,27,361,1.3505581472509751,1.3094213663645753,1.3941863821825833,1.0,1,72
cell_aggregate,nearest,multi_station_cells,5,avamet,pangu_hres_init,19125,27,361,1.4608628764241842,1.4222880665877626,1.5021948301391463,0.0,2,72
cell_aggregate,nearest,multi_station_cells,5,avamet,ifs_hres,19125,27,361,1.5452949555559479,1.490118650648726,1.600272036002998,0.0,3,72
cell_aggregate,nearest,multi_station_cells,5,era5,pangu_hres_init,19125,27,361,1.0812042951583862,1.041380026936531,1.1204828649759293,0.8485,1,72
cell_aggregate,nearest,multi_station_cells,5,era5,graphcast_hres_init,19125,27,361,1.1001341342926025,1.0671613544225693,1.135460951924324,0.1515,2,72
cell_aggregate,nearest,multi_station_cells,5,era5,ifs_hres,19125,27,361,1.4047297239303589,1.3492292523384095,1.4623843461275101,0.0,3,72
cell_aggregate,nearest,multi_station_cells,7,avamet,graphcast_hres_init,19125,27,361,1.3505581472509751,1.3063809297482758,1.397984335076076,1.0,1,72
cell_aggregate,nearest,multi_station_cells,7,avamet,pangu_hres_init,19125,27,361,1.4608628764241842,1.419699780251501,1.5055803397395637,0.0,2,72
cell_aggregate,nearest,multi_station_cells,7,avamet,ifs_hres,19125,27,361,1.5452949555559479,1.4884023945702742,1.6087898187846292,0.0,3,72
cell_aggregate,nearest,multi_station_cells,7,era5,pangu_hres_init,19125,27,361,1.0812042951583862,1.0418237149715424,1.1265944480895995,0.8395,1,72
cell_aggregate,nearest,multi_station_cells,7,era5,graphcast_hres_init,19125,27,361,1.1001341342926025,1.0664393067359925,1.1382124572992325,0.1605,2,72
cell_aggregate,nearest,multi_station_cells,7,era5,ifs_hres,19125,27,361,1.4047297239303589,1.3431112736463546,1.472998148202896,0.0,3,72
cell_aggregate,nearest,sparse_2_3,1,avamet,graphcast_hres_init,10473,15,361,1.4236803737160704,1.3854429902824117,1.4614304844347257,0.9995,1,72
cell_aggregate,nearest,sparse_2_3,1,avamet,pangu_hres_init,10473,15,361,1.4832039975331528,1.4438154281427977,1.5242946214280897,0.0005,2,72
cell_aggregate,nearest,sparse_2_3,1,avamet,ifs_hres,10473,15,361,1.578863860142306,1.5353278808482056,1.6238339049812283,0.0,3,72
cell_aggregate,nearest,sparse_2_3,1,era5,pangu_hres_init,10473,15,361,1.0771313905715942,1.0380587041378022,1.1154274374246598,0.998,1,72
cell_aggregate,nearest,sparse_2_3,1,era5,graphcast_hres_init,10473,15,361,1.1363403797149658,1.100842759013176,1.1716662764549255,0.002,2,72
cell_aggregate,nearest,sparse_2_3,1,era5,ifs_hres,10473,15,361,1.4063650369644165,1.3591142833232879,1.4531886965036391,0.0,3,72
cell_aggregate,nearest,sparse_2_3,3,avamet,graphcast_hres_init,10473,15,361,1.4236803737160704,1.380624639924989,1.467486626062481,1.0,1,72
cell_aggregate,nearest,sparse_2_3,3,avamet,pangu_hres_init,10473,15,361,1.4832039975331528,1.4372343897012199,1.527380202775135,0.0,2,72
cell_aggregate,nearest,sparse_2_3,3,avamet,ifs_hres,10473,15,361,1.578863860142306,1.530730554843912,1.6281673392913032,0.0,3,72
cell_aggregate,nearest,sparse_2_3,3,era5,pangu_hres_init,10473,15,361,1.0771313905715942,1.0330633461475371,1.1215423882007598,0.9915,1,72
cell_aggregate,nearest,sparse_2_3,3,era5,graphcast_hres_init,10473,15,361,1.1363403797149658,1.093792673945427,1.175966390967369,0.0085,2,72
cell_aggregate,nearest,sparse_2_3,3,era5,ifs_hres,10473,15,361,1.4063650369644165,1.3519337266683578,1.4645875543355942,0.0,3,72
cell_aggregate,nearest,sparse_2_3,5,avamet,graphcast_hres_init,10473,15,361,1.4236803737160704,1.374526488042669,1.473722747368067,0.9995,1,72
cell_aggregate,nearest,sparse_2_3,5,avamet,pangu_hres_init,10473,15,361,1.4832039975331528,1.4361327458796966,1.5337962173256938,0.0005,2,72
cell_aggregate,nearest,sparse_2_3,5,avamet,ifs_hres,10473,15,361,1.578863860142306,1.5241433656207655,1.637067866980267,0.0,3,72
cell_aggregate,nearest,sparse_2_3,5,era5,pangu_hres_init,10473,15,361,1.0771313905715942,1.0331075578927993,1.128270623087883,0.991,1,72
cell_aggregate,nearest,sparse_2_3,5,era5,graphcast_hres_init,10473,15,361,1.1363403797149658,1.0955128103494645,1.1797513246536255,0.009,2,72
cell_aggregate,nearest,sparse_2_3,5,era5,ifs_hres,10473,15,361,1.4063650369644165,1.3426250576972962,1.4718665510416031,0.0,3,72
cell_aggregate,nearest,sparse_2_3,7,avamet,graphcast_hres_init,10473,15,361,1.4236803737160704,1.368119173553207,1.4763952811731342,0.9975,1,72
cell_aggregate,nearest,sparse_2_3,7,avamet,pangu_hres_init,10473,15,361,1.4832039975331528,1.4322638081422152,1.5353201336786972,0.0025,2,72
cell_aggregate,nearest,sparse_2_3,7,avamet,ifs_hres,10473,15,361,1.578863860142306,1.5201172420451317,1.6339916771505607,0.0,3,72
cell_aggregate,nearest,sparse_2_3,7,era5,pangu_hres_init,10473,15,361,1.0771313905715942,1.0296975821256638,1.126612401008606,0.991,1,72
cell_aggregate,nearest,sparse_2_3,7,era5,graphcast_hres_init,10473,15,361,1.1363403797149658,1.0921571165323258,1.1807759314775466,0.009,2,72
cell_aggregate,nearest,sparse_2_3,7,era5,ifs_hres,10473,15,361,1.4063650369644165,1.339383712410927,1.4760276287794114,0.0,3,72
station,bilinear,all_eligible,1,avamet,graphcast_hres_init,102412,146,361,1.7177966078491185,1.6858203640692662,1.7496118082046705,1.0,1,72
station,bilinear,all_eligible,1,avamet,pangu_hres_init,102412,146,361,1.7925649531584276,1.7551346886060337,1.8297916738595332,0.0,2,72
station,bilinear,all_eligible,1,avamet,ifs_hres,102412,146,361,1.8505160662124778,1.8080530643451138,1.8925876287575962,0.0,3,72
station,bilinear,all_eligible,1,era5,pangu_hres_init,102412,146,361,0.9546868166518788,0.9195547907080606,0.9900531864578087,1.0,1,72
station,bilinear,all_eligible,1,era5,graphcast_hres_init,102412,146,361,1.0423339562088638,1.0098984414315257,1.0742218000267016,0.0,2,72
station,bilinear,all_eligible,1,era5,ifs_hres,102412,146,361,1.322381546503883,1.2765160016490975,1.3693160581002526,0.0,3,72
station,bilinear,all_eligible,3,avamet,graphcast_hres_init,102412,146,361,1.7177966078491185,1.6797766023937653,1.757178215314625,1.0,1,72
station,bilinear,all_eligible,3,avamet,pangu_hres_init,102412,146,361,1.7925649531584276,1.7502237192247327,1.835099041212801,0.0,2,72
station,bilinear,all_eligible,3,avamet,ifs_hres,102412,146,361,1.8505160662124778,1.7985812630635905,1.9022497289630034,0.0,3,72
station,bilinear,all_eligible,3,era5,pangu_hres_init,102412,146,361,0.9546868166518788,0.917830432173858,0.9934362693728269,1.0,1,72
station,bilinear,all_eligible,3,era5,graphcast_hres_init,102412,146,361,1.0423339562088638,1.0052418543555994,1.0788927489135793,0.0,2,72
station,bilinear,all_eligible,3,era5,ifs_hres,102412,146,361,1.322381546503883,1.2645221969437548,1.3820514945431923,0.0,3,72
station,bilinear,all_eligible,5,avamet,graphcast_hres_init,102412,146,361,1.7177966078491185,1.6778157623365244,1.7610625954796912,1.0,1,72
station,bilinear,all_eligible,5,avamet,pangu_hres_init,102412,146,361,1.7925649531584276,1.7490206591845852,1.8366168365728557,0.0,2,72
station,bilinear,all_eligible,5,avamet,ifs_hres,102412,146,361,1.8505160662124778,1.7922446302809836,1.9110988718174897,0.0,3,72
station,bilinear,all_eligible,5,era5,pangu_hres_init,102412,146,361,0.9546868166518788,0.9152712338682597,0.9938053516382369,1.0,1,72
station,bilinear,all_eligible,5,era5,graphcast_hres_init,102412,146,361,1.0423339562088638,1.006651554797416,1.0812754685250585,0.0,2,72
station,bilinear,all_eligible,5,era5,ifs_hres,102412,146,361,1.322381546503883,1.2590886174636609,1.39274009923625,0.0,3,72
station,bilinear,all_eligible,7,avamet,graphcast_hres_init,102412,146,361,1.7177966078491185,1.6736904771262386,1.7636731559754482,1.0,1,72
station,bilinear,all_eligible,7,avamet,pangu_hres_init,102412,146,361,1.7925649531584276,1.7496323619525807,1.8383446357893156,0.0,2,72
station,bilinear,all_eligible,7,avamet,ifs_hres,102412,146,361,1.8505160662124778,1.787903437403397,1.918050710920159,0.0,3,72
station,bilinear,all_eligible,7,era5,pangu_hres_init,102412,146,361,0.9546868166518788,0.9168834943777091,0.9971621972151554,1.0,1,72
station,bilinear,all_eligible,7,era5,graphcast_hres_init,102412,146,361,1.0423339562088638,1.004554501900742,1.083248119622993,0.0,2,72
station,bilinear,all_eligible,7,era5,ifs_hres,102412,146,361,1.322381546503883,1.2580851111797209,1.39994058998889,0.0,3,72
station,bilinear,dense_4_plus,1,avamet,graphcast_hres_init,66461,95,361,1.7386591853649014,1.7072457643762355,1.771881367965194,1.0,1,72
station,bilinear,dense_4_plus,1,avamet,pangu_hres_init,66461,95,361,1.8010880702918786,1.76216007799684,1.839867180886393,0.0,2,72
station,bilinear,dense_4_plus,1,avamet,ifs_hres,66461,95,361,1.912796233075588,1.8664621117357787,1.9622092939196278,0.0,3,72
station,bilinear,dense_4_plus,1,era5,pangu_hres_init,66461,95,361,0.92660983808528,0.8908262418311748,0.9624604752976965,1.0,1,72
station,bilinear,dense_4_plus,1,era5,graphcast_hres_init,66461,95,361,1.029785228506615,0.9962650884650393,1.0644699724483,0.0,2,72
station,bilinear,dense_4_plus,1,era5,ifs_hres,66461,95,361,1.3458262811234685,1.2961177862748685,1.400136048540592,0.0,3,72
station,bilinear,dense_4_plus,3,avamet,graphcast_hres_init,66461,95,361,1.7386591853649014,1.6986747318793514,1.7781480128319578,0.9995,1,72
station,bilinear,dense_4_plus,3,avamet,pangu_hres_init,66461,95,361,1.8010880702918786,1.7553879989667462,1.846683885463719,0.0005,2,72
station,bilinear,dense_4_plus,3,avamet,ifs_hres,66461,95,361,1.912796233075588,1.8490650516613394,1.9735908607987913,0.0,3,72
station,bilinear,dense_4_plus,3,era5,pangu_hres_init,66461,95,361,0.92660983808528,0.8874692747918552,0.9664059287621142,1.0,1,72
station,bilinear,dense_4_plus,3,era5,graphcast_hres_init,66461,95,361,1.029785228506615,0.9918635145503076,1.068014440069825,0.0,2,72
station,bilinear,dense_4_plus,3,era5,ifs_hres,66461,95,361,1.3458262811234685,1.2785602301763979,1.409565920971279,0.0,3,72
station,bilinear,dense_4_plus,5,avamet,graphcast_hres_init,66461,95,361,1.7386591853649014,1.6971975793922596,1.7811137812725908,1.0,1,72
station,bilinear,dense_4_plus,5,avamet,pangu_hres_init,66461,95,361,1.8010880702918786,1.7558434829844685,1.8498497261161808,0.0,2,72
station,bilinear,dense_4_plus,5,avamet,ifs_hres,66461,95,361,1.912796233075588,1.8451015568964393,1.9837464005053336,0.0,3,72
station,bilinear,dense_4_plus,5,era5,pangu_hres_init,66461,95,361,0.92660983808528,0.890703687580857,0.9668857857730967,1.0,1,72
station,bilinear,dense_4_plus,5,era5,graphcast_hres_init,66461,95,361,1.029785228506615,0.9899427542916184,1.0734714604274422,0.0,2,72
station,bilinear,dense_4_plus,5,era5,ifs_hres,66461,95,361,1.3458262811234685,1.2800138569071637,1.4187587198472942,0.0,3,72
station,bilinear,dense_4_plus,7,avamet,graphcast_hres_init,66461,95,361,1.7386591853649014,1.6971396745185074,1.782670209900544,1.0,1,72
station,bilinear,dense_4_plus,7,avamet,pangu_hres_init,66461,95,361,1.8010880702918786,1.7526096061185958,1.8511799549440866,0.0,2,72
station,bilinear,dense_4_plus,7,avamet,ifs_hres,66461,95,361,1.912796233075588,1.8435140258767735,1.982404845415141,0.0,3,72
station,bilinear,dense_4_plus,7,era5,pangu_hres_init,66461,95,361,0.92660983808528,0.8834137273969278,0.9744053546398492,1.0,1,72
station,bilinear,dense_4_plus,7,era5,graphcast_hres_init,66461,95,361,1.029785228506615,0.9877922015563946,1.0748987254881046,0.0,2,72
station,bilinear,dense_4_plus,7,era5,ifs_hres,66461,95,361,1.3458262811234685,1.2734465348567108,1.4176045210198478,0.0,3,72
station,bilinear,single_station,1,avamet,ifs_hres,11276,16,361,1.6441009477382238,1.6058578063047615,1.6851819474697929,0.748,1,72
station,bilinear,single_station,1,avamet,graphcast_hres_init,11276,16,361,1.653910978683908,1.622065564654833,1.6888609462215312,0.252,2,72
station,bilinear,single_station,1,avamet,pangu_hres_init,11276,16,361,1.818733260029763,1.7814095333470157,1.8590619288630845,0.0,3,72
station,bilinear,single_station,1,era5,pangu_hres_init,11276,16,361,0.994656039947549,0.9564018654047568,1.0355629065724434,0.7025,1,72
station,bilinear,single_station,1,era5,graphcast_hres_init,11276,16,361,1.0048493959147917,0.9740978534765573,1.0370788129418538,0.2975,2,72
station,bilinear,single_station,1,era5,ifs_hres,11276,16,361,1.1942641160041647,1.1500552800224442,1.2394966672310386,0.0,3,72
station,bilinear,single_station,3,avamet,ifs_hres,11276,16,361,1.6441009477382238,1.6028167566665454,1.6880019884978201,0.7365,1,72
station,bilinear,single_station,3,avamet,graphcast_hres_init,11276,16,361,1.653910978683908,1.6156592023992586,1.6922280697649412,0.2635,2,72
station,bilinear,single_station,3,avamet,pangu_hres_init,11276,16,361,1.818733260029763,1.7775885093359838,1.8647735380456747,0.0,3,72
station,bilinear,single_station,3,era5,pangu_hres_init,11276,16,361,0.994656039947549,0.9556263162088722,1.0369501284332963,0.6835,1,72
station,bilinear,single_station,3,era5,graphcast_hres_init,11276,16,361,1.0048493959147917,0.9696945958833074,1.0424462126181377,0.3165,2,72
station,bilinear,single_station,3,era5,ifs_hres,11276,16,361,1.1942641160041647,1.1396197043557366,1.2531068595687318,0.0,3,72
station,bilinear,single_station,5,avamet,ifs_hres,11276,16,361,1.6441009477382238,1.6005106255273565,1.6909095268911003,0.7155,1,72
station,bilinear,single_station,5,avamet,graphcast_hres_init,11276,16,361,1.653910978683908,1.613911335355329,1.6977015360072227,0.2845,2,72
station,bilinear,single_station,5,avamet,pangu_hres_init,11276,16,361,1.818733260029763,1.7758748121282741,1.8643909940591097,0.0,3,72
station,bilinear,single_station,5,era5,pangu_hres_init,11276,16,361,0.994656039947549,0.9516846104944593,1.0421821721089959,0.6695,1,72
station,bilinear,single_station,5,era5,graphcast_hres_init,11276,16,361,1.0048493959147917,0.966473955196534,1.042977630894378,0.3305,2,72
station,bilinear,single_station,5,era5,ifs_hres,11276,16,361,1.1942641160041647,1.133408798166106,1.2612468408248965,0.0,3,72
station,bilinear,single_station,7,avamet,ifs_hres,11276,16,361,1.6441009477382238,1.6020186325998615,1.6895095221795589,0.714,1,72
station,bilinear,single_station,7,avamet,graphcast_hres_init,11276,16,361,1.653910978683908,1.6131112523708355,1.6974419098124445,0.286,2,72
station,bilinear,single_station,7,avamet,pangu_hres_init,11276,16,361,1.818733260029763,1.7759231521138898,1.864497717336314,0.0,3,72
station,bilinear,single_station,7,era5,pangu_hres_init,11276,16,361,0.994656039947549,0.9508429707457834,1.0414788829681387,0.68,1,72
station,bilinear,single_station,7,era5,graphcast_hres_init,11276,16,361,1.0048493959147917,0.9670667753033181,1.0433007438338053,0.32,2,72
station,bilinear,single_station,7,era5,ifs_hres,11276,16,361,1.1942641160041647,1.127210876104925,1.262963641292253,0.0,3,72
station,bilinear,sparse_2_3,1,avamet,graphcast_hres_init,24675,35,361,1.6910997949427364,1.6519948220911258,1.7331536638092024,1.0,1,72
station,bilinear,sparse_2_3,1,avamet,pangu_hres_init,24675,35,361,1.7570954720532466,1.7171762223858262,1.8020035626269106,0.0,2,72
station,bilinear,sparse_2_3,1,avamet,ifs_hres,24675,35,361,1.7767524335134608,1.7327897970581043,1.8196533404767632,0.0,3,72
station,bilinear,sparse_2_3,1,era5,pangu_hres_init,24675,35,361,1.0119758552674167,0.9729375351296032,1.053499720196953,1.0,1,72
station,bilinear,sparse_2_3,1,era5,graphcast_hres_init,24675,35,361,1.0931221044314292,1.0569703927467535,1.1298479151212044,0.0,2,72
station,bilinear,sparse_2_3,1,era5,ifs_hres,24675,35,361,1.3171400180220734,1.2712006440863564,1.3621090927454704,0.0,3,72
station,bilinear,sparse_2_3,3,avamet,graphcast_hres_init,24675,35,361,1.6910997949427364,1.6415957599223097,1.7435028542904127,1.0,1,72
station,bilinear,sparse_2_3,3,avamet,pangu_hres_init,24675,35,361,1.7570954720532466,1.709589537211647,1.8081166972551186,0.0,2,72
station,bilinear,sparse_2_3,3,avamet,ifs_hres,24675,35,361,1.7767524335134608,1.7247013480268314,1.8303535588962339,0.0,3,72
station,bilinear,sparse_2_3,3,era5,pangu_hres_init,24675,35,361,1.0119758552674167,0.9691080220292481,1.0553640922303964,1.0,1,72
station,bilinear,sparse_2_3,3,era5,graphcast_hres_init,24675,35,361,1.0931221044314292,1.051885964753065,1.1356080245476898,0.0,2,72
station,bilinear,sparse_2_3,3,era5,ifs_hres,24675,35,361,1.3171400180220734,1.2603831358676854,1.376299022961991,0.0,3,72
station,bilinear,sparse_2_3,5,avamet,graphcast_hres_init,24675,35,361,1.6910997949427364,1.6300153895134115,1.7505447624623482,1.0,1,72
station,bilinear,sparse_2_3,5,avamet,pangu_hres_init,24675,35,361,1.7570954720532466,1.705535069156077,1.8145835522078826,0.0,2,72
station,bilinear,sparse_2_3,5,avamet,ifs_hres,24675,35,361,1.7767524335134608,1.718237124662841,1.8366345292872561,0.0,3,72
station,bilinear,sparse_2_3,5,era5,pangu_hres_init,24675,35,361,1.0119758552674167,0.9677683342514821,1.0571401982407997,0.999,1,72
station,bilinear,sparse_2_3,5,era5,graphcast_hres_init,24675,35,361,1.0931221044314292,1.051690263635491,1.134086833339364,0.001,2,72
station,bilinear,sparse_2_3,5,era5,ifs_hres,24675,35,361,1.3171400180220734,1.2535335244075616,1.3816441128263564,0.0,3,72
station,bilinear,sparse_2_3,7,avamet,graphcast_hres_init,24675,35,361,1.6910997949427364,1.6261536992741574,1.7562467791460556,1.0,1,72
station,bilinear,sparse_2_3,7,avamet,pangu_hres_init,24675,35,361,1.7570954720532466,1.6999384678061773,1.8145569082227022,0.0,2,72
station,bilinear,sparse_2_3,7,avamet,ifs_hres,24675,35,361,1.7767524335134608,1.7123239613109822,1.843318461857589,0.0,3,72
station,bilinear,sparse_2_3,7,era5,pangu_hres_init,24675,35,361,1.0119758552674167,0.9633802795940272,1.0588766195451726,0.9995,1,72
station,bilinear,sparse_2_3,7,era5,graphcast_hres_init,24675,35,361,1.0931221044314292,1.0486263391307462,1.1375704058382576,0.0005,2,72
station,bilinear,sparse_2_3,7,era5,ifs_hres,24675,35,361,1.3171400180220734,1.2470782243754386,1.390521053698401,0.0,3,72
station,nearest,all_eligible,1,avamet,graphcast_hres_init,102412,146,361,1.769278434204981,1.738518561858975,1.7999722091513901,1.0,1,72
station,nearest,all_eligible,1,avamet,pangu_hres_init,102412,146,361,1.875588019591162,1.8416806258916463,1.9111877704472915,0.0,2,72
station,nearest,all_eligible,1,avamet,ifs_hres,102412,146,361,1.9477692819766521,1.9095006986062972,1.988731528601195,0.0,3,72
station,nearest,all_eligible,1,era5,pangu_hres_init,102412,146,361,1.102699637413025,1.0694558382034303,1.1385356098413466,0.5,1,72
station,nearest,all_eligible,1,era5,graphcast_hres_init,102412,146,361,1.1028382778167725,1.0739658385515214,1.1315309405326843,0.5,2,72
station,nearest,all_eligible,1,era5,ifs_hres,102412,146,361,1.4516477584838867,1.4091867357492447,1.493804782629013,0.0,3,72
station,nearest,all_eligible,3,avamet,graphcast_hres_init,102412,146,361,1.769278434204981,1.7336229443636304,1.8094721092294161,1.0,1,72
station,nearest,all_eligible,3,avamet,pangu_hres_init,102412,146,361,1.875588019591162,1.8349051783432693,1.9195051437700434,0.0,2,72
station,nearest,all_eligible,3,avamet,ifs_hres,102412,146,361,1.9477692819766521,1.8983747230914332,1.9973484382207611,0.0,3,72
station,nearest,all_eligible,3,era5,pangu_hres_init,102412,146,361,1.102699637413025,1.0664776653051375,1.1418310165405274,0.486,1,72
station,nearest,all_eligible,3,era5,graphcast_hres_init,102412,146,361,1.1028382778167725,1.0698498725891112,1.1358825504779815,0.514,2,72
station,nearest,all_eligible,3,era5,ifs_hres,102412,146,361,1.4516477584838867,1.3998246639966965,1.5068206757307052,0.0,3,72
station,nearest,all_eligible,5,avamet,graphcast_hres_init,102412,146,361,1.769278434204981,1.726560842285043,1.8129073038410723,1.0,1,72
station,nearest,all_eligible,5,avamet,pangu_hres_init,102412,146,361,1.875588019591162,1.8320668916068557,1.9220215293765703,0.0,2,72
station,nearest,all_eligible,5,avamet,ifs_hres,102412,146,361,1.9477692819766521,1.8918189009923958,2.0035970590454677,0.0,3,72
station,nearest,all_eligible,5,era5,pangu_hres_init,102412,146,361,1.102699637413025,1.063441303372383,1.143271541595459,0.487,1,72
station,nearest,all_eligible,5,era5,graphcast_hres_init,102412,146,361,1.1028382778167725,1.065843316912651,1.1395614862442016,0.513,2,72
station,nearest,all_eligible,5,era5,ifs_hres,102412,146,361,1.4516477584838867,1.395048576593399,1.5120575219392776,0.0,3,72
station,nearest,all_eligible,7,avamet,graphcast_hres_init,102412,146,361,1.769278434204981,1.724381491168636,1.8155996329519941,1.0,1,72
station,nearest,all_eligible,7,avamet,pangu_hres_init,102412,146,361,1.875588019591162,1.8326420470980498,1.9230263884656957,0.0,2,72
station,nearest,all_eligible,7,avamet,ifs_hres,102412,146,361,1.9477692819766521,1.8851991495325777,2.006886590754511,0.0,3,72
station,nearest,all_eligible,7,era5,pangu_hres_init,102412,146,361,1.102699637413025,1.0616991341114044,1.1433876544237136,0.4855,1,72
station,nearest,all_eligible,7,era5,graphcast_hres_init,102412,146,361,1.1028382778167725,1.0649523973464965,1.137567788362503,0.5145,2,72
station,nearest,all_eligible,7,era5,ifs_hres,102412,146,361,1.4516477584838867,1.385955536365509,1.5157428056001663,0.0,3,72
station,nearest,dense_4_plus,1,avamet,graphcast_hres_init,66461,95,361,1.769166999103635,1.735469785214693,1.8031924360654186,1.0,1,72
station,nearest,dense_4_plus,1,avamet,pangu_hres_init,66461,95,361,1.8911753139381704,1.8515634547595148,1.9328609813280322,0.0,2,72
station,nearest,dense_4_plus,1,avamet,ifs_hres,66461,95,361,1.9690665670460055,1.922330465819276,2.01611805528831,0.0,3,72
station,nearest,dense_4_plus,1,era5,graphcast_hres_init,66461,95,361,1.0916941165924072,1.0607306003570556,1.1238401114940644,0.903,1,72
station,nearest,dense_4_plus,1,era5,pangu_hres_init,66461,95,361,1.1161136627197266,1.081652769446373,1.1514969676733018,0.097,2,72
station,nearest,dense_4_plus,1,era5,ifs_hres,66461,95,361,1.4679274559020996,1.422886347770691,1.515206104516983,0.0,3,72
station,nearest,dense_4_plus,3,avamet,graphcast_hres_init,66461,95,361,1.769166999103635,1.7265833755312219,1.8115128794330733,1.0,1,72
station,nearest,dense_4_plus,3,avamet,pangu_hres_init,66461,95,361,1.8911753139381704,1.8446042437043682,1.9392946336051187,0.0,2,72
station,nearest,dense_4_plus,3,avamet,ifs_hres,66461,95,361,1.9690665670460055,1.9089884668926933,2.031165281725999,0.0,3,72
station,nearest,dense_4_plus,3,era5,graphcast_hres_init,66461,95,361,1.0916941165924072,1.0541717618703843,1.1300353616476058,0.866,1,72
station,nearest,dense_4_plus,3,era5,pangu_hres_init,66461,95,361,1.1161136627197266,1.0742656230926513,1.1587314903736115,0.134,2,72
station,nearest,dense_4_plus,3,era5,ifs_hres,66461,95,361,1.4679274559020996,1.4124568551778793,1.5270917415618896,0.0,3,72
station,nearest,dense_4_plus,5,avamet,graphcast_hres_init,66461,95,361,1.769166999103635,1.723042842072611,1.8143910488753239,1.0,1,72
station,nearest,dense_4_plus,5,avamet,pangu_hres_init,66461,95,361,1.8911753139381704,1.8406352265307575,1.9438684092878542,0.0,2,72
station,nearest,dense_4_plus,5,avamet,ifs_hres,66461,95,361,1.9690665670460055,1.902316907557486,2.0415226095349497,0.0,3,72
station,nearest,dense_4_plus,5,era5,graphcast_hres_init,66461,95,361,1.0916941165924072,1.0529558598995208,1.1306243062019348,0.8635,1,72
station,nearest,dense_4_plus,5,era5,pangu_hres_init,66461,95,361,1.1161136627197266,1.0735278695821762,1.160888025164604,0.1365,2,72
station,nearest,dense_4_plus,5,era5,ifs_hres,66461,95,361,1.4679274559020996,1.4049823790788651,1.5350813090801239,0.0,3,72
station,nearest,dense_4_plus,7,avamet,graphcast_hres_init,66461,95,361,1.769166999103635,1.7212708278668998,1.8146253396604062,1.0,1,72
station,nearest,dense_4_plus,7,avamet,pangu_hres_init,66461,95,361,1.8911753139381704,1.8386387062529985,1.9437454037409363,0.0,2,72
station,nearest,dense_4_plus,7,avamet,ifs_hres,66461,95,361,1.9690665670460055,1.9018582764173122,2.0348282681639707,0.0,3,72
station,nearest,dense_4_plus,7,era5,graphcast_hres_init,66461,95,361,1.0916941165924072,1.0512813925743103,1.132520642876625,0.865,1,72
station,nearest,dense_4_plus,7,era5,pangu_hres_init,66461,95,361,1.1161136627197266,1.0719654172658921,1.1628514736890794,0.135,2,72
station,nearest,dense_4_plus,7,era5,ifs_hres,66461,95,361,1.4679274559020996,1.4003712326288222,1.5354951560497283,0.0,3,72
station,nearest,single_station,1,avamet,graphcast_hres_init,11276,16,361,1.7364684000284125,1.7071027126504328,1.7691492412905692,1.0,1,72
station,nearest,single_station,1,avamet,pangu_hres_init,11276,16,361,1.8537867785583408,1.8177892101991648,1.891731861764863,0.0,2,72
station,nearest,single_station,1,avamet,ifs_hres,11276,16,361,1.8741975115989158,1.8367389610634597,1.9123422787186177,0.0,3,72
station,nearest,single_station,1,era5,pangu_hres_init,11276,16,361,1.065025806427002,1.0303945302963258,1.1020867437124253,0.856,1,72
station,nearest,single_station,1,era5,graphcast_hres_init,11276,16,361,1.0843373537063599,1.055933916568756,1.1148247510194778,0.144,2,72
station,nearest,single_station,1,era5,ifs_hres,11276,16,361,1.4129605293273926,1.37359718978405,1.4530158072710038,0.0,3,72
station,nearest,single_station,3,avamet,graphcast_hres_init,11276,16,361,1.7364684000284125,1.7012133909320897,1.772355109498597,1.0,1,72
station,nearest,single_station,3,avamet,pangu_hres_init,11276,16,361,1.8537867785583408,1.8141918348737676,1.8943646544340307,0.0,2,72
station,nearest,single_station,3,avamet,ifs_hres,11276,16,361,1.8741975115989158,1.832531586406127,1.9176618303850304,0.0,3,72
station,nearest,single_station,3,era5,pangu_hres_init,11276,16,361,1.065025806427002,1.0291055917739869,1.1068561136722566,0.829,1,72
station,nearest,single_station,3,era5,graphcast_hres_init,11276,16,361,1.0843373537063599,1.051345431804657,1.1172872006893158,0.171,2,72
station,nearest,single_station,3,era5,ifs_hres,11276,16,361,1.4129605293273926,1.3664494842290877,1.460247668623924,0.0,3,72
station,nearest,single_station,5,avamet,graphcast_hres_init,11276,16,361,1.7364684000284125,1.6990152923035293,1.7766361556118824,1.0,1,72
station,nearest,single_station,5,avamet,pangu_hres_init,11276,16,361,1.8537867785583408,1.811218836651313,1.897890095256637,0.0,2,72
station,nearest,single_station,5,avamet,ifs_hres,11276,16,361,1.8741975115989158,1.829014634703488,1.92066833259468,0.0,3,72
station,nearest,single_station,5,era5,pangu_hres_init,11276,16,361,1.065025806427002,1.0247129797935486,1.106673491001129,0.824,1,72
station,nearest,single_station,5,era5,graphcast_hres_init,11276,16,361,1.0843373537063599,1.0486874908208847,1.1198301136493682,0.176,2,72
station,nearest,single_station,5,era5,ifs_hres,11276,16,361,1.4129605293273926,1.3638286352157594,1.472348341345787,0.0,3,72
station,nearest,single_station,7,avamet,graphcast_hres_init,11276,16,361,1.7364684000284125,1.6972154828050912,1.7765296682990284,1.0,1,72
station,nearest,single_station,7,avamet,pangu_hres_init,11276,16,361,1.8537867785583408,1.8136495925596097,1.8969724728426045,0.0,2,72
station,nearest,single_station,7,avamet,ifs_hres,11276,16,361,1.8741975115989158,1.8303102824723054,1.9204109735401207,0.0,3,72
station,nearest,single_station,7,era5,pangu_hres_init,11276,16,361,1.065025806427002,1.022974345088005,1.1086642771959305,0.819,1,72
station,nearest,single_station,7,era5,graphcast_hres_init,11276,16,361,1.0843373537063599,1.0493064284324647,1.1191894382238388,0.181,2,72
station,nearest,single_station,7,era5,ifs_hres,11276,16,361,1.4129605293273926,1.3533127278089523,1.4756379663944243,0.0,3,72
station,nearest,sparse_2_3,1,avamet,graphcast_hres_init,24675,35,361,1.7847238174739204,1.7476440512565135,1.822939989298234,0.9995,1,72
station,nearest,sparse_2_3,1,avamet,pangu_hres_init,24675,35,361,1.8429572691401335,1.8037551811759858,1.8861467998112764,0.0005,2,72
station,nearest,sparse_2_3,1,avamet,ifs_hres,24675,35,361,1.9237635552527703,1.8857465544709258,1.964872103493421,0.0,3,72
station,nearest,sparse_2_3,1,era5,pangu_hres_init,24675,35,361,1.0837904214859009,1.0457488149404526,1.12372208237648,0.994,1,72
station,nearest,sparse_2_3,1,era5,graphcast_hres_init,24675,35,361,1.1409417390823364,1.1060730814933777,1.177843588590622,0.006,2,72
station,nearest,sparse_2_3,1,era5,ifs_hres,24675,35,361,1.424748182296753,1.3795107841491698,1.47060926258564,0.0,3,72
station,nearest,sparse_2_3,3,avamet,graphcast_hres_init,24675,35,361,1.7847238174739204,1.7360753307227625,1.834297166084513,1.0,1,72
station,nearest,sparse_2_3,3,avamet,pangu_hres_init,24675,35,361,1.8429572691401335,1.7941164524426017,1.890980853626505,0.0,2,72
station,nearest,sparse_2_3,3,avamet,ifs_hres,24675,35,361,1.9237635552527703,1.8743868126290293,1.9731144086133152,0.0,3,72
station,nearest,sparse_2_3,3,era5,pangu_hres_init,24675,35,361,1.0837904214859009,1.0413700014352798,1.1284121632575987,0.9855,1,72
station,nearest,sparse_2_3,3,era5,graphcast_hres_init,24675,35,361,1.1409417390823364,1.0994709402322769,1.184643390774727,0.0145,2,72
station,nearest,sparse_2_3,3,era5,ifs_hres,24675,35,361,1.424748182296753,1.3670959442853927,1.4838665574789047,0.0,3,72
station,nearest,sparse_2_3,5,avamet,graphcast_hres_init,24675,35,361,1.7847238174739204,1.7317327190088376,1.8433147293959344,1.0,1,72
station,nearest,sparse_2_3,5,avamet,pangu_hres_init,24675,35,361,1.8429572691401335,1.7916747722209785,1.8986524936937732,0.0,2,72
station,nearest,sparse_2_3,5,avamet,ifs_hres,24675,35,361,1.9237635552527703,1.872327585699717,1.9815665673624363,0.0,3,72
station,nearest,sparse_2_3,5,era5,pangu_hres_init,24675,35,361,1.0837904214859009,1.0394062489271163,1.1313648462295531,0.988,1,72
station,nearest,sparse_2_3,5,era5,graphcast_hres_init,24675,35,361,1.1409417390823364,1.1005213379859924,1.1854063272476196,0.012,2,72
station,nearest,sparse_2_3,5,era5,ifs_hres,24675,35,361,1.424748182296753,1.3605430573225021,1.4942656129598617,0.0,3,72
station,nearest,sparse_2_3,7,avamet,graphcast_hres_init,24675,35,361,1.7847238174739204,1.726355134363019,1.846530973725417,1.0,1,72
station,nearest,sparse_2_3,7,avamet,pangu_hres_init,24675,35,361,1.8429572691401335,1.7848873955506774,1.9008228046500457,0.0,2,72
station,nearest,sparse_2_3,7,avamet,ifs_hres,24675,35,361,1.9237635552527703,1.867456614363684,1.9821463887718738,0.0,3,72
station,nearest,sparse_2_3,7,era5,pangu_hres_init,24675,35,361,1.0837904214859009,1.0354297757148743,1.134063783288002,0.9855,1,72
station,nearest,sparse_2_3,7,era5,graphcast_hres_init,24675,35,361,1.1409417390823364,1.095749181509018,1.182901918888092,0.0145,2,72
station,nearest,sparse_2_3,7,era5,ifs_hres,24675,35,361,1.424748182296753,1.3536081820726396,1.4987894535064696,0.0,3,72
