cell_id,mae_advantage_c,rmse_advantage_c,minimum_days,maximum_days,sites,mean_latitude,mean_longitude,absolute_latitude_deg,altitude_m,station_minus_era5_elevation_m,absolute_elevation_mismatch_m,era5_orography_sd_m,era5_filtered_subgrid_orography_sd_m,era5_subgrid_orography_slope,era5_land_fraction_100km,era5_landsea_heterogeneity_100km,climate_belt,spatial_block
b013s0075,-2.4790836351474383,-2.640715253684096,364,364,1,-77.8666666,-34.6166666,77.8666666,256.0,-184.94606421260733,184.94606421260733,72.98409418075465,39.27439079267525,0.0111874559839056,0.5949589149466782,0.4546997600149657,polar,1_14
b019s0000,-5.684233406333291,-5.7377686763888915,352,352,1,-72.0166666,2.5333333,72.0166666,1277.0,-228.3341941714616,228.3341941714616,143.29128363137127,117.76906465184342,0.0233880460264092,0.982631704901198,0.1128160855227666,polar,1_18
b020s0126,-0.4196690283649076,-0.5985562902795087,365,365,1,-71.7,-2.8,71.7,817.0,91.9574507477056,91.9574507477056,68.98830444335874,31.340976562499804,0.0088487139344214,0.937283061526298,0.2162361860869531,polar,1_17
b021s0004,-1.753424128547789,-1.852594587703666,362,362,1,-70.7666666,11.8333333,70.7666666,119.0,-209.5370420911625,209.5370420911625,90.42933821804029,38.90082821610666,0.0117040118379062,0.8224233990528338,0.3491522350763412,polar,1_19
b021s0129,-1.3047705863331343,-1.9329031848493923,365,365,1,-70.6666666,-8.25,70.6666666,50.0,24.125636482323287,24.125636482323287,8.945707195312476,4.653533106933584,0.0014268355502366,0.4650921188654544,0.4594594525703114,polar,1_17
b022s0029,-1.6512565539271877,-1.8340178054819642,363,363,1,-69.3833333,76.3833333,69.3833333,64.0,-179.8283738654048,179.8283738654048,31.219291534819103,18.082956688343383,0.0054709700946277,0.6279616013600307,0.4438292001772837,polar,2_25
b023s0015,-0.8846347215432203,-1.56533198630307,365,365,1,-69.0,39.5833333,69.0,21.0,-134.8346682683911,134.8346682683911,2.363759341430664,1.6840718468017577,0.0005492890843391,0.4712999724731657,0.4556657873695458,polar,2_21
b023s0031,-0.66831118736338,-0.8250540092253318,365,365,1,-68.5833333,77.9666666,68.5833333,23.0,-43.20130514327472,43.20130514327472,23.956386052263426,13.356258517078144,0.0040075780881553,0.4627725253062406,0.4620577689046334,polar,2_25
b024s0026,-1.2611901996009747,-1.4503482135883397,365,365,1,-67.6,62.8666666,67.6,16.0,-265.56107640347017,265.56107640347017,29.4938872505316,10.116150578110137,0.003899427109351,0.5120865161706007,0.4606829093322557,polar,2_24
b024s0122,-0.3019226911217941,-0.10228311182292837,365,365,1,-68.1166666,-67.1333333,68.1166666,7.0,-269.95317898734623,269.95317898734623,192.50340641220268,141.170264269627,0.0286602830504464,0.5626988193658136,0.4254072233085131,polar,2_11
b026s0041,-0.6670840528903083,-1.037760591496913,350,350,1,-66.55,93.0166666,66.55,40.0,-113.43444874940931,113.43444874940931,16.655339884071708,8.923011098710646,0.0031791697044252,0.5513147628631555,0.464266687732726,polar,2_27
b026s0049,-0.9944696504244704,-1.2669072065844933,365,365,1,-66.2833333,110.5333333,66.2833333,42.0,-74.64887304578411,74.64887304578411,9.070494795324535,4.3531432903539455,0.0014918507435183,0.4750114754954561,0.4605888114856585,midlatitude,2_29
b028s0142,-1.177037834678249,-1.3279340741169383,362,362,1,-64.766,-64.083,64.766,7.9,-144.70753854527678,144.70753854527678,136.59915434962022,75.0924085976617,0.0183029191893353,0.3138670796662111,0.3911366229840887,midlatitude,2_11
b028s0145,-1.7096585106162598,-2.101446072252012,365,365,1,-64.2333333,-56.7166666,64.2333333,208.0,119.02156848428764,119.02156848428764,3.0517578125e-05,3.0517578125e-05,0.0001000016927719,0.1751844629593557,0.2768730165306054,midlatitude,2_12
b029s0150,-1.2117323415475447,-1.4891174327586107,364,364,1,-63.4,-56.9833333,63.4,24.0,-97.91800226192473,97.91800226192473,66.71123441383375,52.51229914530473,0.0122830419795577,0.1708676676617553,0.2526056969035987,midlatitude,2_12
b030s0154,-0.17672824516671926,-0.13557090971407845,365,365,4,-62.274999975,-59.0458333,62.274999975,19.5,-24.07697087245132,32.58042417001177,3.0517578125e-05,3.0517578125e-05,0.0001000016927719,0.0808412780859511,0.1687487364687881,midlatitude,2_12
b032s0171,-1.05623383805295,-1.5748448903417216,362,362,1,-60.7333333,-44.7333333,60.7333333,8.0,10.804797600756448,10.804797600756448,3.0517578125e-05,3.0517578125e-05,0.0001000016927719,0.005182431392574,0.023369332480428,midlatitude,2_13
b039s0188,-2.0088605756395124,-2.0611481900963953,365,365,1,-54.843278,-68.29575,54.843278,21.64,-331.3820500285307,331.3820500285307,233.6742099863688,179.99187176656704,0.042266405852748,0.4427662947082506,0.3572947307191289,midlatitude,3_11
b040s0193,-0.9187401041546125,-1.4032271486886276,365,365,1,-53.777667,-67.749389,53.777667,19.81,-11.429456946944685,11.429456946944685,9.21612664130801,7.297030778369599,0.001581335080058,0.421929554184304,0.3882090828782138,midlatitude,3_11
b041s0114,-0.7325718548221666,-0.9690328340783626,365,365,1,-52.55,169.15,52.55,19.0,15.579656725283318,15.579656725283318,3.0517578125e-05,3.0517578125e-05,0.0001000016927719,0.0011295627531148,0.0057680279601204,midlatitude,3_34
b041s0195,-0.4749336029795945,-0.7390573501882697,364,364,1,-53.002642,-70.854586,53.002642,42.36,3.8718541558517,3.8718541558517,44.61534155946128,23.525473932692933,0.007314978435446,0.6469594257622444,0.2946332979874149,midlatitude,3_10
b042s0200,-0.1564821084171838,-0.3780939345724666,365,365,1,-51.608875,-69.312636,51.608875,18.59,-50.615699600667824,50.615699600667824,40.88266646033585,22.69205252642903,0.0059797250949452,0.5786043855138607,0.4276065076555043,midlatitude,3_11
b042s0207,-0.3624133817397379,-0.5417220119115244,365,365,1,-51.822777,-58.447222,51.822777,74.37,31.831930090350674,31.831930090350674,59.29169162192508,41.03522192951817,0.0092477224084419,0.1201156584699474,0.2204755614433022,midlatitude,3_12
b044s0206,-1.2561347151182103,-1.4288732699717013,365,365,1,-50.2666666,-72.05,50.2666666,199.0,-270.15801144924626,270.15801144924626,215.28291110486003,100.61919203728388,0.0277034098295005,0.8775549416835079,0.1753691800121447,midlatitude,3_10
b045s0051,-0.8506063717358546,-1.0834580864802987,365,365,1,-49.35,70.25,49.35,30.0,-50.31241077483136,50.31241077483136,76.374688720703,46.54492187499996,0.0120064944028854,0.0840093958883135,0.1843344553662577,midlatitude,4_25
b045s0213,-0.48704942753719777,-0.6308488650009022,364,364,1,-49.306775,-67.802589,49.306775,57.91,-32.02231157158404,32.02231157158404,41.87539442314672,26.29402344977392,0.0071810245312585,0.5557361825081399,0.4618386208949216,midlatitude,4_11
b047s0028,-1.008466762627217,-1.4396086978388904,365,365,1,-46.8833333,37.8666667,46.8833333,22.0,9.068777582369435,9.068777582369435,3.0517578125e-05,3.0517578125e-05,0.0001000016927719,0.0023227699817404,0.0094797295297228,midlatitude,4_21
b048s0128,-0.5702485808629213,-0.7306976425688644,365,365,1,-46.15,166.6,46.15,44.0,-72.82825716477845,72.82825716477845,14.565264892577504,15.333624267577472,0.0032044261693953,0.246402395306133,0.3691417662580108,midlatitude,4_34
b048s0129,-0.32341128512219275,-0.45416122706735895,364,364,1,-46.4166666,168.3333333,46.4166666,2.0,-24.688282807678124,24.688282807678124,23.565342145564355,17.702538895277993,0.0039946008356453,0.433504954694321,0.4319733475242964,midlatitude,4_34
b048s0130,-1.014021239485445,-1.2580498657902102,363,363,1,-45.9166666,170.1833333,45.9166666,2.0,-210.39506799492935,210.39506799492935,115.7581728860533,87.63797838515802,0.0226221777744651,0.4630913756470916,0.4537015999782684,midlatitude,4_35
b049s0131,-2.3685611001529545,-2.575606687440867,363,363,1,-45.0166666,168.7333333,45.0166666,358.0,-616.0854086697284,616.0854086697284,372.9918721484033,315.47832729673013,0.0723099696244646,0.6732125126330625,0.4040941138932159,midlatitude,4_34
b049s0228,-0.8146804318601738,-0.949229510201902,365,365,1,-45.785347,-67.465508,45.785347,57.91,-139.78957860467622,139.78957860467622,71.25531652645385,31.102791268082424,0.0092912104324578,0.6491115725072639,0.4323333770514133,midlatitude,4_11
b050s0135,-0.6007845358617329,-0.8491130710282873,364,364,1,-44.3,171.2333333,44.3,27.0,-99.91253545038846,99.91253545038846,83.48091043454184,36.47692188353064,0.0120404793803919,0.5435593830060461,0.446450607101561,subtropical,4_35
b051s0136,-0.8876838834889318,-1.0255098243837917,352,352,1,-43.8666666,169.0,43.8666666,5.0,-308.435173412146,308.435173412146,141.02094166371015,149.4439574988543,0.0225504792080583,0.4697760679395434,0.4457399226647001,subtropical,4_34
b051s0138,-0.4933939591150547,-0.7617699311936432,364,364,1,-43.4833333,172.5166666,43.4833333,37.0,-41.930383839590846,41.930383839590846,55.42679907999775,23.67643345697492,0.0070767795037802,0.4669417170410181,0.4500974466551287,subtropical,4_35
b051s0147,-1.6567143978033376,-2.1489543672104405,363,363,1,-43.8166666,-176.4833333,43.8166666,13.1,-3.1854075893334493,3.1854075893334493,3.0517578125e-05,3.0517578125e-05,0.0001000016927719,0.0069112503596068,0.0279288302931345,subtropical,4_0
b051s0237,-0.5110327118771906,-0.6688070007534378,365,365,1,-43.2105,-65.270319,43.2105,42.97,-46.84680813391408,46.84680813391408,48.03665805110074,25.379945250363875,0.0074207412206582,0.5912673317642052,0.4331259761354301,subtropical,4_11
b052s0118,-0.2662341591837662,-0.36963872901630107,363,363,1,-42.9833333,145.5,42.9833333,35.0,-26.56003508110603,26.56003508110603,22.205705286157475,19.96434574586206,0.0043229861560404,0.3289262313400343,0.4137712430915373,subtropical,4_32
b052s0120,-0.4791924596733728,-0.5131661677583442,365,365,3,-42.93425920000001,147.54787043333332,42.93425920000001,7.72,-115.51001421454887,115.51001421454887,90.9050499744959,64.16518806725172,0.0153118128710661,0.3810852677143181,0.4208481605338467,subtropical,4_32
b052s0139,-0.4000300315775281,-0.49796078585262443,365,365,1,-42.7166666,170.9833333,42.7166666,44.0,-130.41041515107844,130.41041515107844,106.32707256440364,90.1189521019175,0.0158021451804684,0.4929085393016629,0.4470868359406986,subtropical,4_35
b052s0141,-0.7185523203302031,-0.9846373750465048,364,364,1,-42.4166666,173.7,42.4166666,101.0,-203.74278967573375,203.74278967573375,220.19570893557773,137.5356505791898,0.0403777697249393,0.4064478163974053,0.435068620772876,subtropical,4_35
b052s0235,-1.7722924635774024,-1.9389748776673883,364,364,1,-42.90795,-71.139472,42.90795,798.88,-177.49283375745176,177.49283375745176,241.8783989200117,186.3364950894023,0.045660229010521,0.9230304691378473,0.1952948649983712,subtropical,4_10
b053s0120,-0.7611843307064682,-1.0002874128682653,363,363,1,-42.15,145.2833333,42.15,22.0,-102.285248176945,102.285248176945,42.676041161619054,41.85650672482448,0.0080060165534134,0.4110108444526502,0.4296092822667864,subtropical,4_32
b053s0121,-0.2000358691897288,-0.2431469495396079,363,363,1,-41.55,147.2166666,41.55,168.0,-115.67564667948524,115.67564667948524,127.59035831249024,77.75547900096691,0.0208869273341828,0.5174784986323004,0.4253322090143429,subtropical,4_32
b053s0142,-1.0285424882915857,-1.161673754312172,365,365,1,-41.7333333,171.5666666,41.7333333,5.0,-136.5196495179564,136.5196495179564,77.44198944501868,83.26655247725446,0.0173223917705536,0.4041175480912219,0.4381955768307043,subtropical,4_35
b053s0144,-0.19446186320455883,-0.24000726959935859,365,365,1,-41.7166666,174.2666666,41.7166666,32.0,-6.253408082125517,6.253408082125517,3.0517578125e-05,3.0517578125e-05,0.0001000016927719,0.3596819384961321,0.4045858577761725,subtropical,4_35
b053s0237,-0.39118366903495955,-0.6240709819671988,365,365,1,-41.438886,-73.093953,41.438886,89.61,-18.53669344147555,18.53669344147555,48.56074650487196,39.1717036992256,0.0081481985898854,0.6028842058249868,0.3850317910465626,subtropical,4_10
b054s0121,-0.5566794881617452,-0.6686827859107952,363,363,2,-40.6666666,144.6833333,40.6666666,326.5,315.23927895478016,315.23927895478016,4.718527559255621,4.687072764562154,0.0009787453063616,0.1917768658317221,0.325991171837943,subtropical,4_32
b054s0124,-0.5958407323500451,-0.7838195331374402,340,340,1,-41.0,148.35,41.0,21.0,-30.37800306424876,30.37800306424876,16.27521362304749,13.037341308594243,0.0029129907488824,0.252410505100296,0.3652829916719364,subtropical,4_32
b054s0145,-1.4128209200645483,-1.6434309450076292,365,365,2,-40.925,173.1,40.925,4.5,-148.9869554396748,148.9869554396748,68.30944976806543,48.86870361328009,0.0116361960023639,0.3536650157141476,0.3979380873459649,subtropical,4_35
b054s0147,-0.958522761202477,-1.1615239975499312,365,365,2,-41.11666665,174.89166665,41.11666665,9.5,-95.76247398761404,95.76247398761404,26.789047765730857,22.126338576110378,0.0052328974639973,0.3639907687763671,0.3994009506829665,subtropical,4_35
b054s0148,-0.4843802840777858,-0.6219582709433129,361,361,1,-40.9,176.2,40.9,120.0,26.81361627058702,26.81361627058702,25.972312011721005,20.33661865234536,0.0050642412900929,0.3379247922746246,0.413028414520002,subtropical,4_35
b054s0248,-0.8791857322683144,-1.1830988914004055,361,361,1,-40.7833333,-65.1,40.7833333,20.0,-44.99309723792887,44.99309723792887,28.76690537984695,15.690394450703572,0.0048013352180893,0.7945514992157598,0.3476555934719675,subtropical,4_11
b054s0249,-0.5526546262999074,-0.7544665517084889,364,364,1,-40.869222,-63.000389,40.869222,6.09,-14.775325810047704,14.775325810047704,12.38834090113407,7.411582770324175,0.002151231650146,0.4548580816522688,0.4413599791893765,subtropical,4_11
b055s0122,-0.8246281207238658,-1.2210228497290416,363,363,1,-39.8833333,143.8833333,39.8833333,38.0,22.513050764687897,22.513050764687897,11.680597752253206,6.875763488540233,0.0017669559250667,0.1181832366558823,0.2579332903924592,subtropical,5_32
b055s0149,-0.6067554913859216,-0.6948905512232514,363,363,1,-40.3166666,175.6,40.3166666,39.0,-127.85781033013654,127.85781033013654,88.04654427674211,69.35336175672774,0.0165788169401262,0.5107381809036333,0.4332201119983876,subtropical,4_35
b055s0244,-0.7707269578008621,-1.0747112438355746,364,364,1,-39.649956,-73.086111,39.649956,17.98,-98.9217263172568,98.9217263172568,101.7495482843123,82.64046054420498,0.0189025492548175,0.6063223378632486,0.4307740940012887,subtropical,5_10
b056s0123,-0.5519915026236776,-0.8389970103616747,361,361,1,-38.85,143.5166666,38.85,83.0,-5.1613719220495256,5.1613719220495256,33.96808095866237,27.29879634558568,0.0064319096509587,0.3529968739039612,0.4207434651940595,subtropical,5_32
b056s0126,-0.7299936363265394,-1.0838791093112619,365,365,1,-39.1166666,146.4166666,39.1166666,97.0,88.44141404419669,88.44141404419669,3.0517578125e-05,3.0517578125e-05,0.0001000016927719,0.2711937418714449,0.3819212956445904,subtropical,5_32
b056s0150,-1.1942091737664406,-1.5963658004642534,365,365,1,-39.0166666,174.1833333,39.0166666,32.0,-75.4442432818872,75.4442432818872,42.821369278644994,16.797637965431264,0.0063251166259468,0.3809999298491265,0.4354587730916206,subtropical,5_35
b056s0152,-0.6772479767766691,-0.8704649033346478,365,365,2,-39.09999995,176.4666666,39.09999995,202.005,-132.93750060258864,132.93750060258864,91.79193486345304,49.430590518413936,0.0129454520777493,0.6154585599836704,0.4182962148367608,subtropical,5_35
b056s0252,-0.6460805944861949,-0.8207443092000467,365,365,1,-38.949,-68.155711,38.949,272.79,-99.20176777653091,99.20176777653091,63.76219832032986,29.77031027200284,0.0086133159327706,0.979730985759155,0.0495110184038591,subtropical,5_11
b056s0257,-0.6206727256289173,-0.79012889000609,365,365,1,-38.724967,-62.169317,38.724967,74.98,11.293211312480487,11.293211312480487,12.990808049851813,6.384173053723643,0.0017252948155576,0.7820862305864518,0.3538008670037502,subtropical,5_11
b057s0126,-0.5722962895296656,-0.6939153132661104,365,365,2,-37.84999995,144.86666665,37.84999995,13.75,-53.26325422765497,53.26325422765497,31.95820767003918,12.463304253684823,0.0034433610866391,0.7337379476297381,0.3826095055710737,subtropical,5_32
b057s0155,-0.7264505648497305,-0.8943417309811162,365,365,1,-38.663333,177.978333,38.663333,4.57,-118.36585105822353,118.36585105822353,87.48699300882026,50.21485220188222,0.0127943160254899,0.356293469921338,0.4216056366836566,subtropical,5_35
b057s0264,-0.6363770213104647,-0.9391239679012527,365,365,1,-37.934167,-57.573333,37.934167,21.64,-3.713721618875653,3.713721618875653,12.86504719081336,6.090908047604919,0.0019916431865481,0.4447201864615496,0.4589254354447035,subtropical,5_12
b058s0124,-0.16952314107706398,-0.1744874771007355,362,362,1,-37.7333333,140.7833333,37.7333333,69.0,12.929708453331898,12.929708453331898,16.05453501342579,10.110045353452689,0.0026152808634025,0.5190823179387767,0.4593368477760654,subtropical,5_32
b058s0127,-0.5013613761091077,-0.6845775341008061,365,365,2,-37.7006945,144.8726385,37.7006945,109.115,-32.44521212707804,32.44521212707804,50.43174844634085,23.564335850306783,0.0062043912431684,0.7805133414485225,0.3559509478250067,subtropical,5_32
b058s0132,-0.39507363813221125,-0.531401235313862,365,365,2,-37.425,149.89166665,37.425,21.0,-32.31925296237013,32.31925296237013,13.917739297768495,10.269297488647434,0.0024717857367286,0.3464421697399417,0.4343404528875341,subtropical,5_32
b058s0154,-0.2822490317324343,-0.3478833036460666,363,363,1,-37.0,174.8,37.0,7.0,-50.00014467223665,50.00014467223665,73.47479248046727,49.97190551757748,0.0129647120833394,0.3195576251074993,0.3741401555655169,subtropical,5_35
b058s0155,-0.9048602303096199,-1.0442437436958947,365,365,1,-37.671944,176.19611,37.671944,3.96,-106.05891237848996,106.05891237848996,56.885106223992274,34.41639814461728,0.00986554023404,0.486878811427113,0.4280834318428309,subtropical,5_35
b058s0157,-1.1139855346119558,-1.4120366962082744,363,363,1,-37.55,178.3,37.55,46.0,-21.23337129651445,21.23337129651445,21.854799804685804,12.88398437499897,0.0035495913028714,0.1937119757117337,0.3438921786305248,subtropical,5_35
b058s0265,-0.4309619386275935,-0.5720545647853581,365,365,1,-37.237392,-59.227922,37.237392,174.95,-7.554245822793717,7.554245822793717,20.84527003508476,15.807839331456474,0.0031746122857294,0.9031909589387556,0.2625220048358739,subtropical,5_12
b059s0127,-0.4335375670082479,-0.6094272838092223,359,359,1,-36.6666666,142.1666666,36.6666666,134.0,-4.101723140268064,4.101723140268064,15.167330533759454,7.560906866595855,0.0019506167825937,0.941796249584116,0.1964308834914498,subtropical,5_32
b059s0130,-0.1432734028983973,-0.2235940718236097,363,363,1,-36.4333333,145.4,36.4333333,114.0,-17.548193817621012,17.548193817621012,20.947723174111825,11.350589228054476,0.0029452273750288,0.9758501999391894,0.1079604106242971,subtropical,5_32
b059s0132,-2.3237376002500447,-2.421775620108809,365,365,1,-36.5,148.2833333,36.5,1368.0,191.81505153343028,191.81505153343028,287.44786078807,181.62596010248853,0.0450428676020424,0.8856097701608797,0.2796839746419851,subtropical,5_32
b059s0256,-0.20486579361502819,-0.2254632607838465,365,365,1,-36.77265,-73.063106,36.77265,7.92,-92.28736636641374,92.28736636641374,54.48058689257063,49.998051082244274,0.0106853908991704,0.5008309904123831,0.4612590876815656,subtropical,5_10
b059s0257,-0.4575095890819843,-0.621223644734387,364,364,1,-36.582497,-72.031367,36.582497,150.87,-24.435508762098323,24.435508762098323,37.49048971374971,12.405556488903994,0.0049989186417137,0.7831255556213815,0.3777755777097668,subtropical,5_10
b059s0264,-0.3208203147210634,-0.4340694449724766,365,365,1,-36.588322,-64.275694,36.588322,192.02,13.60936897534711,13.60936897534711,15.658588842654378,13.843200558947602,0.0029189801984297,0.9806726672470204,0.0269260883277629,subtropical,5_11
b059s0268,-0.49827729018190553,-0.6376349980612334,365,365,1,-36.8333333,-59.8833333,36.8333333,146.0,-9.826468575834127,9.826468575834127,11.362299793859473,5.918068837323638,0.0017907315398761,0.9683917712106382,0.140002559545165,subtropical,5_12
b059s0270,-0.3299981007182395,-0.4493013571160878,365,365,1,-36.35,-57.7333333,36.35,9.0,1.3713017412765254,1.3713017412765254,1.2341446601880166,0.6617146675781358,0.0001646280263781,0.6952734325529458,0.4127860532012841,subtropical,5_12
b060s0133,-0.09276113844746432,-0.14244651955827972,364,364,1,-35.165278,147.466389,35.165278,220.67,-52.66823883996037,52.66823883996037,45.47502648393743,35.736148542970945,0.0075475204932959,0.991191505162386,0.0593450410850116,subtropical,5_32
b060s0135,-0.4573115493887994,-0.5841851718995197,365,365,2,-35.2118053,149.63916665,35.2118053,600.225,-27.832646991710817,123.86075596674276,83.84921832097899,64.42883304140847,0.0144696442875859,0.7707859410015556,0.3703256101354897,subtropical,5_32
b060s0158,-0.646779778467476,-0.7784423098347629,365,365,1,-35.9,175.1,35.9,60.0,57.35981132700812,57.35981132700812,3.0517578125e-05,3.0517578125e-05,0.0001000016927719,0.1909570491204542,0.3073278904938849,subtropical,5_35
b060s0268,-0.4797387795157755,-0.6038957049143096,364,364,1,-35.696183,-63.758286,35.696183,139.9,7.612504914300388,7.612504914300388,3.9971180471625223,2.234919284290466,0.000697415211011,0.9701794970650364,0.0290445355250146,subtropical,5_11
b061s0016,-1.5497230529785277,-1.7214638317296316,352,352,1,-34.35,18.5,34.35,238.0,223.11947250080317,223.11947250080317,3.0517578125e-05,3.0517578125e-05,0.0001000016927719,0.3008742698733411,0.4160855376624359,subtropical,5_19
b061s0018,-0.3327436096354813,-0.4405384302611875,359,359,1,-34.8333333,20.0166666,34.8333333,14.0,9.366521703569294,9.366521703569294,18.89070913933289,14.046276333190669,0.0034229109642325,0.3363985077952082,0.4322093560612201,subtropical,5_20
b061s0105,-0.36772895180591325,-0.47981211780707733,365,365,1,-34.3666666,115.1333333,34.3666666,14.0,0.4294329340462131,0.4294329340462131,6.969528625092352,5.662839757562048,0.0015972733264361,0.2832082925011631,0.4084938875249415,subtropical,5_29
b061s0106,-0.4713334324953174,-0.5689603969235001,359,359,1,-34.95,116.7166666,34.95,74.0,11.612228534050914,11.612228534050914,22.96958613196756,20.47357444469224,0.0037549058695792,0.4271110889520381,0.4542010578089335,subtropical,5_29
b061s0107,-0.2805400525611427,-0.4225017706512375,365,365,1,-34.9414,117.8022,34.9414,69.0,3.9376457271348073,3.9376457271348073,27.682344460273345,25.114397510507786,0.0046405152023172,0.4496930493054742,0.4568537489775317,subtropical,5_29
b061s0126,-0.8036119088562433,-1.061342390476493,362,362,1,-34.945,138.530556,34.945,6.09,-120.20703816102564,120.20703816102564,55.70262159405088,29.3532438413663,0.0081679250069127,0.5994778045768975,0.4020064259635789,subtropical,5_31
b061s0134,-0.45289500961013324,-0.5767662690040744,363,363,1,-34.702222,146.512222,34.702222,144.47,-12.546305137684811,12.546305137684811,10.78685699990744,10.597499604876292,0.0020036772878276,0.9964705218689406,0.0125108812249957,subtropical,5_32
b061s0137,-0.4232679502202837,-0.45451414159595344,364,364,1,-34.948889,150.536944,34.948889,121.92,-92.94949502689867,92.94949502689867,104.5663745387104,51.84145873215378,0.0126512501190755,0.5547067845933715,0.4611910873485714,subtropical,5_33
b061s0158,-1.3520458091164862,-1.4627182498680504,364,364,1,-34.4333333,172.6833333,34.4333333,216.0,208.01481540328976,208.01481540328976,3.0517578125e-05,3.0517578125e-05,0.0001000016927719,0.0647957864527708,0.1886044732375514,subtropical,5_35
b061s0267,-0.29459072185278995,-0.42669881129692594,365,365,1,-34.588089,-68.402678,34.588089,752.85,-102.4511417817157,102.4511417817157,65.46560900888436,29.674580347665817,0.0076784740874358,0.9979386824565586,0.0200125436544691,subtropical,5_11
b061s0274,-0.4740078675729253,-0.6062272285478837,365,365,1,-34.545889,-60.930556,34.545889,79.85,3.706566764935204,3.706566764935204,4.009242767219495,2.86183678523812,0.0006649336908239,0.9732429881629888,0.0518528438892273,subtropical,5_11
b061s0276,-0.4562850261695637,-0.5842299862194467,365,365,4,-34.734238075,-58.332366575,34.734238075,18.21,5.479374822048493,6.69291606695508,4.135803474054391,2.720277914461845,0.0012868434548449,0.810414268221146,0.3135478227283167,subtropical,5_12
b061s0278,-0.362313911461426,-0.527156659438994,365,365,1,-34.838417,-56.030806,34.838417,32.0,14.76131004675316,14.76131004675316,7.8054450803494415,4.736600464895988,0.0011164601454038,0.512027578066457,0.4537220573152529,subtropical,5_12
b061s0280,-0.3887400700350289,-0.49737461877541916,365,365,1,-34.4833333,-54.3,34.4833333,18.0,-51.44316399834763,51.44316399834763,30.12499321692702,19.96031105497856,0.0046859360911388,0.4625005510572239,0.4602235695237314,subtropical,5_12
b062s0016,-0.9292559061447543,-1.14252416551909,355,355,1,-34.15,18.3166666,34.15,8.0,-9.66649559087464,9.66649559087464,3.336163249150506,3.1368502974219834,0.0007034941439867,0.3080619488189446,0.4189427501673456,subtropical,5_19
b062s0017,-0.44402406782963205,-0.5685536383654766,363,363,1,-33.964806,18.601667,33.964806,46.02,-64.0275592659446,64.0275592659446,45.99152366128988,55.30908264520056,0.0091965990983728,0.4229760775549416,0.4494102583488579,subtropical,5_19
b062s0020,-0.5729602729067373,-0.8293086492374323,363,363,1,-34.005553,22.378889,34.005553,197.51,-77.40683104199013,77.40683104199013,77.22764388734724,54.066416221162,0.012779531255082,0.5771257658265689,0.4545614004843541,subtropical,5_20
b062s0023,-1.2280050178556172,-1.5948057333938135,364,364,1,-33.984919,25.617275,33.984919,68.88,18.95686462823845,18.95686462823845,28.29727173581933,15.956759527023438,0.0049200311818178,0.4443602006727219,0.4592963378793132,subtropical,5_20
b062s0106,-0.9937257545177826,-1.3039111603061802,365,365,3,-33.5222222,115.35555553333334,33.5222222,44.333333333333336,1.1780174682601512,65.55867772623529,14.427621736836189,8.8037839751507,0.0022434002739423,0.4190444288975019,0.4430988167436052,subtropical,5_29
b062s0107,-0.6749948824001594,-0.9591842635321873,363,363,1,-33.95,116.1333333,33.95,179.0,-66.40901834965052,66.40901834965052,33.05353580156975,26.70669223670891,0.0061755425779467,0.6185749886299594,0.4401629279882475,subtropical,5_29
b062s0108,-0.01900581300008815,-0.05991231100075208,365,365,1,-33.6833333,117.6,33.6833333,321.0,8.73430322203211,8.73430322203211,20.65735392137216,13.78844777535894,0.0031923733734256,0.8611170673999435,0.3005900050017064,subtropical,5_29
b062s0110,-0.45299583719580544,-0.599159582007744,365,365,1,-33.8833333,119.1,33.8833333,306.0,57.30074166901227,57.30074166901227,23.864549265493004,15.867150781738168,0.0036292939390384,0.707206433165157,0.4062648317151187,subtropical,5_29
b062s0111,-0.44799977595871,-0.6177840472534543,364,364,2,-33.74166665,120.41666665,33.74166665,123.5,9.361043844440992,38.637622876609406,23.35538023907711,15.752176170410236,0.0040801703590472,0.6195382216187211,0.4295112269515231,subtropical,5_30
b062s0112,-0.36008699813027906,-0.47413008424389397,365,365,2,-33.758333300000004,121.86291665,33.758333300000004,85.5,14.122107301845109,38.923573753592834,4.059725207656593,2.6153387569379207,0.0007010299557324,0.5470481857609181,0.444056633071472,subtropical,5_30
b062s0138,-0.5984657853804,-0.6751322122329819,365,365,1,-33.4166666,149.65,33.4166666,745.0,-115.94117788111303,115.94117788111303,88.29331419894567,63.45855062972185,0.0137907179045177,0.9354751696380462,0.2162926533787156,subtropical,5_32
b062s0139,-1.3902320374965695,-1.9077469874495343,365,365,2,-33.96472215,151.0469443,33.96472215,23.2,-42.893039595059605,42.893039595059605,54.8017011098263,25.584456859930057,0.008002968043715,0.5513412145233951,0.4575381350683501,subtropical,5_33
b062s0267,-0.6998999349222528,-0.7553421197538928,365,365,1,-33.392975,-70.785803,33.392975,473.96,-171.53511183369977,171.53511183369977,247.95264149040403,125.1269705324365,0.0340819292842091,0.7992080232076316,0.3679525756670363,subtropical,5_10
b062s0272,-1.187498202453092,-1.602557167597201,364,364,1,-33.729942,-65.387419,33.729942,484.93,-33.5016640012463,33.5016640012463,22.07725094587832,8.074326460641018,0.002688003699563,0.9942456075686056,0.0136886011929436,subtropical,5_11
b062s0274,-0.6666344302397215,-0.8724794012259313,365,365,1,-34.135444,-63.36225,34.135444,136.85,0.7017877954559424,0.7017877954559424,2.563649728440442,1.077968003510249,0.0002737209642513,0.972499916333956,0.029155491957523,subtropical,5_11
b063s0016,-0.9123004160629518,-1.1128351674166712,351,351,1,-32.8333333,17.85,32.8333333,67.0,58.58999705179324,58.58999705179324,2.894163057597698,1.2235737605810717,0.0005538046428537,0.3624519247863315,0.4382486344075477,subtropical,5_19
b063s0026,-0.4684463450838374,-0.6389020579450161,364,364,1,-33.035569,27.825939,33.035569,132.58,1.3917640901104846,1.3917640901104846,36.865143072358144,23.316582129562835,0.0057384679074037,0.4843046365552431,0.4667071246132737,subtropical,5_20
b063s0108,-0.5274956018639577,-0.8101795739493364,365,365,2,-32.6166666,115.8833333,32.6166666,136.0,32.01435258631937,46.86918549307197,33.4779483544795,23.87053994384089,0.0052510548349026,0.5943178589945995,0.4495336030196352,subtropical,5_29
b063s0110,-0.0582479149387262,-0.14313329034485486,328,328,1,-33.1,118.4666666,33.1,286.0,-27.392434922603627,27.392434922603627,21.97893080627442,15.784725158447266,0.0037498028345489,0.9270928165891288,0.2093964187150737,subtropical,5_29
b063s0111,-0.3591804516446113,-0.6107784049760029,364,364,1,-33.1166666,118.8333333,33.1166666,321.0,-1.089080911919723,1.089080911919723,21.158679046969755,15.56342012750736,0.0039426377507801,0.9095611184792376,0.2350604117217219,subtropical,5_29
b063s0128,-0.05680378078182654,-0.12211912023100983,363,363,1,-32.5166666,137.7166666,32.5166666,14.0,-121.99989874891604,121.99989874891604,69.93979739021627,57.47353078806208,0.013189224298993,0.8870992292181908,0.2170302169541849,subtropical,5_31
b063s0142,-0.5387219396321342,-0.7478047127031214,365,365,1,-32.795,151.834444,32.795,9.44,-4.230018219142359,4.230018219142359,18.851783273457333,14.839786797539258,0.0037357097871399,0.5448011620120051,0.4593894084478532,subtropical,5_33
b063s0272,-0.42637816561678304,-0.5577448220116465,365,365,2,-32.957525149999995,-68.60476134999999,32.957525149999995,685.04,-139.57952960211463,139.57952960211463,130.7385899303039,40.80337555455995,0.0196589220693717,0.9959524147295152,0.0462955304902282,subtropical,5_11
b063s0274,-0.3567446067310109,-0.4478449072364962,364,364,1,-33.273192,-66.356422,33.273192,709.87,-81.39384882831564,81.39384882831564,115.6703004769546,59.16705002441349,0.0184406722718741,0.997471169394282,0.0076354646067439,subtropical,5_11
b063s0276,-0.3187143438836502,-0.4589783893540898,365,365,1,-33.085128,-64.261314,33.085128,420.92,17.200582873445683,17.200582873445683,12.40526015987202,6.841203815148623,0.0020274726033677,0.9904724423178334,0.026726270185084,subtropical,5_11
b063s0278,-1.0555078273003946,-1.2950261093800846,365,365,1,-32.683639,-62.157792,32.683639,110.03,3.989008422519575,3.989008422519575,5.2090058369957495,3.2649125996689725,0.000897373913495,0.9796225114261584,0.0673176757399486,subtropical,5_11
b063s0280,-0.4207832298905408,-0.5620471071470367,365,365,1,-32.903611,-60.785,32.903611,25.9,-7.563582103627247,7.563582103627247,5.250131963073533,4.322087437519411,0.0010118849269496,0.9713771597541762,0.0511287299131335,subtropical,5_11
b063s0282,-0.4288362368308771,-0.5600066138430383,365,365,1,-33.010278,-58.613056,33.010278,22.86,-1.5540317420728478,1.5540317420728478,9.401722504272318,6.198650378241712,0.0014003596838489,0.9451259907648528,0.1266835419469765,subtropical,5_12
b064s0109,-0.4796598859489907,-0.617898221689773,365,365,6,-31.979120416666664,115.81921286666666,31.979120416666664,28.471666666666664,-43.55937890856097,60.05422272144347,23.37361678349514,17.258614514391482,0.0042589232713551,0.5868056274517018,0.4515255955794058,subtropical,5_29
b064s0110,-0.08325158887127171,-0.2187790108311455,365,365,1,-31.6166666,117.2166666,31.6166666,217.0,-44.17595666459232,44.17595666459232,23.43177073339845,16.9725260565674,0.0039549926373832,0.9348289157928258,0.2140063898305551,subtropical,5_29
b064s0114,-0.5739228653808733,-0.7818096962621007,365,365,1,-32.2166666,121.75,32.2166666,263.0,-40.89416682987434,40.89416682987434,20.747113252343738,17.12899969118653,0.003839128237909,0.9306846436932164,0.1623412829966278,subtropical,5_30
b064s0120,-1.0576357808464667,-1.4562347622872034,365,365,1,-32.2,127.5333333,32.2,3.0,-9.752579387503976,9.752579387503976,4.491898893517969,2.295563670014586,0.0007341411102586,0.472852061009546,0.4652921210978013,subtropical,5_30
b064s0121,-0.6690112157164192,-0.8822434635321929,365,365,1,-31.6797,128.8792,31.6797,102.3,41.25126615816821,41.25126615816821,11.974811616269507,8.702534674121083,0.0019524211845016,0.565482450532938,0.4549883782232921,subtropical,5_30
b064s0133,-0.04860026306024149,-0.08044986633316979,364,364,1,-32.0,141.4666666,32.0,282.0,36.52998215225759,36.52998215225759,33.15767230747071,15.442696698584015,0.0039462710912406,0.9897324528113972,0.0455490981569266,subtropical,5_32
b064s0137,-0.17489719415682783,-0.23479096034357547,365,365,1,-31.5333333,145.8,31.5333333,218.0,-3.1139549742249244,3.1139549742249244,15.605875642968776,8.063823297627067,0.0021153326010287,0.998333169596101,0.0061751957476831,subtropical,5_32
b064s0140,-0.30807192482373824,-0.4045730110038321,362,362,1,-32.2166666,148.5666666,32.2166666,285.0,-27.3971055615732,27.3971055615732,25.78526496524198,18.596513089779663,0.0044084302000662,0.9969740461014504,0.0292034935979408,subtropical,5_32
b064s0150,-0.920052780810939,-1.277842276483071,365,365,1,-31.54222,159.07861,31.54222,7.0,6.066688541269185,6.066688541269185,3.0517578125e-05,3.0517578125e-05,0.0001000016927719,0.0002269504025394,0.0010332780078609,subtropical,5_33
b064s0275,0.048553493668906635,-0.18657099176677905,365,365,1,-31.571472,-68.418194,31.571472,597.1,-118.13744630673204,118.13744630673204,208.9249433190645,81.9324209289816,0.0334799590200304,0.9980005209996908,0.034022074880657,subtropical,5_11
b064s0278,-0.8417207131269233,-1.0043343228067387,365,365,1,-31.945183,-65.146283,31.945183,583.69,-347.6613235359464,347.6613235359464,248.98526776696937,125.58167618717404,0.0411639690067974,0.9943679284798148,0.0377722657344205,subtropical,5_11
b064s0279,-0.37160558520524295,-0.4845800864254921,365,365,1,-31.6666667,-63.8833333,31.6666667,338.0,8.414864138065752,8.414864138065752,12.555360550557934,3.3937232072664805,0.0014849283148656,0.9720476964472006,0.122234180495879,subtropical,5_11
b064s0282,-0.27129638585255134,-0.34811132737492817,365,365,2,-31.753222,-60.6460145,31.753222,45.56,8.46306202117126,18.400405523797303,10.878198277545623,7.87913196503633,0.0016197142617226,0.9669206097209168,0.0799660540107859,subtropical,5_11
b065s0028,-0.4495531234030217,-0.5906957542555022,360,360,2,-30.9583333,30.2833333,30.9583333,83.0,-96.36025407336814,96.36025407336814,38.36227093573491,29.86986833518115,0.0070127579018747,0.4677284828397211,0.4667377267397294,subtropical,5_21
b065s0110,-0.42662430575270543,-0.6191722418003843,365,365,1,-31.4666666,115.8666666,31.4666666,75.0,-34.83360333524556,34.83360333524556,27.470623331186324,20.62532464978682,0.0049922305196393,0.6391385812700635,0.4443831032713029,subtropical,5_29
b065s0113,-0.14422228316392993,-0.31753838199600887,365,365,1,-31.2333333,119.35,31.2333333,348.0,-37.73684765473246,37.73684765473246,23.250169776249912,15.73733156890137,0.0043924113138973,0.9861247179268992,0.0338182862412601,subtropical,5_29
b065s0115,-0.2168566993417627,-0.33202696418519406,363,363,1,-30.789444,121.461667,30.789444,366.67,-0.3351225500646251,0.3351225500646251,20.92007083922348,14.01322976402971,0.0032486711672567,0.964958913623768,0.0535499255238352,subtropical,5_30
b065s0122,-0.4289064904620575,-0.5963620041403875,365,365,1,-30.8333333,128.1166666,30.8333333,160.0,-6.806177034902163,6.806177034902163,3.158082763905417,2.4160711970521214,0.0005217240535123,0.8917505050713889,0.2804532259092612,subtropical,5_30
b065s0124,-0.7999451967069587,-0.9689714875482093,363,363,1,-31.45,130.9,31.45,65.0,22.917522803403884,22.917522803403884,3.2821582031250305,2.2287841796875547,0.0006017714738845,0.5944874362510356,0.4472918539948222,subtropical,5_31
b065s0130,-0.0028643110237132063,-0.04009656704395925,363,363,1,-31.144167,136.816944,31.144167,167.03,33.67216857803993,33.67216857803993,23.503699897987477,16.035937201566796,0.0033702581341195,0.8869142451325623,0.1802981551246488,subtropical,5_31
b065s0281,-0.4549516656907013,-0.601598513366306,365,365,1,-31.323619,-64.207953,31.323619,488.89,-74.72482239632814,74.72482239632814,90.75444342100366,47.9934323039625,0.0142335996344943,0.9716948502431144,0.1216352229211708,subtropical,5_11
b065s0287,-0.17922743860245074,-0.2576117093641348,364,364,1,-31.296944,-57.996631,31.296944,34.13,-9.948092916732229,9.948092916732229,9.583372199371446,8.051179266378314,0.0015096478263249,0.9806839731164868,0.0386028159597399,subtropical,5_12
b066s0140,-0.24159383235121626,-0.40087085472077016,365,365,1,-30.0333333,145.95,30.0333333,108.0,-5.179133841369705,5.179133841369705,4.850670934462906,3.129536273796372,0.0006734675386393,0.995187351486604,0.0073936911970672,subtropical,5_32
b066s0277,-0.43549449132517165,-0.5615324548845855,365,365,1,-29.916233,-71.199522,29.916233,146.6,-282.3634019306992,282.3634019306992,164.9605697461038,139.47367637052898,0.0270412669203482,0.5960927684014447,0.4554930801635395,subtropical,6_10
b066s0286,-0.41023982063675807,-0.523017053577149,365,365,1,-29.8833333,-61.95,29.8833333,88.0,4.768461716555308,4.768461716555308,3.581564523359315,1.8226700950658832,0.0004750661087018,0.9288494458617969,0.1881038275757335,subtropical,6_11
b066s0290,-0.14393150744676866,-0.17132830300364654,364,364,1,-30.271922,-57.640231,30.271922,53.03,-9.140214175943385,9.140214175943385,8.894311834996271,7.425463526530485,0.0015738471369175,0.9822988894255668,0.0300784743982643,subtropical,5_12
b066s0296,-0.33804238171868706,-0.3689345998883467,365,365,1,-29.994428,-51.171428,29.994428,3.35,-29.804292599468116,29.804292599468116,31.06799699240177,20.27614243808589,0.0047495729414768,0.7134596453571826,0.3870070415398391,subtropical,6_12
b067s0016,-0.9821588272873661,-1.2862268197113764,360,360,1,-29.2333333,16.8666666,29.2333333,10.0,-90.97625785071143,90.97625785071143,35.73370280023754,19.4316784759894,0.005115684406669,0.541371122517925,0.4631957741179385,subtropical,6_19
b067s0030,-0.6131073300388159,-0.8082722830515646,364,364,1,-29.6166666,31.1333333,29.6166666,127.0,-32.45419692793709,32.45419692793709,50.61394231164415,36.60221639135917,0.0083170578154994,0.5332571048187769,0.4661375881091588,subtropical,6_21
b067s0112,0.11580250939284586,0.04953518660891717,365,365,1,-29.2,116.0166666,29.2,272.0,-20.338733419318828,20.338733419318828,23.09604037113773,13.426595904975551,0.0033743903425073,0.8728760539435451,0.2981814654609197,subtropical,6_29
b067s0117,-0.2570913967049688,-0.3551884223969783,361,361,1,-28.8833333,121.3166666,28.8833333,370.0,-35.26374565298954,35.26374565298954,18.314697810556385,7.150511301192176,0.0020559857603516,0.9751179802851708,0.0408369296722795,subtropical,6_30
b067s0130,-0.11497131745241007,-0.190302684918172,363,363,1,-29.0333333,134.7166666,29.0333333,226.0,43.5163677235706,43.5163677235706,14.440149669423468,7.751663420913329,0.0020354801432222,0.9838194674419491,0.0635911054721339,subtropical,6_31
b067s0134,-0.19092089866744785,-0.25911319616217643,363,363,1,-29.6666666,138.0666666,29.6666666,51.0,-18.003220785758415,18.003220785758415,17.1713874590313,10.101402816859467,0.0025526287342919,0.8945160265229957,0.1875399868482046,subtropical,6_31
b067s0138,-0.10528664441563847,-0.16541944647817783,365,365,1,-29.451111,142.057778,29.451111,178.0,24.13894947532623,24.13894947532623,17.342862485986174,11.628155438130165,0.0026988885958547,0.9846001540935851,0.0399809790137604,subtropical,6_32
b067s0145,0.2343835288786543,0.1627571716651286,365,365,1,-29.4914,149.8458,29.4914,218.5,0.1787346129927414,0.1787346129927414,7.425377827206924,3.8865718444921367,0.0006634928739166,0.9948039918651264,0.0190197368749413,subtropical,6_32
b067s0163,-1.1977195019644462,-1.419663197732154,365,365,1,-29.041625,167.938742,29.041625,113.08,111.83110050260856,111.83110050260856,3.0517578125e-05,3.0517578125e-05,0.0001000016927719,0.0005663720327382,0.0023087389177632,subtropical,6_34
b067s0177,-1.5061809341366137,-1.7823096205327094,364,364,1,-29.25,-177.9333333,29.25,49.5,48.238074545875726,48.238074545875726,3.0517578125e-05,3.0517578125e-05,0.0001000016927719,0.0002547295570649,0.0011667921262567,subtropical,6_0
b067s0285,-0.772265854984755,-0.9844441780956412,364,364,1,-29.381636,-66.795839,29.381636,437.69,-381.3410355937303,381.3410355937303,349.2288184522841,144.32597933858037,0.0541448179798752,0.99875050236333,0.0087812112557476,subtropical,6_11
b067s0294,-0.17370274075064143,-0.22589575289397756,365,365,1,-29.689425,-57.152078,29.689425,70.1,2.843081308360468,2.843081308360468,8.394981387296104,6.478179655998372,0.0014397571326675,0.982463381200271,0.0287887208657818,subtropical,6_12
b068s0112,-0.5486072155999312,-0.7667034452876219,365,365,1,-28.796111,114.7075,28.796111,36.88,-35.146791043465065,35.146791043465065,21.36605960520609,17.046512137803788,0.0034719291182988,0.5384298022667773,0.4622930692642776,subtropical,6_29
b068s0115,0.028601018522322923,-0.10752612114252262,347,347,1,-28.1166666,117.8333333,28.1166666,408.0,-20.84091992194089,20.84091992194089,17.688982247007495,9.658274668995071,0.0024790158861349,0.9978027218784838,0.0213419847754344,subtropical,6_29
b068s0120,-0.3842306403968087,-0.5248227271201652,365,365,1,-28.6166666,122.4166666,28.6166666,465.0,5.080142578704511,5.080142578704511,20.610980595988835,8.736759186944932,0.0024321419289448,0.9778238243236752,0.0401303101928618,subtropical,6_30
b068s0137,-0.2571739691156441,-0.3584877633423343,357,357,1,-28.1,140.2,28.1,38.0,-0.4748407330737549,0.4748407330737549,2.072620849609359,2.829681396484358,0.0005389794707298,0.9765379743719056,0.054907543962608,subtropical,6_32
b068s0141,-0.0016590810035396197,-0.10006527340762565,365,365,1,-27.986389,143.810833,27.986389,131.97,-11.262194694573909,11.262194694573909,12.087493333827332,6.812903415484752,0.0014907528402223,0.9938541245909664,0.0171024335462632,subtropical,6_32
b068s0150,-0.7098601845692737,-0.84257640504339,358,358,1,-28.164444,153.504722,28.164444,6.4,-71.7543421868186,71.7543421868186,64.74402075267078,40.35783100617424,0.0112768723633951,0.455109741398531,0.4635144992789183,subtropical,6_33
b068s0288,0.3628752832542981,0.12653032103926254,364,364,1,-28.595556,-65.751667,28.595556,463.9,-653.066970643578,653.066970643578,422.4097339976785,204.9927257523016,0.0658649687964185,0.996070270001894,0.0158914310706581,subtropical,6_11
b069s0119,-0.13835110877746948,-0.2119468601134591,365,365,1,-27.85,120.7,27.85,498.0,10.028444983761004,10.028444983761004,16.478143310546848,8.78141967773437,0.0023469346761703,0.9899499522958464,0.0254272746298203,subtropical,6_30
b069s0149,-0.35021296555947057,-0.507573355331744,365,365,1,-27.411389,151.735278,27.411389,406.9,-79.43221520852967,79.43221520852967,32.10272978515549,24.70872089468157,0.0047470170040207,0.9293933125701412,0.2277129854143431,subtropical,6_33
b069s0150,-0.42139221211846145,-0.4537720990441401,365,365,1,-27.4166666,153.0666666,27.4166666,5.0,-47.65394664378432,47.65394664378432,41.18254445826166,22.14118709068699,0.0089888775472039,0.582555643062007,0.4555151593761915,subtropical,6_33
b069s0212,-1.01856290645613,-1.3626659780080466,365,365,1,-27.6166666,-144.3333333,27.6166666,2.0,0.2151647429560852,0.2151647429560852,3.0517578125e-05,3.0517578125e-05,0.0001000016927719,0.0009194693218316,0.004993701096157,subtropical,6_3
b069s0247,-1.2026485560291502,-1.613633992300846,364,364,1,-27.164792,-109.421831,27.164792,69.18,61.17888018115971,61.17888018115971,3.0517578125e-05,3.0517578125e-05,0.0001000016927719,0.0023747239546505,0.0099799606342808,subtropical,6_7
b069s0291,-0.7886982221789122,-1.136170574588651,364,364,1,-27.765617,-64.310122,27.765617,199.94,-19.00350734020577,19.00350734020577,14.1625010962797,8.100133978849513,0.0025149234402932,0.9928499635083048,0.0182016412907104,subtropical,6_11
b069s0296,-0.3056569578557811,-0.4372120247402007,365,365,1,-27.449986,-59.056125,27.449986,52.73,-2.25561295539908,2.25561295539908,2.140943826398517,1.6743936919770244,0.0003610752293409,0.9756501796422632,0.0364309655285991,subtropical,6_12
b069s0297,-0.214650396160473,-0.2995282138102324,359,359,1,-27.445503,-58.761864,27.445503,61.87,3.712866860152374,3.712866860152374,3.898604694052299,2.622687779384281,0.0006077078820644,0.972436238917136,0.0404154343249765,subtropical,6_12
b069s0299,-0.4469325368923906,-0.5745074479652784,365,365,2,-27.35125285,-55.90203065,27.35125285,165.03,35.487607454091574,35.487607454091574,25.001941378643014,18.956618990425984,0.0040279825342016,0.9649755367059092,0.0846036526660031,subtropical,6_12
b069s0307,-0.5589010865110636,-0.6673942416438355,365,365,1,-27.670489,-48.547181,27.670489,6.09,-90.66966697931124,90.66966697931124,105.8230117631574,78.29678739799695,0.0179438061049094,0.4309226339336949,0.456251042821883,subtropical,6_13
b070s0125,-0.4809424581518065,-0.6301487178262057,365,365,1,-26.1333333,126.5833333,26.1333333,460.0,-20.379422542008,20.379422542008,20.442180778707677,10.507263114937354,0.0026289866342742,0.9989973811546352,0.0059668113391485,subtropical,6_30
b070s0145,0.24977232343159605,0.09826663012277104,356,356,1,-26.413334,146.2625,26.413334,305.71,-15.813416092490511,15.813416092490511,11.815705114684956,8.135232097985742,0.0018908073484599,0.9992010897177848,0.0030859380833307,subtropical,6_32
b070s0147,-0.21285200465817064,-0.4760496330558763,365,365,1,-26.55,148.7833333,26.55,304.0,-35.04644211539488,35.04644211539488,19.921518780175838,15.596659861423303,0.0034919692847138,0.9994417217717688,0.0027460048209641,subtropical,6_32
b070s0150,-0.15092335031913828,-0.3335191428861873,354,354,1,-26.5666666,151.8333333,26.5666666,434.0,-4.7929460962586745,4.7929460962586745,48.220259560405786,36.05779707636606,0.0084918303407529,0.8879298840272811,0.2845422167215318,subtropical,6_33
b070s0293,-0.43836393731504636,-0.5569049470172649,365,365,1,-26.840861,-65.104944,26.840861,455.67,-130.9073828320416,130.9073828320416,129.25365233799835,63.59074209652958,0.0207388538395248,0.995762852599154,0.0100963185932116,subtropical,6_11
b070s0297,-0.6933913284228194,-0.8729637322390963,365,365,1,-26.7333333,-60.4833333,26.7333333,91.0,-3.765294260185925,3.765294260185925,1.190352610286212,1.0014188784374976,0.0001847020093876,0.9942968249674252,0.0142795856832509,subtropical,6_11
b070s0300,-0.10045753702679898,-0.2072769174405733,365,365,1,-26.212722,-58.228111,26.212722,59.13,-3.161701043997091,3.161701043997091,1.7945143715324596,1.761074832739687,0.0003334107449089,0.9823043544295844,0.0341288820511435,subtropical,6_12
b071s0032,-0.659802460647789,-0.8149632098489067,363,363,1,-25.920836,32.572606,25.920836,44.19,19.082931000321583,19.082931000321583,18.73485023446209,8.750880925943628,0.0026133490323451,0.6636064915020825,0.4279095517764135,subtropical,6_21
b071s0113,-0.7718371594584871,-1.071843038773246,365,365,1,-25.9,113.5833333,25.9,34.0,26.07223750477994,26.07223750477994,4.003960753862367,2.932976986425825,0.000826491337012,0.4119510821756764,0.4248773478676115,subtropical,6_29
b071s0139,-0.14006271938373274,-0.23605079501833467,362,362,1,-25.8975,139.3475,25.8975,47.85,-2.1773674106027627,2.1773674106027627,5.318482067871077,4.236573443603505,0.000879754654318,0.9838344904958476,0.0297043347882087,subtropical,6_31
b071s0153,-0.4506729389921264,-0.6872814794063212,365,365,1,-25.9333333,153.1833333,25.9333333,95.0,75.47163107154218,75.47163107154218,9.294499762366298,13.141800543615467,0.0023750807424699,0.4168114104829843,0.451856799594852,subtropical,6_33
b071s0303,-0.3986445773750688,-0.5121586635711991,365,365,1,-25.23985,-57.519133,25.23985,89.0,-6.611330521638365,6.611330521638365,15.876798722263937,16.46083323620216,0.0037151721205556,0.990058866850224,0.0217950434070114,subtropical,6_12
b071s0306,-0.23412320483412466,-0.31669189548349713,365,365,3,-25.594477,-54.597883333333336,25.594477,261.02,21.42839406840909,21.42839406840909,22.827019353982525,18.89142775273486,0.0038366058134683,0.9763484330453776,0.0437705856345963,subtropical,6_12
b072s0047,-1.0108983041362094,-1.2658961307606884,365,365,1,-25.038056,46.956111,25.038056,8.83,-76.70541208742118,76.70541208742118,72.05704196153225,54.89380286171438,0.0143929504676882,0.3697032029005353,0.4413557467486805,subtropical,6_22
b072s0129,-0.3962747174690617,-0.5175153870686273,363,363,1,-25.0333333,128.3,25.0333333,599.0,23.03632907368535,23.03632907368535,30.53009713670417,21.77358011186556,0.0056149754222845,0.9968879166169536,0.016805674966333,subtropical,6_30
b073s0035,-0.9946944149900531,-1.178190256155583,364,364,1,-23.8666666,35.3833333,23.8666666,15.0,-29.200235752705275,29.200235752705275,15.331712168026762,12.181486765902722,0.002893388551262,0.4361577952095581,0.4548979492741004,subtropical,6_21
b073s0121,-0.4491566730411473,-0.6359800244362342,364,364,1,-23.4166666,119.8,23.4166666,524.0,-44.11840955050309,44.11840955050309,21.02382991244639,14.234804870839891,0.0032200927940774,0.9995641519094962,0.0094376208198695,tropical,6_29
b073s0136,-0.3132348586068994,-0.44960898113752185,362,362,1,-23.806667,133.902222,23.806667,545.28,-48.03887424293521,48.03887424293521,36.84788151106136,20.58965658444625,0.0056537803979562,0.9992664777322808,0.0056212687790395,subtropical,6_31
b073s0146,0.11382444702608822,0.013829773548613847,365,365,1,-23.4333333,144.2833333,23.4333333,192.0,-13.404011135170949,13.404011135170949,10.877823867259606,6.267153508276886,0.0015121517200443,0.9994001310515764,0.0044794377411934,tropical,6_32
b073s0150,-0.14052006077769516,-0.20484303436268889,365,365,1,-23.5666666,148.1833333,23.5666666,190.0,-11.141147592672212,11.141147592672212,14.734231368156788,10.031063146847067,0.0023610032927924,0.986718981757873,0.0893041814291182,subtropical,6_32
b073s0155,-1.146498397054159,-1.505205930771113,365,365,1,-24.1166666,152.7166666,24.1166666,4.0,4.8294061013091145,4.8294061013091145,3.0517578125e-05,3.0517578125e-05,0.0001000016927719,0.217440287451922,0.3756342881841768,subtropical,6_33
b073s0294,-0.048065373969334045,-0.0915907706298283,365,365,1,-23.444478,-70.4451,23.444478,138.68,-158.61559840842455,158.61559840842455,157.23825298300142,106.69248531872204,0.0244125583937803,0.4967071514675525,0.4619771569259545,tropical,6_10
b073s0307,-0.274043613614611,-0.3861659292632243,348,348,1,-23.44175,-57.427122,23.44175,77.11,-14.279637912620444,14.279637912620444,12.319652822257211,7.017561150553316,0.0016919806173054,0.995622711550946,0.0091656322003581,tropical,6_12
b074s0120,-0.35586791080623864,-0.46864537745717416,365,365,1,-23.1666666,117.75,23.1666666,424.0,-72.91193059190107,72.91193059190107,63.0954860132325,46.982337380420006,0.0097071118170499,0.9967042749099684,0.048763732018606,tropical,6_29
b074s0139,-0.6315144923658704,-0.8026007994476577,365,365,1,-22.95,136.15,22.95,329.0,-4.246110419969398,4.246110419969398,10.44312866210938,6.662628173828103,0.0018718907237052,0.9999234464342216,0.0008874031290996,tropical,6_31
b074s0151,-0.391927121281368,-0.597194727258806,365,365,1,-22.7833333,147.6166666,22.7833333,272.0,-52.233297407815485,52.233297407815485,27.836775651669832,16.44718288700955,0.004110039919818,0.985383252577024,0.0970583858261389,tropical,6_32
b074s0154,-0.19287959294775492,-0.23227136767948356,365,365,1,-23.381944,150.475278,23.381944,10.36,-58.24283436834067,58.24283436834067,58.5086490482583,39.45301931290351,0.009219676305906,0.6628577081405645,0.4288844392575506,tropical,6_33
b074s0171,-1.6109122172004913,-1.8260147473611938,365,365,1,-22.588856,167.455969,22.588856,96.01,91.4863849055358,91.4863849055358,3.0517578125e-05,3.0517578125e-05,0.0001000016927719,0.0544115788161123,0.1506325603850157,tropical,6_34
b074s0215,-1.24485897069995,-1.486979156364499,359,359,1,-23.365353,-149.524072,23.365353,2.13,1.013914487488627,1.013914487488627,3.0517578125e-05,3.0517578125e-05,0.0001000016927719,0.0004876090136941,0.0023289175792099,tropical,6_3
b074s0230,-0.886838210201474,-0.9992121942917254,363,363,1,-23.1333333,-134.9666666,23.1333333,89.0,87.92245942880419,87.92245942880419,3.0517578125e-05,3.0517578125e-05,0.0001000016927719,0.0003104060031356,0.002200091577835,tropical,6_4
b074s0303,-0.19571919547755198,-0.27844469820973644,365,365,2,-22.886213,-64.061421,22.886213,402.485,-64.02561179235227,64.02561179235227,89.03330367965052,50.676470396203726,0.0146540023637235,0.9962686938644458,0.0082637459426266,tropical,6_11
b074s0324,-0.1514117768982328,-0.21641749340101157,365,365,1,-22.808903,-43.243647,22.808903,8.53,-112.72204483800915,112.72204483800915,151.5604734638432,104.43631547996875,0.0257510894124146,0.5499729894094456,0.452159194334192,tropical,6_13
b075s0117,-0.5576183730499035,-0.6841398016013623,365,365,1,-22.235556,114.088611,22.235556,5.79,-35.038320945681335,35.038320945681335,41.32769781454317,20.26835882380464,0.007140385107682,0.4039443632391744,0.441000832895455,tropical,6_29
b075s0118,-0.5009840799130889,-0.6473359281341842,365,365,1,-21.6666666,115.1166666,21.6666666,11.0,4.76108735321046,4.76108735321046,1.884600904749025,0.7133928167382977,0.0002324768874351,0.4960912497613617,0.4577384639586437,tropical,6_29
b075s0125,-0.13735942359421063,-0.29432931810930296,365,365,1,-21.715,122.228611,21.715,295.65,10.56432725926095,10.56432725926095,18.44805255578614,8.454737553251952,0.0025239912358427,0.988620259875868,0.0581158300376057,tropical,6_30
b075s0142,-0.603733831749664,-0.8850717632843385,364,364,1,-21.6,138.3666666,21.6,75.0,-113.52685824829322,113.52685824829322,6.521821319545889,2.9873646599267496,0.0007778106405997,0.9985196692546796,0.0036561761897304,tropical,6_31
b075s0171,-1.563030472970716,-2.781135589086773,362,362,1,-22.014553,166.212972,22.014553,15.84,-208.61703436204647,208.61703436204647,99.52323786716288,92.4419663474888,0.0153784264347803,0.1410773298653846,0.255301649806034,tropical,6_34
b075s0327,-0.6702070907069038,-0.8360229635695516,364,364,1,-22.343031,-41.766033,22.343031,2.43,-38.12430601476876,38.12430601476876,75.43813010535887,29.85928748197542,0.0108582974323259,0.4819000395852043,0.4569219470641036,tropical,6_13
b076s0057,-2.2195480220256005,-2.8336593983681646,363,363,1,-20.8871,55.510308,20.8871,20.11,-317.1597453553731,317.1597453553731,286.20436476843645,156.7418711159048,0.036721765563611,0.041980391127836,0.1431300086597595,tropical,6_23
b076s0119,-0.7152495678891597,-1.1374688345375168,365,365,1,-20.8833333,115.4,20.8833333,7.0,5.801591971614871,5.801591971614871,3.0517578125e-05,3.0517578125e-05,0.0001000016927719,0.2867498635585362,0.414771271310519,tropical,6_29
b076s0120,-0.35959411322197044,-0.47919129355819007,365,365,1,-21.1833333,115.9666666,21.1833333,12.0,-18.40698408418645,18.40698408418645,8.397754918450309,4.738572422409445,0.0009057390555494,0.5014989416893217,0.4611561546462505,tropical,6_29
b076s0121,-0.5637574867436421,-0.6656755944041007,365,365,1,-20.7166666,116.7666666,20.7166666,6.0,-13.510502545403028,13.510502545403028,6.552125649951602,3.912939666206612,0.0006970980932865,0.4492965656621555,0.4568577334056973,tropical,6_29
b076s0124,-0.09379393430215655,-0.28144910221791775,341,341,1,-21.1833333,119.75,21.1833333,183.0,-43.21710229745276,43.21710229745276,30.7689672654297,22.474019338684084,0.0053768276361584,0.898651258272999,0.2738338411150659,tropical,6_29
b076s0148,-0.2737608880092773,-0.5332479913859574,365,365,1,-20.701944,143.114722,20.701944,206.04,-12.103930170444016,12.103930170444016,7.561439719322384,5.80378061410807,0.0011824215751041,0.999508951369894,0.0021287633463239,tropical,6_32
b076s0155,-0.8907199005806063,-1.198889863575994,365,365,1,-21.1166666,149.2166666,21.1166666,33.0,6.719883589695112,6.719883589695112,14.35995479148866,12.177819629819036,0.0029217619386864,0.4579725918419163,0.4555137336615715,tropical,6_32
b076s0174,-1.1733828946072744,-1.7620668581568764,347,347,1,-21.481678,168.037508,21.481678,42.97,16.96689708161124,16.96689708161124,27.361318367538697,18.87016107555488,0.0040873626534362,0.0468922784545724,0.1305727239644385,tropical,6_34
b076s0192,-1.4009828506260689,-1.6685555506969447,365,365,1,-21.23,-175.15,21.23,38.1,35.70075592837515,35.70075592837515,3.0517578125e-05,3.0517578125e-05,0.0001000016927719,0.0043144399913999,0.018314424268549,tropical,6_0
b076s0207,-1.317470832238033,-1.6012644107597955,365,365,1,-21.202739,-159.805556,21.202739,5.79,1.3099356453211568,1.3099356453211568,3.0517578125e-05,3.0517578125e-05,0.0001000016927719,0.0012680328573269,0.0066656906055203,tropical,6_2
b077s0060,-0.9635375608190468,-1.0878338955378244,365,365,1,-20.430235,57.6836,20.430235,56.69,-40.111090666868975,40.111090666868975,122.35152223028996,29.17113317768752,0.013502688436923,0.0284032255516465,0.1048582932295441,tropical,6_23
b077s0122,-0.4235229534907489,-0.6031427818158,340,340,1,-20.3666666,116.85,20.3666666,29.0,26.691857156240932,26.691857156240932,3.0517578125e-05,3.0517578125e-05,0.0001000016927719,0.3232085611428874,0.42790610950952,tropical,6_29
b077s0123,-0.5528439954220109,-0.7343191130894682,365,365,1,-20.377778,118.626389,20.377778,10.05,-12.930482384250588,12.930482384250588,3.7772972230872215,2.053010375853871,0.0004151489451315,0.53577141334836,0.4598693067845182,tropical,6_29
b077s0135,-1.0233068235812997,-1.3501369403479726,365,365,1,-20.1833333,130.0166666,20.1833333,339.0,-25.377496926777155,25.377496926777155,13.153555566600234,7.315738421531835,0.0020225744567115,0.9997949061373322,0.0023925281673154,tropical,6_31
b077s0144,-0.15097668756953256,-0.21440257029549178,365,365,1,-19.9166666,138.1166666,19.9166666,232.0,-15.867008546058456,15.867008546058456,5.599646996773511,3.4662569971103987,0.0008314749923158,0.9986384815301104,0.0230175013006796,tropical,7_31
b077s0145,-0.6812814630412269,-1.0618792472178262,365,365,1,-20.663889,139.488611,20.663889,341.68,-46.9211219889944,46.9211219889944,25.328562587564505,22.25913326075236,0.003986111089924,0.9986640789326606,0.0125676606358894,tropical,6_31
b077s0155,-0.6166314100009659,-0.727915215420946,365,365,1,-20.495,148.552222,20.495,24.99,-83.70237228242462,83.70237228242462,84.43165492353529,74.6324740294337,0.0157375904568445,0.5086068225902978,0.4564778849111838,tropical,6_32
b077s0173,-1.3505182467670227,-1.8443150648358984,355,355,1,-20.640556,166.572778,20.640556,7.01,7.614406362319322,7.614406362319322,3.0517578125e-05,3.0517578125e-05,0.0001000016927719,0.0870195202426244,0.2036865901276248,tropical,6_34
b077s0302,-1.5343007611945303,-1.539928917384559,365,365,1,-20.535222,-70.181275,20.535222,47.24,-320.8046066854481,320.8046066854481,99.5946517264408,61.66756793140252,0.0154407940246848,0.4957985696412987,0.4734991492414518,tropical,6_10
b077s0333,-0.6752500474281552,-0.7498797497402424,365,365,1,-20.258056,-40.286389,20.258056,3.35,-69.96887892178277,69.96887892178277,64.90818434150933,33.19684358701576,0.0076176249507797,0.4944318117950153,0.4638698813102181,tropical,6_13
b078s0066,-0.9865465304040577,-1.2300929719131066,365,365,2,-19.753829,63.3654915,19.753829,29.475,27.32739257379621,27.32739257379621,3.0517578125e-05,3.0517578125e-05,0.0001000016927719,0.0003318208828957,0.0015520359800612,tropical,7_24
b078s0126,-1.1056747979204806,-1.612331565193449,365,365,1,-19.7333333,120.85,19.7333333,8.0,-10.084054069655496,10.084054069655496,6.702278124919483,3.117469869396985,0.000693961896044,0.5898295194606024,0.4592204300124792,tropical,7_30
b078s0140,-0.29865979358932926,-0.4350074478091419,361,361,1,-19.6333333,134.1833333,19.6333333,377.0,46.901737456329386,46.901737456329386,11.7768755659776,7.360008877489076,0.0018297057241046,0.9999334433822517,0.0002764636197894,tropical,7_31
b078s0154,-0.6123500600539024,-0.6580761414503287,365,365,1,-19.2525,146.765278,19.2525,5.48,-49.762237627991695,49.762237627991695,96.76252957701574,63.395419582596354,0.012892275380189,0.5847242964817115,0.4557903357919344,tropical,7_32
b078s0194,-0.9584157564335949,-1.1699240797125368,365,365,1,-19.777006,-174.341319,19.777006,9.44,9.2208892197542,9.2208892197542,3.0517578125e-05,3.0517578125e-05,0.0001000016927719,0.0015274334031337,0.0088306770774043,tropical,7_0
b079s0052,-1.0532164259554715,-1.2403043889522447,365,365,1,-18.109517,49.392536,18.109517,6.7,-48.428820387987926,48.428820387987926,39.982931618233614,22.06639084886717,0.0063688491173829,0.4758727294855686,0.4653232216687339,tropical,7_22
b079s0132,-0.4631078636183981,-0.5812127480297763,347,347,1,-18.1833333,125.5666666,18.1833333,115.0,-23.64584742222073,23.64584742222073,18.43019272952564,9.922210953979825,0.0027673502616421,0.9925167039278868,0.0635566763210281,tropical,7_30
b079s0134,-0.25639280969907413,-0.548340233682126,364,364,1,-18.2333333,127.6666666,18.2333333,424.0,5.898664977830663,5.898664977830663,23.890413575649927,16.65680803895426,0.0033792478817437,0.998517194067132,0.0163898341255699,tropical,7_30
b079s0188,-0.6093334208636384,-0.8053436244416448,362,362,1,-18.043267,178.559228,18.043267,5.18,-43.486216120147766,43.486216120147766,20.22716285044382,18.288919661127608,0.0035994068548042,0.1544867050436077,0.2801020465034547,tropical,7_35
b079s0196,-1.2878144306318475,-1.620476169200132,363,363,1,-18.5833333,-173.9666666,18.5833333,70.0,68.1399215493016,68.1399215493016,3.0517578125e-05,3.0517578125e-05,0.0001000016927719,0.0010979567449754,0.0044699027438767,tropical,7_0
b079s0231,-1.1573159898405965,-1.4368933492096925,365,365,1,-18.074814,-140.945886,18.074814,3.04,2.806817787479146,2.806817787479146,3.0517578125e-05,3.0517578125e-05,0.0001000016927719,0.0,0.0,tropical,7_3
b080s0129,-0.48104104220778937,-0.7703022467365902,365,365,1,-17.944722,122.231667,17.944722,17.06,-0.7705601460809604,0.7705601460809604,10.191579747527514,4.109721604638649,0.0009300048001141,0.5158464492151075,0.4537976796385763,tropical,7_30
b080s0131,-0.40451664527555814,-0.5803886451230639,365,365,1,-17.3666666,123.6666666,17.3666666,7.0,-11.618363206621432,11.618363206621432,9.40371576730748,6.183103427206701,0.0013293002809848,0.7431552985095351,0.375379829942496,tropical,7_30
b080s0178,-1.513651233666322,-1.8239692847674303,365,365,1,-17.699325,168.319794,17.699325,21.33,-10.769239916700798,10.769239916700798,3.0517578125e-05,3.0517578125e-05,0.0001000016927719,0.0336812579322009,0.0833063570661856,tropical,7_34
b080s0188,-0.5040377121797782,-0.6426883071394206,365,365,1,-17.755392,177.443378,17.755392,17.98,-75.15813675856018,75.15813675856018,53.75767960198591,50.79880097874261,0.0088390049634489,0.1456343938266382,0.2845779807196809,tropical,7_35
b080s0223,-1.6571721818898304,-2.0828628185576736,365,365,1,-17.55375,-149.607236,17.55375,1.52,-71.28273072414495,71.28273072414495,3.0517578125e-05,3.0517578125e-05,0.0001000016927719,0.0161667654625923,0.0510360494321842,tropical,7_3
b080s0315,0.11473316149322106,0.05349703636166566,365,365,1,-17.644756,-63.135364,17.644756,373.38,7.455829369145704,7.455829369145704,29.819684582458464,7.931375653736243,0.0035014872893592,0.9928947195136046,0.0132821083679762,tropical,7_11
b081s0063,-1.095470613072459,-1.4565865149194834,365,365,1,-16.45,59.6166666,16.45,4.0,3.8454730341146095,3.8454730341146095,3.0517578125e-05,3.0517578125e-05,0.0001000016927719,0.0,0.0,tropical,7_23
b081s0137,-0.1713676887439941,-0.28911222780685203,362,362,1,-16.6333333,128.45,16.6333333,165.0,-26.759623049047264,26.759623049047264,69.94821326573575,51.89770040096755,0.0121681770001415,0.9564062650248027,0.1424990318858461,tropical,7_30
b081s0155,-0.9132449803450208,-1.019613583863609,365,365,1,-16.885833,145.755278,16.885833,3.04,-197.74216788670049,197.74216788670049,97.81478343687156,59.29962179331263,0.016514820294969,0.4944858842744543,0.4640008002380719,tropical,7_32
b081s0159,-1.097647973337467,-1.3660851791064381,364,364,1,-16.2878,149.9653,16.2878,9.0,9.240422573840222,9.240422573840222,3.0517578125e-05,3.0517578125e-05,0.0001000016927719,0.0,0.0,tropical,7_32
b081s0222,-1.2220046224954113,-1.5269694624830648,365,365,1,-16.4333333,-151.75,16.4333333,3.0,1.7015084161640264,1.7015084161640264,3.0517578125e-05,3.0517578125e-05,0.0001000016927719,0.002618343436565,0.0120551528999189,tropical,7_2
b081s0342,-0.4121739072997978,-0.522340994584143,365,365,1,-16.438639,-39.080917,16.438639,51.2,11.965383325503195,11.965383325503195,14.965831454595016,12.34538427967624,0.0026788532071967,0.4942893799667853,0.462425514291864,tropical,7_14
b082s0049,-0.9830954948391127,-1.0964465398949352,365,365,1,-15.667144,46.351828,15.667144,26.51,2.9212504794216265,2.9212504794216265,13.996441811807305,10.325485248704618,0.0022793874287357,0.5330054647345855,0.445190452560119,tropical,7_22
b082s0137,-0.28117251322149134,-0.38285494859926916,365,365,1,-15.5,128.15,15.5,4.0,-51.79154196387064,51.79154196387064,64.61076660156141,47.43686523437458,0.0107959911227224,0.7965806655161476,0.3389139820702421,tropical,7_30
b082s0138,-0.8297355469229096,-1.3263387133462594,364,364,1,-15.778056,128.7075,15.778056,44.19,-51.57053254812959,51.57053254812959,52.484856218085085,44.62178037136657,0.009188576883571,0.840783800380338,0.2974893166296034,tropical,7_30
b082s0146,-0.5647360274206213,-0.7607687688206569,364,364,1,-15.75,136.8,15.75,13.0,9.876242779134603,9.876242779134603,3.0517578125e-05,3.0517578125e-05,0.0001000016927719,0.5007079657565924,0.4546443718138478,tropical,7_31
b082s0151,-0.28888986168224906,-0.39642359073675637,365,365,1,-15.4833333,141.75,15.4833333,11.0,0.4840043239154052,0.4840043239154052,1.490319922229004,1.1274536326538087,0.0002051224404633,0.622610917720653,0.4552493134609092,tropical,7_32
b082s0155,-0.6910144051196592,-0.7500444240987466,365,365,1,-15.45,145.1833333,15.45,6.0,-94.16487846939752,94.16487846939752,41.50033936786248,33.162445503614265,0.0064112302729644,0.4964489794412304,0.4614429591149361,tropical,7_32
b082s0179,-0.7823736468644279,-0.9552610732667381,363,363,1,-15.501253,167.222603,15.501253,56.08,10.620816537461238,10.620816537461238,46.17231856233499,25.765113724619685,0.00700978173877,0.0965258066944886,0.1731111412456215,tropical,7_34
b082s0325,-0.370918382439365,-0.4680902360840922,365,365,1,-15.652931,-56.116719,15.652931,188.06,-6.076028648313411,6.076028648313411,26.344753893246143,17.681706825800834,0.0038830641576751,0.9939593264540264,0.01601157885854,tropical,7_12
b082s0379,-2.7425895212005766,-2.9293972107568664,361,361,1,-15.9333333,-5.6666666,15.9333333,436.0,426.4668396833647,426.4668396833647,3.0517578125e-05,3.0517578125e-05,0.0001000016927719,0.000410598309855,0.0017025846697808,tropical,7_17
b083s0142,-0.3954559936995589,-0.5039917423895989,364,364,1,-14.521111,132.377778,14.521111,135.02,-28.70700737493675,28.70700737493675,25.883900595406324,14.195470852552909,0.0036554064056884,0.9926549023661668,0.0694701592223801,tropical,7_31
b083s0144,-0.3105943220057497,-0.40298170328632316,364,364,1,-14.7166666,134.75,14.7166666,14.0,-33.73995211109937,33.73995211109937,22.324853278564454,19.253460973535155,0.0033325293835222,0.8766278137428406,0.2849887794024366,tropical,7_31
b084s0136,-0.6093920519909625,-0.697897612141349,365,365,2,-14.025,126.39166665,14.025,16.0,-27.267939003444265,33.95720534312194,21.709805909294467,14.88793856925659,0.0033828809749603,0.3820360725780163,0.4214225059812956,tropical,7_30
b084s0306,-0.33269847445232065,-0.4601986344584226,365,365,1,-13.744864,-76.220284,13.744864,11.88,-81.27046198476977,81.27046198476977,35.75239243185521,25.544511283720876,0.0049988634241471,0.4955991572705981,0.4620109431752023,tropical,7_10
b085s0049,-1.58996576103835,-2.830180318800221,363,363,1,-12.804722,45.281113,12.804722,7.01,-7.797528511861184,7.797528511861184,3.0517578125e-05,3.0517578125e-05,0.0001000016927719,0.0116684552210045,0.0518757301883695,tropical,7_22
b085s0153,-0.1988528431933029,-0.30274007577497325,365,365,2,-12.68097215,141.92097230000002,12.68097215,19.1,-4.154528335299553,4.154528335299553,9.625071015050034,8.469244002984322,0.0017350317910351,0.480110121188377,0.4506737994246278,tropical,7_32
b085s0199,-1.16693001618472,-1.3602410242727174,362,362,1,-13.238281,-176.199228,13.238281,24.07,23.57058322939256,23.57058322939256,3.0517578125e-05,3.0517578125e-05,0.0001000016927719,0.0002276222483219,0.0011458327810148,tropical,7_0
b085s0348,-0.9452585549832717,-1.0507749366913275,365,365,1,-12.910994,-38.331044,12.910994,19.5,4.317880249239792,4.317880249239792,9.219040072228369,3.77573642004442,0.0013332675835988,0.4755471152868839,0.455046122003847,tropical,7_14
b086s0105,-0.21689158313432735,-0.31950798777800954,365,365,1,-12.188333,96.833889,12.188333,3.04,2.711529333912238,2.711529333912238,3.0517578125e-05,3.0517578125e-05,0.0001000016927719,0.0,0.0,tropical,7_27
b086s0141,-1.3858481481064686,-1.9186604029768644,363,363,1,-11.7833333,130.0166666,11.7833333,7.0,4.38177670642077,4.38177670642077,0.5654669821369575,0.5702735500216138,0.0001890801606409,0.1775104844893918,0.3134288693966708,tropical,7_31
b086s0142,-0.2298751577081708,-0.3267662814685091,365,365,1,-12.414722,130.876667,12.414722,31.39,19.203700104540083,19.203700104540083,8.37897642203749,5.792975435234304,0.0014317894865739,0.489026588306615,0.4269299877218817,tropical,7_31
b086s0144,-0.38831799898050184,-0.45811334814682897,365,365,1,-12.3333333,133.0072222,12.3333333,9.1,-43.95014583775831,43.95014583775831,28.772185830224625,31.4229666143833,0.0053270924510143,0.6897433558003807,0.4054268779322163,tropical,7_31
b086s0148,-0.5380309062294264,-0.6696082101482436,362,362,1,-12.2833333,136.8166666,12.2833333,53.0,38.82667024910288,38.82667024910288,17.830864041080755,8.16617879209406,0.0022690700650774,0.2078147853789629,0.3358238791065942,tropical,7_31
b087s0047,-1.8113054972629499,-2.190891512566583,365,365,1,-11.533661,43.27185,11.533661,28.34,-171.81448191266884,171.81448191266884,232.936295334662,143.24923014583194,0.0308603602136373,0.0245390198929069,0.0854460753475044,tropical,7_22
b087s0144,-0.9220949767009249,-1.0642721730532618,365,365,1,-11.1666666,132.4833333,11.1666666,15.52,6.784371587815366,6.784371587815366,6.0144283576187805,4.559403706743138,0.0009604709026646,0.2517027083941781,0.357502382025164,tropical,7_31
b087s0149,-1.2742826445167452,-1.6267187239099996,365,365,1,-11.0166666,136.75,11.0166666,19.0,17.866256316823275,17.866256316823275,3.0517578125e-05,3.0517578125e-05,0.0001000016927719,0.0562411421110213,0.1790143186859374,tropical,7_31
b088s0043,-0.7296952676082081,-0.8961322255741889,365,365,1,-10.339058,40.181781,10.339058,113.08,52.97077802931133,52.97077802931133,21.551692001601356,11.812984923571756,0.0030861527017144,0.4804326637653238,0.4589861838897554,tropical,7_22
b088s0061,-1.3185064983765267,-1.657280919702927,365,365,1,-10.4333333,56.6,10.4333333,4.0,3.8747687556562425,3.8747687556562425,3.0517578125e-05,3.0517578125e-05,0.0001000016927719,3.8195055909429953e-08,5.551060666776874e-06,tropical,7_23
b088s0115,-1.9212483812754677,-1.929641632003135,365,365,1,-10.450556,105.690278,10.450556,279.19,269.1263206059879,269.1263206059879,3.0517578125e-05,3.0517578125e-05,0.0001000016927719,0.0019406099112907,0.0112393271128699,tropical,7_28
b088s0133,-0.55247500617133,-0.6790200199656647,365,365,1,-10.5,121.8333333,10.5,26.0,5.680626292331215,5.680626292331215,3.0517578125e-05,3.0517578125e-05,0.0001000016927719,0.0638897632906872,0.1662113883155182,tropical,7_30
b088s0134,-0.145105013364871,-0.27128344018804423,365,365,1,-10.7333333,123.0666667,10.7333333,1.0,-30.43987142959476,30.43987142959476,11.900062393334048,10.915316106327737,0.0022527568884631,0.0936996932122513,0.2142953017518393,tropical,7_30
b088s0135,-0.4742978437483169,-0.5438663747101105,365,365,1,-10.171583,123.671136,10.171583,105.0,-41.321261257088935,41.321261257088935,93.5252133866619,71.72364056590212,0.015134627947635,0.1879271043680148,0.3081401293150189,tropical,7_30
b088s0155,-0.9568857969419687,-1.1801212200808409,361,361,1,-10.5833333,142.2833333,10.5833333,5.0,0.4784664224481494,0.4784664224481494,3.0517578125e-05,3.0517578125e-05,0.0001000016927719,0.1826186484500911,0.3207671387828278,tropical,7_32
b089s0161,-0.8457996898139636,-0.9703535317901654,363,363,1,-9.443383,147.22005,9.443383,44.5,-81.74457361743202,81.74457361743202,108.40361681066672,70.84758646907898,0.0155311159319158,0.4353063572103177,0.4529296923594276,tropical,8_32
b089s0175,-1.3324272885016326,-1.7066796343375363,365,365,1,-9.428,160.054789,9.428,8.53,-237.99324337342628,237.99324337342628,98.1019142006313,70.20045473130793,0.0152541484411979,0.1385788778163401,0.2253966931323977,tropical,8_34
b089s0242,-1.3065337318129362,-1.5006157899032015,365,365,1,-9.8,-139.0333333,9.8,53.0,15.446897308953936,15.446897308953936,3.0517578125e-05,3.0517578125e-05,0.0001000016927719,0.0098105676399395,0.0294596838942616,tropical,8_4
b089s0320,-0.28868647599517433,-0.4206727847578889,365,365,1,-9.869158,-67.894072,9.869158,193.24,18.69849177566354,18.69849177566354,13.834417072370943,9.081361297363872,0.0021613700349241,0.9974300246026888,0.0071327957707629,tropical,8_11
b089s0355,-0.3035701588332123,-0.393278376992016,365,365,1,-9.510808,-35.791678,9.510808,117.95,46.95917575464958,46.95917575464958,21.402176157260637,17.344995372550486,0.0035631223308007,0.532712302270585,0.4625601673148904,tropical,8_14
b090s0125,-1.6519171449564816,-1.7959691491161873,365,365,1,-8.2166666,114.3833333,8.2166666,5.0,-254.9828420927444,254.9828420927444,107.64533847567787,42.93301935087787,0.0185622059842914,0.2647465066519289,0.3340526346414129,tropical,8_29
b090s0126,-0.3333290572703638,-0.43551294451274436,365,365,1,-8.7487,115.167211,8.7487,1.0,-16.051502697426805,16.051502697426805,6.68393556610451,2.178370642641545,0.0010094977274017,0.1771813338890494,0.2775693957796674,tropical,8_29
b090s0127,-0.0584665949037676,-0.11020963575917493,364,364,1,-8.75,116.2666666,8.75,96.0,-48.10231163419718,48.10231163419718,117.00118718632802,63.56289477190041,0.0190178627617329,0.1814967084303058,0.2744867640576909,tropical,8_29
b090s0129,-0.9468653506903338,-1.1016538539021217,365,365,1,-8.489039,117.412119,8.489039,5.0,-243.90660250615664,243.90660250615664,168.5367296323409,83.903988357832,0.0189739629878394,0.2065087293344048,0.2912826713663899,tropical,8_29
b090s0130,-0.843284401118885,-0.9775250816514891,365,365,1,-8.539647,118.687322,8.539647,22.0,-138.7512767419632,138.7512767419632,152.77314181624894,95.7867266291454,0.0231060712192943,0.199266776836594,0.2713458933417421,tropical,8_29
b090s0134,-0.7708939299654799,-1.0178874105579776,365,365,1,-8.640647,122.236889,8.640647,3.0,-113.10350803851544,113.10350803851544,21.276386092953885,11.411113322180745,0.0027242627973436,0.132365535372982,0.2189464617459934,tropical,8_30
b090s0135,-1.0240150735994724,-1.146198829227991,365,365,1,-8.2666667,122.9666667,8.2666667,9.0,-119.24975071667608,119.24975071667608,141.1639756141945,128.6872333506318,0.0267749362888706,0.1171931278522626,0.203340032053458,tropical,8_30
b090s0154,-0.3729165106164241,-0.5129199783594353,365,365,1,-8.520294,140.418453,8.520294,3.04,-3.163699006655661,3.163699006655661,1.2314391013247776,0.8996247929587062,0.000260535088181,0.5271244740400618,0.4459113250935991,tropical,8_32
b090s0172,-0.9630686622093333,-1.0957497377780954,365,365,1,-8.327969,157.263092,8.327969,3.04,-48.85744512770361,48.85744512770361,13.372188881143822,8.279321259614445,0.0024308494593679,0.0932082237661383,0.1520139297357485,tropical,8_33
b090s0197,-1.630196068506871,-2.029282080972294,363,363,1,-8.517,179.217,8.517,2.1,2.185646414040478,2.185646414040478,3.0517578125e-05,3.0517578125e-05,0.0001000016927719,2.1553581570224378e-08,4.657648692654851e-06,tropical,8_35
b090s0325,-0.2740038013084673,-0.38265550390923764,365,365,1,-8.709294,-63.902281,8.709294,89.61,-1.37674414065836,1.37674414065836,8.063435819222752,7.829047417684718,0.0013994619228717,0.9866273234656068,0.0209429043932748,tropical,8_11
b090s0357,-0.9883679418152692,-1.055597531897147,365,365,1,-8.126486,-34.923592,8.126486,10.05,-33.51055131615702,33.51055131615702,19.42553936553652,11.565379251817674,0.0033224453641669,0.4561491250328005,0.4587197554036114,tropical,8_14
b091s0120,-0.35966412258164565,-0.4258713354572476,365,365,1,-7.7333333,109.0166666,7.7333333,6.0,6.075772331210262,6.075772331210262,9.30304369696306,5.228715361255888,0.0019349628014198,0.3854790181705326,0.4242533346178467,tropical,8_28
b091s0124,-0.28610628481214906,-0.3350651085489795,365,365,1,-7.379747,112.786719,7.379747,3.0,-23.721278764987417,23.721278764987417,88.52264492206109,36.36965230820724,0.0119193081982501,0.4424465556378977,0.3970480649278899,tropical,8_29
b091s0144,-0.7430892571533515,-0.9357476108266166,364,364,1,-7.9833333,131.3,7.9833333,24.0,11.211939318456976,11.211939318456976,1.1211741172826963,0.870228791174302,0.0002713696609026,0.0583673995729438,0.1351980371098524,tropical,8_31
b092s0043,-0.797921284460185,-0.9395024502116494,365,365,1,-6.878111,39.202625,6.878111,55.47,-24.64251478320371,24.64251478320371,32.69288942692131,14.498674199360906,0.0040008042198575,0.5211894588024175,0.4444414161430683,tropical,8_21
b092s0117,-0.23253222454000708,-0.2880996246749628,365,365,1,-6.3,106.5666666,6.3,46.02,-39.67767047405331,39.67767047405331,86.79896851147434,32.63218422605709,0.0092863862109482,0.4135424345634316,0.4139790420492287,tropical,8_28
b092s0119,-0.34247681868634544,-0.46105132182644376,365,365,1,-6.75,108.2666666,6.75,50.0,-232.1874450266232,232.1874450266232,193.1577397587645,121.07802638608467,0.0303766468850852,0.4594730156823047,0.4298437201960033,tropical,8_28
b092s0120,-0.4187519102052979,-0.5277461551083813,365,365,1,-6.85,109.15,6.85,10.0,-106.57188616907872,106.57188616907872,145.257464599609,51.82689941406235,0.0142798706889152,0.4105270394296257,0.4222600370338696,tropical,8_28
b092s0122,-0.7942424284213653,-0.9721102810153787,365,365,2,-6.97499995,110.39999995,6.97499995,3.48,-140.75393586684433,140.75393586684433,99.32672386137531,45.05714594345864,0.0126956157749426,0.4558533077187509,0.4350383958405051,tropical,8_29
b092s0125,-0.2647847181804673,-0.3127678195748008,365,365,1,-7.05,113.9666666,7.05,3.0,-17.431849637745984,17.431849637745984,22.02774222093744,13.83256700343746,0.0035815453124141,0.2223024456604005,0.3108320008510959,tropical,8_29
b093s0043,-0.9749941064382665,-1.2735071415532946,365,365,1,-6.222025,39.224886,6.222025,16.45,7.294393272237324,7.294393272237324,8.706429657735184,4.664736123606284,0.0013994471666086,0.4797431348461622,0.4395958115832007,tropical,8_21
b093s0118,-0.7778851840939648,-0.8884059221221192,365,365,3,-6.1363001,106.78529896666667,6.1363001,6.786666666666666,-10.700375004647336,10.700375004647336,27.034527978798906,6.786929992679387,0.0027651819887525,0.4011488140701305,0.4168314290026791,tropical,8_28
b093s0124,-0.3518040395635684,-0.4390998443772145,365,365,1,-5.85,112.6333333,5.85,3.0,-4.483420339881075,4.483420339881075,3.0517578125e-05,3.0517578125e-05,0.0001000016927719,0.1105007846835012,0.2545640661263915,tropical,8_29
b093s0135,0.17680133015264457,0.0935699508847853,365,365,1,-5.4666667,122.6166667,5.4666667,2.0,-86.4612690104651,86.4612690104651,79.74664409338153,53.27053399790503,0.0124847089907483,0.190813820897919,0.2856415716921207,tropical,8_30
b093s0147,-0.5496922552140439,-0.6834340613725322,364,364,1,-5.6833333,132.75,5.6833333,12.0,-3.668007062331423,3.668007062331423,3.0517578125e-05,3.0517578125e-05,0.0001000016927719,0.055942850359524,0.1495489902161028,tropical,8_31
b093s0155,-0.04660300783478277,-0.11350416308753945,365,365,1,-6.1,140.3,6.1,16.0,-33.737279677564864,33.737279677564864,11.30157348632805,7.46294067382812,0.0018223685026168,0.9582253068815876,0.1294501374611803,tropical,8_32
b093s0359,-0.33776751058972093,-0.42723059739173985,363,363,1,-5.911417,-35.247717,5.911417,51.51,12.50945227540764,12.50945227540764,10.803775446213375,10.313155349354256,0.0022517426480903,0.4644605785944249,0.4577952532368556,tropical,8_14
b094s0013,-1.0097486902821002,-1.189156632191038,364,364,1,-4.816028,11.886597,4.816028,16.76,-11.970108082317246,11.970108082317246,15.085034979895395,8.771543949471358,0.0022924894035069,0.5318509387970004,0.460225820314864,tropical,8_19
b094s0061,-0.9028137421887772,-1.0916712864171743,365,365,1,-4.674342,55.521839,4.674342,3.04,-10.176219840291896,10.176219840291896,3.0517578125e-05,3.0517578125e-05,0.0001000016927719,0.0029163620165457,0.011236538207039,tropical,8_23
b094s0132,-0.5707227323875563,-0.742819066544851,365,365,1,-5.0642598,119.5519985,5.0642598,14.32,-124.0290572040262,124.0290572040262,56.070733962707365,37.09627094085336,0.0085142260254856,0.2530473040479675,0.3672441804419206,tropical,8_29
b094s0143,-0.8079380989560437,-0.9592690942072194,365,365,1,-4.5333333,129.9,4.5333333,4.0,6.598472033804963,6.598472033804963,3.0517578125e-05,3.0517578125e-05,0.0001000016927719,0.0745512977232805,0.211423866610675,tropical,8_30
b094s0351,-0.3125604897142708,-0.4097087107826707,365,365,1,-5.059942,-42.823478,5.059942,66.75,-51.133092666917904,51.133092666917904,26.22700089203699,17.812103220977633,0.0038161515961633,0.9925668666958952,0.0537839900288595,tropical,8_13
b095s0016,-0.4660139231711328,-0.5490449860889614,365,365,1,-4.2517,15.253031,4.2517,319.43,-55.33372917749057,55.33372917749057,61.63447289522958,45.47090777196155,0.0087696744092214,0.987146675339273,0.0300026171148141,tropical,8_19
b095s0043,-0.4511367077294981,-0.4992560177194387,359,359,1,-4.034833,39.59425,4.034833,60.96,-33.1356938236784,33.1356938236784,33.56944751773172,20.63962375399305,0.0051107980223747,0.5437997220620767,0.4555523821813503,tropical,8_21
b095s0113,-0.5563494369967749,-0.7349083984823261,365,365,1,-3.8637,102.339036,3.8637,15.24,-105.83425799192516,105.83425799192516,81.1400660412217,40.81737259940283,0.0105418473322899,0.5093678696038345,0.4616478536074541,tropical,8_28
b095s0145,-0.8690543580303567,-0.9233792633006962,365,365,1,-3.8,130.8333333,3.8,3.0,-33.42263302582055,33.42263302582055,10.896270751953136,7.699005126953132,0.0018043309450149,0.1304588231833962,0.2634366035750499,tropical,8_31
b095s0148,-1.4546823678756269,-1.64379472915656,365,365,1,-3.644517,133.695553,3.644517,5.79,-110.33853873010844,110.33853873010844,67.37027597306252,70.73195666910021,0.0099184576973946,0.4592037444259994,0.4082776715052214,tropical,8_31
b095s0154,-3.6666533479944774,-3.6367038354273107,338,338,1,-4.102511,138.957372,4.102511,1549.9,-897.435249890374,897.435249890374,527.1869563916572,287.6951452326058,0.0720791145708515,0.952609357806987,0.1655994893248599,tropical,8_31
b095s0318,-0.14789558775475506,-0.20943479393691297,363,363,1,-3.784739,-73.308806,3.784739,93.26,-15.670230465000373,15.670230465000373,11.622532915099974,6.798592182236999,0.0017528568376189,0.9783900045197976,0.0294918683261262,tropical,8_10
b095s0322,-0.11594590633163881,-0.1487670856802249,363,363,1,-4.193175,-69.942658,4.193175,84.42,-9.720849207250112,9.720849207250112,13.318070789518446,7.074649188187308,0.0017429627321324,0.9767098067883966,0.0339103355933867,tropical,8_11
b095s0357,-0.4640924181009573,-0.5241834585515985,365,365,1,-3.776283,-38.532556,3.776283,24.99,-4.244873499330126,4.244873499330126,50.1375741466627,26.744660108872395,0.0088182460370905,0.4835755417348342,0.4667457398531101,tropical,8_14
b096s0042,-0.6801623245168175,-0.6829028870745969,361,361,1,-3.4,38.5666667,3.4,579.0,-66.91511404890196,66.91511404890196,132.6329886515287,80.67858344090112,0.0193325642246059,0.9202820665871256,0.2418300650442059,tropical,8_21
b096s0112,-2.9241373030939335,-3.126301579705045,365,365,1,-2.7666667,101.3666667,2.7666667,782.0,661.7976600368726,661.7976600368726,57.67260092815332,28.458464112065997,0.0066993945508917,0.5185741519510726,0.4530916344005175,tropical,8_28
b096s0116,-0.4318322220195953,-0.5785921362649566,364,364,1,-2.897922,104.701378,2.897922,14.93,6.79000357228302,6.79000357228302,3.8583244209910856,2.5666687932148444,0.0005737234236495,0.8084643250988083,0.3196347351456217,tropical,8_28
b096s0119,-0.15684547438170351,-0.21287880106649534,365,365,1,-2.745722,107.754917,2.745722,51.0,25.961327266488876,25.961327266488876,13.592251039012911,14.038769450993032,0.0021350379454037,0.1215143835676127,0.2491902481627368,tropical,8_28
b096s0127,-0.31145996026205264,-0.39980592612690335,364,364,1,-3.442356,114.762553,3.442356,20.11,0.0628288790276521,0.0628288790276521,13.066707098171188,10.73362837842822,0.0019130972596562,0.5647482657611691,0.4474761386323284,tropical,8_29
b096s0129,-0.06795162735520828,-0.1030671036640007,365,365,1,-3.4,116.2166667,3.4,18.0,-9.644630646965233,9.644630646965233,39.00033073010963,33.24530131545897,0.0067538083303385,0.370734472476739,0.4309363448136248,tropical,8_29
b096s0141,-0.54240234356222,-0.647494209897355,365,365,1,-3.25,127.0833333,3.25,20.0,-107.17502506788766,107.17502506788766,32.65996950399038,28.87495491235235,0.0062856785906759,0.168656749841476,0.284713235625091,tropical,8_30
b096s0143,-0.3360629537080657,-0.414161319904969,365,365,1,-3.35,128.8833333,3.35,10.0,-138.5900971321754,138.5900971321754,104.03753857650096,64.28255214490217,0.01584585133377,0.2060583110864715,0.3084780121723883,tropical,8_30
b096s0146,-0.3163449740384976,-0.4380049124042249,365,365,1,-2.8833333,132.25,2.8833333,130.0,-89.31321921986614,89.31321921986614,83.97708943876953,40.63506469875488,0.0121080319089829,0.3543038916641232,0.3882364633998579,tropical,8_31
b096s0333,-0.30383385569189,-0.3806991099958479,365,365,1,-3.146042,-59.9863,3.146042,81.38,42.81514142667205,42.81514142667205,14.4552324381825,10.235306156416216,0.0024903894846996,0.9187839593094782,0.0948024329226537,tropical,8_12
b097s0117,-0.3033798403164143,-0.41920487651468336,365,365,1,-2.17,106.13,2.17,34.0,18.71102580901704,18.71102580901704,11.103210839844014,6.900307421875181,0.0016526897072792,0.3345637824096363,0.3793466055658271,tropical,8_28
b097s0122,-0.22521809960392322,-0.33793406139865034,365,365,1,-1.816639,109.963483,1.816639,14.02,9.626648822362071,9.626648822362071,1.5214002591136433,2.395380783816811,0.0005298591372473,0.4824142825649749,0.4522838222161808,tropical,8_28
b097s0126,-0.310842062373748,-0.4888918073215014,365,365,1,-2.225128,113.942661,2.225128,27.0,4.776360971815876,4.776360971815876,7.613588752758572,4.917473042236323,0.0011972652845524,0.8910448409309456,0.2687101537801065,tropical,8_29
b097s0132,0.15024787240921764,0.011371102410868916,365,365,1,-2.5,119.0,2.5,8.0,-195.63135283200683,195.63135283200683,92.83438110351562,64.46005249023438,0.0138005316257476,0.3980837964753024,0.4395550337968941,tropical,8_29
b097s0133,-2.437719105015844,-2.534758836057086,365,365,1,-2.55,120.3666666,2.55,50.0,-569.5214520710426,569.5214520710426,352.3003320444976,155.83165674750504,0.0394909533003903,0.6805936904484101,0.3692666831365707,tropical,8_30
b097s0140,-0.6977918639984608,-0.8319629984830087,365,365,1,-2.0833333,126.0,2.0833333,2.0,-70.99946867296363,70.99946867296363,3.0517578125e-05,3.0517578125e-05,0.0001000016927719,0.1001835456186594,0.1987026819124647,tropical,8_30
b097s0151,-0.4834189245646892,-0.5563543604646568,364,364,1,-1.8666667,136.2333333,1.8666667,23.0,-133.18876737337385,133.18876737337385,159.41942881631317,101.4902316221074,0.0264327071066763,0.3286763560930795,0.3832225524422482,tropical,8_31
b097s0156,-0.9366037271230437,-1.0605183317323859,365,365,1,-2.3666666,140.7166666,2.3666666,3.0,-61.47744924950352,61.47744924950352,19.98993812145993,18.79367822561032,0.007348233789879,0.4229209601737584,0.4532707886056107,tropical,8_32
b097s0311,-0.5098352970092813,-0.6401079218357307,360,360,1,-2.157419,-79.883558,2.157419,5.79,-40.27712728225488,40.27712728225488,45.40691178835528,24.24148834639247,0.0072484780081541,0.7325413964791356,0.3777981342290709,tropical,8_10
b097s0350,-0.3495319780513733,-0.4374206175982298,365,365,1,-2.585361,-44.234139,2.585361,54.25,43.68467504266628,43.68467504266628,3.4508818199229774,2.662737601318905,0.0006758239046718,0.6365738295279584,0.4132302227559211,tropical,8_13
b098s0129,-0.38592460342521145,-0.469498160405327,364,364,1,-1.268272,116.894478,1.268272,3.65,2.889870198276824,2.889870198276824,11.209084519873688,3.546629561878795,0.0014448158125371,0.5092818206425258,0.4567054951674116,tropical,8_29
b098s0134,-2.714821915057449,-2.74711098321797,365,365,1,-1.416753,120.657669,1.416753,53.03,-576.8789217273467,576.8789217273467,277.7054290701152,123.45247837768974,0.037889525576206,0.5668880735795728,0.4011783653897902,tropical,8_30
b098s0136,-2.9783258164668567,-3.053333665553979,364,364,1,-1.038919,122.771906,1.038919,17.06,-433.4455989703794,433.4455989703794,209.0347900778912,96.0739201678198,0.0284442255714696,0.2882109996231212,0.3266815883311769,tropical,8_30
b098s0138,-0.4897953158692124,-0.6363678360623682,365,365,1,-1.6166667,124.55,1.6166667,3.0,-169.37613713051218,169.37613713051218,88.14671829999489,57.60996864910513,0.0123209516851695,0.0948185020869167,0.1888504552468198,tropical,8_30
b098s0145,-0.6604776958616793,-0.810427980562931,365,365,1,-0.926358,131.121194,0.926358,3.04,-43.03380830132486,43.03380830132486,34.64437996340022,24.74516341166961,0.0065183631378485,0.2901314749084129,0.351744595278922,tropical,8_31
b098s0151,-0.8506433157886799,-0.9461297568882318,365,365,1,-1.190017,136.107997,1.190017,14.02,0.5399886300684837,0.5399886300684837,14.752941744949414,9.353443975641657,0.0022778612484107,0.168280383705496,0.2783098732132412,tropical,8_31
b098s0310,0.3030664897323481,0.19407569372664893,356,356,1,-0.95,-80.6833333,0.95,14.63,-58.6002116578207,58.6002116578207,64.78162053643035,42.20138483143155,0.0090322287842373,0.4295528701992768,0.4524354988371324,tropical,8_9
b098s0346,-0.4755122682213411,-0.5902280061035781,365,365,1,-1.37925,-48.476292,1.37925,16.45,2.791880003151592,2.791880003151592,4.534938025360834,3.9172860432646415,0.000776309517096,0.761167892889381,0.3279142646374174,tropical,8_13
b099s0009,-1.232357270957482,-1.432028353215361,365,365,1,-0.711739,8.754383,0.711739,3.96,3.879717373340306,3.879717373340306,0.3331871087693959,0.3517068145997987,0.0001567399668039,0.2935454949829691,0.4044869543788288,tropical,8_18
b099s0081,-0.8176058676013988,-0.9218998523264833,362,362,1,-0.693342,73.155644,0.693342,1.82,1.8734135933835736,1.8734135933835736,3.0517578125e-05,3.0517578125e-05,0.0001000016927719,4.292810371061875e-06,2.0954359013270613e-05,tropical,8_25
b099s0116,-0.4066105664363644,-0.5652529155683191,365,365,1,-0.479189,104.579283,0.479189,30.0,14.220306434952894,14.220306434952894,2.6302626897992294,2.706020225914941,0.0005231984908398,0.2778364615922585,0.3634095279415861,tropical,8_28
b099s0121,-0.32108376134718525,-0.42735507878672235,363,363,1,-0.150711,109.403892,0.150711,3.04,-6.501835337274049,6.501835337274049,6.189913310817271,6.022818056864194,0.0010594684083281,0.5520028733847167,0.4455651086724504,tropical,8_28
b099s0124,-0.8244613464875689,-1.108144878933217,362,362,1,-0.35,111.7833333,0.35,37.0,-63.29058181686584,63.29058181686584,53.74853084855953,37.85367264848359,0.0062777992347162,0.9789687326003864,0.0939560688912076,tropical,8_29
b099s0133,-0.5162139075582323,-0.6282136212469779,365,365,1,-0.6833333,119.7333333,0.6833333,6.0,-212.1586626678576,212.1586626678576,155.88401987557464,110.28097862940167,0.0282758144473561,0.3372471103200625,0.3904937583673142,tropical,8_29
b099s0149,-1.5699123366845935,-1.683825325665434,365,365,1,-0.891833,134.049183,0.891833,7.01,-267.6439694648988,267.6439694648988,124.55105500710836,81.37118298576435,0.0183832516924467,0.3300768962968616,0.4039924611788781,tropical,8_31
b100s0081,-0.8328800746667827,-0.9566883010662877,361,361,1,0.4833333,72.9833333,0.4833333,2.0,2.1559926142326526,2.1559926142326526,3.0517578125e-05,3.0517578125e-05,0.0001000016927719,3.785539176224113e-06,1.9680292056568126e-05,tropical,9_25
b100s0124,0.020751440097266816,-0.002633364094120664,365,365,1,0.063619,111.473428,0.063619,29.87,-2.071576234179105,2.071576234179105,17.663994925974333,9.36545029730934,0.0021288855181447,0.9618986556528324,0.1368091150667532,tropical,9_29
b100s0136,-0.5354299889027435,-0.6990585773966247,364,364,1,0.637119,122.849858,0.637119,32.0,-140.24635159948727,140.24635159948727,101.03184185496838,74.69448576574268,0.0202554936924853,0.2593763196741818,0.3343958695047488,tropical,9_30
b100s0141,-0.5963488822912413,-0.700082546493141,365,365,1,0.831414,127.381486,0.831414,14.93,-67.03264193693653,67.03264193693653,31.59107419902457,15.82007430854703,0.0038934860884974,0.2029280180457436,0.2756522651592453,tropical,9_30
b101s0108,-0.4216147853180612,-0.49855522970370364,365,365,1,1.166381,97.704681,1.166381,6.09,-73.61757744507973,73.61757744507973,58.28193237034815,31.60169802040216,0.0082094873543426,0.2151736163929876,0.331243538307165,tropical,9_27
b101s0115,-0.36065239377112795,-0.42934628788512225,365,365,3,1.3693878666666668,103.9269062,1.3693878666666668,23.94666666666667,1.688564927981447,10.294870936106038,9.687144314086709,10.229673129213486,0.0023745992730581,0.3621957532002247,0.3729347009494217,tropical,9_28
b101s0122,-0.26425904593360466,-0.3216425221126294,365,365,1,1.484697,110.346933,1.484697,27.12,-29.04480271771347,29.04480271771347,68.06181414290296,55.887870279728574,0.0106660942039675,0.6050155080843859,0.4397639819941484,tropical,9_29
b101s0134,-1.154642517622964,-1.3539628806027642,365,365,1,1.0166667,120.8,1.0166667,2.0,-319.10829660647653,319.10829660647653,192.37174988362256,92.29129679741553,0.0217281272447207,0.2365270593676698,0.3349374254237173,tropical,9_30
b101s0138,-0.45066898032268415,-0.7224057429513011,365,365,1,1.549256,124.926419,1.549256,80.46,-81.15378816462173,81.15378816462173,136.29316485861838,99.79492138001348,0.0195730451499707,0.1174380227318488,0.2440337518573327,tropical,9_30
b101s0139,-1.147752708490467,-1.2413843148509558,365,365,1,1.4333333,125.1833333,1.4333333,3.0,-120.68871883207105,120.68871883207105,131.1319875997485,96.88029575506964,0.0186539671375644,0.1075430620775721,0.2330743964449763,tropical,9_30
b101s0192,-1.4405107663306502,-1.7662552332661285,364,364,1,1.381636,173.147036,1.381636,2.74,2.772447651009651,2.772447651009651,3.0517578125e-05,3.0517578125e-05,0.0001000016927719,0.0,0.0,tropical,9_35
b102s0113,-0.16275709600763963,-0.27184443193870317,365,365,1,2.263361,102.251553,2.263361,10.66,-31.661786327496674,31.661786327496674,26.939383683379045,19.330167781894996,0.0054112329399158,0.6666016975378104,0.3780153275935604,tropical,9_28
b102s0115,-0.626869646942341,-0.7251399925479598,365,365,1,2.45,103.8333333,2.45,45.0,27.35423519352954,27.35423519352954,17.214946392540895,12.420336974645563,0.0029551947812681,0.3979287559410213,0.4214770812036012,tropical,9_28
b102s0124,-0.06776756180943462,-0.0839263372443565,365,365,1,2.261603,111.985322,2.261603,37.18,5.183576666988547,5.183576666988547,13.633875024277138,9.918761149589642,0.0019687244161229,0.6688331639282732,0.4233011277596812,tropical,9_29
b102s0130,-0.17012772554462766,-0.2541084538899695,365,365,1,2.15,117.4333333,2.15,17.37,-84.25862425605335,84.25862425605335,76.77210850471442,45.958481609421455,0.010896562807154,0.6988616918409489,0.4083498981375659,tropical,9_29
b102s0142,-0.025447942693732333,-0.1631702378929141,365,365,1,1.8166667,127.8333333,1.8166667,8.0,-97.4620912329879,97.4620912329879,81.32028531691701,59.82738804949986,0.0132702085186561,0.1922328048425244,0.2753544975803313,tropical,9_30
b102s0225,-1.5409879277489165,-1.971029756254957,365,365,1,1.986161,-157.349778,1.986161,1.52,1.2473996135431875,1.2473996135431875,3.0517578125e-05,3.0517578125e-05,0.0001000016927719,0.0,0.0,tropical,9_2
b103s0109,-0.4450603075928235,-0.469062600353418,365,365,1,3.558056,98.671722,3.558056,7.0,-64.48355229544,64.48355229544,81.28821671662031,13.258406546186029,0.0063036531438831,0.5619159107529238,0.4382549816441393,tropical,9_27
b103s0112,-0.46403556782663985,-0.518632540569684,365,365,1,3.130583,101.549333,3.130583,27.43,-43.91029483343299,43.91029483343299,41.04429172127525,42.61342821715178,0.0068947632694034,0.6534943034369263,0.4085817498921656,tropical,9_28
b103s0113,-0.037428364629231825,-0.10208225951827869,365,365,1,2.745578,101.709917,2.745578,21.03,-34.24367411822588,34.24367411822588,25.904368197010157,33.66691606164622,0.0038336280700538,0.6557255080434279,0.3964190885228336,tropical,9_28
b103s0118,-0.5434840539383577,-0.6891468373510525,365,365,1,3.2,106.25,3.2,3.0,-13.711794420112897,13.711794420112897,3.0517578125e-05,3.0517578125e-05,0.0001000016927719,0.0141017406968471,0.0609315417509847,tropical,9_28
b103s0125,-0.24164590097339866,-0.3214545541559482,365,365,1,3.12385,113.020472,3.12385,22.55,-8.632221451194955,8.632221451194955,23.882380752415965,18.522163684780647,0.0037993360340517,0.6014834064485656,0.4544937066550068,tropical,9_29
b103s0130,-0.44034072211205827,-0.5507507339469563,365,365,2,3.09166665,117.44999995,3.09166665,28.0,-22.11347969562214,22.751512059078173,32.643460539302374,22.58345186633527,0.0051810448805784,0.6420362873900938,0.4182067250458666,tropical,9_29
b103s0332,-0.3819442735683367,-0.5131822053665618,365,365,1,2.846311,-60.690069,2.846311,84.12,1.2621051702186463,1.2621051702186463,22.587918522995565,21.760444483000608,0.0035260871152497,0.9940466131844188,0.0111150151080809,tropical,9_11
b104s0009,-1.7271328767839034,-2.1635283287532854,355,355,1,3.755267,8.708717,3.755267,23.16,-110.0858063493805,110.0858063493805,21.438664409116576,12.103955468098391,0.0032310029285613,0.3636794822376302,0.4189486684172918,tropical,9_18
b104s0010,-0.5680838343220107,-0.6871631938988166,364,364,1,4.006081,9.719481,4.006081,10.05,-21.440656172120462,21.440656172120462,49.87039549954888,10.03109534020324,0.004818637679101,0.695685591101107,0.4058469753791032,tropical,9_18
b104s0020,-0.5779171257222858,-0.7674490267782815,364,364,1,4.398475,18.518786,4.398475,368.19,-51.26437719896308,51.26437719896308,34.25999552210781,29.619985475389985,0.0056749246438843,0.993991548217806,0.0120819006221113,tropical,9_19
b104s0081,-0.9340411346569407,-1.0646114052856535,365,365,1,4.191833,73.529128,4.191833,1.82,1.3783872301098747,1.3783872301098747,3.0517578125e-05,3.0517578125e-05,0.0001000016927719,8.253072062326906e-06,0.0002384032878819,tropical,9_25
b104s0106,-0.4995075010449903,-0.6205517695866162,365,365,1,4.25,96.1166667,4.25,2.0,-54.48739874225739,54.48739874225739,64.04675676155891,26.699097208092493,0.0080846968027411,0.3953767351682004,0.4236476302505922,tropical,9_27
b104s0109,-0.5094927315211005,-0.5885122241773967,365,365,1,3.8,98.7,3.8,3.0,-17.066764325738855,17.066764325738855,18.21636108398412,2.465305175781198,0.0014472991228103,0.5066767719921037,0.4463137770719572,tropical,9_27
b104s0111,-0.23047546440872954,-0.3589219858243331,365,365,1,4.2166667,100.7,4.2166667,8.0,-22.634520148397797,22.634520148397797,16.73373908282252,9.611392626562646,0.0031785137097287,0.5133302996640898,0.4481145479489201,tropical,9_28
b104s0114,-0.3262112700293548,-0.4492828451682008,365,365,1,3.775389,103.209056,3.775389,17.67,-39.77622245800874,39.77622245800874,66.27406644544708,42.92007477317065,0.0131824889844527,0.5665525197689272,0.4538295076671427,tropical,9_28
b104s0126,-0.39304244968628366,-0.4884517996879106,365,365,1,4.322014,113.986806,4.322014,17.98,9.575894914203776,9.575894914203776,4.694651469071127,2.8568026732487395,0.0011255324071118,0.4629911081761318,0.460554282245907,tropical,9_29
b104s0131,-0.2139599961055285,-0.3082441605702764,365,365,1,4.313369,118.121953,4.313369,17.37,-45.73376651544362,45.73376651544362,85.48609975903642,44.497580080695165,0.0120191476039885,0.4788316942093589,0.4275189637724112,tropical,9_29
b104s0139,-0.8760512782082222,-0.9978353893188512,365,365,1,3.683214,125.528019,3.683214,4.87,-28.80987097472876,28.80987097472876,3.0517578125e-05,3.0517578125e-05,0.0001000016927719,0.0219550967529411,0.0772171815968923,tropical,9_30
b105s0111,-0.28840141135400116,-0.3710882470176687,365,365,1,5.297139,100.276864,5.297139,3.35,-3.9243060046106666,3.9243060046106666,30.606071097057416,22.36651691984752,0.004910888577583,0.4359832091660215,0.4399093242685567,tropical,9_28
b105s0114,-0.6045996269739254,-0.6897347014691014,365,365,1,5.382639,103.10336,5.382639,6.4,-17.848955896668755,17.848955896668755,41.79205869774403,21.42829041869941,0.0062255520103541,0.408575195861001,0.4532007977627854,tropical,9_28
b105s0127,-0.2677785135028523,-0.32859169492913826,365,365,1,4.9442,114.928353,4.9442,22.25,9.903822925172117,9.903822925172117,17.394656820615783,14.014241690120729,0.0028675619738571,0.5031204107504634,0.4568914599177882,tropical,9_29
b105s0340,-0.8589326620872543,-2.522418518454412,351,351,1,4.819808,-52.360447,4.819808,7.92,-25.21481663254612,25.21481663254612,19.570615184188547,21.15926195624205,0.0034743869018807,0.5277882839414334,0.4595938989897714,tropical,9_12
b105s0391,-0.8960296060538383,-1.0680157595121194,365,365,1,4.746717,-6.660817,4.746717,7.92,-10.2100493743538,10.2100493743538,8.558295296617914,5.854042054208336,0.0014813503251103,0.4926464868511552,0.4604602197407181,tropical,9_17
b105s0394,-1.094267691001372,-1.299764486236193,365,365,1,5.261386,-3.926294,5.261386,6.4,-9.932587129770257,9.932587129770257,4.726139206292637,3.301660565498145,0.0008221065654334,0.5385200896601801,0.4597973409273161,tropical,9_17
b106s0001,-1.2259519698545784,-1.2539466953700211,365,365,1,6.165611,1.254511,6.165611,21.94,-0.3999816367773476,0.3999816367773476,7.233560198597232,6.704407271005046,0.001403758859616,0.5206744731316555,0.4464096974200321,tropical,9_18
b106s0088,-0.5386154341282842,-0.6192519995045634,365,365,1,6.0333333,80.2166666,6.0333333,13.0,-5.315272774834753,5.315272774834753,9.281119321232984,8.569848698126494,0.001736381105,0.2710098901136798,0.3998411940411823,tropical,9_26
b106s0105,-0.9613173234829347,-1.1748525573502373,365,365,2,5.6988265,95.380022,5.6988265,66.405,-27.72852818767136,131.13055742600568,80.46261799072771,62.697572336591726,0.0143411433531416,0.1691752514250831,0.3171155627318929,tropical,9_27
b106s0111,-0.1760124211755838,-0.3385858587923873,365,365,1,5.465917,100.391167,5.465917,3.35,-27.907161554644613,27.907161554644613,67.48358913066032,52.05334645583535,0.0099083808092374,0.4842787157658241,0.4410840870743052,tropical,9_28
b106s0113,-0.48532091827334306,-0.6464043534243941,365,365,1,6.16685,102.293014,6.16685,4.87,-6.883460870130223,6.883460870130223,22.533014323604508,6.479121785983487,0.002141357887493,0.4448778733079326,0.4535407756646186,tropical,9_28
b106s0128,-0.7259467479731551,-0.8081060578706535,365,365,1,5.937208,116.051181,5.937208,3.04,-187.70786288893407,187.70786288893407,81.54347532692051,66.01371467883564,0.0110254996296035,0.4855227533001754,0.4498512822112886,tropical,9_29
b106s0130,-0.3891322048931882,-0.4831057595262125,365,365,1,5.900897,118.059486,5.900897,14.02,7.609938217446178,7.609938217446178,6.2672765826693215,5.8046477839010935,0.0011530184916366,0.4474938782749181,0.4339886230173581,tropical,9_29
b106s0337,-0.018860397069375517,-0.08440164215566077,356,356,1,5.452831,-55.187783,5.452831,17.98,-3.593650131347058,3.593650131347058,5.8741479468883,4.772425819212389,0.0009481901097173,0.6689343945890233,0.4237327420605609,tropical,9_12
b107s0002,-0.49358066527604977,-0.5223855517246053,365,365,2,6.7619473,2.2255098,6.7619473,86.395,25.08807110459592,32.84019440599732,23.237253560789057,12.247786377757173,0.0032583016804947,0.664236839843583,0.3985274997539009,tropical,9_18
b107s0080,-0.8835683213749378,-1.0291358639244608,362,362,1,6.7333333,73.1666666,6.7333333,2.0,2.19086507083204,2.19086507083204,3.0517578125e-05,3.0517578125e-05,0.0001000016927719,0.0005820951384664,0.0020933002625188,tropical,9_25
b107s0088,-0.9985861401477202,-1.1862147666727216,365,365,3,6.801775766666666,80.05095820000001,6.801775766666666,33.9,-105.02531192523963,105.02531192523963,55.97147582373498,47.9221991308244,0.0099470576317029,0.4048477636256919,0.4362472993694932,tropical,9_26
b107s0110,-0.2883161060907893,-0.30023966883105596,365,365,2,6.631467000000001,100.060821,6.631467000000001,18.13,-31.51169780275673,31.51169780275673,47.85783983237604,37.27487122117931,0.0081554213172558,0.3986296442008377,0.412243688021095,tropical,9_28
b107s0111,-0.2530445433072551,-0.3074583391138305,365,365,3,6.990673999999999,100.75386666666668,6.990673999999999,5.36,-25.67992971390397,25.67992971390397,42.63045567730308,27.58863745804057,0.0068520559787284,0.4524701307166885,0.4255645267125632,tropical,9_28
b107s0112,-0.3307575687534943,-0.4770906427787171,365,365,1,6.519922,101.7434,6.519922,4.87,-24.418973116513037,24.418973116513037,44.29688802740496,37.97980873338997,0.0086836465563976,0.4568212521170249,0.4465808760691136,tropical,9_28
b107s0134,-0.9803194675322738,-1.0764935776676923,365,365,1,6.922419,122.059633,6.922419,10.05,-120.45482000310962,120.45482000310962,40.64724841498841,20.48834772512049,0.0051578671043096,0.1261788869403399,0.2316149056697397,tropical,9_30
b107s0137,-0.7402212423415055,-0.8636100815969417,364,364,1,7.1666666,124.2166666,7.1666666,62.0,-106.52557840416134,106.52557840416134,113.94946019086817,58.18307714836573,0.0142023147168061,0.5254739770626391,0.4171190629972296,tropical,9_30
b107s0138,-0.930642157095057,-1.0802746947589734,365,365,1,7.125522,125.645778,7.125522,29.26,-125.37708984505932,125.37708984505932,172.70833688976407,53.6493271941228,0.0191837819119814,0.5599600665390826,0.4189533567711864,tropical,9_30
b107s0189,-0.8674909797997884,-1.0931015833471551,365,365,1,7.06472,171.27194,7.06472,1.8,1.7319514673869267,1.7319514673869267,3.0517578125e-05,3.0517578125e-05,0.0001000016927719,1.1804619194688332e-09,2.225524700713709e-07,tropical,9_35
b107s0333,-0.1724668933049666,-0.2722139298059984,365,365,1,6.5,-58.25,6.5,29.0,6.116731694819329,6.116731694819329,11.083648681640623,6.874114990234375,0.001793585717678,0.6546997066919799,0.42814530379203,tropical,9_12
b107s0392,-0.2397943639523098,-0.4399873972467323,365,365,1,6.903167,-5.365581,6.903167,213.05,9.717476261209924,9.717476261209924,32.33301623911197,28.876296546424918,0.0056063264176346,0.96716645372358,0.1369349173987636,tropical,9_17
b108s0002,-0.27919575473969077,-0.494259243620463,362,362,1,8.0333333,2.4666667,8.0333333,200.0,30.179127403173936,30.179127403173936,24.283930915665835,13.242997256934668,0.0035148085127751,0.9625847563866318,0.1603321550968774,tropical,9_18
b108s0088,-0.34117172922199535,-0.4143108972381482,364,364,1,8.0333333,79.8333333,8.0333333,2.0,-23.721713127429084,23.721713127429084,8.946337760379157,6.676641893172038,0.0014679546377356,0.4349519548863712,0.4285047685590989,tropical,9_25
b108s0090,-0.4030782738824819,-0.44862633065287066,365,365,1,7.705756,81.678783,7.705756,6.09,-9.688582613273647,9.688582613273647,11.012373908683715,7.626085929652552,0.0018310929653565,0.3880645665495122,0.4341707109720256,tropical,9_26
b108s0108,-0.6831473102919411,-0.8021274857950064,365,365,1,7.8833333,98.4,7.8833333,4.0,-7.379169397647459,7.379169397647459,3.0517578125e-05,3.0517578125e-05,0.0001000016927719,0.272052444824972,0.3863764794090939,tropical,9_27
b108s0109,-0.31859466144759907,-0.3849874769529123,365,365,3,7.714025766666666,99.2166371,7.714025766666666,22.80666666666667,-41.41539796128459,41.41539796128459,48.34423547286081,34.960112535738936,0.0083309287651581,0.4080849182107273,0.4188019078953304,tropical,9_27
b108s0110,-0.49212257234119955,-0.5456878000158388,365,365,1,7.5833333,100.1666666,7.5833333,4.0,-46.7900624804568,46.7900624804568,73.27911851597642,32.2604718224392,0.0135028263229705,0.4343472414174132,0.4196746518768859,tropical,9_28
b108s0121,-0.37539548723361293,-0.4587377933498886,365,365,1,8.0166666,110.6166666,8.0166666,19.0,19.96778258670982,19.96778258670982,3.0517578125e-05,3.0517578125e-05,0.0001000016927719,1.4506082474793678e-06,0.0001869070932325,tropical,9_29
b108s0148,-0.8970435946574282,-1.0064621043364679,362,362,1,7.36722,134.54417,7.36722,53.6,48.92024911984864,48.92024911984864,3.0517578125e-05,3.0517578125e-05,0.0001000016927719,0.0048945117172609,0.020039078890014,tropical,9_31
b109s0084,-0.39715987410594983,-0.5545634658743083,365,365,1,8.4833333,76.95,8.4833333,64.0,-33.968440199095,33.968440199095,22.739568284697587,41.03624861359433,0.0043924724884057,0.3547095987936158,0.4405961356589666,tropical,9_25
b109s0087,-0.3236267084612913,-0.42643175417816365,364,364,1,8.9833333,79.9166666,8.9833333,3.0,-11.095088400026956,11.095088400026956,2.7288909169189326,2.2727550316650285,0.0005422828812539,0.3962772687559929,0.4052080431831091,tropical,9_25
b109s0088,-0.12700073280756932,-0.22156131539961174,365,365,1,8.301486,80.4279,8.301486,98.75,-12.223940222473033,12.223940222473033,11.21250542853031,9.47663215466923,0.0020338063885543,0.5138230327621358,0.425827606631414,tropical,9_26
b109s0089,-0.42679959649278354,-0.5346758955236212,365,365,1,8.538514,81.181853,8.538514,1.82,-22.015848667890488,22.015848667890488,9.262233113287564,5.732997964030394,0.0014849451292032,0.4034986923160258,0.4291747949686821,tropical,9_26
b109s0108,-0.7400555416304709,-0.8430218012395709,365,365,1,8.1132,98.316872,8.1132,24.99,8.312093625468123,8.312093625468123,8.115749564908082,6.642077392920519,0.001654972274921,0.283701367663344,0.3914641449811469,tropical,9_27
b109s0109,-0.4915863884241518,-0.5869454520018373,365,365,1,8.471147,99.955625,8.471147,13.41,-68.27561394341942,68.27561394341942,155.71059399397546,85.00200896360408,0.0241492477914837,0.4173349846895931,0.4266619415995835,tropical,9_27
b109s0117,-0.39520647080780713,-0.44365711100703487,365,365,1,8.6833333,106.6,8.6833333,9.0,6.685754047333299,6.685754047333299,3.0517578125e-05,3.0517578125e-05,0.0001000016927719,0.1352504714902483,0.2984335109207865,tropical,9_28
b109s0123,-0.30537571631437566,-0.3652663187524043,365,365,1,8.65,111.9166666,8.65,3.0,2.818589129379049,2.818589129379049,3.0517578125e-05,3.0517578125e-05,0.0001000016927719,9.200795488809069e-08,2.5761368227542912e-05,tropical,9_29
b109s0135,-0.6604216080609738,-0.7689006793044774,342,342,1,8.601261,123.334481,8.601261,3.65,-89.52580095786892,89.52580095786892,32.989222365893625,24.71587685320508,0.0056035457618136,0.3763268459053649,0.3592142754226688,tropical,9_30
b109s0138,-0.32196608949205174,-0.3976177878362563,365,365,1,8.95,125.4833333,8.95,46.0,-117.52483530260798,117.52483530260798,97.7088778479965,55.38668594361355,0.013877555140237,0.4748091276977819,0.4025636335112126,tropical,9_30
b110s0001,-0.3389711387487894,-0.4523991658653069,365,365,1,9.767333,1.09125,9.767333,461.77,133.90781839608286,133.90781839608286,52.645934926220086,40.704665833485706,0.0078537517940287,0.9965740088920416,0.0261073866803322,tropical,9_18
b110s0002,-0.6121958316061745,-0.8233262215862761,364,364,1,9.35,2.6166667,9.35,393.0,55.46384036995943,55.46384036995943,17.487451163295894,12.352528946606446,0.0026701109820437,0.9970157469214193,0.0292332262483329,tropical,9_18
b110s0020,-0.36330544640040746,-0.5000805732559709,364,364,1,9.15,18.3833333,9.15,365.0,-11.833139390665451,11.833139390665451,18.09222045332519,4.711957441701661,0.001952029695602,0.9974791871383072,0.0057655604099342,tropical,9_19
b110s0086,-0.9729531644779771,-1.1604672242374987,365,365,1,9.2833333,79.2166667,9.2833333,11.0,10.403491721968493,10.403491721968493,0.0097668262304773,0.004600820937504,0.0001012059690973,0.4370789231860099,0.4226868177374127,tropical,9_25
b110s0108,-0.4951469324933117,-0.6135632686203358,365,365,2,9.455112499999998,98.8605345,9.455112499999998,11.73,-77.3676414733964,77.3676414733964,63.02569644130506,41.44901423191404,0.0099762709557247,0.411465040899069,0.4162205182002847,tropical,9_27
b110s0109,-0.5325482317691501,-0.6198776564987594,365,365,1,9.4666666,100.05,9.4666666,5.0,-3.5430899083147693,3.5430899083147693,0.2460108272460977,0.2718637435351606,0.0001503343396711,0.2738653227713227,0.3901213745772844,tropical,9_28
b110s0115,-0.37164461793721876,-0.4223006535961333,365,365,1,9.1833333,105.15,9.1833333,2.0,0.9530620927826908,0.9530620927826908,0.5208097196191322,0.5219258486206004,0.0001138621565562,0.3500460919397924,0.4109701633264011,tropical,9_28
b110s0130,-0.6647942328023037,-0.7517688073439316,365,365,1,9.742119,118.758731,9.742119,21.64,-77.68565509597624,77.68565509597624,155.74450513312289,105.926516865598,0.0280928306195458,0.115212635634852,0.2132425070982623,tropical,9_29
b110s0135,-1.1978677810977516,-1.2492209544032822,365,365,1,9.333714,123.300472,9.333714,4.57,-159.95813397698367,159.95813397698367,189.97345364793145,74.54809270132417,0.0222338739251028,0.3531464808500912,0.3301817385103594,tropical,9_30
b110s0137,0.076676663022117,0.018130523806543047,365,365,1,9.7833333,125.4833333,9.7833333,55.0,17.673493657937115,17.673493657937115,73.10160254201517,66.41007209616407,0.0117784907527131,0.3141444228801386,0.3367960017084374,tropical,9_30
b111s0083,-0.6229890563477835,-0.7188731786819506,365,365,1,9.946133,76.272022,9.946133,2.43,-25.850581605682088,25.850581605682088,9.501416144113165,5.080122500720263,0.0013729847930478,0.503841855995609,0.4645362606417258,tropical,9_25
b111s0086,0.31457328150716735,0.09489672722796705,365,365,1,10.765364,78.709722,10.765364,87.78,5.819635423048723,5.819635423048723,18.74887126624116,8.448887684636453,0.0031449028973726,0.8074901911837075,0.3464239790123329,tropical,10_25
b111s0087,-0.6560421386068246,-0.7568663789840869,363,363,1,10.7666666,79.85,10.7666666,9.0,3.786230405961682,3.786230405961682,0.645153545703152,0.2848180758886831,0.0001596176201963,0.434694495495958,0.4375424745615153,tropical,10_25
b111s0108,-0.6529080474034205,-0.796241266456687,365,365,1,10.7112,99.361706,10.7112,5.48,-34.56339306779131,34.56339306779131,21.63272319155615,13.626214507320494,0.0042834394673842,0.3531131962500264,0.4049169212982152,tropical,10_27
b111s0115,-0.586214806289908,-0.6893424158370781,365,365,1,10.0,105.0833333,10.0,3.0,2.885747202073862,2.885747202073862,0.6293741131714015,0.5998737951049937,0.0003273735319167,0.5854652923690414,0.4212052456951003,tropical,10_28
b111s0116,-0.2155357038194339,-0.3236295488606655,365,365,1,10.65,106.7166666,10.65,3.6,-2.784550293200193,2.784550293200193,4.623907717470656,3.5390829172704734,0.0007584067455756,0.6841541921839481,0.4014781505591801,tropical,10_28
b111s0135,-0.530649046505578,-0.631312097786151,365,365,1,10.307542,123.979439,10.307542,9.44,-77.85475525745198,77.85475525745198,28.054348070289315,14.11975052101656,0.0040574926322166,0.3754235821110911,0.2977886834042497,tropical,10_30
b111s0136,-0.5046004534472202,-0.6929852614958957,364,364,1,10.1333333,124.8666666,10.1333333,72.0,-3.5664957621814466,3.5664957621814466,54.50439920942756,42.74846593021714,0.0087219588535163,0.3334934273379838,0.3056218956749783,tropical,10_30
b111s0300,-0.5251659737205762,-0.6821130729113496,365,365,1,10.593289,-85.544408,10.593289,82.29,-58.68524583291041,58.68524583291041,89.66450363096882,48.974160791352105,0.0130361150318652,0.4496161501288472,0.4167472004787058,tropical,10_9
b111s0301,-1.30363922397136,-1.3893228178341477,365,365,2,9.975457,-84.1743015,9.975457,957.375,-294.0802151530954,294.0802151530954,309.9720872413816,178.19296305570842,0.0495809789584592,0.564794377315707,0.4271017417620382,tropical,9_9
b111s0390,-0.4768122777840709,-0.6585145406055203,360,360,1,10.3333333,-3.1833333,10.3333333,335.0,22.19550407823283,22.19550407823283,18.68731397676584,16.16551389715324,0.0031974609012667,0.9997037377717732,0.0020788589684823,tropical,10_17
b112s0079,-1.2714823246378102,-1.5726546014397236,365,365,1,11.1166666,72.7333333,11.1166666,3.0,3.415561760431323,3.415561760431323,3.0517578125e-05,3.0517578125e-05,0.0001000016927719,0.0021333716604445,0.0350692202465855,tropical,10_25
b112s0084,-0.12560028516015972,-0.2725049285217947,365,365,1,11.031133,77.044411,11.031133,403.55,-30.285089084806717,30.285089084806717,149.1159780617824,58.707831256654686,0.0224788840897408,0.8809590038008535,0.2863276318590289,tropical,10_25
b112s0087,-0.33347219038598314,-0.4409321453843404,365,365,1,10.9166666,79.8333333,10.9166666,7.0,2.612763167404194,2.612763167404194,1.3740607194673848,0.4148254786946354,0.0002718253142522,0.4533833521855335,0.4426316457042009,tropical,10_25
b112s0101,-0.2707542746091206,-0.41870401680597347,365,365,1,11.6666666,92.7166666,11.6666666,79.0,66.33121868657203,66.33121868657203,3.0517578125e-05,3.0517578125e-05,0.0001000016927719,0.0500977070297088,0.1191062314174311,tropical,10_27
b112s0118,-0.46164054975683827,-0.5459464854173569,365,365,1,10.9333333,108.1,10.9333333,5.0,-99.11912560400884,99.11912560400884,80.73645280148007,51.38397799792589,0.0132595765231802,0.4860377576896783,0.4565471550180797,tropical,10_28
b112s0124,-0.32247833066329273,-0.37759212072577547,365,365,1,11.4166666,114.3333333,11.4166666,5.0,5.211245954753907,5.211245954753907,3.0517578125e-05,3.0517578125e-05,0.0001000016927719,0.0,0.0,tropical,10_29
b112s0134,-0.5561498570736637,-0.6241002701265054,363,363,1,11.597669,122.751669,11.597669,3.04,-32.11780227280687,32.11780227280687,21.70173334608559,14.250221951924386,0.0028909525039589,0.3128054409376258,0.3040098194999918,tropical,10_30
b112s0136,-0.3051845631391292,-0.4112170821143614,363,363,1,11.6666666,125.45,11.6666666,3.0,-102.96877126739145,102.96877126739145,86.1265469262402,42.23641506580544,0.0113542896585487,0.2553817554027295,0.3172002635866589,tropical,10_30
b112s0137,-0.48153685942008817,-0.5834194557602599,364,364,1,11.035544,125.741594,11.035544,2.13,-14.890521954491687,14.890521954491687,0.2981689851373294,0.1566983627249128,0.0001326099756067,0.2134960546952354,0.2931752331159881,tropical,10_30
b112s0311,-0.16190793974552475,-0.29296438713049655,362,362,1,10.889589,-74.780819,10.889589,29.87,-21.769170502457964,21.769170502457964,30.844108629055093,10.177621036420083,0.0035843318452073,0.4301334668957628,0.4385821276482572,tropical,10_10
b112s0326,-0.679038652462885,-0.8186618491050491,362,362,1,11.15,-60.833,11.15,12.2,2.078636084952926,2.078636084952926,3.0517578125e-05,3.0517578125e-05,0.0001000016927719,0.090108864370076,0.2155968633986582,tropical,10_11
b112s0386,-0.34897658547912175,-0.45360441241486077,342,342,1,11.35,-5.6833333,11.35,375.0,-32.58540008994129,32.58540008994129,28.68907117765901,23.81308007256882,0.0048197412431974,0.9989107305076642,0.0049767325860826,tropical,10_17
b112s0388,-0.4371077501853251,-0.5666723713608948,361,361,1,11.160056,-4.330969,11.160056,460.55,93.10577009366716,93.10577009366716,38.80364860963597,22.91983764352785,0.0056237319127976,0.9994972427081832,0.0015739495959197,tropical,10_17
b113s0000,-0.2869344262286192,-0.41198809327066144,359,359,1,12.0333333,0.3666667,12.0333333,309.0,12.61402503066057,12.61402503066057,13.584854154583034,9.127082060951045,0.0019817634071724,0.996907522836977,0.0082479956424932,tropical,10_18
b113s0016,-0.30070915018547506,-0.44916504613054303,365,365,1,12.133689,15.034019,12.133689,295.04,1.2023362496470895,1.2023362496470895,0.7695228587357666,0.6525160980371366,0.0001117834456304,0.9753903575045576,0.0876818161429812,tropical,10_19
b113s0086,-0.05126075802622317,-0.09052191697698002,364,364,1,11.7666666,79.7666666,11.7666666,12.0,-2.769367905055084,2.769367905055084,8.317942099895317,4.295313999108379,0.0014469568456388,0.5541671824608262,0.4525804037871543,tropical,10_25
b113s0108,-0.3958575341098305,-0.42258837932931365,365,365,2,12.18584715,99.76900015,12.18584715,55.52,-86.84840325700142,86.84840325700142,84.40527796739234,53.944749159891536,0.0130068891594946,0.4881342157070171,0.4286205472388139,tropical,10_27
b113s0111,-0.22543076285417527,-0.32794070974845696,365,365,2,12.55,102.14166665,12.55,14.0,-34.11291955315352,34.11291955315352,62.25683892576244,68.58166885335564,0.0131929854913537,0.6017296440893408,0.4457828255891014,tropical,10_28
b113s0112,-0.8591776039156916,-1.035674627949673,365,365,1,11.7666666,102.8833333,11.7666666,4.0,-192.76595051307063,192.76595051307063,90.35666091015328,53.46768414946967,0.012853341688123,0.543616948616529,0.4457805792395466,tropical,10_28
b113s0118,-0.48295862206582063,-0.5269459462764935,365,365,1,12.25,109.2,12.25,10.0,-92.159671307222,92.159671307222,178.68706054687294,107.73892211913936,0.0269698522984978,0.4548791409193319,0.4582646822634786,tropical,10_28
b113s0131,-0.699480679776921,-0.8070355733270661,365,365,1,12.361517,121.046639,12.361517,4.26,-74.78113784505189,74.78113784505189,21.064743786496848,19.99650659672969,0.003325030696085,0.2116308846448172,0.2862385132128419,tropical,10_30
b113s0135,0.16157565290422793,0.10156447064895906,365,365,1,12.502417,124.635778,12.502417,1.82,-43.31444219160443,43.31444219160443,36.11867415546576,20.543119743567416,0.0050975935279259,0.2780209443951391,0.3055450573617403,tropical,10_30
b113s0303,-0.45875776575939464,-0.5580075193214818,365,365,1,12.583594,-81.711192,12.583594,5.79,6.125889753663472,6.125889753663472,3.0517578125e-05,3.0517578125e-05,0.0001000016927719,0.0213152501563519,0.125805396476496,tropical,10_9
b113s0315,-0.45282568465278755,-0.4773206276916933,365,365,1,12.5,-70.017,12.5,18.3,15.68987383561154,15.68987383561154,3.0517578125e-05,3.0517578125e-05,0.0001000016927719,0.1587377160113741,0.298872577289448,tropical,10_10
b113s0316,-0.502779845076588,-0.599661038451298,365,365,1,12.2,-68.967,12.2,9.1,-1.495491324764069,1.495491324764069,3.0517578125e-05,3.0517578125e-05,0.0001000016927719,0.1818954383104218,0.3276059238198621,tropical,10_11
b113s0324,-0.6938828291104718,-0.8161823920891443,365,365,1,12.0,-61.783,12.0,7.0,-0.3214453011472207,0.3214453011472207,3.0517578125e-05,3.0517578125e-05,0.0001000016927719,0.0437441762313583,0.1426584651670524,tropical,10_11
b113s0373,-1.291415640814976,-1.5657149075449366,365,365,1,12.4102,-16.746125,12.4102,15.84,13.373111000810155,13.373111000810155,1.5704041758666196,1.2166161263305069,0.0003500600789397,0.3391219013189792,0.4114805632606207,tropical,10_16
b113s0374,-0.26064612886419614,-0.4544077332052539,365,365,1,12.555617,-16.281783,12.555617,22.86,8.776040414031499,8.776040414031499,7.709943144504416,5.970817666434066,0.0011393798152976,0.5261107701601606,0.4313508122517981,tropical,10_16
b113s0383,-0.5427231192052872,-0.7271556406108836,365,365,1,12.533544,-7.949944,12.533544,380.08,-3.6515277420774055,3.6515277420774055,42.20474587672997,22.057615798265275,0.006094483552151,0.9918847737374776,0.0190720673771741,tropical,10_17
b113s0386,-0.42738077056415663,-0.612061791468684,343,343,1,12.3833333,-5.4666667,12.3833333,367.0,21.94945328881033,21.94945328881033,22.523619552197424,10.8985702152817,0.0028380924312995,0.9967830738997596,0.0080452836015534,tropical,10_17
b113s0388,-0.4832947642653303,-0.6798348945434136,360,360,2,12.10833335,-3.2083333,12.10833335,285.5,11.174989285800194,13.43780901718182,11.385186248982432,8.172424397862077,0.0018325561153301,0.9986890427734488,0.0037319478525855,tropical,10_17
b113s0390,-0.32088549271233674,-0.43950923254059826,361,361,1,12.353194,-1.512417,12.353194,316.07,7.560854422617581,7.560854422617581,10.447959384600049,7.666395287547283,0.001576900572335,0.9967988902432328,0.0063657801230739,tropical,10_17
b114s0002,-0.8199966935689235,-0.9861899734002075,365,365,1,13.481547,2.183614,13.481547,223.11,-10.766994656652969,10.766994656652969,19.02157941649206,13.247484924160894,0.0031290995981713,0.9975624395093878,0.0048393604515765,tropical,10_18
b114s0081,-0.271368899590688,-0.3331322074522192,365,365,1,12.961267,74.890069,12.961267,102.71,52.28171706846014,52.28171706846014,23.18356310740277,26.92049057956757,0.0046902873526987,0.4983792105164444,0.4601953182394743,tropical,10_25
b114s0086,-0.11648438735960705,-0.28297060171137184,365,365,1,12.994414,80.180517,12.994414,15.84,-1.9523842311689317,1.9523842311689317,7.459002833712587,4.116435521544868,0.0011940379563998,0.4785083780001818,0.4599074182364854,tropical,10_26
b114s0108,-0.16674089917334625,-0.20647346158145144,365,365,2,13.05977915,99.86743315,13.05977915,11.945,-38.027354685890856,38.027354685890856,49.08788561451064,26.069727123557293,0.0067131886088978,0.6564755776437299,0.4012904396159339,tropical,10_27
b114s0109,-0.341147171063321,-0.3807430687557714,365,365,6,12.916666633333334,101.01944441666666,12.916666633333334,26.33333333333333,-2.23329544350206,16.81196896196583,19.98067613105616,19.356059815767413,0.0034852728942537,0.5692290216733178,0.4383961481110736,tropical,10_28
b114s0117,0.4853636897295597,0.3813719989240006,365,365,1,12.6833333,108.0833333,12.6833333,537.0,77.50538693960294,77.50538693960294,78.3082823814567,37.56375696880583,0.0091163672573791,0.8626037368719064,0.3057772633197095,tropical,10_28
b114s0131,-0.7963543914932197,-0.9225354676685925,365,365,1,13.4166667,121.1833333,13.4166667,41.0,-148.82739461329083,148.82739461329083,230.75750420577168,104.96542618190291,0.0354716234360083,0.3341342192879158,0.3249450406636807,tropical,10_30
b114s0134,-0.8184804314565843,-0.882978461090593,365,365,1,13.157064,123.746247,13.157064,20.11,-88.50916394749193,88.50916394749193,150.44814667221485,121.56763389106052,0.0280043372062017,0.2645864155101284,0.2783096294499547,tropical,10_30
b114s0325,-0.7282568690893362,-0.897457556212997,365,365,1,13.067,-59.483,13.067,52.1,41.48911353520299,41.48911353520299,3.0517578125e-05,3.0517578125e-05,0.0001000016927719,0.0105810781882068,0.0417546645585256,tropical,10_12
b114s0373,-0.6248601815692857,-0.8174695398661252,365,365,1,12.8833333,-14.9666667,12.8833333,10.0,-32.17157912517133,32.17157912517133,10.587517347695703,8.674271015138133,0.0018791283152888,0.9084826662915472,0.2282226517507189,tropical,10_16
b115s0080,-0.6289612647100857,-0.694236952089672,353,353,1,14.2833333,74.45,14.2833333,9.0,-97.47787784320974,97.47787784320974,57.52916060420012,55.16357298856285,0.0084319764907331,0.5218523231900737,0.4625855232426479,tropical,10_25
b115s0082,0.38321055467944776,0.17396067846264263,364,364,1,14.2333333,76.4333333,14.2333333,733.0,49.02379966083424,49.02379966083424,54.7366899229237,31.106306383972303,0.0073207790742798,0.9682408692506774,0.1279510102976023,tropical,10_25
b115s0107,-0.15245175667357494,-0.16490831662423688,365,365,1,14.0166666,99.5333333,14.0166666,29.0,-40.389022248462055,40.389022248462055,57.08947028543712,36.38758983521328,0.009477943480497,0.8412881055723038,0.3082549849591405,tropical,10_27
b115s0108,-0.2214979877783315,-0.2586190943174926,365,365,7,13.804178485714283,100.55572614285714,13.804178485714283,5.534285714285715,0.5746456463983017,2.649036101117201,4.254092226766612,4.077683789657814,0.0007750567009301,0.8149497313067562,0.3319827455684306,tropical,10_28
b115s0109,-0.7536843984726097,-0.840333234798394,365,365,2,13.8224916,101.4171637,13.8224916,47.275,-30.685784983288443,49.38385690396575,48.85766083478816,28.001772988531368,0.0070964056612562,0.8544168231235194,0.3025936148602806,tropical,10_28
b115s0110,-0.4268772136812686,-0.49011232414686273,365,365,1,13.7,102.5041667,13.7,49.0,-22.810001405790388,22.810001405790388,26.75551945915037,22.596637297109343,0.0050929052226418,0.9226263191748642,0.2259185219750272,tropical,10_28
b115s0116,0.3217467409248365,0.24691624859906236,365,365,1,14.004522,108.017158,14.004522,741.88,9.862236298754851,9.862236298754851,82.39271240203124,51.20642110941598,0.0112596348819243,0.8711128604432263,0.2991868484719159,tropical,10_28
b115s0118,-0.8071797134252275,-0.8645764273403094,365,365,1,13.7666667,109.2166667,13.7666667,6.0,-135.65076240668463,135.65076240668463,90.49171162789544,77.84616923806708,0.0174391411938426,0.4817607073407042,0.4604678195761304,tropical,10_28
b115s0130,-0.8166326397908207,-0.9000718735042165,360,360,1,14.0833333,121.05,14.0833333,11.0,-153.95454804737074,153.95454804737074,123.46110747177488,78.7924489741991,0.0189677167647442,0.3944654840967643,0.3499011083925533,tropical,10_30
b115s0131,-0.07872954755583635,-0.05250475987042976,365,365,2,14.0583333,121.8083333,14.0583333,81.5,-1.566732612182923,13.902969026309128,72.52697734480402,42.22016063822348,0.0120788617792031,0.368411485801552,0.3323741435053321,tropical,10_30
b115s0132,-0.3942049184784086,-0.45399682470728725,365,365,1,14.129167,122.980181,14.129167,3.04,-60.07995366289576,60.07995366289576,86.6562402237611,53.74026222998066,0.0133465679798124,0.2450897749250416,0.2958995740463669,tropical,10_30
b115s0134,-0.3790089886107378,-0.5020530542015061,361,361,1,13.576439,124.205672,13.576439,36.88,-39.75606993665203,39.75606993665203,92.44986644910584,51.59149369398526,0.0121247243148665,0.1938493788266789,0.2658893196867887,tropical,10_30
b115s0323,-0.7775416206796036,-0.8499684099293967,338,338,1,13.75,-60.95,13.75,10.1,-26.389668362793024,26.389668362793024,35.306182861326114,25.72590942382666,0.0050990015268322,0.0289903927742068,0.082327367617689,tropical,10_11
b115s0371,-0.6711665323564562,-0.7857045333309114,365,365,1,14.146881,-16.051297,14.146881,7.92,-9.600429532235596,9.600429532235596,6.5156874846957,4.140330709092053,0.0008866209325125,0.7713338768079433,0.3678292974069831,tropical,10_16
b115s0374,-0.22951051552955745,-0.338601749383469,364,364,1,13.736817,-13.653122,13.736817,49.07,3.2626096565292717,3.2626096565292717,9.050285210103118,7.722188048026647,0.001560739956384,0.9968108134790826,0.0279676362574589,tropical,10_16
b115s0386,-0.3641101013794432,-0.541433713441435,359,359,1,13.5666667,-2.4166667,13.5666667,336.0,4.284471088560053,4.284471088560053,11.319052177740575,8.367912619299853,0.0017698644290284,0.9979412113258156,0.0056992544340289,tropical,10_17
b116s0005,-0.4230626203061765,-0.7160147636678396,365,365,1,14.875658,5.265358,14.875658,385.87,3.810783335861686,3.810783335861686,16.43894396337073,14.628245014578113,0.0026597649246806,0.9990986665380076,0.0032934016560941,tropical,10_18
b116s0085,0.31065229489849927,0.23765782973950164,365,365,1,14.45,79.9833333,14.45,20.0,2.6057666482849804,2.6057666482849804,7.882413297885908,4.391993509411697,0.0012985788177442,0.5949140307140787,0.4462690641490567,tropical,10_25
b116s0107,0.053314078835398925,0.019459122448214277,365,365,2,14.8083333,100.1583333,14.8083333,13.0,-9.4051602031583,9.4051602031583,11.85182831016818,5.440030996755105,0.0018053879829959,0.9464846654482676,0.1676155308584229,tropical,10_28
b116s0108,-0.2114815905299893,-0.2955740715070129,365,365,4,14.804166625,100.96249995,14.804166625,115.0,-36.088924114940696,36.088924114940696,57.95423591655543,39.29062909478708,0.0077181114617001,0.959773467684025,0.1446769614454222,tropical,10_28
b116s0109,-0.4099707807849329,-0.49129334691205645,365,365,1,14.934514,102.078639,14.934514,222.19,12.880050569756662,12.880050569756662,30.82948350261141,16.96814387099585,0.0047276495693376,0.9846483866184288,0.076249091577233,tropical,10_28
b116s0110,0.05577968957370002,0.08050982410494807,365,365,1,14.6308333,102.7211111,14.6308333,181.7,-21.30729559844798,21.30729559844798,17.75030645013817,11.663383980736818,0.0027772936279687,0.984411197811816,0.0761926159407947,tropical,10_28
b116s0111,-0.15726123200287412,-0.22678654359558018,365,365,2,14.8833333,103.475,14.8833333,146.0,-9.952456565928784,9.952456565928784,7.310219397875965,4.678880903631583,0.001151426248916,0.9887884319483916,0.0420776269996193,tropical,10_28
b116s0112,0.007506002466803515,-0.03317268447417532,365,365,1,15.0852778,104.3305556,15.0852778,129.16,4.895987186132601,4.895987186132601,5.960073208060613,3.632509597202062,0.0009007559549491,0.9878757821993132,0.0336185356692574,tropical,10_28
b116s0116,-0.20760118060812094,-0.277772209834607,365,365,1,15.1333333,108.7833333,15.1333333,9.0,-92.3242452002286,92.3242452002286,136.30315529281364,80.03702899210488,0.0218571825175905,0.4871925413290494,0.4621884621354465,tropical,10_28
b116s0129,-0.6374910570262147,-0.7148389553809764,365,365,3,14.827117666666666,120.57702333333334,14.827117666666666,56.083333333333336,-74.40238080981811,74.40238080981811,96.89741144761386,49.169039329242985,0.0131324509552922,0.4264043684289911,0.3906814605608609,tropical,10_30
b116s0130,-0.8414282010829464,-0.9038914981628778,365,365,4,14.622995075,121.2715619,14.622995075,181.715,29.46610624086781,166.8511756198046,81.00273747356997,54.31806077166502,0.0107258868556413,0.4376685857573905,0.3726193988496935,tropical,10_30
b116s0291,-0.17429780729076094,-0.25967227198796733,356,356,1,14.7833333,-88.7833333,14.7833333,1079.0,85.8379042567883,85.8379042567883,276.7107693195771,191.15778975207985,0.0466263907249613,0.8634589859391756,0.2853501592727264,tropical,10_9
b116s0321,-1.2593357068068032,-3.108682659703564,351,351,1,14.6,-61.0,14.6,7.0,-65.10819635145529,65.10819635145529,72.41111450195287,44.839257812499845,0.0122433632612227,0.0392181512805466,0.1023803901360117,tropical,10_11
b116s0368,-1.3631162088552164,-1.7119998069398925,365,365,1,14.739708,-17.490225,14.739708,25.9,24.135648715704686,24.135648715704686,0.3215380240021306,0.3168277062057973,0.0001472056175803,0.2492889531465371,0.3888245773231198,tropical,10_16
b116s0374,-0.1607908189405066,-0.33919929038955715,365,365,1,14.48167,-11.4397,14.48167,51.5,-31.67573103812748,31.67573103812748,29.35597605216446,24.433810317744488,0.0048217216573266,0.9968136207460894,0.0115755086974347,tropical,10_16
b116s0375,-0.40977897806955793,-0.5887639803793395,342,342,1,15.1166666,-10.5666666,15.1166666,100.0,-72.33049543299867,72.33049543299867,40.154291575348736,30.72533509064315,0.0060025165500669,0.9984866181873492,0.0081203859900168,tropical,10_16
b116s0376,-0.4973660894506044,-0.6852137620304802,365,365,1,15.2333333,-9.35,15.2333333,242.0,-20.98328847365167,20.98328847365167,19.07364991029286,10.57248428917464,0.0027504682872128,0.9996854972714636,0.003872362974009,tropical,10_17
b116s0382,-0.4193590100725449,-0.6200066963145132,365,365,1,14.512803,-4.079561,14.512803,276.14,-9.01780777024578,9.01780777024578,10.760042899439124,7.670659582565278,0.0015133713883133,0.9895284561745796,0.0201754227589926,tropical,10_17
b117s0079,-0.9974884292375781,-1.1214329151042086,365,365,1,15.4833333,73.8166666,15.4833333,58.4,23.90313580708603,23.90313580708603,28.95329473752781,19.99590333083036,0.0033648706862916,0.4895709513119942,0.4611362719541124,tropical,10_25
b117s0080,-0.06444542643909328,-0.2812091798819682,363,363,1,15.859286,74.618292,15.859286,758.03,41.734989373024405,41.734989373024405,60.97017400272894,33.94816867436504,0.0083636281396144,0.8153043346598634,0.3494900055956769,tropical,10_25
b117s0081,0.16141182400898782,-0.03384394320231846,364,364,1,15.4166666,75.6333333,15.4166666,650.0,42.87520222697731,42.87520222697731,19.828515531650563,10.273294266355975,0.0027642131715602,0.9469863903596388,0.1841532298512482,tropical,10_25
b117s0083,-0.02938721009962923,-0.13906120113889106,362,362,1,15.8,78.0666666,15.8,281.0,-43.45475324011562,43.45475324011562,22.75589900690458,14.550751416699317,0.0033863529388678,0.9833399597385072,0.0724260795078586,tropical,10_25
b117s0085,-0.14822393333865,-0.2922530004563395,364,364,1,15.5,80.0833333,15.5,12.0,-8.350045689579485,8.350045689579485,10.449474066296183,8.081279694701903,0.0016900278044283,0.6680567950635777,0.4234135728692521,tropical,10_26
b117s0087,-0.28345017446305126,-0.4217035244729204,363,363,1,16.2,81.15,16.2,3.0,-1.3909298792145828,1.3909298792145828,2.02764038085933,0.5740954589843584,0.0002818328142166,0.549514025422424,0.4510585394701629,tropical,10_26
b117s0107,-0.11348977001304239,-0.1816712822198049,365,365,2,15.5114985,100.318397,15.5114985,60.72,11.051163436780335,14.68185669496701,20.75529376214597,18.443630698802,0.0037855040669717,0.9826161916454036,0.0823387866747477,tropical,10_28
b117s0109,-0.5448919736428485,-0.6300220409803529,365,365,1,15.8,102.0333333,15.8,184.0,-58.31901160561426,58.31901160561426,62.55740227721503,44.25296200725165,0.0109775101040787,0.9904419470852672,0.0279097901828796,tropical,10_28
b117s0111,-0.06395706801144145,-0.1411067810135415,365,365,2,16.0685083,103.6312833,16.0685083,147.95,-1.1053729965189518,7.454296919064632,9.678135582154908,4.548826087936858,0.0012808234174432,0.9871682655581704,0.0267127418879649,tropical,10_28
b117s0116,-0.5226214102827038,-0.6056702779487834,365,365,1,16.043917,108.19937,16.043917,10.05,-96.07313391081703,96.07313391081703,90.43267738342944,76.42166641259472,0.0138077341545303,0.4737670175469775,0.464104823733039,tropical,10_28
b117s0128,-0.7563125124832971,-0.8454483742080664,365,365,1,15.3333333,119.9666667,15.3333333,5.0,-209.37479700716472,209.37479700716472,134.95184951754382,100.06427144970094,0.0207757152994372,0.3506115094331289,0.4058344749231825,tropical,10_29
b117s0129,-0.6586018787701226,-0.8409547805731549,365,365,1,16.0833333,120.35,16.0833333,2.0,-120.41982341859126,120.41982341859126,81.94005336729757,49.40110629810155,0.0114877532838603,0.4939031861969168,0.4295039198279483,tropical,10_30
b117s0130,-0.2499016524086123,-0.3435890499511194,364,364,1,15.75,121.6333333,15.75,178.0,-45.46411898613903,45.46411898613903,194.0052962053292,105.00718701666584,0.0274203906975843,0.5007624871093841,0.4246038158775133,tropical,10_30
b117s0368,-1.7695471144930153,-2.2261933744337217,365,365,1,16.050761,-16.463172,16.050761,2.74,-3.1655516254230207,3.1655516254230207,1.3614348551567708,0.7514350121058923,0.0002682381489137,0.5372065667583362,0.4564847527278752,tropical,10_16
b117s0371,-0.4238730095292835,-0.5608379922036707,365,365,1,15.65,-13.25,15.65,17.0,-24.562437861043264,24.562437861043264,15.65834350585938,7.2966064453125,0.001878148317337,0.9940813456080416,0.0222773210817873,tropical,10_16
b118s0045,-1.0825881181275279,-1.2893236365857699,365,365,1,16.901111,42.585833,16.901111,6.09,2.311308531422115,2.311308531422115,7.763856539643512,1.711599399474264,0.0010894406426959,0.5731452382631488,0.4511389443125796,tropical,10_22
b118s0057,-1.3348881341702645,-1.384858347971683,363,363,1,17.038719,54.091297,17.038719,22.25,-248.71280519647712,248.71280519647712,167.32376466423344,58.62851831893036,0.023355780678515,0.5325355196745687,0.4635064057061613,tropical,10_23
b118s0078,-0.5731924153917071,-0.6830859015048256,365,365,1,16.9833333,73.3333333,16.9833333,67.0,-35.09859421302659,35.09859421302659,32.47002797559357,28.598248686286112,0.0056540287946572,0.5093661342220628,0.4584021363011397,tropical,10_25
b118s0102,0.03402428114965517,-0.008746302847266149,365,365,1,16.907305,96.133222,16.907305,33.22,26.351499196464086,26.351499196464086,4.509808800046581,3.662853115982637,0.0008867971918053,0.689217387721036,0.3956719080953513,tropical,10_27
b118s0105,-0.5304957736188626,-0.5384590069681869,365,365,3,16.781948333333332,98.91057976666669,16.781948333333332,241.33333333333331,-135.08993127483356,135.08993127483356,162.91477398207363,94.56181386701536,0.0260383757325932,0.9424905586420728,0.1837999717026035,tropical,10_27
b118s0106,0.1198963513490688,0.07766854112230932,365,365,2,16.63313615,99.90622765,16.63313615,63.095,-0.6168517183205893,18.663109799805987,45.85562583679652,24.353741046933266,0.0059884803115457,0.9846449515961048,0.0713854339798516,tropical,10_27
b118s0107,-0.6249033881987949,-0.8420643416479878,365,365,2,16.504680649999997,100.7808873,16.504680649999997,88.25999999999999,-143.17318629305348,143.17318629305348,107.25593308613485,50.82277744537131,0.015155822732622,0.9919016498508536,0.0301671662544865,tropical,10_28
b118s0109,-0.044166996178832164,-0.09897337759953502,365,365,3,16.3499871,102.88899806666666,16.3499871,174.73666666666668,1.7149692110834944,17.070503889918985,22.843087628372142,11.278230674086036,0.0032523978134483,0.9860192146861017,0.0273206093803289,tropical,10_28
b118s0110,0.024955849633079025,-0.002259864278450374,365,365,1,16.3333333,103.5833333,16.3333333,140.86,-19.634323931062937,19.634323931062937,13.852544121026346,8.089964126314625,0.0020894793374989,0.9854307438986571,0.0295125908340842,tropical,10_28
b118s0111,-0.5765802056109298,-0.7289020521150471,365,365,2,16.54496365,104.7380988,16.54496365,147.57,-35.90005967136079,35.90005967136079,26.966356505429182,22.956177366540608,0.0046843502001174,0.9775308560479212,0.0895799740087432,tropical,10_28
b118s0114,-0.04678762633329,-0.09926330050175551,365,365,1,16.4015,107.702614,16.4015,14.63,-90.81053996946518,90.81053996946518,88.5531406984295,64.71451099788901,0.0130042788514294,0.5258510707299265,0.464511655777734,tropical,10_28
b118s0119,-0.37199092537799233,-0.4672068106050469,365,365,2,16.6833333,111.97499995,16.6833333,5.0,5.171788649575168,5.171788649575168,3.0517578125e-05,3.0517578125e-05,0.0001000016927719,0.0015999259221832,0.0318398296143881,tropical,10_29
b118s0128,-2.626615333326295,-2.4954932029296213,365,365,1,16.375103,120.619636,16.375103,1295.7,612.4891571510207,612.4891571510207,221.19153062455905,160.17266944627022,0.0331776911849592,0.5603114999419337,0.4267186684188672,tropical,10_30
b118s0318,-0.7287179518488105,-2.177145625991054,358,358,1,16.267,-61.6,16.267,8.2,-69.86074098953105,69.86074098953105,157.4368676757761,84.23455344238006,0.0251309456706038,0.0424093430999361,0.096340555891682,tropical,10_11
b118s0359,-0.6112638047016126,-0.822488135090366,364,364,1,16.741389,-22.949444,16.741389,53.94,54.358865803221896,54.358865803221896,3.0517578125e-05,3.0517578125e-05,0.0001000016927719,0.0183306506669888,0.0646348004057547,tropical,10_15
b118s0368,-0.19029447570762761,-0.2883758273035901,365,365,1,16.65,-14.9666667,16.65,7.0,-11.016962087923154,11.016962087923154,7.188852259379955,2.7046358506884958,0.0008617470897883,0.9244421340823068,0.2344063983047412,tropical,10_16
b119s0050,-0.6576950918128541,-0.7779524572987868,365,365,1,17.466875,47.121431,17.466875,720.24,-41.73842370334705,41.73842370334705,12.200094687040105,4.922469108270258,0.0015615013054687,0.9999865894668928,0.0020551007362575,tropical,10_22
b119s0080,0.36932224484883847,0.21401213588613377,365,365,1,17.627958,75.934842,17.627958,482.8,10.390440720035372,10.390440720035372,15.007510854770878,9.646847740005304,0.0021749748399636,0.9896877744139454,0.0410443630047264,tropical,10_25
b119s0083,-0.1349077740803207,-0.3003996886168859,365,365,1,17.452417,78.461111,17.452417,530.96,-29.76802769149037,29.76802769149037,29.296891587943534,14.261743027028697,0.0036903446257207,0.9869596369232176,0.0361181713166706,tropical,10_25
b119s0105,-0.7879760456631004,-1.0008684410923772,364,364,1,17.6333333,99.25,17.6333333,192.0,-205.99194264996527,205.99194264996527,164.0568745046997,125.98786848433232,0.028648019873172,0.984766866853084,0.0725654813193989,tropical,10_27
b119s0107,-0.3318877129701226,-0.42883704334428585,365,365,2,17.419566500000002,101.72769865,17.419566500000002,263.06,-182.7249398928513,182.7249398928513,156.39979532757286,88.24712629352253,0.0214486572005879,0.9875720495059896,0.0249931724934044,tropical,10_28
b119s0108,-0.11705264090599739,-0.17241670788176253,365,365,2,17.6024943,102.4899613,17.6024943,199.95,-25.78465411420333,25.78465411420333,50.31252929683011,39.09268801368566,0.0091681666227091,0.9830951831085968,0.0285783438398695,tropical,10_28
b119s0109,-0.2308203115065243,-0.28387448968036844,365,365,2,17.6265513,102.7691235,17.6265513,176.075,-12.533061630897263,16.775827449085767,30.852471017349124,17.818049763667325,0.0053585842969229,0.9814140785780542,0.0303499820212026,tropical,10_28
b119s0110,-0.13749905130472487,-0.20737476100842187,365,365,1,17.15,104.1333333,17.15,172.0,-42.312555859608125,42.312555859608125,50.01613221777605,35.48436078728767,0.0084382694549614,0.9771771152831168,0.0724268615570402,tropical,10_28
b119s0111,-0.82378561380591,-0.9316321813116463,365,365,1,17.4166666,104.7833333,17.4166666,148.0,-63.28192269067719,63.28192269067719,46.4641094937801,35.81783914807789,0.0073696221614834,0.9486253609066272,0.1727813052172952,tropical,10_28
b119s0113,-0.46748373818720906,-0.5551476632753491,365,365,1,17.4833333,106.6,17.4833333,8.0,-96.45243532913751,96.45243532913751,52.9158571007235,46.41869382277666,0.0085055777228433,0.5578264462258856,0.4597567375696231,tropical,10_28
b119s0127,-0.3978166762949482,-0.48051096631394635,365,365,1,17.555331,120.355797,17.555331,4.87,-69.08733195495203,69.08733195495203,34.17843904843824,25.021499258709387,0.0058151591778871,0.3904945558617428,0.4340084265500301,tropical,10_30
b119s0288,-0.05894130151894524,-0.07479054385194643,365,365,1,17.539144,-88.308203,17.539144,4.57,-6.483247498310336,6.483247498310336,6.820316560901618,3.28206281878315,0.000878073819341,0.5509801121250392,0.4482784705185785,tropical,10_9
b119s0300,-1.606978433791581,-1.7232292754931418,365,365,1,17.935667,-76.7875,17.935667,3.04,-185.9858765153109,185.9858765153109,95.13164806101312,66.51417937164034,0.0154408318055362,0.1318594691989199,0.2533245361988269,tropical,10_10
b119s0316,-0.5012278061635977,-0.635756788262733,365,365,1,17.136749,-61.792667,17.136749,18.89,13.271599354210595,13.271599354210595,3.0517578125e-05,3.0517578125e-05,0.0001000016927719,0.0275119785411375,0.069080329573276,tropical,10_11
b120s0077,-0.8042990439881548,-0.9898435645553659,362,362,1,18.5333333,73.85,18.5333333,558.0,-134.30767527948296,134.30767527948296,111.44967813504978,60.679713803059705,0.0140389240349886,0.8091867691268868,0.3480279708077775,tropical,10_25
b120s0088,-0.36253580369156896,-0.5162825970820593,365,365,1,18.3333333,84.1333333,18.3333333,6.0,-6.092932881952153,6.092932881952153,23.48876602438449,11.040806603797131,0.0036901450754006,0.4551354483337684,0.4556565254897265,tropical,10_26
b120s0104,-0.2526735930886124,-0.2520828295541527,365,365,1,18.766847,98.962644,18.766847,315.77,-157.18204244597456,157.18204244597456,177.6017771928902,93.93767043547189,0.0259059098065558,0.993676784431304,0.0297458307815695,tropical,10_27
b120s0105,-0.3446772178215696,-0.437331596875624,365,365,2,18.201551,99.8344155,18.201551,205.585,-143.69038487680228,143.69038487680228,123.67834940224812,92.52667033722396,0.0210486678746006,0.9905065011468496,0.0292405046411309,tropical,10_27
b120s0106,-0.5408839942105051,-0.6542845764488545,365,365,1,18.807914,100.783419,18.807914,208.78,-216.89848541914668,216.89848541914668,172.57392419067838,99.38613518243962,0.0246503376486387,0.9918525447369022,0.020095597048444,tropical,10_28
b120s0111,0.18679480567469178,0.14335568183833472,365,365,1,18.736725,105.670881,18.736725,5.18,-1.4405068874524891,1.4405068874524891,57.01044167269503,41.54199769106695,0.0080280928281799,0.6548015200088684,0.4361152634780861,tropical,10_28
b120s0115,-2.528255436061787,-2.515457350921818,365,365,1,18.2166666,109.5833333,18.2166666,7.0,-61.45991417700797,61.45991417700797,37.94856845553092,30.792002063117728,0.0060649014318342,0.2560749158222707,0.3854634718124817,tropical,10_28
b120s0127,-0.4167871603990485,-0.5193200712240341,365,365,1,18.178092,120.531522,18.178092,7.62,-85.51601776841436,85.51601776841436,71.43224987700874,58.04526986756839,0.0123580228812096,0.321922625365639,0.4142205196417631,tropical,10_30
b120s0128,-0.2932857243977781,-0.3589055631447076,365,365,1,18.3666666,121.6333333,18.3666666,3.0,-14.769872347874768,14.769872347874768,41.65505283693808,20.767925681306032,0.005811248996841,0.3488927702817591,0.415896844978646,tropical,10_30
b120s0297,-0.7970705540920613,-0.8490962293746263,365,365,1,18.503717,-77.913358,18.503717,1.21,-129.4028858464522,129.4028858464522,86.29902436446064,59.22490631025536,0.011893217459656,0.1358105619098032,0.2621383370248876,tropical,10_10
b120s0307,-0.5866251105759838,-0.7957750954391689,365,365,1,18.567367,-68.363431,18.567367,14.32,-6.83330609606422,6.83330609606422,12.780202450793514,6.681265713100371,0.0017150256785663,0.1681530817375969,0.3017556924983569,tropical,10_11
b120s0311,-0.5595483896602446,-0.6741606661934391,358,358,1,18.3363,-64.98,18.3363,0.0,-6.376208914996316,6.376208914996316,3.0517578125e-05,3.0517578125e-05,0.0001000016927719,0.0500328842550413,0.1532182241307883,tropical,10_11
b120s0313,-0.6450221938003251,-0.802691733442409,365,365,1,18.04583,-63.11472,18.04583,4.3,1.0910824145246214,1.0910824145246214,3.0517578125e-05,3.0517578125e-05,0.0001000016927719,0.0107250278192775,0.0328584332085985,tropical,10_11
b121s0076,-0.924837273662875,-1.1091792404092227,365,365,1,19.088686,72.867919,19.088686,11.27,-9.724518296484495,9.724518296484495,17.719645599369976,21.385022550100658,0.0033844008937245,0.4961253837518356,0.4557106908193396,tropical,10_25
b121s0086,0.23370881295893464,0.10020782889985935,364,364,1,19.0833333,82.0333333,19.0833333,553.0,-24.14864837479024,24.14864837479024,40.84336588977083,24.759695298500727,0.0052615868312105,0.9670972256677688,0.1387684998198479,tropical,10_26
b121s0102,-1.4825676041638198,-1.4311775725144917,365,365,1,19.301253,97.975831,19.301253,283.15,-443.796705764856,443.796705764856,204.78618192853733,156.6370666429096,0.0316420054240484,0.9946265443439188,0.0277874366221209,tropical,10_27
b121s0111,0.13784923252163664,0.10800908888735372,365,365,1,19.75,105.7833333,19.75,5.0,-9.178570925485044,9.178570925485044,28.16022317082573,20.376398509631745,0.0046148271574736,0.6445206854787486,0.4391512353587785,tropical,10_28
b121s0114,-0.49068474723273264,-0.5736705827901071,365,365,1,19.1,108.6166666,19.1,8.0,-32.96418844849596,32.96418844849596,17.232234212265865,17.81096435031272,0.0029454423618793,0.2599670208577914,0.3865524927409536,tropical,10_28
b121s0115,-0.16912390725395868,-0.2470299669174875,365,365,2,19.374999950000003,110.02499995,19.374999950000003,97.0,-1.1828870519294483,29.57029312439389,36.90549945906251,29.924582694295573,0.0062442186564082,0.3883153115385587,0.4154857907422381,tropical,10_29
b121s0292,-0.47517753410019875,-0.6227135025852126,365,365,1,19.3,-81.36667,19.3,3.0,3.073738502699696,3.073738502699696,3.0517578125e-05,3.0517578125e-05,0.0001000016927719,0.0034822859558263,0.0325196298098757,tropical,10_9
b122s0047,-0.23529800801429598,-0.30338248659409983,365,365,1,20.504275,45.199556,20.504275,628.49,-51.61257348689014,51.61257348689014,46.99360174817629,27.33411349487836,0.0069971629128477,0.9999998036669324,8.801945764330035e-06,tropical,11_22
b122s0077,-0.27419822159396695,-0.44809757366704317,361,361,1,19.9666666,73.8166666,19.9666666,598.0,-43.67352181354113,43.67352181354113,84.61620242686013,39.24723811888648,0.0106274476624583,0.8499032773571266,0.30841099310525,tropical,10_25
b122s0078,0.008206400173702333,-0.11662097452287486,363,363,1,19.863169,75.398206,19.863169,582.47,10.281959177060685,10.281959177060685,40.89655567437392,28.02028112394816,0.0070611225073477,0.9852814460322116,0.0549131086943417,tropical,10_25
b122s0080,-0.015148237528375722,-0.13862020468930303,365,365,1,20.7,77.0333333,20.7,282.0,-20.333948027438566,20.333948027438566,27.015224239616806,8.04685023805178,0.0029528885495638,0.9927753921939176,0.0119897215472138,tropical,11_25
b122s0089,0.0959917109435345,-0.02378293945566856,365,365,1,20.244364,85.817781,20.244364,42.06,10.310941702843635,10.310941702843635,19.133696582368675,11.052575286897431,0.0031283790930907,0.6158311414400007,0.4353002447507916,tropical,11_26
b122s0103,-0.46274562486526455,-0.3116107364460213,364,364,1,19.9166666,99.0333333,19.9166666,1530.0,647.6878082658153,647.6878082658153,270.1521836490492,177.70095937985653,0.0482450297118821,0.9965510650232036,0.0085307621062715,tropical,10_27
b122s0104,0.1008664849935994,0.05894400989109361,365,365,1,19.885361,99.826844,19.885361,399.89,-152.74519958701364,152.74519958701364,137.20777050539712,98.46528855507614,0.0239860286096445,0.9958403199176946,0.009744588906102,tropical,10_27
b122s0106,-2.00284599067653,-2.3147147675441193,365,365,1,19.897256,102.160844,19.897256,291.08,-444.1017303225115,444.1017303225115,214.57690204390903,209.08895200601893,0.0414519199061097,0.9955944672037668,0.0153620261413202,tropical,10_28
b122s0112,-0.5303465700225071,-0.6615232179598644,365,365,1,20.1333333,107.7166666,20.1333333,56.0,55.569512122724646,55.569512122724646,3.0517578125e-05,3.0517578125e-05,0.0001000016927719,0.217976426915667,0.3657085203642481,tropical,11_28
b122s0127,-0.9266293747294005,-1.0730308869919296,365,365,1,20.4333333,121.9666666,20.4333333,167.0,160.7981642620661,160.7981642620661,3.0517578125e-05,3.0517578125e-05,0.0001000016927719,0.017826234816836,0.088743842384314,tropical,11_30
b123s0075,-0.17320267460834035,-0.24384318966965476,365,365,1,21.2,72.8333333,21.2,12.0,0.4584740435536094,0.4584740435536094,2.327237484904883,1.8003252639014184,0.0004027440502989,0.720997333011223,0.3780228090705181,tropical,11_25
b123s0084,-0.16782396311715816,-0.3106782066946898,364,364,1,21.2333333,81.65,21.2333333,298.0,9.18575822549326,9.18575822549326,9.337741902924831,5.461594542944342,0.0014771106863474,0.9914429421143124,0.0134414858916761,tropical,11_26
b123s0090,0.06514433025350486,-0.08596824980336419,365,365,1,21.5166666,86.9333333,21.5166666,20.0,0.4846376376348935,0.4846376376348935,41.0449013400579,21.3596218793071,0.0063578885450058,0.6765743303372305,0.4181289085289982,tropical,11_26
b123s0105,-0.5170989595539975,-0.646787653273861,365,365,2,21.275,101.52499995,21.275,638.5,-270.10289586219227,270.10289586219227,160.5809409075115,117.0717393109908,0.0279950210110335,0.9986345514626612,0.0046002422878599,tropical,11_28
b123s0109,-0.357593404764951,-0.43844347400491035,365,365,1,20.9666666,105.7666666,20.9666666,7.91,-11.677433825555564,11.677433825555564,39.1337779673012,23.138164505346445,0.0079242418286888,0.8470100788575429,0.3162995293749082,tropical,11_28
b123s0110,0.09151614874687004,0.052120362875396196,365,365,1,20.8,106.6333333,20.8,116.0,107.79878269732748,107.79878269732748,12.377936666711646,8.92076558635517,0.002138378613264,0.6135624962935434,0.4412790679099744,tropical,11_28
b123s0112,-0.35869913470899756,-0.42546032250401034,365,365,1,21.5166667,107.9666667,21.5166667,7.0,-75.20429996439239,75.20429996439239,85.69798806327216,34.66613613929783,0.0148707155570558,0.5960784076354134,0.442324771275849,tropical,11_28
b123s0113,-0.49213146299867727,-0.6323424093555027,365,365,1,21.4833333,109.1,21.4833333,16.0,10.125683828846302,10.125683828846302,2.0420500826317376,1.2414479834618546,0.0004187547705191,0.567530849112239,0.4317640903788793,tropical,11_28
b123s0114,-0.11770239154489799,-0.22375996995993688,365,365,1,21.2166667,110.4,21.2166667,50.0,34.66777143378184,34.66777143378184,12.811089168637515,7.570985751835764,0.0019403168990295,0.5383886303259506,0.4196339992684961,tropical,11_29
b124s0040,-0.42322532947826846,-0.6397147721266713,365,365,1,21.679564,39.156536,21.679564,14.63,-37.2202546135728,37.2202546135728,18.221363318137232,14.135172586669288,0.002865001025363,0.5003457658944207,0.4599959771717531,tropical,11_21
b124s0072,-0.42656246853726704,-0.48921982691845595,365,365,1,22.309183,70.779525,22.309183,134.41,0.7073358659033602,0.7073358659033602,10.813284102632888,7.338011799201591,0.0017756591319478,0.8188676488064089,0.3216658121772425,tropical,11_25
b124s0094,-0.5227924456052753,-0.6863526189284822,363,363,1,22.249611,91.813286,22.249611,3.65,-1.7726875528171706,1.7726875528171706,6.300233228105103,5.051620708546172,0.0012276106182263,0.6674257847640492,0.398737240158615,tropical,11_27
b124s0103,-1.0585615283855832,-1.1419450693705333,365,365,1,22.0,100.7833333,22.0,579.0,-358.12888348372087,358.12888348372087,300.41670698242467,178.22430948538283,0.0443479919637921,0.9989766835238976,0.0036593412900885,tropical,11_28
b124s0110,-0.7602270934097799,-0.915109291271671,365,365,1,22.3666666,106.75,22.3666666,129.0,-176.22503459992663,176.22503459992663,81.85548755251466,61.123230223169,0.0141915740417927,0.9367361016710616,0.2079197631675602,tropical,11_28
b124s0111,-0.12817558992339337,-0.2133622936006653,365,365,1,21.95,108.6166666,21.95,6.0,-32.32345858779474,32.32345858779474,28.71327725652324,23.983430792929497,0.0053598527970921,0.7148166270803444,0.3999592909553258,tropical,11_28
b124s0114,-0.8173057024960927,-0.9271137240455846,365,365,1,22.35,110.9333333,22.35,84.0,-259.8674868647498,259.8674868647498,133.3449962133012,97.28178438593298,0.0209599026435772,0.8311353270206645,0.3220316723691332,tropical,11_29
b124s0115,-0.1981659934257087,-0.2513080850880339,365,365,1,21.8666666,111.9666666,21.8666666,22.0,-33.53100848533301,33.53100848533301,59.55108046709027,45.40923724302393,0.0100951860153138,0.5657295699346281,0.4444800540704796,tropical,11_29
b124s0116,-0.3270149292058972,-0.4222519106341774,365,365,1,21.7333333,112.7666666,21.7333333,18.0,-4.81690996580523,4.81690996580523,3.0517578125e-05,3.0517578125e-05,0.0001000016927719,0.4000511440144845,0.4376776633436881,tropical,11_29
b124s0117,-0.43496951876726975,-0.518090656622538,365,365,5,22.30502832,113.94123218,22.30502832,27.324,-11.769974186989154,29.770788535415967,43.09523751238332,46.991677005279655,0.0079188552710082,0.457188045535667,0.4346723201318905,tropical,11_29
b124s0124,-0.3638776002106674,-0.3540224744164397,360,360,1,22.0,120.75,22.0,24.0,-21.77430397995238,21.77430397995238,3.0517578125e-05,3.0517578125e-05,0.0001000016927719,0.1393288948480477,0.2913525520435244,tropical,11_30
b124s0125,-1.984821311229114,-2.0800041164241745,361,361,1,22.0333333,121.55,22.0333333,325.0,315.496129726512,315.496129726512,3.0517578125e-05,3.0517578125e-05,0.0001000016927719,0.1101367332202208,0.2638211476225376,tropical,11_30
b125s0071,-0.13606269104234028,-0.2682804079372642,365,365,1,23.287828,69.670147,23.287828,81.68,-20.31350714646041,20.31350714646041,31.044053540105573,19.302797168435728,0.0037965081862259,0.7556028770306679,0.3555103655934314,tropical,11_24
b125s0074,-0.267818326679808,-0.32312194567417873,365,365,1,23.077242,72.63465,23.077242,57.6,1.2089411345198755,1.2089411345198755,3.021758553685133,2.0103563519192145,0.0003711250458731,0.9643186429434356,0.1236121207302709,tropical,11_25
b125s0079,0.29231675261572265,0.11238296319912304,365,365,1,23.287467,77.337375,23.287467,523.95,36.17629236459732,36.17629236459732,20.915341210435244,12.76623670852968,0.0028914948097677,0.9915821433820888,0.0127758339321481,tropical,11_25
b125s0088,-0.018426553475684743,-0.21085599469834673,362,362,1,22.813211,86.168844,22.813211,153.92,-68.38826373013734,68.38826373013734,54.00709809749108,39.10640380603883,0.0087626865578125,0.967055414517348,0.1298282380678088,tropical,11_26
b125s0089,0.20636518203895235,0.039253323788446336,365,365,1,23.3833333,87.0833333,23.3833333,100.0,-9.551975279503878,9.551975279503878,13.07008381286069,9.682131115820248,0.0024080533133239,0.9663895985122608,0.1167507481287762,tropical,11_26
b125s0090,-0.1454072738460428,-0.2914616597090085,363,363,1,22.654739,88.446722,22.654739,4.87,-1.9451145486158712,1.9451145486158712,1.6992798460544352,1.5727342131814088,0.0003131773694638,0.7979459700702508,0.3183294412098758,tropical,11_26
b125s0102,-1.0288381164733684,-1.029972634228913,365,365,1,22.5666666,99.9333333,22.5666666,1054.0,-382.44457270477255,382.44457270477255,223.25042472408532,185.20365113679395,0.0426299503687066,0.999205770161244,0.0028296967796057,tropical,11_27
b125s0103,0.004606253668920868,0.004062354688248189,365,365,1,22.7666666,100.9833333,22.7666666,1303.0,-45.894414903757024,45.894414903757024,168.61062064081491,133.39530425556387,0.0305560495584553,0.9989058604289078,0.0068364976488692,tropical,11_28
b125s0104,0.08601097149688375,0.025516587778851907,365,365,1,22.6166666,101.8166666,22.6166666,1121.0,-57.70568659496735,57.70568659496735,203.4580643552713,176.3829983658197,0.0391023201539746,0.9983249946989592,0.0099632055204076,tropical,11_28
b125s0106,-2.662344174512089,-2.6606663214385935,365,365,1,22.5,103.9666666,22.5,97.0,-641.9714500500038,641.9714500500038,395.9309256024671,240.38777957530704,0.0536532976194207,0.9949688953006024,0.016347459742189,tropical,11_28
b125s0108,-0.5488680962025341,-0.6179341442601468,365,365,2,22.9833333,106.1,22.9833333,518.5,-219.0856449121096,219.0856449121096,153.8462842923459,107.96924179509251,0.0257678647605582,0.9864677103146464,0.0764798390404546,tropical,11_28
b125s0110,-0.18887262690862472,-0.29661636734878943,365,365,1,22.608267,108.172442,22.608267,128.32,-22.75505974350557,22.75505974350557,39.76027249030554,26.37226454381157,0.0066870042166548,0.896061481583326,0.2625343758062381,tropical,11_28
b125s0112,-0.15973783857890986,-0.2638794717358084,365,365,1,23.4,110.0833333,23.4,44.0,-78.99975251721654,78.99975251721654,103.98525971597104,79.64863483665218,0.0161354194605036,0.9739616137024888,0.1022324099216217,tropical,11_29
b125s0115,-0.35848857868990597,-0.417593582836473,365,365,1,23.05,112.4666666,23.05,12.0,-105.68649466232776,105.68649466232776,88.01369027859369,87.1279371060889,0.0160253175430161,0.8691305743221558,0.2769391182579575,tropical,11_29
b125s0116,-0.3054398427782486,-0.30641595028451,365,365,2,23.015847,113.554725,23.015847,9.6,-31.31565511168167,31.31565511168167,37.15920215420423,29.365501135271657,0.0062758419419705,0.7385194666818335,0.3444156955272109,tropical,11_29
b125s0117,-0.11410541388056099,-0.16395026797573142,365,365,1,22.5333333,114.15,22.5333333,13.0,-57.4833536298556,57.4833536298556,68.25150140294994,75.17886912372146,0.0128824244966919,0.5201313815546044,0.4359342247103778,tropical,11_29
b125s0118,-0.35637123831783163,-0.4146074684182173,365,365,1,22.7833333,115.3666666,22.7833333,5.0,-41.11781271035016,41.11781271035016,55.458500318114005,42.80367187937617,0.0096868654839814,0.4855492806055172,0.4480943481100433,tropical,11_29
b125s0119,-0.5727430900413332,-0.6271597064894926,365,365,1,23.4,116.6833333,23.4,16.0,-18.27883499444552,18.27883499444552,51.5898499205758,27.95527540032937,0.0078486045860248,0.5154991371086878,0.4584175000490796,tropical,11_29
b125s0123,-0.35155125589124053,-0.4175221880252919,360,360,1,23.0,120.2166666,23.0,14.0,52.28170771109225,52.28170771109225,14.46493288649878,15.547763363866927,0.001640656116414,0.2708504633370479,0.3884746544041566,tropical,11_30
b125s0124,-1.110230067033718,-1.2048153088873417,361,361,1,22.75,121.15,22.75,10.0,-456.4391876303176,456.4391876303176,216.5962219238231,134.05272827148113,0.0327341191470617,0.2633467615003986,0.38145720709902,tropical,11_30
b126s0038,-1.0167664768075628,-1.1884568914193068,365,365,1,24.144244,38.06335,24.144244,7.92,-39.91655705393801,39.91655705393801,31.906491641811314,13.1754813945511,0.0056384145651668,0.5487717108561359,0.4592717334784049,subtropical,11_21
b126s0056,-0.1322435030598075,-0.1980864321213681,365,365,1,24.261667,55.609167,24.261667,264.87,20.26243150636779,20.26243150636779,15.845556543410456,12.22117141724918,0.001923094568589,0.7431265052567598,0.3930990641741026,subtropical,11_23
b126s0092,-0.030171812248463842,-0.17116899240216074,364,364,1,23.886978,91.24045,23.886978,14.02,-10.966697262287637,10.966697262287637,10.101694389646074,7.189159637187768,0.0014653675516946,0.9327943572799634,0.1555361645972053,subtropical,11_27
b126s0101,-0.8261050001430829,-0.8117057645917439,364,364,1,23.55,99.4,23.55,1104.0,-416.3191679880515,416.3191679880515,419.015778808592,257.0867724609362,0.0714745789766307,0.9986289963492018,0.0058972864449792,subtropical,11_27
b126s0103,-4.062434361034914,-4.136223595649499,365,365,1,23.6,101.9833333,23.6,398.0,-999.36656992606,999.36656992606,381.5724423457784,226.43403440885112,0.0606810403490612,0.9933090808784724,0.0261812510915135,subtropical,11_28
b126s0105,-1.5953264270712353,-1.6753433109642863,365,365,1,23.45,103.3333333,23.45,1313.6,-374.0511066114211,374.0511066114211,315.0901300630463,173.24366488570217,0.0475579411335113,0.9920700579333857,0.0255663793663731,tropical,11_28
b126s0106,-0.15122058772720096,-0.24333659939467686,365,365,1,24.0666666,105.0666666,24.0666666,1251.0,-1.7609615250439674,1.7609615250439674,120.5198796851928,81.83674468080389,0.0179519678810006,0.995582422133862,0.0135927202469837,subtropical,11_28
b126s0108,-1.1397112301342847,-1.3428995529350845,365,365,1,23.9,106.6,23.9,177.0,-261.2154265217997,261.2154265217997,137.75346801757846,100.50222778320364,0.0225071947276593,0.9961287721746832,0.0254715315538792,subtropical,11_28
b126s0112,-0.5900695921909873,-0.6624011597751494,364,364,1,24.2,110.5166666,24.2,145.0,-269.483198601716,269.483198601716,185.0026761055233,129.78669352546592,0.0274830518517488,0.9905085870479976,0.0316460943075428,subtropical,11_29
b126s0113,-0.2353013886180777,-0.2914361664106371,365,365,1,23.4833333,111.3,23.4833333,120.0,8.440979021299285,8.440979021299285,74.08032984208482,62.17613441463597,0.011778971479718,0.9684302854910246,0.120975437286927,tropical,11_29
b126s0115,-0.15254250816478807,-0.19365566231972475,365,365,1,23.8833333,113.5166666,23.8833333,68.0,-136.01376861990016,136.01376861990016,100.3967755309574,97.10504011989892,0.0183640159966349,0.9355747975474352,0.1821151807273771,subtropical,11_29
b126s0116,-0.659692583695327,-0.7607796594404079,365,365,1,23.8,114.7333333,23.8,41.0,-173.98399362135663,173.98399362135663,132.96968836055424,106.86544123844725,0.022787856019513,0.8749165887450757,0.2757365529974943,subtropical,11_29
b126s0118,-0.16181406473392354,-0.2412918516808149,365,365,1,24.2833333,116.0666666,24.2833333,116.9,-145.88225823482034,145.88225823482034,106.10493334776396,92.09090514085096,0.0184615330794781,0.8754735399998332,0.2913406498800727,subtropical,11_29
b126s0122,-0.7912694044982711,-0.9079510019939193,361,361,1,24.15,120.6833333,24.15,78.0,-234.28758464825316,234.28758464825316,115.81451222663868,98.22753226751504,0.0173728320593402,0.3663320380177641,0.4183586069184749,subtropical,11_30
b126s0156,-1.001017026037009,-1.2548639246019146,365,365,1,24.289697,153.979119,24.289697,6.7,6.812714825506736,6.812714825506736,3.0517578125e-05,3.0517578125e-05,0.0001000016927719,0.0,0.0,subtropical,11_33
b127s0040,-1.3079947628677262,-1.551789306064336,365,365,1,24.553422,39.705061,24.553422,655.62,-130.29675229890017,130.29675229890017,78.48501069728265,39.42802221066859,0.0109589473009298,0.9534455041499662,0.1896640327768343,subtropical,11_21
b127s0047,-0.34013227788396616,-0.43878250168388444,365,365,1,24.95764,46.698776,24.95764,624.53,-24.48436978365646,24.48436978365646,33.42521289226341,19.23889956293277,0.0050882990275118,0.999877192031969,0.0077363538542443,subtropical,11_22
b127s0055,-0.19267373150550415,-0.29753951366746373,365,365,3,24.582471666666663,54.760480666666666,24.582471666666663,16.863333333333333,-14.78246547526814,15.985264100717153,6.2623840713113,2.786044560084982,0.0006097252800942,0.5727440090360282,0.4489972774194928,subtropical,11_23
b127s0056,-0.864493559037358,-1.0450243902054945,365,365,1,25.112225,56.323964,25.112225,46.32,-116.6004012490931,116.6004012490931,82.2135164386279,39.16826719813278,0.0090636315966153,0.4854582671070492,0.4328412932507325,subtropical,11_23
b127s0062,-1.0991618483170835,-1.175256848310309,364,364,1,25.067811,61.805419,25.067811,58.0,50.60275018654991,50.60275018654991,5.532408229399327,5.048203902237342,0.0010279158749613,0.4312581038499344,0.4544352831437028,subtropical,11_24
b127s0067,-1.0950263054065417,-1.1323738234926142,365,365,1,24.906547,67.160797,24.906547,30.48,-30.84769624348105,30.84769624348105,21.956554189079117,12.176194101941965,0.0033994237757882,0.6065764316313963,0.4412909589695936,subtropical,11_24
b127s0076,-0.05443905125291012,-0.11456562426414936,364,364,1,25.160219,75.845631,25.160219,273.1,-32.303357556049605,32.303357556049605,36.41468944097287,17.703137399874247,0.0054686543239769,0.9897601113920844,0.0253441481097238,subtropical,11_25
b127s0094,-0.4482450873651925,-0.5871010547129053,361,361,1,24.75995,93.896697,24.75995,774.19,-145.28014773440145,145.28014773440145,191.6968419242305,145.57718006780576,0.0361385101814182,0.9923891719215752,0.0167484536653846,subtropical,11_27
b127s0109,-0.9640911486203181,-1.1052146867146941,365,365,1,24.7,108.05,24.7,214.0,-226.53760713393604,226.53760713393604,96.22432250976588,82.31616088867203,0.0165345591306686,0.9962945451452524,0.0117606448733968,subtropical,11_28
b127s0110,-0.2636381140159307,-0.3294559666237578,362,362,1,24.35,109.4,24.35,97.0,-63.24808420816234,63.24808420816234,55.24172729492134,41.560688476562376,0.0087874197959899,0.9919971520235864,0.0242886262057659,subtropical,11_28
b127s0113,-1.0988314053670338,-1.224428502139183,365,365,1,24.8,112.3666666,24.8,98.0,-363.1749924407159,363.1749924407159,221.76802430876683,144.14488724528042,0.0314813491391377,0.9916786913630358,0.0311553121766241,subtropical,11_29
b127s0114,-0.350602776202503,-0.4226707617494186,365,365,1,24.6666666,113.6,24.6666666,68.0,-238.61065912493095,238.61065912493095,184.518578087428,123.89397744975662,0.0266035700488402,0.9823682807808758,0.0720037894944758,subtropical,11_29
b127s0115,-0.3396604492400946,-0.4196948119108299,365,365,1,24.3666666,114.4833333,24.3666666,214.0,-254.5000703349788,254.5000703349788,163.89864424243603,133.44393626568478,0.0293387332055539,0.9580197599524496,0.1473936166155028,subtropical,11_29
b127s0116,-0.18134865399362723,-0.25360683304967474,365,365,1,24.95,115.65,24.95,299.0,-179.46345018431265,179.46345018431265,149.63270019531268,104.91237060546896,0.0248404656350613,0.9712692138341484,0.128889528988062,subtropical,11_29
b127s0119,-0.15366031154096738,-0.22049278454173027,365,365,1,24.544036,118.127739,24.544036,17.98,-69.1992618803151,69.1992618803151,82.88633569834764,55.49394612671979,0.0136446479777935,0.5515998993173757,0.4499205451668375,subtropical,11_29
b127s0122,-1.131390542970523,-1.2435283561837822,360,360,1,25.0333333,121.5166666,25.0333333,9.0,-288.3590116851064,288.3590116851064,187.27579086576608,141.28706763138868,0.0273039932627739,0.2334511361934518,0.3645338013065085,subtropical,11_30
b127s0124,-0.5880336043158007,-0.7260004307216591,346,346,1,24.4666666,123.0166666,24.4666666,36.5,31.58008855986776,31.58008855986776,3.0517578125e-05,3.0517578125e-05,0.0001000016927719,0.0709931358152586,0.2158770519080903,subtropical,11_30
b127s0125,-0.634825811898312,-0.7574486670222834,365,365,2,24.388929150000003,123.9768248,24.388929150000003,24.6,13.176997473107768,13.176997473107768,3.0517578125e-05,3.0517578125e-05,0.0001000016927719,0.0191364799869615,0.0866050607887466,subtropical,11_30
b127s0126,-0.6030397723301452,-0.7412260512038605,365,365,1,24.782833,125.295111,24.782833,45.72,43.50844543686887,43.50844543686887,3.0517578125e-05,3.0517578125e-05,0.0001000016927719,0.0072775807104237,0.0267144651196925,subtropical,11_30
b127s0281,-0.7077673257738534,-0.8324161194232037,362,362,1,24.5571,-81.7554,24.5571,0.3,0.4257877741124728,0.4257877741124728,3.0517578125e-05,3.0517578125e-05,0.0001000016927719,0.116738800207276,0.2652777563049385,subtropical,11_9
b127s0285,-0.7795936047888242,-1.0944092602561497,365,365,1,25.038958,-77.466231,25.038958,4.87,4.484854489068255,4.484854489068255,3.0517578125e-05,3.0517578125e-05,0.0001000016927719,0.0632014708218784,0.1410711054657039,subtropical,11_10
b128s0032,-0.15304922233625493,-0.18283675836460392,364,364,1,25.671028,32.706583,25.671028,89.61,-120.912401427045,120.912401427045,103.17407077599115,41.699240736077336,0.0127501023303074,0.9463844909966974,0.1925909102642525,subtropical,11_21
b128s0049,-0.4186815526103414,-0.4288817729773025,365,365,1,25.285306,49.485189,25.285306,179.22,-22.207675049390645,22.207675049390645,20.008946376627705,15.391422130500285,0.0038821325795013,0.8773235591946572,0.276900673271633,subtropical,11_22
b128s0051,-0.5476091461619045,-0.7202076081419383,365,365,2,25.2638958,51.582528,25.2638958,7.31,-2.820002289855612,2.820002289855612,2.703214062230469,1.5145511228632813,0.0003965091053867,0.4052661092755206,0.422172881977666,subtropical,11_23
b128s0055,-0.46986674075258034,-0.5665314841560871,365,365,2,25.291786,55.440714,25.291786,22.095,2.502086442037552,15.191595148734656,9.182548819131902,3.6039116237366953,0.0007928003102053,0.4611043574386354,0.4338542357611866,subtropical,11_23
b128s0056,-1.5711254501882763,-1.8457037268833851,365,365,1,25.613483,55.938817,25.613483,31.08,-193.2892260580113,193.2892260580113,132.94636357148448,85.31846431457365,0.0188221935318215,0.4355206410907533,0.4171895758359786,subtropical,11_23
b128s0057,-0.147183077690498,-0.18574445788901198,365,365,1,25.653556,57.79925,25.653556,5.79,-31.20664463986791,31.20664463986791,38.72628778474395,28.734563817686364,0.005898127557092,0.4655778202289123,0.4477828479564523,subtropical,11_23
b128s0083,0.15467878856252285,0.13425351228603377,365,365,1,25.45,82.8666666,25.45,81.08,4.123716313356212,4.123716313356212,4.635245226294004,2.7776708185595904,0.0005382318898975,0.9870784179799696,0.0201927398264621,subtropical,11_26
b128s0085,0.1719135431096194,0.09781825230586638,365,365,1,25.591317,85.087992,25.591317,51.81,-2.235829255305063,2.235829255305063,1.6541710169057575,1.2368604646695045,0.0002269040900578,0.983855755321839,0.0204416715477493,subtropical,11_26
b128s0105,-0.02084802133758405,-0.061070897368070996,365,365,1,25.4333333,105.1833333,25.4333333,1379.0,-63.47809450370187,63.47809450370187,110.53473792805733,94.00765385179233,0.0194788909106434,0.9959662359748324,0.0123991536154272,subtropical,11_28
b128s0107,0.19601731150737747,0.18337028096347777,365,365,1,25.8333333,107.55,25.8333333,971.0,32.546513864156395,32.546513864156395,105.09601520996549,76.17097178091404,0.0187785006117444,0.9985151111436332,0.0046275104707383,subtropical,11_28
b128s0108,-1.2059227936393233,-1.3501846223049359,365,365,1,25.9666666,108.5333333,25.9666666,287.0,-371.2872575090479,371.2872575090479,181.92723162028696,144.08318363724229,0.0286688760895575,0.9982671754851328,0.0039199325004072,subtropical,11_28
b128s0110,-0.691059364340061,-0.8146056608147871,365,365,1,25.218106,110.039197,25.218106,173.73,-147.61167045676677,147.61167045676677,144.36841254760014,88.48763349853539,0.0225320821768799,0.9958246717280892,0.0064158121214227,subtropical,11_29
b128s0113,-0.2516706310193015,-0.3126882361199659,365,365,1,25.7333333,112.9666666,25.7333333,368.8,-60.14716922525912,60.14716922525912,200.40570447605847,138.39068549676327,0.0321886457696145,0.9921054455032112,0.0139618791772502,subtropical,11_29
b128s0115,-0.4712863083930728,-0.5538322954634244,365,365,1,25.85,114.95,25.85,125.0,-126.27401591012212,126.27401591012212,90.81021362304678,81.90572265625005,0.0168835546076297,0.9904123065014512,0.0235530678122074,subtropical,11_29
b128s0116,-0.22859292332109896,-0.2646958750141441,365,365,1,25.85,116.3666666,25.85,311.0,-181.33238485281717,181.33238485281717,126.12675807264172,97.3461698724514,0.0221984387138611,0.9844393039803888,0.0829803654320101,subtropical,11_29
b128s0117,-1.2783551291193853,-1.390525239781221,365,365,2,25.6333333,117.375,25.6333333,230.4,-383.8845521876081,383.8845521876081,202.68660018825585,157.8592405100889,0.0331503437813996,0.9186653605003005,0.2269406091060171,subtropical,11_29
b128s0119,-0.8373265201908088,-0.94242028368877,365,365,1,26.0833333,119.2833333,26.0833333,85.0,-193.97041099481203,193.97041099481203,176.9876133662757,139.62926463568385,0.0291490627664161,0.6182865538235821,0.4316085180376675,subtropical,11_29
b128s0120,-0.42937503185682796,-0.5660566994778886,365,365,1,25.5166666,119.7833333,25.5166666,31.0,25.928283284626207,25.928283284626207,3.0517578125e-05,3.0517578125e-05,0.0001000016927719,0.3799401149989128,0.4247779136309592,subtropical,11_29
b128s0122,-0.7640908654152603,-0.8976926032970232,360,360,1,25.6333333,122.0666666,25.6333333,102.0,101.33509762053158,101.33509762053158,3.0517578125e-05,3.0517578125e-05,0.0001000016927719,0.1021219877960608,0.2580850092867514,subtropical,11_30
b128s0131,-0.7429626348115995,-0.9515003739854969,365,365,1,25.846533,131.263494,25.846533,50.9,50.83660904163154,50.83660904163154,3.0517578125e-05,3.0517578125e-05,0.0001000016927719,0.0005782814267613,0.0060021562935451,subtropical,11_31
b129s0008,-0.23700117784963606,-0.29324176770297466,365,365,1,26.723536,8.622653,26.723536,541.93,-4.0395814783775,4.0395814783775,19.88718460639449,9.617649623499837,0.002616380865337,1.0000000000000004,0.0,subtropical,11_18
b129s0036,-0.3812222079456163,-0.4222905234254153,365,365,1,26.198553,36.476381,26.198553,20.11,-35.57132474942065,35.57132474942065,10.572878092808914,5.313493713438527,0.0014591114957538,0.5217241582491504,0.4586563677001353,subtropical,11_21
b129s0043,0.11287170325748612,0.011809954391471589,365,365,1,26.3,43.7666666,26.3,648.0,-11.608311049517395,11.608311049517395,10.227512063808614,7.359645435478525,0.0015475955546641,0.9999998859669912,3.799430862338279e-06,subtropical,11_22
b129s0049,-0.5218899405934826,-0.6429865418468103,365,365,1,26.4333333,49.8,26.4333333,12.0,-9.357187435471214,9.357187435471214,13.51406448478765,6.091095216308602,0.0016223137608063,0.5964689841279702,0.4379195467252895,subtropical,11_22
b129s0050,-1.6645054823314973,-2.2294557540378768,365,365,1,26.270834,50.63361,26.270834,1.82,2.7494726775646887,2.7494726775646887,3.0517578125e-05,3.0517578125e-05,0.0001000016927719,0.4121786322795654,0.4256023782400063,subtropical,11_23
b129s0053,-0.9600487667585417,-1.1429512926066148,365,365,1,26.517,53.983,26.517,31.0,2.6383584608409514,2.6383584608409514,9.22721381005827,9.966376412353169,0.0021853848159312,0.3902081563903064,0.4407311366121861,subtropical,11_23
b129s0054,-0.9821348473647497,-1.149774833042966,365,365,1,26.532,54.824847,26.532,20.42,-25.482007937254423,25.482007937254423,46.0486454609368,31.75447378632245,0.0078871712176714,0.469930335956352,0.4379220816632226,subtropical,11_23
b129s0070,-0.1855885014733644,-0.38355333468639136,363,363,1,26.9,70.9166666,26.9,231.0,12.91986810298988,12.91986810298988,19.495093239262697,10.25936306003418,0.0025493572427225,0.998354851389052,0.0047883457110064,subtropical,11_25
b129s0072,0.09841073189804095,-0.023121270610465244,363,363,1,26.251092,73.048869,26.251092,218.54,-0.8658000846747598,0.8658000846747598,18.818550298955024,8.92852589951988,0.0025280064420192,0.998858486812544,0.0036576091733099,subtropical,11_25
b129s0075,-0.8034466599241924,-0.8668742906783838,364,364,1,26.824192,75.812161,26.824192,384.96,13.157278793745832,13.157278793745832,19.962219026005485,13.326069609343598,0.0032681885394383,0.9970391521552608,0.0089580044106138,subtropical,11_25
b129s0080,0.026944769073620273,-0.072212810448902,363,363,1,26.760594,80.889339,26.760594,124.96,2.876718569175182,2.876718569175182,2.4565747312700648,2.059263144975497,0.0004838705939741,0.993135870666729,0.008046755035473,subtropical,11_26
b129s0082,-0.023104901540406713,-0.05719925728998051,365,365,1,26.739708,83.449708,26.739708,78.94,1.8436313419624213,1.8436313419624213,1.8917931319942407,1.6470237151999216,0.000365266213608,0.9908618507427016,0.0127910523542835,subtropical,11_26
b129s0091,-0.10595960378182785,-0.17718008498339452,362,362,1,26.106092,91.585939,26.106092,49.37,-74.97495146409364,74.97495146409364,102.03858409232063,46.1757466240764,0.0105092208935181,0.9858244291887776,0.0244423492556045,subtropical,11_27
b129s0106,-0.27037066677825033,-0.3970276370970918,365,365,1,26.538522,106.800703,26.538522,1138.73,-94.32558660337897,94.32558660337897,92.32017329429674,59.64218619040784,0.0142290317980931,0.998055915454303,0.0061218953459475,subtropical,11_28
b129s0108,-0.4759006813195608,-0.6322076718910609,365,365,1,26.9666666,108.6666666,26.9666666,631.0,-115.66887160732642,115.66887160732642,112.1273456633589,97.5709747265402,0.0207680833703495,0.9983847326359652,0.0034629316463533,subtropical,11_28
b129s0109,-0.325913758707309,-0.3573120349549937,365,365,1,26.1666666,109.7833333,26.1666666,397.0,-211.65899478515257,211.65899478515257,143.95323296972612,126.4993022882426,0.0221146961150667,0.9971389682782996,0.0043295961983749,subtropical,11_28
b129s0110,-0.5330907691179684,-0.6934435329754421,365,365,2,26.4833333,111.12499995,26.4833333,257.0,-123.84487178433388,123.84487178433388,145.66731938318543,87.59657578709492,0.0221409556916458,0.994541476715918,0.0084070836677876,subtropical,11_29
b129s0115,-0.3937170403091774,-0.4899641445779334,365,365,1,26.85,116.3333333,26.85,142.0,-206.15032691456497,206.15032691456497,137.4686623329422,89.0167837389041,0.0216740273595771,0.9872216683454712,0.0353337528725685,subtropical,11_29
b129s0117,-0.28376111936003956,-0.2906779389537196,365,365,1,26.6333333,118.15,26.6333333,153.0,-224.439933783756,224.439933783756,170.10630479233916,162.19741092430854,0.0334046692138971,0.9313229978333314,0.2102423144684666,subtropical,11_29
b129s0126,-0.5269914678843447,-0.6553651994801116,365,365,2,26.281753,127.19856965,26.281753,28.535,23.61558033869937,23.61558033869937,3.0517578125e-05,3.0517578125e-05,0.0001000016927719,0.0125284559018295,0.0434721262097107,subtropical,11_30
b129s0127,-0.47889819971232495,-0.5693763006210206,349,349,1,26.6,127.9666666,26.6,7.1,-10.827814882758,10.827814882758,3.0517578125e-05,3.0517578125e-05,0.0001000016927719,0.0189209930561228,0.0520442104017152,subtropical,11_30
b129s0279,-1.0289303190242203,-1.472244014177494,359,359,1,26.558686,-78.695553,26.558686,2.13,1.3127730569331018,1.3127730569331018,3.0517578125e-05,3.0517578125e-05,0.0001000016927719,0.0876292917491822,0.2144777895268867,subtropical,11_10
b130s0002,-0.522736573937813,-0.6766769164296565,365,365,1,27.25,2.5,27.25,280.0,-41.74934387634926,41.74934387634926,28.3648681640625,12.865203857421877,0.003765158355236,0.999999988664612,1.1716615424042073e-06,subtropical,11_18
b130s0030,-0.3563831324559243,-0.5737094480674905,365,365,1,27.046508,31.011983,27.046508,235.3,43.5612613724567,43.5612613724567,42.40296862515397,21.333943621892832,0.0061052906898998,0.9921983531850466,0.0520701652231331,subtropical,11_21
b130s0033,-1.2489569376222505,-1.5509547312414942,365,365,1,27.178317,33.799436,27.178317,15.84,-160.11220116122325,160.11220116122325,90.23386600376809,50.692648270617376,0.0122091621273946,0.6268752876372827,0.4202940853586231,subtropical,11_21
b130s0051,-0.5589489295386484,-0.8341515480167709,365,365,1,27.8333333,51.9333333,27.8333333,4.0,-171.89339059993694,171.89339059993694,106.56933552620556,77.31452447416446,0.0203846672311734,0.4931852383412217,0.4589732220902714,subtropical,11_23
b130s0055,-0.3553429979407105,-0.5815447033604817,365,365,1,27.218169,56.377875,27.218169,6.7,-104.41708847557702,104.41708847557702,109.79382067594725,75.48924474730815,0.0191274552563906,0.7321585726536253,0.3777439622776393,subtropical,11_23
b130s0059,-0.6862239883004758,-0.8293924800161813,365,365,1,27.236169,60.720033,27.236169,620.87,-150.5886083876261,150.5886083876261,118.6272259702441,38.25264447062388,0.009740940546065,0.982376615935906,0.1150066481442813,subtropical,11_24
b130s0108,-0.1775888808530016,-0.2030477599743125,365,365,1,27.45,109.6833333,27.45,273.0,-103.76485653920064,103.76485653920064,107.24376093982173,72.94235660326893,0.0185241304325449,0.996100876429298,0.0068643447282111,subtropical,11_28
b130s0109,-0.15908614945130053,-0.20158608932144664,365,365,1,27.1833333,111.45,27.1833333,310.4,-44.80810941934203,44.80810941934203,101.50814521578886,77.90287478098398,0.0174595763417232,0.9906931135054992,0.0164150827722937,subtropical,11_29
b130s0111,-4.201259613455176,-4.2778507486562285,365,365,1,27.3,112.7,27.3,1268.0,1129.7163401237938,1129.7163401237938,126.21554687500064,76.05458374023438,0.0213510704040528,0.9861441260082214,0.023335927313978,subtropical,11_29
b130s0112,-0.42738399659603304,-0.5139287890770102,365,365,1,27.8,114.3833333,27.8,129.0,-143.25082211883836,143.25082211883836,158.50978247527453,103.988826354096,0.0245099415683216,0.9827842603213344,0.0339240552597171,subtropical,11_29
b130s0113,-0.2123272228633957,-0.3032385665380187,365,365,1,27.1166666,114.9666666,27.1166666,78.0,-27.138940373050616,27.138940373050616,46.4293356407229,41.72756596358245,0.0087824159249027,0.986257798295666,0.0253816558523684,subtropical,11_29
b130s0115,-0.21133345277410828,-0.2534923489865372,365,365,2,27.4583333,117.0583333,27.4583333,150.5,-196.5200481351505,196.5200481351505,145.1713104066626,108.55747183345534,0.0248318063987795,0.9794512903914137,0.0631999679635263,subtropical,11_29
b130s0116,-0.9316485210884702,-1.0059880401822225,365,365,1,27.7666666,118.0333333,27.7666666,221.0,-382.4757144761345,382.4757144761345,267.457022668928,152.21653168910603,0.0358290739126858,0.976455918419662,0.0976533153457849,subtropical,11_29
b130s0118,-0.6019174709698327,-0.756128455021484,365,365,2,27.5583333,120.425,27.5583333,38.0,-179.6430974589835,179.6430974589835,126.89170851792154,97.54497380147748,0.0209447667967997,0.5709420253745123,0.4483308851662196,subtropical,11_30
b130s0140,-0.7665311885064344,-0.9553128212630733,365,365,1,27.092,142.191,27.092,7.9,5.774517393809296,5.774517393809296,3.0517578125e-05,3.0517578125e-05,0.0001000016927719,0.0017605224867319,0.0060445881866671,subtropical,11_32
b130s0337,-0.9102447802849246,-1.0425470551605105,365,365,1,27.814847,-17.887056,27.814847,31.39,-21.86037411753684,21.86037411753684,3.0517578125e-05,3.0517578125e-05,0.0001000016927719,0.0288751198622226,0.0887949842099258,subtropical,11_16
b130s0346,-0.22243798229708067,-0.33046673770631935,365,365,1,27.700372,-8.167103,27.700372,442.87,12.40620210855866,12.40620210855866,10.780265124293628,4.414288061519788,0.0013343152955347,0.997560191559192,0.0425400314482171,subtropical,11_17
b131s0009,-0.46548901121089054,-0.5335511213955727,365,365,1,28.05155,9.642911,28.05155,562.96,-8.30918662668023,8.30918662668023,21.610382794661767,14.170919884754326,0.0042649279048138,0.9999999999999988,3.494632065164618e-08,subtropical,11_18
b131s0032,-0.8134717749419167,-0.9238628662424727,351,351,1,28.209028,33.645517,28.209028,35.05,-182.14181891612463,182.14181891612463,91.25122399590902,44.72923215459678,0.0109457718118554,0.7366697708261886,0.3463953613690739,subtropical,11_21
b131s0035,-0.7899382992370588,-0.8908730108410444,365,365,1,28.365417,36.618889,28.365417,777.54,-41.48132339655877,41.48132339655877,40.98202146911528,22.187503418330078,0.0046682433625841,0.927678630898326,0.2271898450782846,subtropical,11_21
b131s0045,-0.4651858472106937,-0.5625518028855513,365,365,1,28.335192,46.125069,28.335192,357.83,1.5825621875833915,1.5825621875833915,10.045646442457286,6.80019230438663,0.0021420636017161,0.9878471275956796,0.0938808182064274,subtropical,11_22
b131s0075,-0.1318517416106774,-0.22892152731442028,365,365,2,28.5755055,77.1544355,28.5755055,225.85,3.8229189541122537,9.939224767189105,15.718986142057496,8.337812133970353,0.0021281693929777,0.99757007450888,0.0044905041454677,subtropical,11_25
b131s0103,-0.0425954844167746,-0.06367616883634548,365,365,1,28.7833333,105.3833333,28.7833333,364.0,23.453185367057984,23.453185367057984,54.59019671907974,52.92701350219475,0.0098254880430993,0.9940458868143416,0.0074432103023734,subtropical,11_28
b131s0106,-0.5186226968950041,-0.6310617625770364,361,361,1,27.95,108.25,27.95,418.0,-342.7453790922485,342.7453790922485,110.4355712890625,120.70469360351557,0.0213905952870845,0.9984482769146602,0.0037567662062868,subtropical,11_28
b131s0108,-0.5016182012703676,-0.5707768641527385,365,365,1,28.4666666,110.4,28.4666666,143.0,-192.786706077477,192.786706077477,105.92526101486833,80.94418105448747,0.0183656572020506,0.9897810637449592,0.0191771271863321,subtropical,11_29
b131s0110,-0.050458879041593886,-0.053687914634916366,365,365,1,28.1166666,112.7833333,28.1166666,120.0,46.23627744019159,46.23627744019159,24.865326724646717,22.987438914126745,0.00435353120671,0.974269821759308,0.039879320234223,subtropical,11_29
b131s0116,-0.30035045578597125,-0.3486254600521778,365,365,1,27.9166666,118.5333333,27.9166666,275.0,-272.5489034471412,272.5489034471412,187.71377616365285,139.65358700541557,0.0323023746004382,0.96387214138741,0.1419742364261745,subtropical,11_29
b131s0117,-1.308346324106419,-1.3551275525685673,365,365,1,28.45,119.9166666,28.45,60.0,-373.6835997189091,373.6835997189091,191.70299668004895,151.46935075165783,0.0308728097038794,0.858903865135473,0.3002211908556748,subtropical,11_29
b131s0119,-0.8221007275665294,-0.9170085586490471,362,362,1,28.45,121.8833333,28.45,84.0,80.08276815878766,80.08276815878766,5.118574053586239,3.3258261455394296,0.0008552407395976,0.3044975813930574,0.4088453262054636,subtropical,11_30
b131s0127,-0.902417795273116,-1.2140197987905423,365,365,1,28.3941667,129.5527778,28.3941667,294.1,263.50707189666883,263.50707189666883,20.753165931667723,18.78138502652349,0.003355769529977,0.0208953738360969,0.0617349098699993,subtropical,11_30
b131s0335,-1.4597925151724074,-1.49511784823049,365,365,1,28.626478,-17.755611,28.626478,32.61,-191.0664672245392,191.0664672245392,3.0517578125e-05,3.0517578125e-05,0.0001000016927719,0.0330636463590915,0.09742731468679,subtropical,11_16
b131s0336,-2.037969826538295,-2.3651779736245344,365,365,2,28.263564,-16.4570125,28.263564,347.77500000000003,93.62362602674006,342.96796196539026,47.19373737715923,21.296372421049693,0.0061458803423429,0.0532112974492999,0.1328654955526198,subtropical,11_16
b131s0337,-1.749890961723672,-1.9630823278390352,365,365,2,28.190943,-15.818293,28.190943,29.885,-147.88944360610736,147.88944360610736,46.41087890123087,19.550983485144524,0.004514684917049,0.0606597284999454,0.1520037330247286,subtropical,11_16
b131s0339,-1.1920075321303292,-1.3848643321223462,365,365,1,28.452717,-13.863761,28.452717,25.29,-35.30259903282512,35.30259903282512,38.28678670268523,25.30029564992549,0.0063807343082412,0.1355549573732071,0.2727117371554536,subtropical,11_16
b132s0000,-0.18122379819385528,-0.3284471569097051,365,365,1,29.237119,0.276033,29.237119,313.02,17.16250842542422,17.16250842542422,30.356307195554685,13.451359008965406,0.0043892312604206,0.9999998711516528,1.9666679335200057e-05,subtropical,11_18
b132s0033,-3.010585295740627,-3.0160414684827397,363,363,1,29.561281,34.960081,29.561281,12.8,-445.7364588242982,445.7364588242982,271.62980082284105,126.42354093554157,0.0371998736487584,0.9171275621564772,0.2006537877444183,subtropical,11_21
b132s0034,-2.392390306460214,-2.4317120569147495,364,364,1,29.611619,35.018067,29.611619,53.34,-406.76374268231655,406.76374268231655,285.4041945514058,139.11672583576132,0.0403562349791423,0.9227859187856786,0.1937464797040983,subtropical,11_21
b132s0042,-0.9971695301110733,-1.2319479623108975,365,365,1,29.626419,43.490614,29.626419,449.27,-4.052963188331944,4.052963188331944,8.662896954584017,7.72801177116532,0.0017924667308003,0.9998798310123704,0.0047808339916401,subtropical,11_22
b132s0046,-0.9211154900623381,-0.9939321103282966,365,365,1,29.226567,47.968928,29.226567,62.78,21.895981916094364,21.895981916094364,5.483329783320274,3.982648860494368,0.0010298082970896,0.6944418297238252,0.4121583596978169,subtropical,11_22
b132s0049,-0.7440701495131417,-0.999373735807881,365,365,1,28.944811,50.834637,28.944811,20.72,16.851320978249063,16.851320978249063,12.43814073175393,9.321599394828372,0.0021161726470123,0.503891295346207,0.4576638787062734,subtropical,11_23
b132s0051,-1.4013297548354682,-1.4945727095339425,359,359,1,29.539333,52.589474,29.539333,1499.61,-303.9115594265147,303.9115594265147,220.5080558266289,180.31866853254868,0.0445972868382806,0.939404137130287,0.1903559603704728,subtropical,11_23
b132s0052,-1.2755404008875342,-1.2238008004913128,365,365,1,28.891756,53.723339,28.891756,1298.75,-292.7233621464393,292.7233621464393,244.47503208776303,178.17520166524548,0.0432809590894706,0.9551046092741158,0.1545713125457982,subtropical,11_23
b132s0056,-0.30119665780656835,-0.37856008338845953,361,361,1,29.083925,58.450397,29.083925,940.0,-89.0033700981221,89.0033700981221,142.13564719066056,51.099748121295946,0.0184881293287504,0.9986084101003622,0.027649383439577,subtropical,11_23
b132s0059,-0.872278808232208,-1.02936220369148,365,365,1,29.476331,60.906825,29.476331,1377.69,-125.4577641581668,125.4577641581668,151.39194589160007,93.71258695205069,0.0231463279221257,0.9903655142356524,0.0339194399179951,subtropical,11_24
b132s0069,-0.06829698880790658,-0.10785171599851573,359,359,1,29.4,71.7833333,29.4,112.0,-7.929276997289321,7.929276997289321,1.5927526667138647,1.2192374397265595,0.0002591285055321,0.9971238217330692,0.005758924519021,subtropical,11_25
b132s0101,-0.11326296899526005,-0.09767123634653692,365,365,1,28.8,104.6,28.8,342.0,-71.38691410930505,71.38691410930505,96.60484008789216,70.29956420898503,0.0173455178737643,0.9946541732394996,0.0068383106765667,subtropical,11_28
b132s0102,-0.03246518539851847,-0.10489876513822693,365,365,1,29.6166666,105.1166666,29.6166666,349.0,-10.429792799471556,10.429792799471556,20.21965265075513,13.56867746510084,0.0032239764947162,0.9925250982980536,0.0069585729798951,subtropical,11_28
b132s0105,0.09736005776135281,0.12447494105640462,365,365,1,28.8333333,108.7666666,28.8333333,665.0,-163.5376841661813,163.5376841661813,157.5187953475703,154.88019929535045,0.0278276222089901,0.9974515358420166,0.0058478058119191,subtropical,11_28
b132s0107,-0.6480523265029309,-0.7779292029904955,363,363,1,29.4,110.1666666,29.4,322.0,-284.00162754600785,284.00162754600785,130.0151965312206,140.77108628051982,0.02413630521896,0.9907846594061694,0.0192231666114663,subtropical,11_29
b132s0108,-0.3651736287228296,-0.4330029295647497,365,365,1,29.05,111.6833333,29.05,35.0,-22.197978635097,22.197978635097,25.75920064915277,21.668663393686487,0.0042993156754195,0.966034513282437,0.0418262788428212,subtropical,11_29
b132s0109,-0.4642001202345359,-0.5377719299405518,365,365,1,29.3833333,113.0833333,29.3833333,52.0,-0.2570990075167572,0.2570990075167572,20.14271982872995,18.675703303897603,0.0034353172204784,0.9472094812622276,0.0540866131154583,subtropical,11_29
b132s0111,-0.5748664095361099,-0.6001115046873454,365,365,1,29.0333333,114.5833333,29.0333333,147.0,-211.08808314085277,211.08808314085277,151.94382320441892,118.66270239217772,0.0235847021621886,0.9555467354901008,0.0644214417229608,subtropical,11_29
b132s0112,-1.9089821969973417,-2.444870097094357,365,365,2,29.22416665,115.94166665,29.22416665,604.29,531.1848683210618,535.9712152323406,111.33988244673368,75.78948432945444,0.0190991375899231,0.933560796936224,0.0896614317348193,subtropical,11_29
b132s0113,-0.1892070340369859,-0.1897798185488769,365,365,1,29.3,117.2,29.3,60.0,-60.1209048834217,60.1209048834217,59.05309936523467,52.11572143554716,0.0109904396533966,0.9484202622600608,0.085724341113565,subtropical,11_29
b132s0115,-0.3088459716121533,-0.3488423253368301,365,365,1,28.9666666,118.8666666,28.9666666,71.0,-228.17201349602027,228.17201349602027,179.9944284661018,105.07378779379307,0.024722318014264,0.9690974437169924,0.1024844694180501,subtropical,11_29
b132s0117,-0.5197196978555523,-0.6629337103404428,365,365,1,29.6,120.8166666,29.6,108.0,-174.33756831164868,174.33756831164868,162.00504471399384,100.17986765088874,0.0229838907651411,0.7412995203192484,0.3600974894147647,subtropical,11_30
b132s0118,-0.4227200788384953,-0.5025988538462729,365,365,1,29.2,121.95,29.2,127.0,104.28152739467644,104.28152739467644,36.430979003905726,30.799100341796454,0.0067694124579428,0.3681144477443326,0.418055324154835,subtropical,11_30
b132s0336,-1.319871232872723,-1.7954921729107454,365,365,1,28.945464,-13.605225,28.945464,14.32,-22.25653199946347,22.25653199946347,3.0517578125e-05,3.0517578125e-05,0.0001000016927719,0.0955307317023677,0.2257003535927893,subtropical,11_16
b132s0340,-0.9635509220653696,-1.2758620102279867,365,365,1,29.368983,-10.180267,29.368983,59.0,-139.7837450867056,139.7837450867056,52.15288652595497,39.765695049194,0.0087971580882014,0.5745112209342454,0.4603286215293935,subtropical,11_16
b133s0002,-0.5020532281148163,-0.6162778405397299,365,365,1,30.571294,2.859586,30.571294,398.06,-17.088131613812322,17.088131613812322,12.69259548398399,10.43927028044947,0.0020951761642647,0.9999936412346144,5.866684906310954e-05,subtropical,12_18
b133s0030,-0.6498959202849027,-0.7058156710837437,365,365,1,30.121944,31.405556,30.121944,116.43,-10.303876505864466,10.303876505864466,39.96697193161643,21.527898074318703,0.0053118820317516,0.8774049023250143,0.2727428035937543,subtropical,12_21
b133s0038,-0.5048857502404233,-0.5416126607268009,365,365,1,29.785133,40.100006,29.785133,689.15,23.545304619571425,23.545304619571425,25.645967487841062,15.831583336385496,0.0038490553913642,0.9999579792553632,0.0001922580247944,subtropical,11_22
b133s0046,-0.2887082878938412,-0.37208421520305274,365,365,1,30.371111,48.228333,30.371111,3.04,2.101692602703973,2.101692602703973,1.520224579404298,0.8165573268269737,0.0002349263106036,0.8031801052169604,0.3450264130972793,subtropical,12_22
b133s0048,-0.5007164223153379,-0.4892128240386451,365,365,1,30.337567,50.827964,30.337567,729.69,-233.66252444854445,233.66252444854445,189.86774193157956,167.16148348689262,0.0361802062516201,0.8341557079793505,0.3345872039855982,subtropical,12_23
b133s0054,-1.0042930095446756,-1.2214903285376233,360,360,1,30.274444,56.951111,30.274444,1748.33,-186.8832428639173,186.8832428639173,215.9318662365008,100.46030552898496,0.0296179564165952,0.999298426466245,0.009790794148444,subtropical,12_23
b133s0068,0.1328386508746168,0.15282865143459165,363,363,1,30.203222,71.419111,30.203222,121.92,1.675653913571793,1.675653913571793,1.4155515980384,1.0677674798908856,0.0002650745742185,0.9958062139377244,0.0075039470811405,subtropical,12_25
b133s0073,0.08838557101389825,0.013365853894509172,365,365,1,30.3333333,76.4666666,30.3333333,251.0,-8.758207558633387,8.758207558633387,2.577386620964944,1.1299268515196403,0.0062160662472802,0.99735093394736,0.0082666020824199,subtropical,12_25
b133s0074,-1.2024275125554127,-1.3921479778400385,364,364,1,30.3166666,78.0333333,30.3166666,682.0,-234.4538035112215,234.4538035112215,182.5386319930761,150.07859170479534,0.0338360198639788,0.9978763984113204,0.0076674030871559,subtropical,12_25
b133s0098,-1.5931691970509287,-1.643891085845742,365,365,1,29.9833333,103.0,29.9833333,629.0,-384.56069962115726,384.56069962115726,258.539133925378,211.8980664086606,0.0425681318487672,0.9975505404189872,0.0043237341489098,subtropical,11_28
b133s0102,-0.6252121105443029,-0.6977530929334321,365,365,1,29.719217,106.641678,29.719217,416.05,49.3046905983889,49.3046905983889,82.44439361092823,93.31640898867823,0.0182268108728766,0.9922522909953674,0.0079239725293964,subtropical,11_28
b133s0105,-1.4403006055755017,-1.5665124657557283,365,365,1,30.2833333,109.4666666,30.2833333,458.0,-562.1857318779188,562.1857318779188,248.8403605453169,180.20145282970927,0.0403128057876766,0.9958164990722812,0.0101954467940032,subtropical,12_28
b133s0107,-0.16567056928774274,-0.21095679326011005,365,365,1,30.3333333,112.1833333,30.3333333,33.0,-3.780631639404348,3.780631639404348,6.014414076163262,3.4307339767388507,0.0010770644120224,0.9579804044733616,0.0424570695237091,subtropical,12_29
b133s0115,-0.12706300830506156,-0.2392303530212756,365,365,1,30.228333,120.431667,30.228333,7.01,-6.620083293255522,6.620083293255522,29.55551714811136,17.022729265805673,0.0045833285329725,0.804153082433315,0.2985474469639882,subtropical,12_30
b133s0117,-0.4756742502633031,-0.6448440600824664,365,365,1,30.0333333,122.1166666,30.0333333,37.0,16.87905141811185,16.87905141811185,17.43455689102818,14.342075485341669,0.0028101551371576,0.3282681973773519,0.3935263061633869,subtropical,12_30
b133s0125,-0.8004574887635262,-1.0269041241693488,349,349,1,30.385569,130.659017,30.385569,37.79,-35.091997686013194,35.091997686013194,3.0517578125e-05,3.0517578125e-05,0.0001000016927719,0.0831345572159011,0.203053383610002,subtropical,12_31
b133s0336,-0.7238656705438501,-0.9385513612875068,365,365,1,30.324997,-9.413067,30.324997,76.2,-132.5923708173957,132.5923708173957,105.15095031585965,51.13894927900659,0.0134439842529232,0.6619407978067814,0.4381866149556025,subtropical,12_17
b134s0025,-0.3416978554321945,-0.46347293341020473,362,362,1,31.325356,27.221689,31.325356,28.65,-42.02310711504564,42.02310711504564,25.95333988314343,9.665491625484474,0.0034593562322976,0.5063762162231297,0.463913412818051,subtropical,12_20
b134s0028,-0.8354327645294036,-1.0176132397130464,365,365,1,31.183903,29.948889,31.183903,-1.82,-3.925864033153334,3.925864033153334,3.126717467462964,1.4967941564405822,0.0004410612790561,0.5130077628423482,0.4613670250382847,subtropical,12_20
b134s0030,-0.8183838306190457,-1.055093852554897,360,360,1,31.2666667,32.3,31.2666667,6.0,3.667412557582088,3.667412557582088,0.7102957155908074,0.3818346622534116,0.0001484048297399,0.5022407714748593,0.4519252949540766,subtropical,12_21
b134s0035,-0.23788805162398763,-0.2982972643817041,365,365,1,31.411942,37.279469,31.411942,509.62,-39.47670773182199,39.47670773182199,26.17782419986079,14.164458202118714,0.0028184403022369,0.9907642353161724,0.0691236575337987,subtropical,12_21
b134s0039,-0.19221527110595107,-0.22759177633649105,365,365,1,30.906589,41.138217,30.906589,552.6,8.659852835943184,8.659852835943184,12.631618943327638,8.624220643533578,0.0020615870862431,0.999712748260512,0.0092454134114893,subtropical,12_22
b134s0046,-0.17037755528397822,-0.3876500732346671,362,362,1,31.337444,48.762138,31.337444,20.11,2.039932909350796,2.039932909350796,4.705770128419073,3.3583404476811483,0.0007952988879088,0.9354766345463476,0.203893031891241,subtropical,12_22
b134s0047,-0.7746934259562964,-0.8644073830492779,365,365,1,30.74545,49.676261,30.74545,26.82,-84.49170829822569,84.49170829822569,46.553440296614,28.75423567672542,0.0077185935629498,0.8238536033674213,0.33822819999229,subtropical,12_22
b134s0049,-1.933124419413483,-2.108201393261363,365,365,1,30.683,51.55,30.683,1871.0,-424.9963213737588,424.9963213737588,393.7276984619151,238.23155650634808,0.0686379827141763,0.9504387429050868,0.1866113347700945,subtropical,12_23
b134s0058,-0.050695849521994685,-0.2420008717501383,365,365,1,31.098333,61.543889,31.098333,496.21,15.196559052005682,15.196559052005682,9.983628629541863,1.8310068293286428,0.0015209774545802,0.9881219434074264,0.0318388818934633,subtropical,12_24
b134s0069,0.00990226229793656,-0.10425241942945918,365,365,1,31.4333333,73.1,31.4333333,184.0,4.5502738980852655,4.5502738980852655,1.8422008254980664,1.280211135439462,0.0003206120786106,0.9956473418324006,0.0086049468886146,subtropical,12_25
b134s0098,-0.08762769537447845,-0.13985204446362695,365,365,1,30.75,103.8666666,30.75,541.0,22.021079569730205,22.021079569730205,76.66971486757723,18.137954229028114,0.0100526861815809,0.9962653303783002,0.0053530173988164,subtropical,12_28
b134s0099,-0.25659608358517283,-0.2810051829776857,365,365,1,31.45,104.7333333,31.45,522.0,4.255366012459149,4.255366012459149,51.48819914847951,29.03814417572057,0.0081387333174634,0.9953197518961908,0.0070009708751621,subtropical,12_28
b134s0101,0.21184472079459457,0.17922053701133053,365,365,1,30.75,106.1333333,30.75,347.0,-7.72464093497797,7.72464093497797,41.66425240404068,37.2073106570192,0.0064957596468687,0.9920908690290724,0.0077511806152859,subtropical,12_28
b134s0102,-0.16108464699569494,-0.23173628509454436,365,365,2,30.94166665,107.65,30.94166665,399.5,-115.85847524437352,115.85847524437352,110.98114827117172,114.43111962446228,0.0245788043473657,0.9947827388638404,0.0067988233387588,subtropical,12_28
b134s0104,-1.3130315633312104,-1.4724053123704965,365,365,1,31.0166666,109.5333333,31.0166666,303.0,-487.5663821279994,487.5663821279994,269.40398822756765,253.50577320090477,0.048661787605942,0.9959392072451344,0.0097567972251481,subtropical,12_28
b134s0106,-0.1398296938572182,-0.12554969639511873,365,365,1,30.7333333,111.3666666,30.7333333,257.7,18.30164227751524,18.30164227751524,136.59626699250566,89.492151302055,0.0231780063925183,0.976331509351406,0.0313790004558637,subtropical,12_29
b134s0107,-0.4258077549813564,-0.5310627038126724,365,365,1,31.1666666,112.6333333,31.1666666,108.9,4.036184669213654,4.036184669213654,43.84445776554607,29.54633211630329,0.0072264550824712,0.967159765163214,0.0368450377562963,subtropical,12_29
b134s0108,-0.3103430278122042,-0.3870816318791099,365,365,1,30.783758,114.2081,30.783758,34.44,-2.176701890169454,2.176701890169454,13.220245190526445,8.405430864136452,0.0028001930989006,0.9501883830230938,0.0571889371358024,subtropical,12_29
b134s0109,-0.36212527364992136,-0.4242443470395317,365,365,1,31.1333333,114.95,31.1333333,75.2,-73.16791682101659,73.16791682101659,63.3789481737529,58.99891672165816,0.0113769022880328,0.9583385644003928,0.0557049963534884,subtropical,12_29
b134s0110,-0.8219255946679418,-0.9577163642208216,364,364,1,31.4,116.3333333,31.4,68.0,-225.6817904686312,225.6817904686312,108.45427067941112,89.11663733375173,0.0186509584518309,0.9574673363617971,0.0603635356391747,subtropical,12_29
b134s0111,-0.14127090502044967,-0.21584156764648013,365,365,1,30.6166666,116.9666666,30.6166666,63.2,30.736666587272573,30.736666587272573,52.00218468340371,35.625644456947725,0.0085770892313029,0.9431343068421976,0.0770011009134108,subtropical,12_29
b134s0112,-0.19944261485641868,-0.26399189076151713,365,365,1,31.15,118.5833333,31.15,16.0,-9.75228201673126,9.75228201673126,22.560264364345787,17.85627657762948,0.003694296468963,0.9319435980253378,0.1043413740601208,subtropical,12_29
b134s0113,-0.25563472112309643,-0.32744561612449824,365,365,1,31.4333333,119.4833333,31.4333333,8.0,-19.490046983813293,19.490046983813293,24.583731502183007,20.57793921626735,0.0040101569565046,0.8798537737891746,0.1884641245296755,subtropical,12_29
b134s0115,-0.30792279715965865,-0.3946323490314115,365,365,1,31.4,121.4666666,31.4,4.0,0.9544368917074024,0.9544368917074024,1.313133398105461,0.9711128403662092,0.0002255237971329,0.4775531131843021,0.4072761906559364,subtropical,12_30
b134s0116,-0.8159893888245394,-0.9975703741762979,365,365,1,30.7333333,122.45,30.7333333,81.0,78.92142010700326,78.92142010700326,3.0517578125e-05,3.0517578125e-05,0.0001000016927719,0.2172599747362665,0.3398812915532112,subtropical,12_30
b134s0124,-0.4650638854937448,-0.6793243596625583,349,349,2,30.9916666,130.64166665,30.9916666,34.485,9.041388442627817,16.770682225802116,18.18293837476152,17.927967788784613,0.0034968453692625,0.1654714207724008,0.2869825720391943,subtropical,12_31
b135s0003,-0.062203216012853946,-0.11639525291793855,365,365,1,32.384106,3.794114,32.384106,460.85,-25.75463064054395,25.75463064054395,20.639671934595476,14.851500038862214,0.0034128360065431,0.9998472104470858,0.0043932872501959,subtropical,12_18
b135s0005,-0.4443419459139892,-0.5132219278498983,365,365,2,31.7950975,5.776611,31.7950975,145.54000000000002,-11.826997771310246,11.826997771310246,10.488880371828037,8.098757369822081,0.0019996343394074,0.9996357899950208,0.006449771426193,subtropical,12_18
b135s0009,-0.5019734592584911,-0.5678941941665197,365,365,1,32.306156,10.382108,32.306156,306.01,-36.402640163724925,36.402640163724925,44.96005689745092,24.749767691202592,0.0056472234061078,0.9294421186670592,0.2258753788313798,subtropical,12_19
b135s0032,-0.718205064995312,-0.8175964253934822,365,365,1,32.0,34.8166666,32.0,35.0,-112.3375276366978,112.3375276366978,46.36096795500434,21.909198198632552,0.0046551605311631,0.5905914009657857,0.4447153972976597,subtropical,12_21
b135s0033,-0.34504129394089883,-0.4489698189804579,365,365,2,31.8476295,35.9923915,31.8476295,754.375,35.25110842427506,35.25110842427506,124.93661696265352,67.76724557506373,0.0212457147381828,0.8847343394533762,0.275385890018434,subtropical,12_21
b135s0041,-0.196101107663223,-0.19529504194586553,365,365,1,31.95,44.3166666,31.95,32.0,-10.17530046374813,10.17530046374813,13.6503157925977,6.199748549975606,0.0019244037047267,0.9794064456835396,0.0725110218078188,subtropical,12_22
b135s0048,-1.994068994280641,-2.221636959316198,359,359,1,32.297222,50.842222,32.297222,2049.17,-200.2559469276516,200.2559469276516,172.50706687854816,174.51643278644784,0.0373527064103918,0.9948987617388474,0.0459130502972682,subtropical,12_23
b135s0051,-0.9637577331118825,-0.9082465511362945,365,365,1,31.904908,54.276503,31.904908,1235.65,-298.9632231203391,298.9632231203391,220.05282412749736,128.89208792614482,0.032535580342846,0.9981131469535014,0.0129508800166273,subtropical,12_23
b135s0070,-0.6875934326836125,-0.7483736573061979,365,365,1,31.55,74.3333333,31.55,214.0,5.949187733944939,5.949187733944939,2.0822286012329085,1.3554586084716729,0.0003027652745592,0.9951628813355228,0.0076529379475719,subtropical,12_25
b135s0100,-0.4702554943217445,-0.5853698107895885,365,365,1,31.5833333,105.9666666,31.5833333,385.0,-95.38962888610372,95.38962888610372,38.14715477184619,42.33426190982769,0.0076034316619861,0.9941700638228068,0.0080425799250084,subtropical,12_28
b135s0102,-1.778027422704658,-1.8428937878825729,364,364,1,32.0666666,108.0333333,32.0666666,674.0,-373.9610789482899,373.9610789482899,201.3674842937412,189.3332841832793,0.0373407021073165,0.9973875143834888,0.0047931545327932,subtropical,12_28
b135s0104,-1.5986957718594343,-1.7371909272734296,365,365,1,32.0333333,110.7666666,32.0333333,435.0,-517.0441024772801,517.0441024772801,216.09658906913623,137.423341811213,0.0319571303169112,0.9900302433722225,0.0191723569533861,subtropical,12_29
b135s0106,-0.5482648044897737,-0.6906785325955492,365,365,1,32.15,112.6666666,32.15,127.0,-1.5607395016709518,1.5607395016709518,25.517810332021497,19.63571126626464,0.0042438756560087,0.9809624898207332,0.0237350196085695,subtropical,12_29
b135s0107,-0.68663897081991,-0.8918355487603847,365,365,1,32.1333333,114.05,32.1333333,115.0,-46.35181325959448,46.35181325959448,82.12530924012061,50.76208079329174,0.0122572880864097,0.9802092828268578,0.0279708696456709,subtropical,12_29
b135s0109,-0.20461285558402073,-0.30175153477581024,365,365,1,32.1666666,115.6166666,32.1666666,44.0,-10.890107669587458,10.890107669587458,19.19849665884965,15.743002137045533,0.0044572306674542,0.9763933657598526,0.03751528095043,subtropical,12_29
b135s0110,-0.053062822315409076,-0.13174366758910194,365,365,1,31.780019,117.298436,31.780019,63.0,34.31177729442119,34.31177729442119,17.374560272789058,9.052211598949444,0.0022351097785393,0.9472659451117212,0.0686351515851387,subtropical,12_29
b135s0112,-0.3690641873762088,-0.4628018435480881,365,365,1,31.742042,118.862025,31.742042,14.93,-14.033691353598948,14.033691353598948,19.98077717404442,19.1887019855434,0.0040154238761465,0.9112865566108403,0.1333856524292599,subtropical,12_29
b135s0114,-0.35274824849461145,-0.4811931222520296,365,365,1,32.0666666,121.6,32.0666666,10.0,8.366995773499342,8.366995773499342,0.3474765135058719,0.2266988869628989,0.0001202788019144,0.3843251561008462,0.4109374669763507,subtropical,12_30
b135s0122,-0.21077106984000163,-0.24615624167126923,349,349,2,32.11666665,130.11666665,32.11666665,28.6,-21.04442387009028,21.04442387009028,36.22113448750187,34.07765202656417,0.0059867971049161,0.3179944071225796,0.3646890385504187,subtropical,12_31
b135s0123,-0.598474172876887,-0.6852946831196215,365,365,3,31.833333300000003,130.79444443333333,31.833333300000003,111.7,-176.17970411681367,176.17970411681367,160.99758209692865,117.16077749813172,0.0271512257765246,0.3348988522216904,0.3717799425186764,subtropical,12_31
b135s0124,-0.592323311335493,-0.6921877629836475,365,365,2,31.7583333,131.4083333,31.7583333,14.8,-100.78806578984668,100.78806578984668,60.2095212897406,37.01296745748896,0.0091223651233667,0.303728517592372,0.3733919354570588,subtropical,12_31
b135s0278,-0.44789045484845563,-0.6296921068793587,365,365,1,32.36667,-64.68333,32.36667,5.5,5.2762685078960985,5.2762685078960985,3.0517578125e-05,3.0517578125e-05,0.0001000016927719,0.0001170098699435,0.0004481400646701,subtropical,12_11
b135s0332,0.24130155357123217,0.29802731798637067,365,365,1,31.606886,-8.0363,31.606886,467.86,-116.87182118670034,116.87182118670034,86.27127220801839,43.4966375115477,0.010087770585334,0.8921598899200414,0.2815502985259727,subtropical,12_17
b136s0005,-0.2824469220377515,-0.3806886945184634,365,365,1,33.067803,6.088672,33.067803,85.03,-7.208458620057584,7.208458620057584,11.31762640876864,6.528402756377746,0.0018198548876891,0.9955761888665488,0.0249115253424208,subtropical,12_18
b136s0041,-0.2958578935438263,-0.5175825851378213,365,365,1,33.2666666,44.2333333,33.2666666,34.74,2.2827318403447165,2.2827318403447165,2.450495374556883,1.1357474710240782,0.0003207490987621,0.959052844726774,0.101326117666,subtropical,12_22
b136s0048,-0.23256167092596947,-0.31594638335629127,364,364,1,32.750721,51.861694,32.750721,1545.94,-53.16990372975965,53.16990372975965,72.29653217044601,29.866248970256475,0.007601515985173,0.9953456344450674,0.0279969571530417,subtropical,12_23
b136s0055,-1.626647795140751,-1.6955730368213013,365,365,1,32.898056,59.266111,32.898056,1509.36,-339.62667119304547,339.62667119304547,183.85491967875367,100.4192956992826,0.028290735883432,0.9996511412142344,0.0038611145205902,subtropical,12_23
b136s0100,-1.1369593537550282,-1.2427893103837742,365,365,1,33.0666666,107.0333333,33.0666666,509.0,-305.0092709980973,305.0092709980973,239.3504284912321,120.98465429999554,0.0286036845912817,0.9981807462347552,0.004318252622068,subtropical,12_28
b136s0102,-0.8643632814041696,-0.8877539899341346,365,365,1,32.7166666,109.0333333,32.7166666,291.0,-284.14122337043284,284.14122337043284,176.93668984159143,136.94480372136675,0.0293733284254784,0.9975097760119436,0.0069964480599988,subtropical,12_28
b136s0104,-0.14038316345060364,-0.16893181986828099,365,365,1,32.4333333,111.7333333,32.4333333,128.8,-5.632703967560445,5.632703967560445,50.00806082619489,24.812391154488616,0.0080066442944305,0.9853935891770852,0.0220115094465711,subtropical,12_29
b136s0105,-0.17893147767551917,-0.1961033180087147,365,365,1,33.1,112.4833333,33.1,181.6,-12.019071157965357,12.019071157965357,53.95282542122626,33.03965494603072,0.0091734798583782,0.987892904517404,0.0188027371206009,subtropical,12_29
b136s0106,-0.20518716210306298,-0.27992526860918737,365,365,1,32.9333333,113.9166666,32.9333333,107.2,-16.216858563916205,16.216858563916205,52.545474409467786,37.935850169923945,0.0088719226342111,0.9877087368839058,0.0184711065027778,subtropical,12_29
b136s0108,-0.21280653624807655,-0.2511684565102532,365,365,1,32.8666666,115.7333333,32.8666666,33.0,2.9552042097850237,2.9552042097850237,1.2265972850002589,1.0550657559963472,0.0002353019096341,0.9820777202498406,0.0332265773944785,subtropical,12_29
b136s0112,-0.16775177953769124,-0.2221889197391446,365,365,1,32.85,120.2833333,32.85,4.0,2.3841190039252798,2.3841190039252798,0.6668615684228492,0.45574259022705,0.0001003754135209,0.6672620188494369,0.3932508182113014,subtropical,12_30
b136s0118,-0.6178002912138728,-0.8150534293568746,365,365,2,33.272,126.3648333,33.272,39.05,-90.34344002419544,90.34344002419544,136.8003580987918,63.14275093404504,0.0193360934984878,0.0705326888309127,0.1776008383808444,subtropical,12_30
b136s0120,-1.006373591328232,-1.3410684327386975,365,365,1,32.7,128.8333333,32.7,26.9,10.670432447672308,10.670432447672308,3.0517578125e-05,3.0517578125e-05,0.0001000016927719,0.1272999479686593,0.2466290469524408,subtropical,12_30
b136s0121,-0.9774559366195325,-1.2024324676731117,365,365,4,32.97499995,130.041666625,32.97499995,188.575,95.6112204403279,198.18661711561725,96.08349723565306,67.12757992548407,0.0150197072978234,0.3502824723996036,0.3622781684162017,subtropical,12_31
b136s0122,-0.6897262593994596,-0.756568725216833,349,349,1,32.8166666,130.7,32.8166666,39.41,-174.28600222472448,174.28600222472448,85.37052621874659,66.55469505262934,0.0142758519998318,0.4578090844684983,0.3783553390869699,subtropical,12_31
b136s0123,-0.5559176774892339,-0.6254435294067412,365,365,2,32.908333299999995,131.6333333,32.908333299999995,17.235,-214.99591317474372,214.99591317474372,112.680561154337,87.54143975173716,0.0202287113693955,0.4519581186783199,0.3808167504638,subtropical,12_31
b136s0124,-0.3779168209824452,-0.4073537698114557,349,349,3,32.9555555,132.75555553333334,32.9555555,19.836666666666662,-92.59512352544608,101.38351991472248,58.90671571181563,44.362335189512464,0.009095785284636,0.3448838553127691,0.371137284819804,subtropical,12_31
b136s0125,-1.5345337050717933,-1.687393037524781,349,349,1,33.25,134.1833333,33.25,186.9,170.37137917398385,170.37137917398385,3.0517578125e-05,3.0517578125e-05,0.0001000016927719,0.3008833987066436,0.3727137159154649,subtropical,12_31
b136s0130,-1.585815910822171,-1.8685801850187846,365,365,1,33.1166666,139.7833333,33.1166666,152.6,145.9988690081707,145.9988690081707,3.0517578125e-05,3.0517578125e-05,0.0001000016927719,0.0180022122001825,0.0976286478154791,subtropical,12_31
b136s0321,-1.4750591712307985,-1.75439466183403,365,365,3,32.796684199999994,-16.672213866666667,32.796684199999994,72.64333333333333,-42.87889198727177,115.19527240668788,109.80622363912734,69.54950746821972,0.0186785002435362,0.0160582217007538,0.0709074136253509,subtropical,12_16
b137s0006,-0.23066494488615466,-0.33016035996639337,365,365,1,33.511397,6.776794,33.511397,61.87,-5.567413615488043,5.567413615488043,3.7515336197022378,1.810706077809373,0.000405503648771,0.9935297546373484,0.0318581887532035,subtropical,12_18
b137s0007,0.12512798152117457,0.023937392418206322,365,365,1,33.939722,8.110556,33.939722,87.47,60.59581083384275,60.59581083384275,44.69952377682367,17.84089687210993,0.0057431126922416,0.9839913634467684,0.0969168208147784,subtropical,12_18
b137s0008,-0.5284198637892822,-0.8706399105089121,361,361,1,33.7,8.9666666,33.7,46.0,-4.267141266385458,4.267141266385458,33.63100110625515,11.34119802091313,0.0043247918354559,0.941087921590628,0.1998667681384459,subtropical,12_18
b137s0009,-0.3582790342877124,-0.45631198076790574,365,365,1,33.875031,10.775461,33.875031,5.79,-2.895911998148706,2.895911998148706,8.543660208758613,4.571025694450909,0.0010388107491461,0.5588805498723214,0.4418727583516912,subtropical,12_19
b137s0032,-1.304240256712708,-1.286029644200887,364,364,1,33.820931,35.488389,33.820931,26.51,-302.98468178670464,302.98468178670464,146.60995225871562,92.16959190794287,0.0187451672968374,0.5194497406304383,0.4589783781134942,subtropical,12_21
b137s0033,-0.6864719121907182,-0.9562081415250185,363,363,1,33.411522,36.515558,33.411522,615.69,-66.85646724496326,66.85646724496326,101.49181970080512,40.566004497624895,0.0132364917897423,0.8539976002101342,0.321287298510248,subtropical,12_21
b137s0042,-0.1434565075404813,-0.10802526900206355,365,365,1,33.583,46.4,33.583,1368.0,114.4772608861108,114.4772608861108,199.00070880126933,177.26495482177717,0.0386906267136334,0.9936069911625828,0.0238255325933745,subtropical,12_22
b137s0044,-1.7828430574398837,-1.6524447150934538,361,361,1,33.433,48.283,33.433,1184.0,-460.8271935402263,460.8271935402263,271.4622277089844,188.3870767785646,0.0484584247151613,0.9982250107992452,0.0090307175874696,subtropical,12_22
b137s0052,-1.533668975832642,-1.5580603372842814,365,365,1,33.66775,56.892675,33.66775,704.69,-274.2093277552692,274.2093277552692,171.3368988260676,73.1096515549402,0.0224747252592197,0.9991824646715544,0.0082843872472733,subtropical,12_23
b137s0097,-6.012843001546926,-5.6578990264819025,365,365,1,33.4,104.9166666,33.4,1079.0,-942.684018359417,942.684018359417,393.3586683918315,304.9886333394928,0.0677858227039028,0.9986053431344492,0.0049193564140389,subtropical,12_28
b137s0102,-1.1884062998134879,-1.369466869849057,365,365,1,34.0833333,111.0666666,34.0833333,659.5,-369.59804521649744,369.59804521649744,204.59176973978185,119.61452297842816,0.0292270825804795,0.9923035349534376,0.0152776158790549,subtropical,12_29
b137s0105,-0.28029043084992544,-0.34456089779012333,365,365,1,33.7833333,114.5166666,33.7833333,53.0,0.7562557343279295,0.7562557343279295,1.4399051699734493,0.9320099654364864,0.0002570306630979,0.992481699090086,0.0155843792981975,subtropical,12_29
b137s0107,-0.3992683631420569,-0.47147613442233505,365,365,1,33.7833333,115.7333333,33.7833333,40.3,2.458038353973322,2.458038353973322,0.6347637334304479,0.5088563262730583,0.0001099888137176,0.9882925842577004,0.0294532559122611,subtropical,12_29
b137s0110,0.005311419037697089,-0.0012039371079600365,365,365,1,33.6333333,118.9333333,33.6333333,13.7,3.206847419604589,3.206847419604589,2.0238682705593387,1.2296344020388414,0.0003095348918775,0.8366074351387449,0.2765804542371654,subtropical,12_29
b137s0117,-0.8863154869979512,-1.0117555930210897,365,365,2,33.44999995,126.69999995,33.44999995,20.5,-64.10441362343434,64.10441362343434,100.08497142854318,28.77267118998414,0.0143651443110147,0.097662231367451,0.214357126933781,subtropical,12_30
b137s0119,-0.7010728638533906,-0.9990687387210219,365,365,2,33.7822222,129.4209722,33.7822222,31.175,2.217601847324733,20.763002220130137,9.849323576431445,10.29627419829414,0.0019773678522796,0.2378836269141144,0.3276052613696211,subtropical,12_30
b137s0120,-0.20125512349746674,-0.24995196675509482,365,365,2,33.61666665,130.54166665,33.61666665,26.465,-89.45554175786992,89.45554175786992,123.71476413004686,86.5200992694387,0.0203504830147448,0.3935653706016024,0.3676511827825875,subtropical,12_31
b137s0121,-0.49381607266462724,-0.6044062889429256,349,349,3,33.81111106666666,131.11111106666667,33.81111106666666,41.21333333333333,-161.05300593450718,161.05300593450718,97.2022086611463,68.72493520941988,0.0152848058405712,0.4272948668256667,0.3703690713555642,subtropical,12_31
b137s0122,-0.9502110089575462,-1.0409866836901245,365,365,1,33.85,132.7833333,33.85,34.27,-230.53109224382203,230.53109224382203,139.57871703638918,96.45763989533992,0.0211863347013401,0.5030078066081024,0.3699693378976895,subtropical,12_31
b137s0123,-1.0840198345251446,-1.2056583244948171,365,365,1,33.5666666,133.55,33.5666666,4.9,-292.6652344556662,292.6652344556662,149.5654017180306,101.68014323664462,0.0230601314849834,0.4290759404797205,0.3850042549457703,subtropical,12_31
b137s0124,-0.667431599799747,-0.7561823646222964,365,365,1,34.0666666,134.5666666,34.0666666,6.4,-157.62507027825913,157.62507027825913,77.71521250127743,65.75059721887354,0.0141259099871496,0.4937251134450113,0.3881224739055537,subtropical,12_31
b137s0125,-0.45628697388153044,-0.6102400936210352,365,365,2,33.758333300000004,135.975,33.758333300000004,43.150000000000006,-159.80425042511763,159.80425042511763,66.91359319692634,51.47697565943059,0.011085247242989,0.3297929012749871,0.388166937197127,subtropical,12_31
b137s0129,-0.8784778815286941,-1.247569143085853,349,349,1,34.1166666,139.5166666,34.1166666,39.6,28.396654486815223,28.396654486815223,3.0517578125e-05,3.0517578125e-05,0.0001000016927719,0.1384627725909102,0.2909904063719223,subtropical,12_31
b137s0325,-0.2030026584535699,-0.3077619760433932,365,365,1,33.367467,-7.589967,33.367467,199.94,11.765310399866024,11.765310399866024,30.48349919276448,12.848069169646564,0.0036298198833235,0.6053108609964836,0.4528134454196434,subtropical,12_17
b137s0327,-0.23325429892398086,-0.3505662167070888,365,365,1,33.879067,-5.515125,33.879067,576.07,3.6645776465956033,3.6645776465956033,89.17842182522328,71.22927305021449,0.0174327682067843,0.8682272733162211,0.3033912125754249,subtropical,12_17
b137s0328,-0.6683216757000426,-0.8179510987329287,365,365,1,33.927261,-4.977958,33.927261,579.12,-132.1605643288184,132.1605643288184,117.78686456243044,70.65784141743832,0.0153888569274852,0.905097575914416,0.2600350902563439,subtropical,12_17
b138s0005,-0.3536011701494073,-0.4402457598739172,365,365,1,34.793289,5.738231,34.793289,88.08,-102.76682046238078,102.76682046238078,73.13653458980998,46.3999065195482,0.011466651012834,0.9794266966172552,0.0989102588694362,subtropical,12_18
b138s0008,-0.5490756073936657,-0.6220434965178382,365,365,1,34.422022,8.822503,34.422022,323.08,-52.45065739297627,52.45065739297627,102.7837085484406,85.57251004689365,0.0178168921893715,0.941160702190147,0.1998065591071612,subtropical,12_18
b138s0009,-0.6849971012872701,-0.809967727125014,365,365,1,34.717953,10.690972,34.717953,25.9,-21.47086567113609,21.47086567113609,14.652447422889711,6.892843670946611,0.0019123870282609,0.5157578309681806,0.4475438101448956,subtropical,12_19
b138s0029,-1.2364535271615473,-1.2848177388984665,365,365,1,34.718039,32.485731,34.718039,12.49,-135.84065950205604,135.84065950205604,56.83490743576672,33.20163761816746,0.0081569127218725,0.1478286719972995,0.2874937995141848,subtropical,12_21
b138s0030,-1.2746954521533036,-1.466209575966541,365,365,2,34.7327665,33.3063555,34.7327665,12.795,-107.44276206436636,107.44276206436636,64.70405376972218,29.494890838206977,0.0090829042322508,0.1815767779510722,0.3086766027668911,subtropical,12_21
b138s0043,-1.5362249163064827,-1.5736568433366769,359,359,1,34.345853,47.158125,34.345853,1305.76,-295.99465084607255,295.99465084607255,242.67916895330197,197.81133314927305,0.0458059404951855,0.9985861525563388,0.0099086802224893,subtropical,12_22
b138s0044,-0.7166863964620805,-0.8274728946699197,365,365,1,34.867,48.55,34.867,1801.0,-164.11451731733405,164.11451731733405,215.92732072754063,110.52947272949356,0.0324215031355622,0.9979366324038442,0.0317441140977158,subtropical,12_22
b138s0098,-0.10667352484571731,-0.14210649914785164,364,364,1,34.5166666,107.3833333,34.5166666,781.0,-126.13138845412573,126.13138845412573,213.5527458571952,85.59069380185782,0.0241849499874502,0.9991452414671298,0.0023084113303223,subtropical,12_28
b138s0099,-0.17646805383277045,-0.23046092357949313,365,365,1,34.4333333,108.9666666,34.4333333,411.0,-6.852313514906768,6.852313514906768,85.70750686340213,35.192505239424264,0.0096347415777167,0.9976066577404736,0.0072641040093157,subtropical,12_28
b138s0103,-0.29741381250658155,-0.378264269685679,365,365,1,34.8166666,112.4333333,34.8166666,333.0,75.39419453750526,75.39419453750526,83.70245763125267,43.1963707065865,0.0115060115089205,0.992719658147184,0.0123263557706221,subtropical,12_29
b138s0104,-0.6749241688598447,-0.7643080973847033,365,365,1,34.519672,113.840889,34.519672,150.87,37.38281346788099,37.38281346788099,29.8107958891283,14.924327150196374,0.004355580325068,0.993175553470248,0.0121733527331791,subtropical,12_29
b138s0105,-0.04814836659435114,-0.09138133787119081,365,365,1,35.0833333,115.5166666,35.0833333,51.0,-0.3922867263879581,0.3922867263879581,1.3538887563718198,0.7233188797439394,0.0002022677272227,0.9899606141336528,0.0231179214253467,subtropical,12_29
b138s0107,-0.4804572864149879,-0.5502211940286467,365,365,1,34.2833333,117.15,34.2833333,42.0,-3.0345137749639264,3.0345137749639264,15.269182078542514,14.68725547231203,0.0029613292671686,0.9634175391661782,0.0959968117809571,subtropical,12_29
b138s0109,-0.4548060569484993,-0.6075511570182184,365,365,1,34.85,119.1333333,34.85,10.0,-11.253421140469593,11.253421140469593,20.76881757198496,18.078634148476716,0.0037170968780106,0.7161421185536431,0.3914072782402181,subtropical,12_29
b138s0114,-0.9045144331995337,-1.0608855917889157,365,365,1,34.687176,125.451042,34.687176,68.5,67.16710672489266,67.16710672489266,3.0517578125e-05,3.0517578125e-05,0.0001000016927719,0.1250807211406659,0.2664066825123009,subtropical,12_30
b138s0115,-0.5834416052174848,-0.7279738288310669,365,365,1,34.8166666,126.3833333,34.8166666,39.0,5.38415687208817,5.38415687208817,17.360480505947507,17.70103065158801,0.0034709970549275,0.3007156644873614,0.3792584688646368,subtropical,12_30
b138s0116,-0.24869307017500117,-0.3499932770115832,365,365,2,34.7083333,127.0333333,34.7083333,100.95,-38.24213563527409,38.24213563527409,76.25799614228715,75.1537215994707,0.014873375127675,0.3728409640164206,0.388101732907532,subtropical,12_30
b138s0117,-0.2052481476146006,-0.27598223509692954,365,365,2,34.79166665,128.09166664999998,34.79166665,50.155,17.67576442012517,31.20231190690803,16.132631296299508,15.657159672966973,0.003357388518096,0.4028820339255569,0.4157522746919532,subtropical,12_30
b138s0118,-0.31714327275273363,-0.4659729031731848,365,365,1,35.1,129.0333333,35.1,70.96,22.1151785832989,22.1151785832989,35.74856886595644,38.93878036840269,0.0076335703961621,0.3797738486607143,0.4192435997689602,subtropical,12_30
b138s0120,-0.19164860211907886,-0.26975580235439045,349,349,1,34.4166666,131.4,34.4166666,3.7,-146.92770960470915,146.92770960470915,82.68088942843778,56.1440639811039,0.0123093947110218,0.3730608764419484,0.3728405381601266,subtropical,12_31
b138s0121,-0.7963672676916836,-1.0160741540034512,365,365,3,34.5111111,132.36111106666667,34.5111111,26.633333333333336,-162.94095530180087,162.94095530180087,64.96943404675245,50.42104028903368,0.0102368382960857,0.4616458100025188,0.3806303768023726,subtropical,12_31
b138s0122,-0.31686109543875274,-0.37894447585698493,365,365,5,34.55999996,133.79666664,34.55999996,35.428000000000004,-133.64692840906469,133.64692840906469,80.52469991882849,63.00520720030479,0.0126921601669893,0.5503327978181731,0.3799074056673914,subtropical,12_31
b138s0123,-0.628303917488719,-0.6499524470697416,349,349,4,34.524999975,134.98749995,34.524999975,50.175,-43.14200163603776,84.96114939892341,50.74989475071508,40.14027511740792,0.0087239849770602,0.5486521685522241,0.3863055123612479,subtropical,12_31
b138s0124,-0.38999361695379536,-0.48063715604172924,365,365,4,34.791666625000005,135.80833330000002,34.791666625000005,99.8525,-115.83344070919144,115.83344070919144,123.97735963558736,93.03391715787302,0.0210749093453779,0.5832201091454031,0.3927097331413474,subtropical,12_31
b138s0125,-0.3956263587475086,-0.4810373038243984,365,365,3,34.76666663333333,136.7333333,34.76666663333333,27.73333333333333,-70.86769886482428,70.86769886482428,66.10898863978075,42.25701627166797,0.0128712552630023,0.5548105083781071,0.4143128825054953,subtropical,12_31
b138s0126,-0.590006492467598,-0.6592416741040178,365,365,3,34.77777776666667,138.11111106666667,34.77777776666667,36.79666666666667,-80.27578290589582,89.07583889186321,54.342927923245846,43.13958659783234,0.0095385149401063,0.4699901109468012,0.4340494629000539,subtropical,12_31
b138s0127,-0.7737751081360088,-1.0039503762534152,365,365,3,34.800000000000004,139.10555553333333,34.800000000000004,65.53333333333335,-33.02804843673312,62.06700160584174,69.2948250325537,41.69215006510511,0.0107014289001625,0.3769591817674392,0.4172526578550191,subtropical,12_31
b138s0128,-1.2883727910438125,-1.7170928920294717,348,348,1,34.9833333,139.8666666,34.9833333,7.1,-16.492587164839527,16.492587164839527,0.9479560015124024,0.7448794321574576,0.0002231125482059,0.3299742615148165,0.4055019367581242,subtropical,12_31
b138s0327,-0.014280670206204457,-0.07223102079011394,365,365,1,34.9833333,-3.0166666,34.9833333,177.0,-61.51369344884506,61.51369344884506,116.49783674428208,73.7448448960208,0.0183572248051706,0.6383202879917832,0.441308822497145,subtropical,12_17
b138s0328,-0.43351106344764107,-0.5179804695702498,365,365,2,34.9019085,-1.686993,34.9019085,357.98,-134.35273898698915,134.35273898698915,133.37990515001104,75.54381460970552,0.0220069014485613,0.7115696455022988,0.4198646395927501,subtropical,12_17
b139s0000,-0.31966561533404486,-0.39855291170677515,364,364,1,35.207725,0.147142,35.207725,513.89,-96.44526952609635,96.44526952609635,111.94904946917003,71.19598367476723,0.0173413359880436,0.7990027144947066,0.3677358934344081,subtropical,12_18
b139s0009,-0.3387326512489682,-0.4241654485641549,365,365,2,35.66666665,10.425,35.66666665,35.0,-27.451259955497413,27.451259955497413,30.841994512802778,16.598069550126972,0.0047594275288906,0.5746125364080248,0.435105429514407,subtropical,12_19
b139s0010,0.2618274864225405,0.340142482113785,364,364,1,35.5,11.0666666,35.5,12.0,4.481145231169657,4.481145231169657,9.885431152880871,6.708690990234386,0.0019388863694131,0.3826296448640217,0.4375941736508679,subtropical,12_19
b139s0013,-2.203407199700068,-2.6675943531685298,365,365,1,35.857497,14.4775,35.857497,91.44,82.21569513368323,82.21569513368323,3.0517578125e-05,3.0517578125e-05,0.0001000016927719,0.0737062793224387,0.2162415055767841,subtropical,12_19
b139s0022,0.24685483080339954,0.06478536181805161,365,365,1,35.1833333,25.3166666,35.1833333,336.0,21.712996890338506,21.712996890338506,268.4862783271603,136.52671693379625,0.0345912947346602,0.1156202092802759,0.2190425707876532,subtropical,12_20
b139s0024,-1.499512509643825,-1.8464035951266105,364,364,1,35.4275,27.1469444,35.4275,6.0,-17.644337838622484,17.644337838622484,3.0517578125e-05,3.0517578125e-05,0.0001000016927719,0.0771021697350578,0.1774948093909261,subtropical,12_20
b139s0030,-0.4459075861284507,-0.6698266340969923,365,365,2,35.16666665,33.641666650000005,35.16666665,65.5,-46.80621389684437,46.80621389684437,77.1524583513661,52.69149851468126,0.0124389735001338,0.2482743061121495,0.3513345011212914,subtropical,12_21
b139s0032,-0.9781660928322466,-1.0997335813226898,363,363,1,35.401094,35.948681,35.401094,47.85,-199.207169742848,199.207169742848,114.42603930918185,54.14574182190802,0.0202420940695929,0.5849529820647301,0.4427139810462137,subtropical,12_21
b139s0041,-1.7528928194786069,-1.8993679301429616,365,365,1,35.55,45.45,35.55,853.0,-165.7919198961913,165.7919198961913,162.9468859863279,140.3871887207028,0.0342478331923484,0.9905293300128996,0.0559010403064633,subtropical,12_22
b139s0042,-1.830306181221921,-1.8731866769860674,364,364,1,35.246936,47.009011,35.246936,1378.3,-443.98150436470905,443.98150436470905,212.88855886743767,167.45322401014374,0.043278131203263,0.9976213114637372,0.0271264172364919,subtropical,12_22
b139s0046,-1.3699731051661397,-1.2844497724281887,364,364,1,35.689167,51.313416,35.689167,1207.61,-365.23072125244266,365.23072125244266,271.3184633511316,138.17977775235076,0.0353462716458673,0.8847842531539755,0.2788832306987004,subtropical,12_23
b139s0048,-2.48256107662704,-2.4662372971703594,364,364,1,35.591094,53.495086,35.591094,1117.09,-406.63689437499534,406.63689437499534,172.88409080070443,81.05705352333646,0.0258495976501587,0.9217918840412076,0.2229603010719951,subtropical,12_23
b139s0052,-0.12476297824791775,-0.19157482891052116,365,365,1,35.2,58.4666666,35.2,1109.0,-78.39850595081452,78.39850595081452,151.5876837729991,87.7303253042777,0.0219881088347007,0.9998740908675968,0.0018795776785597,subtropical,12_23
b139s0096,-0.6747028892546707,-0.7931308330949774,365,365,1,35.55,106.6666666,35.55,1348.0,-303.62987468972074,303.62987468972074,118.924876880191,87.83943134784701,0.0209956609783209,0.9994818124145324,0.0013884104391186,subtropical,12_28
b139s0097,-0.4020234994795476,-0.4818372653988567,365,365,1,35.7333333,107.6333333,35.7333333,1423.0,155.53273190809,155.53273190809,63.88351801385457,51.10638925759926,0.0116014977476901,0.999430138322763,0.0020165684771409,subtropical,12_28
b139s0100,-0.4961635373250269,-0.48337020126035196,365,365,1,35.1166666,111.0666666,35.1166666,376.5,-225.1984409475108,225.1984409475108,193.9322949969688,99.77034489260863,0.0288743652001189,0.9928064210824876,0.0132579749678376,subtropical,12_29
b139s0101,-1.1789604033673575,-1.2874809615530791,365,365,1,35.4833333,112.4,35.4833333,659.0,-241.16357757675496,241.16357757675496,143.00116878673794,93.69967019859844,0.0222842497860106,0.9943083401570094,0.0107583050705984,subtropical,12_29
b139s0105,-0.38528640478159365,-0.4592866775792155,365,365,1,35.5666666,116.85,35.5666666,53.0,-18.96543109675461,18.96543109675461,15.397371729086585,10.907064537714591,0.0024153337588035,0.9768430369279804,0.0758097410683946,subtropical,12_29
b139s0106,-0.7963912643362754,-0.9327270360436829,365,365,1,35.25,117.95,35.25,120.0,-56.38170750205151,56.38170750205151,57.57432861328122,39.46963500976541,0.0100199744105338,0.9209500184921802,0.2064569511653087,subtropical,12_29
b139s0108,-0.24211089231781446,-0.37283325577240395,365,365,1,35.4333333,119.5333333,35.4333333,37.0,-6.542239593688549,6.542239593688549,28.20288417200035,19.36254535871416,0.0041687391779899,0.616521670556926,0.4307066907720857,subtropical,12_29
b139s0114,-0.3249244540681998,-0.4502932595855979,365,365,3,35.355185166666665,126.7885185,35.355185166666665,56.0,-63.91912445473459,63.91912445473459,71.61589273205483,63.21228644268981,0.0132517040015461,0.4703648277764459,0.4233447387105168,subtropical,12_30
b139s0115,-0.5503240477556678,-0.6676373671099141,365,365,4,35.520833275,127.616666625,35.520833275,112.7475,-176.0910002947042,176.0910002947042,118.6610968800075,100.4208895771559,0.020320028375008,0.5957163681024807,0.4169988271897384,subtropical,12_30
b139s0116,-0.4511841341054146,-0.6305893329207474,365,365,2,35.526763849999995,128.5947639,35.526763849999995,48.9,-108.75378142982755,108.75378142982755,101.5401432405152,83.5806898610401,0.0176508116095674,0.5448004501429718,0.4296181517106706,subtropical,12_30
b139s0117,-0.04961212480917132,-0.09493400136902586,365,365,1,35.593494,129.351722,35.593494,13.71,-106.33221955942054,106.33221955942054,74.77651444491782,62.53307985922222,0.01383201776579,0.399858360492519,0.4342145983537837,subtropical,12_30
b139s0120,-0.623471659016491,-0.7345162454953416,365,365,3,35.47777776666667,133.21111106666666,35.47777776666667,11.566666666666668,-99.86135942432354,99.86135942432354,32.152271832677535,26.04013347584412,0.0053349501880135,0.3792657659471338,0.408440739034331,subtropical,12_31
b139s0121,-0.3882450746905138,-0.3998833819618481,365,365,1,35.4833333,134.2333333,35.4833333,15.92,-228.38459775184023,228.38459775184023,111.72871638655394,83.78675192069201,0.0165147415876694,0.4497368151434727,0.4132294354272645,subtropical,12_31
b139s0122,-0.22900365977334367,-0.3670037709208777,365,365,2,35.49166665,135.0666666,35.49166665,5.02,-188.6156802610164,188.6156802610164,114.92643790098506,92.67343526878696,0.0191244171424124,0.5035258343328708,0.4111403971647681,subtropical,12_31
b139s0123,-0.8746907068104685,-0.9746354937286901,349,349,3,35.44444443333333,136.36111106666667,35.44444443333333,40.73333333333333,-212.74916938505157,212.74916938505157,132.22531993728555,99.79059114937404,0.0211070379447315,0.6223920135835571,0.3979164840437605,subtropical,12_31
b139s0124,-1.1529975808685895,-1.4549581466920352,365,365,2,35.3416666,137.3916666,35.3416666,292.6,-290.71982354319925,290.71982354319925,203.123599251452,129.4097148490462,0.0362344430735498,0.6751972779184143,0.3933297597804266,subtropical,12_31
b139s0125,-1.5948089090679798,-1.78055441829182,349,349,3,35.588888833333336,138.84999996666667,35.588888833333336,179.03333333333333,-495.7758349562933,495.7758349562933,310.1678805399484,180.54933588993413,0.0476500617580748,0.6524053862812749,0.399988203816662,subtropical,12_31
b139s0126,-0.45586004342745196,-0.5012112645127618,365,365,3,35.5722222,139.8388889,35.5722222,28.266666666666666,2.619926612284214,23.0846631940938,19.693238564238307,10.617000424382343,0.0032567441032271,0.5063332597333069,0.4325592362542225,subtropical,12_31
b139s0127,-0.5895760580220826,-0.7494938978040091,365,365,2,35.44166665,140.5833333,35.44166665,20.8,1.0793907542166463,20.15379606152157,14.970260935842475,8.70944061068129,0.0021712677667829,0.2991982531413391,0.3986601612232036,subtropical,12_32
b139s0320,-0.7939977668100867,-1.0351427949060938,365,365,1,35.726917,-5.916889,35.726917,18.89,-22.88578575076651,22.88578575076651,28.654218326912456,23.671176439385206,0.0040812641560715,0.4544607523482842,0.4280977201172382,subtropical,12_17
b139s0321,-1.2798432814079648,-1.4484060601362836,365,365,1,35.594333,-5.320019,35.594333,3.04,-223.29332926444292,223.29332926444292,126.58878666687848,122.03081108407928,0.0237415233351559,0.5262619585369,0.4278796112483057,subtropical,12_17
b139s0322,-1.1006543224715952,-1.3779743253651207,365,365,1,35.177103,-3.839525,35.177103,27.12,-281.1744614224091,281.1744614224091,86.62013515230129,62.35772272630753,0.0149949211240047,0.5937996369195686,0.4420898169923209,subtropical,12_17
b139s0323,0.14415746742293503,0.18619938655569843,365,365,1,35.279817,-2.956256,35.279817,47.54,-25.705565888924674,25.705565888924674,85.48815510803131,69.3042879004163,0.0157034287480549,0.5361862569285887,0.4549878019092084,subtropical,12_17
b139s0325,-0.6593706033974572,-0.8592448634752966,365,365,1,35.623858,-0.621183,35.623858,89.91,-58.735913934819536,58.735913934819536,92.73075873326265,51.70109778202361,0.0149358465247918,0.5705126580808513,0.4557407114971677,subtropical,12_17
b140s0001,-0.771075676696225,-0.9098127504264775,358,358,1,36.212658,1.331775,36.212658,141.12,-189.3294188342753,189.3294188342753,126.29018333598012,95.25674868801131,0.0203303239315982,0.586298959260911,0.4547706776289379,subtropical,12_18
b140s0002,-0.9070827683743273,-0.8761126451819186,365,365,1,36.691014,3.215408,36.691014,24.99,-174.9464758295229,174.9464758295229,110.25327528699287,71.5629636055421,0.0162478768862473,0.5194802975037485,0.4641634922505994,subtropical,12_18
b140s0004,-0.7490445070838819,-0.8961523096472465,365,365,1,36.711997,5.069922,36.711997,6.09,-291.7847273022666,291.7847273022666,113.79978589543934,88.91198017266228,0.0195134070785234,0.5512208025571439,0.4590704171357084,subtropical,12_18
b140s0005,-0.5184394136923565,-0.6763830059767706,365,365,2,36.535582,6.246997,36.535582,350.67,-187.6854651844412,187.6854651844412,146.07854286878822,105.41757628353886,0.0221995060219393,0.6379682551475212,0.425130076811317,subtropical,12_18
b140s0006,-0.3831771063947733,-0.45430570443816704,365,365,1,36.822225,7.809167,36.822225,4.87,-110.11403534097184,110.11403534097184,104.8248418370044,84.69124561647713,0.0173047929067373,0.5596361292250386,0.4517576337734406,subtropical,12_18
b140s0007,-0.45333608957900734,-0.555239128977686,365,365,1,36.4833333,8.8,36.4833333,144.0,-223.16514735493627,223.16514735493627,147.62388932906964,90.77803133633536,0.0219501092860522,0.6913034979381231,0.4148206764292543,subtropical,12_18
b140s0009,-0.9529269319003942,-1.2100550307247027,365,365,3,36.59478876666667,10.581294533333333,36.59478876666667,14.233333333333334,-25.016058412086466,33.71206882833885,29.798715690009868,19.570749084522525,0.0047993209367483,0.4017690365964215,0.4217991440303237,subtropical,12_19
b140s0024,-1.789666539311509,-2.215816014308068,364,364,1,36.793335,27.091667,36.793335,125.57,97.1689848208163,97.1689848208163,3.0517578125e-05,3.0517578125e-05,0.0001000016927719,0.2668469924045005,0.3507253098862276,subtropical,12_20
b140s0025,-1.106866950482841,-1.303012045677922,365,365,2,36.781528,28.5295833,36.781528,11.045,-183.33896893565367,183.33896893565367,103.36208664548668,74.16518922260069,0.0177045902710236,0.4948548087305254,0.4287010498426746,subtropical,12_20
b140s0026,-1.2536437092236743,-1.5195450550772227,364,364,1,36.6166666,29.1166666,36.6166666,3.0,-355.52622590517626,355.52622590517626,216.72098643301416,142.6324469661512,0.0347845542622135,0.4989070783219738,0.4378877465454419,subtropical,12_20
b140s0027,-0.7309854582835426,-0.8816083264230706,365,365,2,36.8826988,30.7502305,36.8826988,50.47,-192.83079633226487,192.83079633226487,114.53466520862986,70.98268626516133,0.0192748745415916,0.6376743974287945,0.4285043749029015,subtropical,12_21
b140s0030,-1.8397204387616763,-1.9050025425434363,365,365,1,36.8,34.6333333,36.8,3.0,-310.57077610693347,310.57077610693347,90.81098360167404,56.14317860863613,0.0133589985283785,0.6682845749804192,0.4156037775027948,subtropical,12_21
b140s0039,-0.19859911747443357,-0.3311711318536978,364,364,1,36.2333333,43.9666666,36.2333333,408.73,-33.28425451505456,33.28425451505456,54.010077772784,29.591942462684845,0.0074015114392051,0.9850115314439342,0.0712584820558347,subtropical,12_22
b140s0043,-0.7281999893698705,-0.825759825355758,365,365,1,36.773783,48.359114,36.773783,1640.43,-210.76157498179305,210.76157498179305,244.8163566147097,106.9303494365658,0.0363727798745486,0.9250877116813224,0.2367882167523075,subtropical,12_22
b140s0044,-0.6460846206883869,-0.7589487273030059,362,362,1,36.240058,50.047117,36.240058,1275.28,-172.42358658426951,172.42358658426951,179.40125132066748,82.70463242403358,0.0288636715562244,0.8529610439349379,0.3238579849227253,subtropical,12_23
b140s0046,-1.3755715288331265,-1.5640999816045407,365,365,1,36.65,51.467,36.65,-19.0,-542.1984245065916,542.1984245065916,212.45003583984527,166.65168082275508,0.0336853182017805,0.5876561359043517,0.4534527261116973,subtropical,12_23
b140s0047,-0.18108695266793792,-0.24267243155801,365,365,1,36.7166666,52.65,36.7166666,-21.0,-3.750086807036123,3.750086807036123,38.95983810235639,9.294258770340988,0.0040795821562085,0.5747267592097511,0.452275557276902,subtropical,12_23
b140s0049,-1.2413395565992382,-1.330689280615297,365,365,1,36.4166666,54.95,36.4166666,1345.0,-227.8782267061738,227.8782267061738,253.4503194390604,126.30752179968908,0.0409011661510734,0.9305593617040386,0.2163431865742155,subtropical,12_23
b140s0051,-1.0706485248641746,-1.1292102374411515,364,364,1,36.168411,57.595072,36.168411,908.3,-295.5037650918505,295.5037650918505,153.86914129528725,64.89257539077809,0.0199693900164915,0.9995294247351456,0.0099465050276877,subtropical,12_23
b140s0053,-0.8212787732791478,-0.8881063004758385,365,365,1,36.235195,59.640972,36.235195,994.56,-222.4672407173812,222.4672407173812,180.835905602333,63.66935742007577,0.0195182336151942,0.9992136994079036,0.0079669193679139,subtropical,12_23
b140s0054,-0.3525843630222035,-0.4144096548205362,355,355,1,36.5,61.067,36.5,295.0,-31.08211965859897,31.08211965859897,40.09737744140624,20.36402136230468,0.0050865811705589,0.9971390518237728,0.0156941114005222,subtropical,12_24
b140s0097,-0.9994374398009366,-1.1497847589073074,365,365,1,36.6,109.5,36.6,959.0,-224.3330452103928,224.3330452103928,55.346075439453074,41.99571533203123,0.0095999658107757,0.998511425143104,0.004428427915987,subtropical,12_28
b140s0102,-0.14449805098550886,-0.18963895677254725,365,365,1,36.05,114.1333333,36.05,195.7,-56.247984728854505,56.247984728854505,92.97276019489884,43.40109869339052,0.0145342130597404,0.9952632681687602,0.0092054380424021,subtropical,12_29
b140s0103,-0.038177221421265374,-0.04083787968583145,365,365,1,36.2333333,115.6666666,36.2333333,38.0,-2.671155265256885,2.671155265256885,1.8243859453814,0.9836302682617184,0.0002027852518209,0.9912544400666784,0.0306850534080433,subtropical,12_29
b140s0104,-0.43973558244777616,-0.5342166744686193,365,365,1,36.6833333,116.9833333,36.6833333,58.0,-53.780421556744216,53.780421556744216,60.64533049229785,42.17694089811526,0.0079155685274758,0.962752189437286,0.1404396280835264,subtropical,12_29
b140s0105,-1.1400988911788437,-1.2583830029222323,365,365,1,36.1833333,118.15,36.1833333,302.0,-83.15944733261352,83.15944733261352,82.27191800369191,61.97583032395032,0.0136969648479814,0.903599518629855,0.2380588087439762,subtropical,12_29
b140s0106,-0.28993184185973125,-0.3647502764597513,365,365,1,36.7666666,119.1833333,36.7666666,22.0,-9.983104489481027,9.983104489481027,15.48110433604423,9.74177984418082,0.0025328405271006,0.7193583883941294,0.3830192973337447,subtropical,12_29
b140s0107,-0.4075726566451244,-0.5144505753598992,365,365,1,36.266108,120.374436,36.266108,10.05,-23.427906974162173,23.427906974162173,11.73871910747335,11.29991217774087,0.0019712179323851,0.4925563519349499,0.4369284359078637,subtropical,12_30
b140s0108,0.03898863436282907,0.01761465314733372,365,365,1,36.7666666,121.1666666,36.7666666,64.0,10.38163941870215,10.38163941870215,19.804491586873088,15.061925957009148,0.0032938573024702,0.3848207968905311,0.4176371983951152,subtropical,12_30
b140s0113,-0.2094743569946773,-0.3113342799288708,365,365,6,36.46636371666667,126.9927075,36.46636371666667,48.4,-49.71840284761938,49.71840284761938,44.56975361694788,38.41321855881835,0.0082195541174386,0.6203629019355215,0.4102464217914571,subtropical,12_30
b140s0114,-0.2606964767856596,-0.3345964763980774,365,365,3,36.249999933333335,128.14999996666666,36.249999933333335,129.85666666666663,-128.76492466400722,128.76492466400722,116.4410939160054,97.40881445829486,0.0197617088525478,0.7223107559779827,0.3856969649136736,subtropical,12_30
b140s0115,-0.34707618287970843,-0.4306702122252036,365,365,2,36.29999995,129.04166665,36.29999995,72.58500000000001,-111.48894142084758,111.48894142084758,87.85185188914777,58.74869774611814,0.0139980793501287,0.5427779523640579,0.4363955261900064,subtropical,12_30
b140s0119,-1.3994325720789744,-1.8963406461679082,365,365,1,36.2,133.3333333,36.2,28.13,16.44807404823802,16.44807404823802,3.0517578125e-05,3.0517578125e-05,0.0001000016927719,0.1864628070361624,0.3366132447406285,subtropical,12_31
b140s0121,-0.4697524236089013,-0.555999990342229,349,349,1,36.05,136.2166666,36.05,17.42,-215.58258143702147,215.58258143702147,88.52831585947683,72.7189221236469,0.0142744459804915,0.5241606158977864,0.4260164643779946,subtropical,12_31
b140s0122,-0.7114442297468182,-0.8429308647875198,365,365,4,36.562499975,137.033333325,36.562499975,156.5075,-245.08345127572545,245.08345127572545,144.4129388146169,96.33989165070057,0.0201257565585649,0.541544035812985,0.425898324788762,subtropical,12_31
b140s0123,-1.5535740970885312,-1.6405678759610165,365,365,3,36.3222222,138.0944444,36.3222222,598.0333333333333,-421.0044793183276,421.0044793183276,350.83303923808535,193.37146257952705,0.0584614546487048,0.737221383927964,0.3756605295895441,subtropical,12_31
b140s0124,-1.0051979580308028,-1.1592491163545289,365,365,2,36.275,139.22499994999998,36.275,73.095,-201.9375835662528,201.9375835662528,167.3794736656492,95.59937463555302,0.0245435637325778,0.7390456567732703,0.3740508096863698,subtropical,12_31
b140s0125,-0.3785089711077522,-0.4659784904895523,365,365,2,36.46666664999999,140.1666666,36.46666664999999,85.5,-52.65202049470919,52.65202049470919,77.30340189853905,42.66621506928452,0.0116323739018493,0.5937683422626918,0.4245651314020008,subtropical,12_32
b140s0316,-0.8233757536672828,-1.1005306266585524,365,365,1,36.744622,-6.060111,36.744622,28.34,-9.654710642905702,9.654710642905702,22.901268573996667,19.219682955810452,0.003974103563779,0.586235007488309,0.4332037844816961,subtropical,12_17
b140s0317,-1.0099438929550342,-1.1961556427755913,365,365,2,36.4130595,-4.924385,36.4130595,10.205,-157.41639789360246,157.41639789360246,74.83453778812974,58.569697966267086,0.0133559561354284,0.5633098369335151,0.4274513568637653,subtropical,12_17
b140s0319,-1.3027120698083028,-1.7242967238938416,365,365,1,36.843936,-2.370097,36.843936,21.33,-271.2030414494998,271.2030414494998,143.14541598977763,91.0635463034353,0.0242265683012256,0.4753140302778712,0.4540395496779458,subtropical,12_17
b141s0007,-0.9715672595938134,-1.21089986622083,365,365,1,36.98,8.876944,36.98,70.1,-82.91171910387541,82.91171910387541,76.32710147007933,49.47807262125059,0.0113929639251138,0.5026639664907794,0.4515307836201915,subtropical,12_18
b141s0008,-0.9289866318459353,-1.138125635636819,365,365,1,37.245447,9.791453,37.245447,6.09,-41.77597263761383,41.77597263761383,42.15435579023344,33.938559486206046,0.0079007474622066,0.3558119999714372,0.4261104739592909,subtropical,12_18
b141s0022,-1.2613245427122812,-1.5629352328792046,360,360,1,37.0166667,25.1333333,37.0166667,36.0,17.285215001011366,17.285215001011366,3.0517578125e-05,3.0517578125e-05,0.0001000016927719,0.1293165707537717,0.2082095273461137,subtropical,12_20
b141s0024,-1.356662293720115,-1.5625001712548716,363,363,1,37.250611,27.664311,37.250611,6.4,-232.3439632488229,232.3439632488229,148.15738844889964,100.85180733345352,0.0234523647319605,0.4927164952236091,0.4186657346986028,subtropical,12_20
b141s0025,-0.5495099927704236,-0.6219406646847985,365,365,1,37.2166666,28.3666666,37.2166666,646.0,-112.21430176524244,112.21430176524244,253.63476633197251,153.83131094490284,0.0405216326416085,0.619149000893285,0.4137863820502058,subtropical,12_20
b141s0027,-1.4519323242339983,-1.506912708460652,365,365,1,37.785369,30.581817,37.785369,990.6,-215.28465206911312,215.28465206911312,273.78269894339786,190.4714866622272,0.0428234981996273,0.8858129494489617,0.2574764119110568,subtropical,12_21
b141s0031,-0.2175087813346975,-0.2935813167766759,364,364,1,36.982166,35.280388,36.982166,19.81,-68.61891648577671,68.61891648577671,56.9232702533493,26.35496723109112,0.0068081144559019,0.7461531793883199,0.3808674082537681,subtropical,12_21
b141s0032,-1.3118415421437748,-1.3992350340628146,365,365,1,37.1,36.25,37.1,94.0,-393.0045931842158,393.0045931842158,289.19469604492093,148.74430236816374,0.0347430616617201,0.8579338961549192,0.2939650690165439,subtropical,12_21
b141s0034,0.12234304093783588,0.015426236780771596,363,363,1,37.4833333,38.8833333,37.4833333,825.39,203.17905101273925,203.17905101273925,74.61867479653873,33.95822945749007,0.0094730666653969,0.9760773704168226,0.0544395475593102,subtropical,12_21
b141s0039,-0.8486203891542418,-0.9941140116279407,363,363,1,37.668167,45.068667,37.668167,1324.05,-171.25562866137238,171.25562866137238,153.36488727843235,97.99662635714618,0.0239451507098665,0.9307436268222996,0.1677893929695056,subtropical,12_22
b141s0040,-1.286676902155178,-1.343194989794495,365,365,1,37.35,46.1666667,37.35,1478.0,-150.25039857476622,150.25039857476622,154.33768614719537,72.71343651241973,0.019640480316616,0.9442909007242596,0.1584353202928723,subtropical,12_22
b141s0043,-0.5098464155026133,-0.6653942325657223,365,365,2,37.3960488,49.5361873,37.3960488,-19.095,-32.2791987490541,32.2791987490541,83.01045351905269,25.466352171638047,0.0081458838332233,0.6163239862848986,0.4499979900915989,subtropical,12_22
b141s0044,-1.7689279663993969,-1.9760257649703432,365,365,1,36.909908,50.679589,36.909908,-21.33,-650.4755234699699,650.4755234699699,218.5202740080212,133.94225839730575,0.0280338335320495,0.5675030768842594,0.4595638952891936,subtropical,12_23
b141s0047,-0.2164642509310347,-0.3322123474235066,364,364,1,37.4666666,53.9666666,37.4666666,-22.0,5.715933494720538,5.715933494720538,1.3144793479226689,0.8566964141916431,0.0002397999329298,0.6309220260504127,0.441425950021338,subtropical,12_23
b141s0048,-1.4360642582362226,-1.6569808833641921,365,365,1,36.909381,54.401339,36.909381,-7.31,-464.6226753220861,464.6226753220861,299.014208877712,95.03875193408804,0.0339012630012911,0.8089292446597643,0.3526274053361375,subtropical,12_23
b141s0050,-0.7156004449866936,-0.7543530040591196,365,365,1,37.493003,57.308389,37.493003,1079.9,-187.1560909944012,187.1560909944012,223.28046229753969,145.54118663810013,0.0354962640760968,0.9983719469902969,0.0280975337106602,subtropical,12_23
b141s0059,-0.4205393212995556,-0.6145735658246282,365,365,1,37.286667,67.31,37.286667,313.02,-18.86107628901732,18.86107628901732,21.710138987412368,12.7145859727199,0.003314625227344,0.9946944708972132,0.011072267654073,subtropical,12_24
b141s0069,-0.32069034224066945,-0.40998690772428037,359,359,1,37.6166666,78.2833333,37.6166666,1376.0,-78.09664058158023,78.09664058158023,52.25822920823242,20.40834315121125,0.0052984212630261,0.998178418645124,0.0069191488673458,subtropical,12_25
b141s0070,-0.6814491590411116,-0.8396819089076925,363,363,1,37.1333333,79.9333333,37.1333333,1375.0,-58.20369215129176,58.20369215129176,71.8118604839645,36.64236031494296,0.0093684501481422,0.9980348079631136,0.0089610833576233,subtropical,12_25
b141s0093,-0.16698499493476363,-0.17892446222942016,365,365,1,37.4833333,105.6833333,37.4833333,1193.0,-122.65583496444378,122.65583496444378,87.75906467632811,38.02035067866655,0.011817288591952,0.998657289319246,0.002704856835314,subtropical,12_28
b141s0098,-0.9110865343076489,-1.0200424359154827,365,365,2,37.266666650000005,111.5083333,37.266666650000005,848.0,-262.9789609095292,262.9789609095292,177.92669321949745,96.42515282283134,0.0258198467791282,0.9981060158557494,0.0041661984327926,subtropical,12_29
b141s0099,-0.9162938777043569,-1.1009819400779148,365,365,2,37.4067818,112.80588065,37.4067818,913.43,-173.12612690881934,173.12612690881934,123.4286751655799,58.77859561043882,0.0164348436271423,0.9976034582621444,0.0054027101824337,subtropical,12_29
b141s0101,-0.5525967082820965,-0.6842096035938607,365,365,1,37.1833333,114.3666666,37.1833333,184.0,-63.00636861103968,63.00636861103968,78.45972492836162,52.93784749878395,0.0135991563126413,0.9965299958367037,0.0152968318142964,subtropical,12_29
b141s0102,-0.1150144337992562,-0.17924318612400714,365,365,1,37.3333333,116.5666666,37.3333333,19.0,-3.073466861811045,3.073466861811045,1.0925158465036413,0.7839213747884163,0.0001942729174155,0.9559962279314678,0.1641319994518827,subtropical,12_29
b141s0103,-0.10951986664902218,-0.1779029028039759,365,365,1,37.5,117.5333333,37.5,12.0,1.6671808114582571,1.6671808114582571,0.6764770373290997,0.5603881821044919,0.0001107498966038,0.8475194930121405,0.3059115739957564,subtropical,12_29
b141s0106,-0.6851398192565479,-0.8298191511286316,365,365,1,37.6166666,120.3166666,37.6166666,5.0,-47.74581890107131,47.74581890107131,25.87641625352395,26.22913757276245,0.0047749020732961,0.4126136599057688,0.4203167132320503,subtropical,12_30
b141s0108,-0.6496899678742606,-0.8521456848625264,365,365,1,37.4,122.6833333,37.4,47.0,37.863579810957326,37.863579810957326,2.2523070343408174,2.024478144384763,0.0004617988885426,0.1559659800725717,0.3000203029732228,subtropical,12_30
b141s0111,-0.2106665092614343,-0.3010411713766755,365,365,1,37.4666666,126.6333333,37.4666666,70.0,48.31645533832671,48.31645533832671,17.199951792510042,17.124962622996428,0.003335824822103,0.6248331868342403,0.4156383356510911,subtropical,12_30
b141s0112,-0.3330454716745048,-0.40361433840325417,365,365,3,37.36666663333333,127.14444443333332,37.36666663333333,70.66666666666667,-36.94554753394577,36.94554753394577,56.184715153011645,52.22908099730271,0.0102653744317479,0.704068666556474,0.3880200537647647,subtropical,12_30
b141s0113,-0.8302441906116345,-0.9780418911145317,365,365,4,37.518920225,128.50294294999998,37.518920225,301.8425,-145.50388360301352,273.79011126311707,139.18547672544625,107.14517518848106,0.0228810233097236,0.6030123781119022,0.4293571613131598,subtropical,12_30
b141s0114,-0.6646435492363031,-0.8601393357186632,365,365,2,37.25,129.27499995,37.25,44.1,-192.9828164917422,192.9828164917422,96.06100331240522,61.891870408289584,0.015037200582731,0.4350957197835798,0.4533370926466331,subtropical,12_30
b141s0115,-1.9083977856525223,-2.1588187003661625,365,365,1,37.4833333,130.9,37.4833333,220.0,205.49429662776663,205.49429662776663,3.0517578125e-05,3.0517578125e-05,0.0001000016927719,0.0650212249831382,0.2189336930566749,subtropical,12_31
b141s0120,-0.9781488262505805,-1.2752138073131318,365,365,1,37.3833333,136.9,37.3833333,6.7,-50.40149389359109,50.40149389359109,31.80382843059001,14.812003662002716,0.0040478394472845,0.2817277294747647,0.3904945185594933,subtropical,12_31
b141s0122,-1.0237397989092403,-1.1698480495787418,349,349,1,37.1,138.25,37.1,14.6,-314.9139650135341,314.9139650135341,168.1194274902337,117.89916687011645,0.0318254232406614,0.6009156220491972,0.4308122355708899,subtropical,12_31
b141s0123,-0.8818081701962871,-1.022372512744737,365,365,2,37.3083333,140.06666660000002,37.3083333,285.15,-248.10378584808063,248.10378584808063,189.31809541043933,117.85277084901256,0.0294284525429401,0.6386881831065334,0.4194844934129166,subtropical,12_32
b141s0124,-1.1317561049885372,-1.3510307365217376,349,349,2,37.3583333,140.68333330000002,37.3583333,37.16,-274.4333960333008,274.4333960333008,173.56506899830853,85.91982662914275,0.0246825323188072,0.5115399187866241,0.4387169983401249,subtropical,12_32
b141s0295,-0.7965356854557887,-0.9894625192033647,365,365,2,37.356287,-25.4342545,37.356287,86.405,44.16370300608882,44.16370300608882,10.427805069608922,8.383637050376416,0.002076961982322,0.0138498412850348,0.055823281795841,subtropical,12_15
b141s0310,-0.6474355997684987,-0.8059051328005887,365,365,1,37.014425,-7.965911,37.014425,7.31,-65.27717838107002,65.27717838107002,19.60708632594196,10.23089049326314,0.0024380585308062,0.3883194443031769,0.4484056541902429,subtropical,12_17
b141s0311,-0.3016777155615687,-0.37080135678678533,352,352,1,37.2833333,-6.9166666,37.2833333,20.0,-31.809487630780843,31.809487630780843,29.074643918978023,17.47774402263812,0.0044458577048585,0.6428112895291755,0.4355505739959825,subtropical,12_17
b141s0312,-0.1650852637346405,-0.1702936349256129,344,344,1,37.418,-5.893106,37.418,33.83,-30.696440010618787,30.696440010618787,46.34927928073876,24.22361053277525,0.0066529393623504,0.7934020957677672,0.3575406275449924,subtropical,12_17
b141s0313,-0.336339391259359,-0.4456780190882798,365,365,1,37.174917,-5.615944,37.174917,86.86,-31.729072197519884,31.729072197519884,32.420187658462766,23.972791008191464,0.0048828487377703,0.7469957725241291,0.3816618192895196,subtropical,12_17
b141s0314,-0.8654813638633555,-0.9976426457314207,365,365,1,37.188731,-3.777356,37.188731,566.92,-326.20489315549366,326.20489315549366,193.45599009835672,125.6940495704022,0.0291886362496152,0.7145358538264993,0.407270418434331,subtropical,12_17
b141s0317,-1.7913902706502964,-2.042022756943836,365,365,1,37.774972,-0.812389,37.774972,3.35,-42.59831910653444,42.59831910653444,23.274158999495917,12.832277264941432,0.0040753596329313,0.4396191302257172,0.4561863356335626,subtropical,12_17
b142s0010,-1.163303939656241,-1.4672489243656974,365,365,1,37.911403,12.487961,37.911403,7.31,-54.5911690501878,54.5911690501878,39.2835848749402,30.389427893725667,0.006223533259768,0.1605552755922149,0.303220197969168,subtropical,12_19
b142s0011,-0.1640821637739164,-0.2846637121026974,362,362,1,38.175958,13.091019,38.175958,19.81,-121.9202273555558,121.9202273555558,82.48691832832995,69.83760476059628,0.0140966470469048,0.2007637753852188,0.3329075346781579,subtropical,12_19
b142s0013,-1.102408239891816,-1.2734183407557678,363,363,1,38.2,15.55,38.2,51.0,-136.18272486017014,136.18272486017014,120.57601684570214,58.29951171874952,0.021418159753084,0.2756883960337695,0.3495413643824656,subtropical,12_19
b142s0020,0.1975372932094138,0.13213750752511047,365,365,2,38.0127973,23.85858465,38.0127973,156.355,2.7626488917325176,46.49699683302642,156.93218381644868,97.66982800354616,0.0240274236653831,0.3420415076951468,0.3400511521102987,subtropical,12_20
b142s0023,-0.6900901409842776,-0.8560238964067809,365,365,3,38.19746396666667,27.19120653333333,38.19746396666667,58.85666666666666,-134.63320117288094,134.63320117288094,165.1925276935471,132.60697326980383,0.028638539939654,0.5757762652072749,0.4059503871615973,subtropical,12_20
b142s0040,-1.0669426398746253,-0.9201110309399153,365,365,1,38.133889,46.235,38.133889,1359.1,-367.3653159260091,367.3653159260091,158.89052348491526,93.53748809956338,0.0226394207400135,0.9456190310211232,0.1578243767680956,subtropical,12_22
b142s0041,-0.8792362518622641,-0.6724094474947439,364,364,1,38.4333333,47.0666666,38.4333333,1390.0,-350.3019731566642,350.3019731566642,292.6508782451446,164.24788036677626,0.0419737298141451,0.9401033555596088,0.1938476853110929,subtropical,12_22
b142s0042,-0.37692222558730154,-0.5120099970100817,358,358,1,38.317,48.417,38.317,1348.0,-101.72180154059834,101.72180154059834,248.1224524138183,123.34769803759794,0.0351826336584687,0.7411270984253157,0.3982220327843209,subtropical,12_22
b142s0048,-1.0851793807592107,-1.2739681664150677,364,364,1,37.9,55.95,37.9,460.0,-108.60676173821209,108.60676173821209,170.2392968750009,108.21774536132868,0.0270802964270116,0.9677171723576654,0.1553932784630315,subtropical,12_23
b142s0050,-1.1688162178751622,-1.3468361831121827,361,361,1,38.4333333,57.4166666,38.4333333,159.0,-289.3239426465012,289.3239426465012,206.26531588849087,88.28009507358146,0.0255619351081465,0.998253826616522,0.0259481413520465,subtropical,12_23
b142s0051,-0.5195641914603563,-0.6107662848136919,365,365,1,37.986814,58.360967,37.986814,210.92,-265.2366151118621,265.2366151118621,232.17684463441748,70.44948870894768,0.0248750226816626,0.9992578854582496,0.0038922670970466,subtropical,12_23
b142s0060,-0.8202466880671991,-0.7550685484114679,365,365,1,38.543333,68.825,38.543333,784.86,-603.7824384879615,603.7824384879615,304.2921414841545,196.9808148588308,0.0497802118058158,0.9952047604248732,0.0209688614941702,subtropical,12_24
b142s0067,-0.23577555005166154,-0.3361519171296446,365,365,1,38.4333333,77.2666666,38.4333333,1232.0,14.528881002956496,14.528881002956496,18.83721409086725,4.598252456196141,0.0019425905424282,0.9961073660043478,0.0103945296035492,subtropical,12_25
b142s0090,-0.3181921936945988,-0.4299285187546476,365,365,1,38.6333333,103.0833333,38.6333333,1367.0,-23.06503055424605,23.06503055424605,20.505282024183472,10.819975462551083,0.0030365383705756,0.9986106408818468,0.0170729739453443,subtropical,12_28
b142s0092,-0.3416155729592824,-0.4249522940798734,364,364,1,38.4833333,106.2166667,38.4833333,1141.0,-42.2573778080739,42.2573778080739,118.41961702503411,41.723024406703054,0.0213610143170876,0.9984843396242666,0.0027164622687143,subtropical,12_28
b142s0093,-0.6633682247471431,-0.7685950689094826,365,365,1,37.8,107.3833333,37.8,1356.0,-62.47519731180478,62.47519731180478,47.0447436624734,28.709088635854616,0.0075993385755878,0.9986078272253772,0.0023938085675219,subtropical,12_28
b142s0096,-0.2014779799236542,-0.22019031803953784,365,365,1,38.2666666,109.7833333,38.2666666,1158.0,9.24887358941919,9.24887358941919,42.42174758320298,26.191822712768637,0.0063308387997362,0.9977723961402574,0.0035273304776245,subtropical,12_28
b142s0100,-0.6977389576492614,-0.784080508432218,365,365,1,38.0666666,114.35,38.0666666,104.8,-103.06645816407548,103.06645816407548,65.14597627960542,47.40811776441985,0.0124552231338055,0.9955291177606764,0.0254131162160215,subtropical,12_29
b142s0101,-0.34618141746775927,-0.45977266138895784,365,365,1,38.0833333,116.55,38.0833333,13.0,0.5673221649817766,0.5673221649817766,0.8484720988891574,0.6423502654833968,0.0001456305417031,0.9203921181266874,0.2261694022270546,subtropical,12_29
b142s0105,-0.667951391425038,-0.9458955839548691,365,365,1,37.9333333,120.7166666,37.9333333,40.0,23.57268161870763,23.57268161870763,1.9117703156805903,1.8841906389350351,0.0005142495327091,0.3149192237154448,0.3913538730961203,subtropical,12_30
b142s0109,-0.9397803846567493,-1.227232656657703,365,365,3,38.04981076666667,125.0712601,38.04981076666667,41.0,-1.1917730654962997,19.443036006483812,25.23545305062837,20.368311653720813,0.0046673941554408,0.3504545846359815,0.4015933220933232,subtropical,12_30
b142s0110,-0.01717121060168843,-0.03580078457621472,365,365,3,38.122129566666665,126.36660173333333,38.122129566666665,50.66666666666666,-37.57813461323335,37.57813461323335,58.61757707638905,46.18426360553708,0.0099834104725904,0.6523935798910839,0.4055154143053582,subtropical,12_30
b142s0111,-0.8701888391007945,-1.1242912491825685,365,365,4,37.9584375,127.454492975,37.9584375,105.5,-184.72546415051443,184.72546415051443,111.90451308969485,105.22456485573916,0.0210589511881726,0.7136252903839952,0.3878923897114369,subtropical,12_30
b142s0112,-1.0067470608663562,-1.2269491716680656,365,365,1,38.25087,128.564728,38.25087,22.9,-194.98354634434733,194.98354634434733,89.34655784971295,69.21147182772377,0.0143024981675079,0.4854891688879004,0.452933443973792,subtropical,12_30
b142s0120,-0.38455463568357057,-0.5269403227593782,349,349,1,38.0333333,138.2333333,38.0333333,7.2,-58.95375464671128,58.95375464671128,115.14158473643388,104.99210487971196,0.0265183628923306,0.3226910622755154,0.4124938623801865,subtropical,12_31
b142s0121,-0.41426213227485054,-0.511414139226915,365,365,1,37.9,139.0166666,37.9,5.7,-6.794961931545562,6.794961931545562,39.6508381251636,25.28699190618874,0.0059497947556047,0.5105199570107619,0.4416479125514702,subtropical,12_31
b142s0122,-1.2155451500426953,-1.3215953527165,349,349,1,38.25,140.35,38.25,153.74,-290.8153208792,290.8153208792,228.262139892577,141.1079040527337,0.0362946182489393,0.5760814096297525,0.4310888685762051,subtropical,12_32
b142s0123,-0.41015735937087633,-0.5309609722931373,365,365,2,38.34999995,141.10000000000002,38.34999995,43.355,-39.52672730516163,60.15920519988124,59.03052664631734,28.8999852895106,0.0090406247067463,0.4817909991650862,0.4414937146444705,subtropical,12_32
b142s0308,-0.4797916274205079,-0.6158107216427466,365,365,2,38.0727848,-7.9245318,38.0727848,198.425,38.08025308455994,38.08025308455994,28.73604022316966,20.27600435010612,0.0045474947985316,0.7022069119565535,0.4177232108880727,subtropical,12_17
b142s0310,-0.4611628751440387,-0.5918192726257646,365,365,1,37.842006,-4.848878,37.842006,90.52,-182.7334395730607,182.7334395730607,74.5132863950907,48.9391843166184,0.0115438655204987,0.9077027945996042,0.249861746553654,subtropical,12_17
b142s0313,-0.4144383185450879,-0.4906677014278526,364,364,1,38.0,-1.1666666,38.0,62.0,-146.27049992861302,146.27049992861302,104.69630207419269,73.21939347382641,0.0190627111023154,0.5794836135980368,0.4555054747162702,subtropical,12_17
b142s0314,-0.7702997096820864,-0.8727089198861006,364,364,1,38.282169,-0.558156,38.282169,43.28,-108.54927637957954,108.54927637957954,58.69748024703002,33.75164714661518,0.0083157700307205,0.4784168269824714,0.4591038335378923,subtropical,12_17
b143s0001,-0.8956209210025566,-1.1726338485691066,365,365,1,38.872858,1.373117,38.872858,6.09,-17.870241034012807,17.870241034012807,32.22963834888785,25.08874062451208,0.0054740323805101,0.1259280070320014,0.276639082873916,subtropical,12_18
b143s0002,-1.0092444726974417,-1.2461544208198114,365,365,1,39.55,2.7333333,39.55,8.0,-108.83310807933816,108.83310807933816,68.47519402118024,46.5867938338624,0.0146079333313894,0.0900615876778095,0.2112361833854029,subtropical,12_18
b143s0021,-1.5112148433021384,-1.9229248570186488,361,361,1,38.967553,24.487228,38.967553,13.41,-2.12350271519197,2.12350271519197,3.0517578125e-05,3.0517578125e-05,0.0001000016927719,0.272678320289475,0.3187938351601993,subtropical,12_20
b143s0023,-1.1254118402820688,-1.2205944082819593,365,365,2,39.4272945,26.8569165,39.4272945,9.62,-227.60021054228224,227.60021054228224,125.0958499198476,70.0505027622192,0.0191616187081138,0.5969965749965229,0.3843154583597222,subtropical,12_20
b143s0024,-0.5431971660463081,-0.6493831182277708,364,364,1,38.808887,27.83386,38.808887,80.16,-215.264919993148,215.264919993148,177.0614606293469,104.69971912156024,0.0262208288079781,0.794668203370018,0.3245667275342141,subtropical,12_20
b143s0034,-2.239588803567045,-2.4142223836959724,365,365,1,39.1166666,39.55,39.1166666,981.0,-511.46150253745645,511.46150253745645,243.25034144043028,182.5089605123149,0.0431426202538234,0.9689566574522822,0.1153346404632396,subtropical,12_21
b143s0042,-1.1137826722127102,-1.4551326521621986,365,365,1,38.7333333,48.8333333,38.7333333,-12.0,-221.2676585890571,221.2676585890571,152.59019816336584,64.31822401470971,0.0213019341419576,0.6075885240718721,0.4455206465851088,subtropical,12_22
b143s0048,-0.3136904178096631,-0.3760127359630763,361,361,1,38.9833333,56.2833333,38.9833333,92.0,-111.21059654270977,111.21059654270977,103.5973807522723,67.5947385080139,0.0173603137504619,0.9831127181927242,0.1077538640865205,subtropical,12_23
b143s0050,-0.2011775249273872,-0.2995393471478966,363,363,1,39.3166666,58.6,39.3166666,87.0,-3.704396601094757,3.704396601094757,0.5571289285400396,0.518056243261719,0.0001025575383198,0.9985890636575953,0.0199701657814997,subtropical,12_23
b143s0065,-0.5200710312540816,-0.6336121523454624,365,365,1,39.542922,76.019956,39.542922,1380.43,-52.30022434840521,52.30022434840521,79.67021018690617,52.34172257477934,0.0122737643838243,0.995512331250376,0.0208389014036374,subtropical,12_25
b143s0086,-0.4425255031947886,-0.5949228433571435,365,365,1,39.0833333,100.2833333,39.0833333,1462.0,-111.31377205990476,111.31377205990476,158.39384249992233,55.93095025754859,0.0196973222070798,0.9949034012332963,0.0464201232404222,subtropical,12_28
b143s0093,-0.8061856415164591,-1.0525132908539743,365,365,1,39.1,107.9833333,39.1,1381.0,-10.793345437709604,10.793345437709604,42.50618099824224,29.51757617161136,0.00846739240336,0.9980974329116684,0.0034554298520197,subtropical,12_28
b143s0096,-0.36486684428967453,-0.47902067579253677,365,365,1,39.3666666,111.2166666,39.3666666,1037.0,-75.1249638057568,75.1249638057568,77.17010254037274,51.76958216130431,0.0113519744899419,0.9974828739252334,0.0048603577328538,subtropical,12_29
b143s0099,-0.35276606671988997,-0.44707563913303705,365,365,1,38.7333333,115.4833333,38.7333333,17.0,-19.993991513888037,19.993991513888037,19.945659190252755,10.66027739930604,0.0030874708971781,0.9790475357055276,0.1056546660107374,subtropical,12_29
b143s0101,-0.1825097563193081,-0.2214115665307208,364,364,1,39.1,117.1666666,39.1,5.0,1.9800997204384172,1.9800997204384172,1.2462708587988311,0.7526265903369153,0.000205900288428,0.8299493243415766,0.3204269761486522,subtropical,12_29
b143s0102,-0.31070423530690205,-0.5939912350060134,365,365,1,39.4333333,118.9,39.4333333,12.0,1.4718430481484717,1.4718430481484717,6.295058457443925,2.6487695110254257,0.0011618144580406,0.5482784123973112,0.4431416338613395,subtropical,12_29
b143s0104,-0.3855776241563156,-0.6225718527136597,365,365,1,38.965667,121.5386,38.965667,32.61,10.01215462894487,10.01215462894487,4.958146714497686,3.7695237597600473,0.0008864304448851,0.2464139902005345,0.3500718515403641,subtropical,12_30
b143s0108,-0.13489877378521817,-0.2164468441852959,365,365,2,38.9703638,125.52674165,38.9703638,41.33,-6.350121176767441,19.73998598490212,48.15159194661112,36.333424525176,0.0081612601626558,0.6204218464625031,0.4173687845948927,subtropical,12_30
b143s0109,-0.6342797244312658,-0.6969356087419537,364,364,1,39.2166666,126.65,39.2166666,279.0,-215.85099742929765,215.85099742929765,125.0780781394584,134.11249920023693,0.0238851424383623,0.7708774059073786,0.3586400591448372,subtropical,12_30
b143s0110,-1.178542953661055,-1.4016962536761273,365,365,1,39.1833333,127.4333333,39.1833333,36.0,-199.76881290316663,199.76881290316663,106.58796658921314,77.68471047680899,0.0184720158018389,0.6761861640473918,0.4124727833276953,subtropical,12_30
b143s0120,-0.7544275946497413,-0.84653976085123,349,349,1,38.9166666,139.85,38.9166666,4.84,-138.40159794084076,138.40159794084076,103.04649621244404,61.18283648329963,0.0149422013122543,0.4829725865562128,0.4409807524828852,subtropical,12_31
b143s0121,-0.5915955098199451,-0.7464894808951829,349,349,1,38.75,140.3166666,38.75,102.04,-246.69020684241883,246.69020684241883,215.8823192720469,121.17115552650073,0.030243961848837,0.5515037804684411,0.4348070097446078,subtropical,12_32
b143s0122,-0.7992765636106088,-0.9498183831099705,349,349,1,39.0666666,141.7166666,39.0666666,38.4,-178.38188253365692,178.38188253365692,75.7768981164091,68.92621600317078,0.0138654013902952,0.4014974581065314,0.4378112757563184,subtropical,12_32
b143s0229,-0.13313042368244762,-0.22334774694151668,357,357,1,39.2972,-94.7306,39.2972,307.4,30.08899951563518,30.08899951563518,22.154887695742104,17.634506779804617,0.0039599727493762,0.9903505321383096,0.011731812422036,subtropical,12_8
b143s0244,-0.6247330089183162,-0.6633825476966626,357,357,1,38.8472,-77.03454,38.8472,4.1,-62.892257018425845,62.892257018425845,23.4566488450117,14.594989424308643,0.0040132607286405,0.8444404009085642,0.2544159098944809,subtropical,12_10
b143s0284,-0.8818085788308222,-1.1214994203183528,365,365,1,39.455272,-31.131361,39.455272,34.13,7.230159399233578,7.230159399233578,3.0517578125e-05,3.0517578125e-05,0.0001000016927719,0.002415122259024,0.0144939561936704,subtropical,12_14
b143s0287,-0.7474063850754433,-0.9728954448617876,365,365,1,38.761842,-27.090797,38.761842,54.86,28.85150973536443,28.85150973536443,3.0517578125e-05,3.0517578125e-05,0.0001000016927719,0.0160987528651067,0.0436640240251105,subtropical,12_15
b143s0303,-0.4599399649314025,-0.6035420475372363,365,365,1,38.703861,-9.035916,38.703861,14.02,-45.65858564077452,45.65858564077452,45.47937881392431,27.14258822580068,0.0065061977693138,0.4788394092796955,0.45886828767001,subtropical,12_17
b143s0305,-0.30055764814880653,-0.4002042680842024,365,365,2,39.178958300000005,-6.577333149999999,39.178958300000005,295.31,-32.266706095734776,42.87029818173181,44.59143345957586,27.313186435657784,0.0068490008959116,0.96191678246896,0.1469316605857754,subtropical,12_17
b143s0307,-0.37229582658313637,-0.5424705511416462,356,356,1,38.9833333,-3.9166666,38.9833333,629.0,-38.52671230348233,38.52671230348233,52.0663068967816,42.175310975942175,0.0092177507020391,0.9867115807830372,0.0792799713097475,subtropical,12_17
b143s0309,-0.3185430505409625,-0.4855139058973659,365,365,1,38.948528,-1.863517,38.948528,701.64,-76.35485542397271,76.35485542397271,49.98909822324735,25.114668222536565,0.0069417723394529,0.8861673833168301,0.286901714421582,subtropical,12_17
b143s0310,-0.39106586564931267,-0.4894221427645302,365,365,1,39.489314,-0.481625,39.489314,68.58,-119.2694092266248,119.2694092266248,101.80416790839146,43.58086534526583,0.0136298210116572,0.6410659261473568,0.438872792347049,subtropical,12_17
b144s0003,-2.2562683269416337,-2.6756940730324956,365,365,1,39.862597,4.218647,39.862597,90.83,84.26782517798826,84.26782517798826,3.0517578125e-05,3.0517578125e-05,0.0001000016927719,0.0470964656019316,0.1462302226331086,subtropical,12_18
b144s0008,-1.2419917645675325,-1.851681936051195,365,365,1,39.9333333,9.7166667,39.9333333,156.0,-67.80554220987437,67.80554220987437,33.813633855772544,21.27571071919137,0.0046827782856091,0.2593845919192783,0.3691827151167636,subtropical,12_18
b144s0023,-0.7836302828524081,-1.3302286272952142,363,363,1,40.317972,27.977694,40.317972,51.81,-38.89031546813924,38.89031546813924,81.84349916249057,66.61277727824478,0.0140522173325151,0.7163980330292188,0.3392446315444856,subtropical,13_20
b144s0025,0.12940930400624015,-0.016984335996003724,365,365,1,40.15,29.9666666,40.15,539.0,-86.12631995852462,86.12631995852462,171.6698607781982,129.50770560935538,0.0309403970928317,0.8265613507966564,0.3110242464998624,subtropical,13_20
b144s0028,-0.48186400596786627,-0.5966094500043927,365,365,2,40.039041,32.93920815,40.039041,921.75,-220.7959991677793,220.7959991677793,140.7973705683989,97.38288769379125,0.0229648356313629,0.950336643926016,0.1753616953979792,subtropical,13_21
b144s0040,-0.30583849820564274,-0.46333901181878984,365,365,1,39.65,47.9166666,39.65,32.0,-54.05658270303236,54.05658270303236,30.24240692008801,10.747455645317473,0.0034051027851987,0.860115398889171,0.3054901737546905,subtropical,12_22
b144s0042,-0.5314655417824656,-0.7098206579962968,365,365,1,40.4675,50.046667,40.4675,3.04,18.38302829209004,18.38302829209004,3.0517578125e-05,3.0517578125e-05,0.0001000016927719,0.2871717699999743,0.4035842216721078,subtropical,13_23
b144s0045,-0.9195806300819216,-1.115631566010899,362,362,1,40.0333333,52.9833333,40.0333333,90.0,75.93169121939516,75.93169121939516,25.08176767940393,19.501874560698944,0.0041929405288162,0.3561141413540048,0.4139543159443795,subtropical,13_23
b144s0057,-0.18031455665567164,-0.24093913093450992,365,365,1,39.700547,66.983829,39.700547,677.87,-82.79781019934512,82.79781019934512,135.26679288049058,62.97807107721098,0.0197373139212014,0.9743700382713124,0.074720182288384,subtropical,12_24
b144s0061,-0.4057272183884173,-0.4810130398466789,363,363,1,40.3666666,71.75,40.3666666,603.5,-158.44192300218072,158.44192300218072,173.28893700723768,72.44147520295336,0.0188166605042456,0.9921308770410988,0.0302570082915368,subtropical,13_25
b144s0066,-0.4140828434471979,-0.6079603609198926,361,361,1,39.8,78.5666666,39.8,1117.0,-61.73169217888403,61.73169217888403,116.80576038315668,59.465245359971625,0.0187048425051451,0.9920806235370916,0.0302961174636806,subtropical,12_25
b144s0082,-0.4093714099404014,-0.5405013636930911,365,365,1,40.2666666,97.0333333,40.2666666,1527.0,-49.11646905866564,49.11646905866564,78.54966721774747,23.105368044467426,0.008437584936534,0.9982196670526085,0.0118159033310748,subtropical,13_27
b144s0083,-0.06639005032575196,-0.109488390032714,365,365,1,39.7666667,98.4833333,39.7666667,1478.0,-41.90045533670468,41.90045533670468,136.7612813475179,37.96639903183934,0.0149051973895123,0.9969282824960632,0.0203034705932323,subtropical,12_27
b144s0090,-0.15368994436094172,-0.22098627452459482,365,365,1,39.7833333,105.75,39.7833333,1143.0,77.20491387492757,77.20491387492757,41.5009183222413,10.084266353039611,0.0037282435376167,0.9993060701383466,0.0018261466308527,subtropical,12_28
b144s0093,-0.3934474721211636,-0.4231153153704627,365,365,1,39.8333333,109.9833333,39.8333333,1459.0,69.78956419651468,69.78956419651468,50.34635112893811,28.369968316633503,0.0067795560305434,0.9973223574065914,0.0046374663024223,subtropical,12_28
b144s0096,-0.7845362150812899,-1.152741286646042,365,365,1,40.0833333,113.4166666,40.0833333,1054.0,-95.4806844924642,95.4806844924642,105.1591284670395,66.77997253840604,0.0171043807262469,0.9953658631166216,0.0098619755797766,subtropical,13_29
b144s0097,-1.609331360688784,-1.8536211653969132,365,365,1,39.8333333,114.5666666,39.8333333,910.0,-325.52680865757134,325.52680865757134,264.7732368931162,139.39999752689033,0.0380958670681194,0.99405728386032,0.028311755032306,subtropical,12_29
b144s0098,-1.279720900665997,-1.4292659533411765,365,365,1,40.4166666,115.5,40.4166666,538.0,-366.0679618681901,366.0679618681901,182.37777152387704,123.07802837460945,0.0284144236912608,0.9904539064908574,0.0498736499680252,subtropical,13_29
b144s0099,-0.5347268848780852,-0.6081872996332288,365,365,1,40.080111,116.584556,40.080111,35.35,-34.70094170137626,34.70094170137626,59.54106537472166,30.55517593945905,0.0101376547149089,0.9584223575319596,0.1556310851248168,subtropical,13_29
b144s0106,-0.411557811181636,-0.5041147400524376,365,365,3,40.04444443333333,124.65555553333331,40.04444443333333,40.0,-92.95377064070242,92.95377064070242,59.255211918597645,49.45421934622062,0.0107315173766319,0.7304151442997414,0.3897540165426936,subtropical,13_30
b144s0107,0.04027648155079292,0.05295470875812066,365,365,1,39.6166666,125.65,39.6166666,27.0,-51.882786124276834,51.882786124276834,51.04137157711981,43.156372780650095,0.0075303196550548,0.7577628404378207,0.3715032083777631,subtropical,12_30
b144s0108,-0.6743062134224944,-0.9195640368026159,365,365,1,39.9333333,127.55,39.9333333,22.0,-177.24842220162978,177.24842220162978,129.6193242459386,85.35043745872122,0.0219947106437073,0.7060055375264058,0.4084671899932807,subtropical,12_30
b144s0109,-0.6830778748017324,-0.8485837460729648,365,365,1,40.0333333,128.1833333,40.0333333,19.0,-108.9319196307967,108.9319196307967,32.36080391112104,27.08209281700133,0.0063673007587526,0.5726638222113763,0.4515615147467386,subtropical,13_30
b144s0119,-0.6277591497860993,-0.7513326408724499,365,365,1,39.7166666,140.1,39.7166666,21.8,-101.15695863157649,101.15695863157649,68.98617613679511,46.992747603475294,0.0098507257056209,0.4495344213910159,0.4342575792333311,subtropical,12_32
b144s0120,-1.5083173866809674,-1.5915321444716721,365,365,1,39.7,141.1666666,39.7,155.4,-421.56956348196127,421.56956348196127,220.45893947621704,136.33591520019553,0.0317308949202554,0.4986713590595383,0.4339662166716898,subtropical,12_32
b144s0121,-0.8712812815768629,-1.1194109331205944,349,349,1,39.65,141.9666666,39.65,47.0,-150.05334915896236,150.05334915896236,31.37876165648621,29.324465425951345,0.0057025309704062,0.356243272695395,0.425134935986836,subtropical,12_32
b144s0235,-0.10588413231333305,-0.13705138189022703,359,359,1,39.9064,-84.2185,39.9064,302.6,21.04055885865762,21.04055885865762,17.937395157031148,13.231949692675782,0.0033531380472183,0.9862801477432086,0.0694734288830755,subtropical,12_9
b144s0299,-0.4819605062551367,-0.6243016415735112,365,365,1,39.831244,-8.887261,39.831244,56.99,-28.33081197309873,28.33081197309873,27.378985507451358,23.76088817810705,0.0052190725944139,0.5282045401516458,0.4617431447141007,subtropical,12_17
b144s0303,-0.3443588111363447,-0.3965256991285822,365,365,1,40.493556,-3.566764,40.493556,609.6,-75.69026325486186,75.69026325486186,73.3439188178597,44.72200817248121,0.012002699496361,0.995506089594216,0.0311779351367928,subtropical,13_17
b145s0000,-1.2614389372882344,-1.4257304768053123,365,365,2,40.9820293,0.833586,40.9820293,60.66,-199.01967071577684,199.01967071577684,123.99345807780944,72.15303218329768,0.0190235413685534,0.6112305732411196,0.4445764383780636,subtropical,13_18
b145s0001,-1.119862070912455,-1.270357663171685,365,365,1,41.297078,2.078464,41.297078,3.65,-84.94353655219537,84.94353655219537,36.035703015274144,25.91016440724945,0.0063409208448051,0.4480501425935093,0.4546614226651328,subtropical,13_18
b145s0006,-0.6564093271702492,-0.912352057704179,363,363,1,40.5666667,8.1666667,40.5666667,205.0,160.89210429293124,160.89210429293124,20.675998377909284,18.86994202693571,0.0044563466409265,0.2336717278511668,0.3514422547688339,subtropical,13_18
b145s0007,-0.5670369258213726,-0.8592748766362032,365,365,1,41.3666666,9.1666666,41.3666666,116.0,33.27849961297088,33.27849961297088,38.764978810952776,26.102205392083757,0.0065799060193367,0.2579352119685341,0.34717734205746,subtropical,13_18
b145s0014,-0.8470383329026743,-1.071388901596652,362,362,1,41.1333333,16.7666666,41.1333333,53.94,-90.00191277535006,90.00191277535006,44.88587281646003,12.287458894169513,0.0048840517519059,0.4204214731400476,0.4144549551862524,subtropical,13_19
b145s0015,0.24506415802186973,0.16623627444567082,365,365,1,40.657633,17.947033,40.657633,14.32,-7.09219670242112,7.09219670242112,14.01437645874454,5.427165978235196,0.0018532862570358,0.3265029545977928,0.3740917399350003,subtropical,13_19
b145s0016,-1.7084840309799487,-2.3354189708514768,365,365,2,40.9,19.36666665,40.9,126.0,54.82081292939632,124.54702836739024,32.519862975207225,27.197968987795733,0.0050945141074545,0.5020420508470089,0.4264048509136211,subtropical,13_19
b145s0024,-0.7035232031211263,-0.8995012118521147,365,365,4,40.8605279,29.140915825,40.8605279,41.6925,-84.1750299937391,84.1750299937391,64.24854134501362,43.74027063071276,0.0107785556749116,0.5998190040650555,0.3978566706819778,subtropical,13_20
b145s0026,-2.4702004311839683,-2.7908620487321087,365,365,1,40.8333333,31.1666666,40.8333333,146.0,-493.2028404635041,493.2028404635041,218.64418704808472,153.51284723265024,0.0365628461281634,0.6927850465887256,0.4150270217019559,subtropical,13_21
b145s0030,-1.236221156470765,-1.4444830031319047,365,365,2,41.26890715,36.433553,41.26890715,4.74,-219.8408296364147,219.8408296364147,92.72443698437228,57.14432425669045,0.0133333813497253,0.5632334194826705,0.4576708922166542,subtropical,13_21
b145s0033,-1.0059959765010775,-1.14946474334072,362,362,1,40.995108,39.789728,40.995108,31.69,-354.25138342210573,354.25138342210573,154.93941744754432,107.5883386614017,0.0243610870052037,0.5613970290984948,0.4562285887206778,subtropical,13_21
b145s0039,-0.4959842459710624,-0.6256710789880329,365,365,1,40.7166666,46.4166666,40.7166666,309.0,-232.1825298771209,232.1825298771209,147.16004435390596,83.93433849509962,0.0203016227272335,0.9666991041928408,0.1208919302024273,subtropical,13_22
b145s0040,-0.40609567288673776,-0.4162293461053763,365,365,2,41.0083333,48.1333333,41.0083333,323.5,-229.9477262445209,229.9477262445209,167.33448990814765,85.6197886317101,0.021370951649568,0.7406929588156905,0.3710694741120652,subtropical,13_22
b145s0041,-0.07707830592782512,-0.15126096430896294,364,364,1,40.5333333,48.9333333,40.5333333,755.0,119.04384570464003,119.04384570464003,108.9209283667295,80.60923961204296,0.0198776788983209,0.6089902101130613,0.4414766998547758,subtropical,13_22
b145s0057,-0.3819426396211362,-0.579143871899399,359,359,1,41.3666666,68.0,41.3666666,275.0,13.249772088965244,13.249772088965244,8.52100421386725,4.866655188623088,0.0011516597894549,0.95680107613952,0.0969719211108725,subtropical,13_24
b145s0058,-0.4812268927455732,-0.5603985947018951,365,365,1,41.257861,69.281186,41.257861,431.9,-43.93791024910519,43.93791024910519,37.05972644065945,18.063749875460758,0.0051568423183138,0.9748151367106156,0.0684376024302775,subtropical,13_24
b145s0060,-0.3409278359898713,-0.4193829760457913,365,365,1,40.9833333,71.5833333,40.9833333,474.0,-153.67585991108933,153.67585991108933,89.06969471797683,34.80095509372364,0.0111092183891352,0.9914707990652184,0.0301322546271687,subtropical,13_25
b145s0061,-0.71097868165217,-0.787176094651623,365,365,2,40.8083333,72.92500000000001,40.8083333,816.5,-162.62879548793177,162.62879548793177,138.62708966200216,96.7379740730569,0.0228915552164802,0.9935582313177324,0.0220051724617917,subtropical,13_25
b145s0068,-0.4521203139492309,-0.6340607431027179,365,365,1,40.5,81.05,40.5,1013.0,-15.406186745728746,15.406186745728746,2.94892578125,0.8427978515624992,0.0003041684627532,0.9964083418209368,0.0123035661833815,subtropical,13_26
b145s0086,-0.4611675322724824,-0.5788999937319045,365,365,1,41.3666666,102.3666666,41.3666666,960.0,-61.25408294300621,61.25408294300621,24.980113228996306,12.809755801154626,0.0033593389594597,0.9995218191296243,0.0026644493380398,subtropical,13_28
b145s0087,-0.8656950482930181,-1.0743581198521122,365,365,1,40.75,104.5,40.75,1329.0,-59.74852300479779,59.74852300479779,47.04415893554688,20.063446044921875,0.0056923404335975,0.9997690712008936,0.0009729625910268,subtropical,13_28
b145s0090,-0.46931637924536584,-0.5648629804056534,365,365,1,40.7666666,107.4,40.7666666,1041.0,-4.147789994927052,4.147789994927052,25.93098091506289,6.390496543535132,0.0037054470081412,0.9987962283397768,0.0030618494637201,subtropical,13_28
b145s0094,-0.645957590021294,-0.7744323474071843,365,365,1,40.851422,111.824103,40.851422,1083.86,-245.72833031419052,245.72833031419052,127.2087042745049,55.326888796785845,0.0169165938480318,0.9969993890054888,0.0077675303550497,subtropical,13_29
b145s0095,-0.5979426136218262,-0.7065195067569222,365,365,1,41.0333333,113.0666666,41.0333333,1416.0,-123.8297005975835,123.8297005975835,94.17715581170184,45.58703936789241,0.0126948218914518,0.9946612259667028,0.0104391532805456,subtropical,13_29
b145s0096,-0.7035829191252696,-0.8504765422456115,365,365,1,40.7833333,114.8833333,40.7833333,726.0,-309.63486819189325,309.63486819189325,161.59032470391958,84.87926862934202,0.0201221888396776,0.9935312748276742,0.0197008466248527,subtropical,13_29
b145s0098,-1.3884756985745252,-1.5573890124842267,365,365,1,41.2,116.6333333,41.2,661.0,-329.1433818887561,329.1433818887561,179.15423922173585,134.35869852365238,0.030253275284059,0.9908737696886696,0.0542124578484392,subtropical,13_29
b145s0099,-0.8023206457477854,-0.9384502167867259,365,365,1,40.9666666,117.9166666,40.9666666,423.0,-168.59143625731292,168.59143625731292,146.7202501212782,105.87105676400708,0.0253375747967214,0.961779326500496,0.1594360896568396,subtropical,13_29
b145s0101,-0.37998423038165346,-0.4544315332101862,365,365,1,41.1333333,121.1166666,41.1333333,70.0,-7.439392517807519,7.439392517807519,36.3561062782036,29.13465931041544,0.0065194841988476,0.7922327837411988,0.3513586861058048,subtropical,13_30
b145s0102,-0.3908766107355677,-0.48040050648218174,365,365,1,40.6666666,122.2,40.6666666,4.0,-2.8655964084002363,2.8655964084002363,14.170913089521688,5.819716519336019,0.0012433866975009,0.7160755770135229,0.3854760982164739,subtropical,13_30
b145s0104,-1.1380167739812845,-1.217064540101212,365,365,1,41.3166666,123.7833333,41.3166666,185.0,-136.27352735485562,136.27352735485562,86.93721471408867,73.01244879949954,0.0131994345743358,0.934479533278419,0.1992537993211759,subtropical,13_30
b145s0105,-0.055846198331372575,-0.09966422395970875,363,363,1,40.7166666,124.7833333,40.7166666,261.0,-87.65408142233088,87.65408142233088,97.2522641408658,86.82695769387729,0.0168550970780529,0.8878305816526123,0.2674504396678405,subtropical,13_30
b145s0106,-0.4605800917024529,-0.3731037262285417,365,365,1,41.15,126.2166666,41.15,225.0,-364.3735827996816,364.3735827996816,152.2531694096823,124.94001576978,0.0247312021730279,0.960249582469532,0.1472669996922804,subtropical,13_30
b145s0108,-0.7094234280427715,-0.8174588695096737,362,362,1,40.6666667,129.2,40.6666667,23.0,-170.4432204074511,170.4432204074511,76.23153381244362,52.15150572187245,0.013692764043139,0.4639873451419973,0.4632675875982038,subtropical,13_30
b145s0117,-0.3026348528933918,-0.4723025684382871,349,349,1,40.65,139.9333333,40.65,68.0,-51.7778581116624,51.7778581116624,77.63918670297409,48.31093499683305,0.0112620318373471,0.3138882434929783,0.382383788466353,subtropical,13_31
b145s0118,-0.6023974609401003,-0.7818471327184383,365,365,2,41.04999995,140.9916666,41.04999995,4.445,-126.51250618240424,126.51250618240424,68.47989931666729,41.42546922874432,0.0100987113825996,0.3484417733333885,0.3730149709058137,subtropical,13_32
b145s0119,-0.019765273438378788,-0.08845394237065689,349,349,1,40.5333333,141.5166666,40.5333333,28.54,-67.66521957587148,67.66521957587148,46.808514957473975,32.96742271666081,0.0066102132891197,0.3675873909384542,0.4030416265037067,subtropical,13_32
b145s0240,-0.6621566474996344,-0.8757658371665168,365,365,2,40.709295,-73.82218,40.709295,2.85,-13.536525494934816,13.536525494934816,14.983803093247133,10.833990027955696,0.0031122774448161,0.6100261960718787,0.4145248822570725,subtropical,13_10
b145s0295,-0.36089114133354316,-0.55617157760406,365,365,1,41.248055,-8.681389,41.248055,69.49,-1.8881751376496825,1.8881751376496825,26.1615656808852,27.762179595288483,0.0047878843286543,0.536501215906232,0.4633671129993792,subtropical,13_17
b145s0300,-0.5609887160019821,-0.6129819408158005,363,363,1,40.6666666,-3.1666666,40.6666666,640.0,-193.716040507525,193.716040507525,81.16622627665464,58.81794975959495,0.0150032963509943,0.9943807271803012,0.046823333066631,subtropical,13_17
b146s0000,-0.3334919694583191,-0.5372275458801334,364,364,1,41.6333333,0.6,41.6333333,199.0,-99.51271898694024,99.51271898694024,81.8491464302297,43.98679321126721,0.0122383177800429,0.8150222476247774,0.3515271264267092,subtropical,13_18
b146s0002,-0.85926660261401,-0.9777045664209904,365,365,1,41.900969,2.760547,41.900969,142.64,-124.48892628457708,124.48892628457708,129.58067777118364,90.4089115200008,0.0218860474207631,0.4631278363201523,0.457905827730412,subtropical,13_18
b146s0007,-1.3450678598921904,-1.7169641383430507,365,365,4,41.90381915,9.210006825,41.90381915,28.630000000000003,-240.2844423543648,240.2844423543648,143.42987199044683,88.45621930360048,0.0237185599996437,0.2450416245855156,0.3422384443503157,subtropical,13_18
b146s0009,-0.5389983688645797,-0.691032282279958,357,357,1,42.0166666,11.8166666,42.0166666,4.0,-57.73868041249849,57.73868041249849,8.314795314237907,5.32531717067396,0.0013904350240663,0.4449146199859835,0.4454638814234514,subtropical,13_19
b146s0010,-0.7344434228953164,-0.9273184069728803,364,364,1,41.659372,12.445156,41.659372,12.49,-44.66291391168985,44.66291391168985,25.389855029579884,25.272397912893453,0.0048774455467068,0.4366760010641622,0.4476584612520802,subtropical,13_19
b146s0015,-1.3655861008178014,-1.4965545046959818,365,365,1,42.1,19.1,42.1,6.0,-125.19287199247526,125.19287199247526,114.31499633789198,67.5311486816414,0.0192176660895349,0.5967216001012325,0.4351328598268661,subtropical,13_19
b146s0016,-1.237813196992153,-1.4479090781047794,364,364,1,42.1,19.5333333,42.1,43.0,-316.2564759191478,316.2564759191478,221.65135356697544,165.44316889505643,0.0390479303075394,0.6926448830269696,0.4086188881576975,subtropical,13_19
b146s0017,-0.5374512338001697,-0.711540673964663,365,365,1,41.961622,21.621381,41.961622,238.04,-289.0559133330273,289.0559133330273,241.06865444321855,145.17355460586754,0.0406922420338462,0.956655898316338,0.1550909262870488,subtropical,13_20
b146s0026,-1.2198181029064996,-1.6241359339561499,365,365,2,41.54166665,32.06666665,41.54166665,23.0,-186.99236871622557,186.99236871622557,95.20962082472136,70.00729106965505,0.0158831731861809,0.5074730005000615,0.4642625261936943,subtropical,13_21
b146s0035,-0.6966289789620825,-0.8658935744971473,362,362,1,42.2666666,42.6333333,42.2666666,114.0,-296.31251309590766,296.31251309590766,230.09454424702133,101.70128302635024,0.0267256565353195,0.860478042457175,0.3082869901799123,subtropical,13_22
b146s0038,-4.25943267212989,-4.157065591758558,365,365,1,41.6666666,46.65,41.6666666,490.0,-861.0482319685748,861.0482319685748,379.15890206451104,220.53144532223325,0.0486309273715489,0.9176411783642094,0.2377387326675818,subtropical,13_22
b146s0068,-0.467661513601272,-0.48272393482976345,365,365,1,41.7166666,82.95,41.7166666,1100.0,-95.972558332056,95.972558332056,100.53630130358468,63.96211096066951,0.0183737508218367,0.9973672671135938,0.0072672191845246,subtropical,13_26
b146s0071,-0.04806787336548971,-0.258107398272714,365,365,1,41.7333333,85.8166666,41.7333333,903.0,-228.01889453886,228.01889453886,203.60098129698503,52.17626863874805,0.0256107551574604,0.9889008869237138,0.053942494658053,subtropical,13_26
b146s0089,-0.5699645581032243,-0.619512179316024,365,365,1,41.5666666,108.5166666,41.5666666,1290.0,-76.55124135751703,76.55124135751703,63.62492175284977,39.91772319820319,0.0104726842158589,0.998803041390438,0.0034034047208455,subtropical,13_28
b146s0091,-1.0119880776858627,-1.3833251851045463,365,365,1,41.7,110.4333333,41.7,1377.0,-75.99621483548367,75.99621483548367,46.37290086978288,22.216346333908746,0.0056949234234291,0.9989227564368672,0.0033556264226127,subtropical,13_29
b146s0094,0.020685387180278497,0.0015056237453794363,365,365,1,41.9,114.0,41.9,1484.0,24.783530021720253,24.783530021720253,40.16049804687496,28.98745727539059,0.0071242958307266,0.9943187327100848,0.0097504289673502,subtropical,13_29
b146s0096,-0.6530456540381034,-1.0609159365246301,365,365,1,42.1833333,116.4666666,42.1833333,1247.0,-81.61557467429748,81.61557467429748,59.92436542408822,40.25200485000907,0.0104483847202975,0.9947397785689898,0.0137894951217383,subtropical,13_29
b146s0097,-0.7646979641748001,-0.9164325098318905,365,365,1,41.9333333,117.75,41.9333333,844.0,-269.09105335266804,269.09105335266804,102.84184064241929,90.76716486068712,0.0211436056273042,0.9937508207307056,0.0474593572577291,subtropical,13_29
b146s0098,-0.2095183872228276,-0.20448443025518018,365,365,1,42.3,118.8333333,42.3,567.0,-158.40768624909128,158.40768624909128,79.54268638793653,58.69101788074413,0.0141788021986635,0.9912758369190288,0.0628636705169871,subtropical,13_29
b146s0099,-0.5879279478303562,-0.6647725740520977,364,364,1,41.55,120.45,41.55,176.0,-155.84691637817036,155.84691637817036,74.68894042968712,59.873739013671646,0.0145619632303714,0.898603988331093,0.2606702948090885,subtropical,13_30
b146s0102,-0.428456442933489,-0.5499423183341429,364,364,1,41.7333333,123.5166666,41.7333333,43.0,-28.685763737416792,28.685763737416792,14.865431770426092,9.279472720475944,0.0019920643730204,0.9610190502352988,0.1447679958946863,subtropical,13_30
b146s0103,-0.7555360342665836,-1.0351823831809244,365,365,1,42.0666666,124.8666666,42.0666666,230.0,-191.9796258974948,191.9796258974948,92.22820253069033,64.4310887530115,0.0168614305957244,0.9844809728151228,0.0586022324956686,subtropical,13_30
b146s0105,-0.47104098843565884,-0.21582715340180206,365,365,1,41.8,126.9166666,41.8,381.0,-342.6190489366261,342.6190489366261,136.09558744639202,116.15549525893591,0.0247486465345764,0.9740238508200332,0.1167793511520119,subtropical,13_30
b146s0106,-1.061912072111105,-1.2785637874929996,365,365,1,41.4166666,128.1833333,41.4166666,775.0,-389.1106727246331,389.1106727246331,143.32740849549754,107.71284783391394,0.0216572113616507,0.8503481392670039,0.3231149463182638,subtropical,13_30
b146s0107,-0.5618744682839508,-0.7297442950489472,365,365,1,41.7833333,129.8166666,41.7833333,43.0,-147.89488879480373,147.89488879480373,82.47000463364867,52.71116894235723,0.0121464653992388,0.5696047223124141,0.4572396090770783,subtropical,13_30
b146s0115,-0.7935975633997924,-0.8328909938798009,349,349,1,41.8666666,140.1166666,41.8666666,12.13,-128.73531401829146,128.73531401829146,42.86218530775017,24.81829243177426,0.0065140716250288,0.2638828861415258,0.3284951575947269,subtropical,13_32
b146s0116,-0.6125030064120848,-0.7360038368442696,365,365,1,41.8166666,140.75,41.8166666,43.9,-75.77278694479531,75.77278694479531,70.02906706752755,50.17679085906857,0.0109451753812876,0.3196622766149176,0.3473354079809074,subtropical,13_32
b146s0118,-0.5188424216793784,-0.7331626415445536,365,365,2,42.2333333,143.04999995,42.2333333,36.35,-128.7068316937061,128.7068316937061,100.50192041904216,60.61618346300635,0.0170224349034969,0.3580424960195399,0.4200034924572086,subtropical,13_32
b146s0229,-0.3699547639702427,-0.5458512111762271,365,365,2,42.15444465,-82.927778,42.15444465,190.29,12.139603149518123,12.139603149518123,3.246385493632149,1.5275364686320183,0.0005076722043443,0.7558247978688137,0.3267653039631819,subtropical,13_9
b146s0290,-0.5547846190376244,-0.7369251588182117,365,365,1,42.2318,-8.626775,42.2318,260.6,25.123835681024417,25.123835681024417,100.13362920363224,96.44256492324786,0.0204739846450462,0.5292020650750136,0.4589285534809457,subtropical,13_17
b146s0294,-0.2703627312335917,-0.35889413296829814,365,365,1,41.6333333,-4.75,41.6333333,735.0,-46.86626385730597,46.86626385730597,42.85862282050768,29.537387069421285,0.0074628563438057,0.9757581575740149,0.1278675010272131,subtropical,13_17
b146s0297,-0.28423258556384506,-0.4410122374602406,365,365,2,41.87478765,-0.68744315,41.87478765,408.52,-69.46764761928688,69.46764761928688,99.36244133201193,55.14881889092953,0.0149445624814557,0.950432109140003,0.1854402711863542,subtropical,13_17
b147s0000,-0.8229330569722069,-0.9158688654095619,365,365,1,43.007764,1.10315,43.007764,416.96,-362.314973510964,362.314973510964,213.6704531721755,159.62822869263658,0.0327224371555561,0.9364651187512466,0.2129414313067924,subtropical,13_18
b147s0002,-0.2507519359486399,-0.3999333730549104,365,365,3,42.72459173333333,3.023555633333333,42.72459173333333,59.96333333333333,-45.30227041991129,60.17881101332989,113.06014315481174,64.97915491165723,0.0171616466606676,0.592286495968145,0.4459443083756658,subtropical,13_18
b147s0005,-1.1183941752811388,-1.4136865130250984,365,365,1,43.097344,6.146028,43.097344,2.13,-110.52485138715258,110.52485138715258,92.18284647641472,50.096702440103904,0.0123389774769673,0.377192689675624,0.4378943918218083,subtropical,13_18
b147s0007,-1.3387632715202216,-1.5475311725299037,365,365,3,42.5722501,9.064528866666668,42.5722501,74.87333333333333,-227.1295976759211,227.1295976759211,154.80080337139302,116.24154623541364,0.0242178821931673,0.2498105696057891,0.3547095810883365,subtropical,13_18
b147s0009,-0.8198259791809995,-0.9565389163389949,364,364,1,42.759722,11.071944,42.759722,4.57,-87.11323945450786,87.11323945450786,56.29888549305412,45.7944463319197,0.0095706023191912,0.5128342825915534,0.4410267481385975,subtropical,13_19
b147s0013,-1.5913273330733242,-1.8930901856971836,365,365,2,42.96666665,16.674999999999997,42.96666665,106.0,78.67213198642624,87.94607424152234,3.0517578125e-05,3.0517578125e-05,0.0001000016927719,0.4316735162816753,0.4342480662079261,subtropical,13_19
b147s0014,-1.2710239486743982,-1.469560476717463,365,365,3,42.75378433333333,17.9338591,42.75378433333333,72.87333333333333,-182.5721905170858,182.5721905170858,64.53557613563615,54.72435827010628,0.0129464147163783,0.5483298610490618,0.4431614383531129,subtropical,13_19
b147s0015,-2.031551330569554,-2.2589478401072647,365,365,4,42.492832625,19.051654825,42.492832625,184.0225,-440.5356660449452,440.5356660449452,242.1465466627573,161.55133360060876,0.0402999194162615,0.6757397298452961,0.4143212439396108,subtropical,13_19
b147s0019,-0.47819862623822407,-0.5536178239556281,365,365,1,42.695194,23.406167,42.695194,530.96,-345.0991548637845,345.0991548637845,244.5760256321329,152.89774868721213,0.0401542101805684,0.9841562300917251,0.0769064313576347,subtropical,13_20
b147s0020,-0.5659218705408036,-0.6876695345701785,365,365,1,43.15,24.7,43.15,221.0,-172.53212329133964,172.53212329133964,119.25000610351648,85.86520629882854,0.019432108104229,0.9828008617641196,0.0732768787544407,subtropical,13_20
b147s0022,-0.4051341405101146,-0.5976558999948779,365,365,1,42.569583,27.515236,42.569583,41.14,-67.39780262145939,67.39780262145939,60.06841100664439,39.97293255458863,0.0087702330989308,0.6598695992181176,0.4244450514040119,subtropical,13_20
b147s0056,-0.15764802419262733,-0.21180669263901616,365,365,1,42.364167,69.478889,42.364167,422.14,-44.49302439386804,44.49302439386804,37.31183755743472,21.6476049520146,0.0053867268289806,0.9899983569091348,0.0368121643585734,subtropical,13_24
b147s0057,-1.6797627602397196,-1.8627508008599791,365,365,1,42.4833333,70.3,42.4833333,808.0,-381.8599430869394,381.8599430869394,177.0461092025389,143.36231345261993,0.0319379221568342,0.9933894802240116,0.0229371180392704,subtropical,13_25
b147s0058,-0.18360853013937586,-0.24781628627721464,364,364,1,42.853611,71.303611,42.853611,665.68,-83.46596159743217,83.46596159743217,102.65365653826298,61.160127151320886,0.0151574168474193,0.994760779194728,0.0156464615250319,subtropical,13_25
b147s0060,-0.9345420614325946,-0.9287535864558633,365,365,1,42.85,74.5333333,42.85,760.0,-519.79431909352,519.79431909352,284.4756747736509,125.93153325417536,0.0276125570545832,0.9851071106470628,0.0734310727068331,subtropical,13_25
b147s0061,0.034165766001265606,0.05168905089788852,365,365,1,42.8333333,75.2833333,42.8333333,817.0,-719.5863080495408,719.5863080495408,408.99457779784353,162.65096325987608,0.0417943992523782,0.9669380044638324,0.1199053057833037,subtropical,13_25
b147s0072,0.13611530129469265,0.04522597675358616,365,365,1,42.95,89.2333333,42.95,39.3,-283.20373118372333,283.20373118372333,162.1626119421241,48.1823244803298,0.0168439679142419,0.9975251281467362,0.024290660590699,subtropical,13_26
b147s0076,-0.6926935292275377,-0.9204430700704997,365,365,1,42.8166667,93.5166667,42.8166667,739.0,-54.34275727128477,54.34275727128477,78.78220771836519,23.45008944619883,0.012143676508847,0.99888416805736,0.0050168526674858,subtropical,13_27
b147s0081,-1.7071726577321573,-1.9265565610997213,365,365,1,42.9,100.2166667,42.9,1494.0,170.10340067941138,170.10340067941138,71.3925905607176,28.15928723345692,0.0085300265266984,0.9993664682828974,0.0042453375196404,subtropical,13_28
b147s0087,-0.5017992704616346,-0.7475273740215704,365,365,1,43.2,107.1666667,43.2,914.0,-181.5107119961353,181.5107119961353,33.54011602109592,14.537325254311526,0.0041971561034548,0.9999043031024212,0.0006092385764022,subtropical,13_28
b147s0089,-0.04910301771553649,-0.0669164999910729,365,365,2,42.8583333,109.675,42.8583333,718.0,-414.5314242468495,478.68707581256456,39.5263567326117,19.67088978360665,0.0056369151407584,0.999622885542873,0.0013747584349173,subtropical,13_28
b147s0098,-0.433482001656093,-0.6042281839360479,364,364,1,42.3333333,120.7,42.3333333,401.0,-26.902838558974334,26.902838558974334,52.55091693543945,34.74009609519041,0.0082041397011953,0.9723068307794764,0.1278264378852357,subtropical,13_30
b147s0100,-0.3162768730701024,-0.4401946942437092,365,365,1,42.4166666,122.5333333,42.4166666,84.0,-24.60374294713452,24.60374294713452,16.699923317153893,9.056936709876616,0.0023959077600424,0.978230134248436,0.0993770169915623,subtropical,13_30
b147s0101,-0.5803651577760022,-1.0252147334320376,365,365,1,43.1833333,124.3333333,43.1833333,167.0,-27.849224609180936,27.849224609180936,20.699054987435805,16.92979915998358,0.0038846013971863,0.987630711752282,0.0197751224420255,subtropical,13_30
b147s0103,-0.6856414044943643,-1.03504045243323,365,365,1,42.9833333,126.75,42.9833333,264.0,-142.30598777941873,142.30598777941873,65.00952715227059,45.3012403311158,0.0113329530867964,0.9881466341185544,0.0360951144661776,subtropical,13_30
b147s0105,-0.7985271527727416,-1.0240535368095822,364,364,1,42.8833333,129.5,42.8833333,178.0,-221.05401047145057,221.05401047145057,109.38919574145557,83.7738409162354,0.0170395990429625,0.8620330691997278,0.3066514180423634,subtropical,13_30
b147s0106,-0.4559894702925769,-0.5831803149461943,365,365,1,42.3166666,130.4,42.3166666,3.0,-149.28195176365995,149.28195176365995,108.76289612817796,78.34504883008731,0.0163627531436769,0.5689503721989235,0.4522794629345976,subtropical,13_31
b147s0107,-0.8303553470447033,-0.9957322153942583,365,365,1,43.1166666,131.9333333,43.1166666,183.0,162.2792761141585,162.2792761141585,21.90463534194896,17.84773034674705,0.0040255596754006,0.614606564093057,0.4328216710093605,subtropical,13_31
b147s0108,-0.6564067430848853,-0.790052827108123,365,365,1,43.15,133.0166666,43.15,208.0,-168.71106607687773,168.71106607687773,160.27855020749988,108.70360017100852,0.025960832184686,0.5615406750214993,0.4449360903623651,subtropical,13_31
b147s0109,-0.6409732567115957,-0.7577721545597419,360,360,1,42.9,133.9,42.9,43.0,-148.30309534856204,148.30309534856204,76.59780883788937,51.95656982421789,0.0150344857573506,0.3943742764615605,0.4452377736222969,subtropical,13_31
b147s0114,-0.553771005058555,-0.6515684137780128,365,365,2,42.85,140.4833333,42.85,111.6,-141.03219237139191,141.03219237139191,132.04052781801792,97.08865194352578,0.0219380569763494,0.3243302417111521,0.374674250479755,subtropical,13_32
b147s0115,-0.9796138097487098,-1.1939161188289855,365,365,4,42.7958333,141.2208333,42.7958333,27.3575,-139.7058528979378,139.7058528979378,97.8472649964706,60.37750895284799,0.0147000297968869,0.4265509812849892,0.4007813838469461,subtropical,13_32
b147s0116,-0.671819921137678,-0.7345224491920925,349,349,1,42.9166666,143.2166666,42.9166666,43.7,-154.2421451590808,154.2421451590808,120.18169381554289,46.39739981437711,0.0146780278023843,0.5368943682234377,0.4360724142521242,subtropical,13_32
b147s0117,-0.600969320576153,-0.8762156307834412,365,365,1,42.9833333,144.4,42.9833333,37.0,10.369850542744365,10.369850542744365,23.191543317785467,9.368168827709887,0.0022802498802244,0.3784134189641777,0.4227514177592794,subtropical,13_32
b147s0226,-0.28236710393133546,-0.3735337172527647,365,365,2,43.0,-82.3083333,43.0,181.025,-10.443561137643414,10.443561137643414,3.751246548266877,2.3312505984743126,0.0007569589986503,0.6644586399445809,0.357524718330134,subtropical,13_9
b147s0227,-0.3455386164251791,-0.5096265423689917,365,365,2,42.742778,-81.51861115,42.742778,241.985,7.237389206852129,8.815931694111612,8.512877770393878,5.823802494497193,0.0014783793907112,0.656792548834354,0.3619199350279339,subtropical,13_9
b147s0228,-0.335838820672155,-0.44582067317924085,365,365,2,43.0201388,-80.2425,43.0201388,234.87,13.275062839174453,18.086780418827782,16.267807617019095,10.334725506153614,0.0026500727016019,0.6895863632462056,0.3463109830427112,subtropical,13_9
b147s0229,-0.48245353285057574,-0.6381201644746493,365,365,4,43.071242325,-79.15945425,43.071242325,142.76,-17.8786834736487,25.86685557434124,20.39315372762753,10.203808755874984,0.0027633647268127,0.7286793929873421,0.3257347128142163,subtropical,13_10
b147s0236,-0.6432998982651628,-0.8608275746966064,365,365,1,42.3606,-71.0097,42.3606,3.2,-25.777086314453385,25.777086314453385,11.12759646782252,9.738674778232596,0.0019903969959307,0.5334215433759275,0.4333260859540148,subtropical,13_10
b147s0286,-0.5203982125549156,-0.6358185321151534,364,364,1,42.4333333,-8.6166666,42.4333333,108.0,-139.5292502149065,139.5292502149065,94.77399832331209,93.34905597154456,0.0196342108625351,0.5158761680579129,0.4582254744872946,subtropical,13_17
b147s0287,-0.42857404852182873,-0.588200014643591,365,365,2,43.0064998,-7.932572,43.0064998,407.86,-24.592492557288463,50.622952378550025,90.72617077503584,68.26599686937973,0.0144606440522892,0.5528952257691767,0.4519438348088346,subtropical,13_17
b147s0288,-2.0852443308448447,-2.2234805795881485,356,356,1,42.5666666,-6.6,42.5666666,550.0,-476.1122162187039,476.1122162187039,233.15220244072904,148.97723367390262,0.0323992309925169,0.8319111262156945,0.338872427922668,subtropical,13_17
b147s0291,-0.7064941376041887,-0.8992044195339952,365,365,1,42.882836,-2.724469,42.882836,512.67,-77.18215244436715,77.18215244436715,145.84085356661063,110.93437821852488,0.0241519261109467,0.7523822725350231,0.3913683089330357,subtropical,13_17
b147s0292,-0.7441988969580647,-0.8474272182834394,365,365,2,42.6100195,-1.98983215,42.6100195,410.705,-235.05985578031417,235.05985578031417,148.9301802028993,97.59417388404208,0.0227650563714056,0.8644935280203989,0.3056979578827082,subtropical,13_17
b148s0000,-0.6318042672620129,-0.8542922726021391,356,356,1,43.687778,0.601667,43.687778,125.27,-63.2231536094031,63.2231536094031,21.51655913481156,21.676744456747464,0.0047272376396697,0.9456266472338776,0.1968980031586696,subtropical,13_18
b148s0001,-0.38046126948909337,-0.5970650111089761,365,365,6,43.6300315,1.629789,43.6300315,152.5,-87.42276568456627,87.42276568456627,57.51316008003971,38.06671569671827,0.0089688591792184,0.9282630594826464,0.2151530361584268,subtropical,13_18
b148s0002,-0.8168624949324989,-1.0413082180872941,365,365,2,43.3583333,3.5250000000000004,43.3583333,48.5,-17.385507169241535,46.80965526007823,26.77760947157685,18.819906328847456,0.00497436702881,0.6623710211086721,0.4284246151231065,subtropical,13_18
b148s0003,-0.43905081254323264,-0.6932405698599675,365,365,5,43.72460814,4.520641,43.72460814,46.870000000000005,-30.497716932323016,44.98477126084603,40.36187901523309,30.671977152344063,0.0069730596384929,0.6884903367799341,0.4150785612076378,subtropical,13_18
b148s0004,-0.6011751726947053,-0.8943577217438593,365,365,3,43.7028789,5.440953666666666,43.7028789,180.9933333333333,-142.73668903286045,142.73668903286045,99.89171909865394,79.72565936875203,0.0163098250591022,0.6406963903987443,0.4260074000704801,subtropical,13_18
b148s0005,-1.3295062238949866,-1.5181226602818858,365,365,3,43.52837766666667,6.852163,43.52837766666667,29.46,-249.79280146866265,249.79280146866265,153.9612983904401,91.34193303657008,0.0212646151524636,0.4958234225099655,0.4543961161897877,subtropical,13_18
b148s0006,-0.9876541142045832,-1.3759678082182418,364,364,1,43.95,8.1666667,43.95,221.0,9.079143474195888,9.079143474195888,59.27793197182678,40.02104173279826,0.0097846614771164,0.5389193481217049,0.4551257928057066,subtropical,13_18
b148s0008,-0.7209167385202219,-0.7985738685447642,365,365,1,43.683917,10.39275,43.683917,1.82,-99.24417443818425,99.24417443818425,92.59938501371472,76.33088934856002,0.019525391762743,0.5969636311059761,0.4375787836727802,subtropical,13_19
b148s0012,-0.8043954447160212,-0.9141921108974022,365,365,1,43.7333333,15.9166666,43.7333333,75.0,-73.89808836317621,73.89808836317621,49.98375517245231,42.20880883561079,0.0088875395565267,0.5235565321853891,0.440676258137496,subtropical,13_19
b148s0013,-1.5569065758962568,-1.7279337999090891,365,365,3,43.44631463333334,16.582654633333334,43.44631463333334,67.02333333333333,-182.84234368813125,182.84234368813125,74.45176171871744,62.74979791871986,0.0158141683438522,0.545888619761127,0.4406673751633009,subtropical,13_19
b148s0014,-1.9689624270932216,-2.2205155901098723,365,365,1,43.8666666,18.4333333,43.8666666,638.0,-359.5498359919005,359.5498359919005,237.38671258845304,162.62500586393787,0.0392539687057889,0.8933701639396792,0.2675196135037668,subtropical,13_19
b148s0016,-0.47712030336740446,-0.6109716548291917,365,365,2,43.86666665,20.81666665,43.86666665,201.0,-169.1711772512226,169.1711772512226,151.53583038967713,94.562907976299,0.0237882839327947,0.9850028411662436,0.0742114039577763,subtropical,13_20
b148s0017,-0.42966974615181,-0.5556263642741385,365,365,1,43.337289,21.853722,43.337289,197.51,-212.2439373056531,212.2439373056531,167.16339737769604,117.37010725521128,0.0281311318541676,0.9905887479148272,0.0500739633309759,subtropical,13_20
b148s0018,-0.24376210522239275,-0.3780258776586219,365,365,2,43.99999995,23.14166665,43.99999995,60.5,-31.94816354281817,31.94816354281817,39.60972867376485,17.976094674146903,0.0049693156442892,0.9897409433908646,0.0157478317915247,subtropical,13_20
b148s0019,-0.5582575479173423,-0.8007044763429635,365,365,1,43.7833333,23.95,43.7833333,40.0,-60.98884759981094,60.98884759981094,37.478905763771806,24.690274949277217,0.0059837468684756,0.9886618889122034,0.0237250720726729,subtropical,13_20
b148s0020,-0.3837454261059441,-0.5270388516200853,365,365,4,43.8208333,25.383333325,43.8208333,41.25,-33.614945208090866,33.614945208090866,30.35598268358528,23.46259047452217,0.0054368691425645,0.9758182036264652,0.0934591506451667,subtropical,13_20
b148s0021,-0.46327418948271754,-0.6559029583706124,365,365,2,43.8166666,26.56666665,43.8166666,181.5,12.221018629741586,66.28964718296515,36.75259262093196,26.34195808662936,0.0060124154710082,0.9142839736780424,0.2355610160918443,subtropical,13_20
b148s0022,-0.5840856406988885,-0.7183212397020672,365,365,2,43.65770265,27.8958863,43.65770265,115.05,-9.80421112385497,64.38480852919338,38.02626721223311,30.983883476383443,0.0062843294263515,0.6533246125962413,0.4286924092181455,subtropical,13_20
b148s0023,-0.3687847782329192,-0.5465500747740976,365,365,1,43.8166666,28.5833333,43.8166666,9.0,-31.123832622086724,31.123832622086724,12.020811733772652,7.842077089623741,0.0018786181980725,0.4797183604848449,0.4540673085018459,subtropical,13_20
b148s0032,-0.7751558775560232,-0.8670135684769719,365,365,1,43.449928,39.956589,43.449928,27.12,-369.270455481524,369.270455481524,147.618497633444,119.60451560568968,0.0237348563793941,0.4848564169178732,0.4658643336582934,subtropical,13_21
b148s0055,-0.09910048170394299,-0.33726729606485534,365,365,1,43.55,68.9,43.55,822.0,135.02257269302174,135.02257269302174,160.46380493163906,68.67482177734296,0.0206672836840151,0.9936487648579372,0.0149877842524404,subtropical,13_24
b148s0070,-0.7529560730070818,-0.7972951068202301,365,365,1,43.7833333,87.6166666,43.7833333,919.0,-162.0728359091679,162.0728359091679,140.73772403249924,51.41956041905678,0.0146254191549118,0.9957920263133604,0.0257651150305846,subtropical,13_26
b148s0072,-0.9050956872930893,-1.2155697054868544,365,365,1,44.0166666,89.5666666,44.0166666,794.0,89.2651801118351,89.2651801118351,104.64431499291804,11.810702128035672,0.0075428861300435,0.999178187724649,0.007728924727932,subtropical,13_26
b148s0073,-1.0592564324940468,-1.1431090028813327,365,365,1,43.2166666,91.7333333,43.2166666,732.0,-103.91787532093508,103.91787532093508,126.5115370865185,52.83668043671254,0.0175767063011982,0.9989361840151018,0.0054550667378218,subtropical,13_27
b148s0076,-0.7542793192937003,-0.8951015336966748,365,365,1,43.6,95.1333333,43.6,469.0,-214.9131253117273,214.9131253117273,80.01523350765144,33.04992444819328,0.0086864752591502,0.9993827932730824,0.0033263291789746,subtropical,13_27
b148s0084,-0.719785422850871,-0.849002765878058,365,365,1,43.5833333,104.4166666,43.5833333,1465.0,-149.29196279884513,149.29196279884513,122.16813524410586,40.66089741905574,0.0148563945199691,0.9998164375780106,0.0008387763647543,subtropical,13_28
b148s0090,-0.7850388656251149,-1.1545936466443698,365,365,2,43.69166665,111.95,43.69166665,965.0,-9.15684902770056,9.15684902770056,28.11764744532101,13.92838919323245,0.0039447897087183,0.9987929246403976,0.002914845199908,subtropical,13_29
b148s0092,-0.5801117220262008,-0.8586896648188747,365,365,1,44.0166666,115.0,44.0166666,1147.7,-51.962068809653374,51.962068809653374,51.271020319482425,32.10967620810547,0.0083952247701704,0.994819509952709,0.011329805879325,subtropical,13_29
b148s0093,-0.34304425652904097,-0.5147428135212055,365,365,1,43.95,116.1166666,43.95,1004.0,-93.73753898148766,93.73753898148766,52.94274576132822,34.18063736474615,0.0083038423146808,0.9935557719532436,0.0152278126544892,subtropical,13_29
b148s0095,-0.8494855035081943,-1.0635376633425777,363,363,1,43.6333333,118.0333333,43.6333333,825.4,-196.31390764210252,196.31390764210252,122.55527871006063,75.4957615250956,0.017835888820641,0.9955944442056748,0.0133293432770185,subtropical,13_29
b148s0096,-0.3559556863807624,-0.4035789438965838,365,365,1,43.9833333,119.4,43.9833333,485.0,-176.5726942334867,176.5726942334867,96.7735421873827,65.96167635531457,0.0164376631891303,0.9957823716939505,0.010900080307484,subtropical,13_29
b148s0098,-0.2405387644409225,-0.35558079702472384,365,365,1,43.6,122.2666666,43.6,180.0,0.7137995433900812,0.7137995433900812,3.1635741557128707,1.2363965866552402,0.0002664819898462,0.9903575659766944,0.0212730629307254,subtropical,13_30
b148s0101,-0.39906462162338885,-0.49001319053530046,365,365,1,43.996419,125.680786,43.996419,215.18,-9.186359400335787,9.186359400335787,24.962364084441823,16.499089448447798,0.0039893477562236,0.984413972252482,0.0228015759974579,subtropical,13_30
b148s0103,-0.3590096513159258,-0.48233625227030547,365,365,1,43.3666666,128.2,43.3666666,525.0,-68.00680099298302,68.00680099298302,67.56775599169508,39.46739648574773,0.0093242311969806,0.9797398562033818,0.0982442175882408,subtropical,13_30
b148s0106,-0.4378632500650012,-0.6424831704196704,365,365,1,43.8833333,131.9666666,43.8833333,37.0,-39.83625374349632,39.83625374349632,36.434005903452096,25.55645892394565,0.0049535358743259,0.8308939966281095,0.3144665441042024,subtropical,13_31
b148s0107,-1.1296455846877163,-1.384453792583506,365,365,1,43.9666666,133.0666666,43.9666666,188.0,-194.88094773786787,194.88094773786787,96.0660956416734,78.78448215478772,0.0168928149127614,0.8084702147753831,0.3363023016267901,subtropical,13_31
b148s0114,-0.5079806292796641,-0.5778662656911485,365,365,3,43.63888886666667,141.92777773333333,43.63888886666667,71.91666666666667,-123.77439867687389,123.77439867687389,105.9431048844184,65.84769623810523,0.0158089539099862,0.5305413353605691,0.4257834073573727,subtropical,13_32
b148s0116,-0.5361331107523554,-0.7626127763153562,365,365,1,44.0166666,144.2833333,44.0166666,43.5,13.663558838617266,13.663558838617266,19.277440017917044,15.378577513036976,0.0042181383129417,0.3986372231744157,0.4220513387826311,subtropical,13_32
b148s0117,-0.6599272491643534,-1.0103414337758003,365,365,2,43.67499995,145.72499994999998,43.67499995,38.1,23.519776396901964,23.519776396901964,3.0517578125e-05,3.0517578125e-05,0.0001000016927719,0.1829982174385894,0.3037948134725176,subtropical,13_32
b148s0212,-0.2965963974858888,-0.3960462930773805,362,362,1,43.7333333,-96.6333333,43.7333333,481.52,11.466641121568388,11.466641121568388,14.18315604049818,11.084017729457988,0.0024187582129037,0.983860150524336,0.0218413645163201,subtropical,13_8
b148s0224,-0.22193905105301795,-0.3130907319239207,365,365,2,43.87499995,-81.2333333,43.87499995,314.5,-2.202662599451685,2.202662599451685,9.40123382942602,3.994717891771897,0.0013294445012837,0.6134471242037314,0.3771918954546963,subtropical,13_9
b148s0225,-0.37116954593040147,-0.5105998490218452,365,365,4,43.522014,-80.0564584,43.522014,236.92,-35.55204670397561,35.55204670397561,20.192861252787196,12.199546126357,0.0030659392077337,0.6958194992931751,0.3391917143703456,subtropical,13_9
b148s0226,-0.5165999356981016,-0.7142069782396772,365,365,3,43.59648186666666,-79.16499996666666,43.59648186666666,98.46666666666664,-43.02862226694589,43.02862226694589,23.17972790299629,10.126672338102672,0.0028696519245195,0.7175069842494924,0.321563093764818,subtropical,13_10
b148s0227,-0.7075675094021633,-0.985887933357097,365,365,2,43.891666650000005,-77.65833330000001,43.891666650000005,78.5,-27.63663453423533,29.10162456928102,25.648975651609145,11.022419884652107,0.0032100488833138,0.7384945556609981,0.3135337551203031,subtropical,13_10
b148s0236,-0.6547091209793062,-0.8886351928703018,365,365,1,43.826944,-66.088056,43.826944,42.97,27.03908724279946,27.03908724279946,4.610048455846856,3.383062582018111,0.0009916161420812,0.2660805735572115,0.3618448741662419,subtropical,13_11
b148s0237,-0.9762333663207613,-1.3673395789869056,365,365,2,43.71666665,-65.06666659999999,43.71666665,7.5,-13.083539494527225,13.083539494527225,5.326560842482924,4.291093063501288,0.0009515653135256,0.2550071732831546,0.3548994690099014,subtropical,13_11
b148s0283,-0.5646824306248054,-0.6756323590539202,365,365,2,43.334363800000006,-8.3969613,43.334363800000006,82.725,-78.53140159104092,78.53140159104092,66.2044607795591,42.5882981468992,0.0095181065928777,0.3962570870743526,0.4462402959811083,subtropical,13_17
b148s0285,-0.5864907283307979,-0.7508632093307662,365,365,2,43.4567835,-5.9506443,43.4567835,232.895,-100.85810889601058,100.85810889601058,122.83221787730974,90.52308833265256,0.0183285589983215,0.5304312827401062,0.4622044858630645,subtropical,13_17
b148s0286,-0.6565012735690998,-0.893788151609279,365,365,2,43.45519865,-3.810003,43.45519865,31.935,-143.90362742127996,143.90362742127996,74.8850544731305,57.36681683490803,0.0095466543219887,0.5038134282536706,0.4583311216917343,subtropical,13_17
b148s0287,-1.0433162182836404,-1.2226943579942695,365,365,1,43.301097,-2.910608,43.301097,42.06,-170.2938818525806,170.2938818525806,72.13806036220694,67.16761858134345,0.0135840018495119,0.5922686463195054,0.4486589092834167,subtropical,13_17
b148s0288,-0.9576546129748101,-1.3628453758646701,365,365,4,43.3812345,-1.75765065,43.3812345,90.81,-88.7027112288072,97.42595267594254,69.85834791230965,66.60500584557082,0.0119086384225676,0.6841698040037044,0.4239595863858961,subtropical,13_17
b148s0289,-0.49330729170580284,-0.9636210239098424,365,365,3,43.65833343333333,-0.6642592333333334,43.65833343333333,94.20666666666666,-42.66240490529845,42.66240490529845,43.29061279964922,35.746193035058575,0.0069480495183513,0.8031467982538406,0.3543121593821934,subtropical,13_17
b149s0000,-0.7512270664630352,-1.3399111947100355,365,365,2,44.5,0.5545835,44.5,57.145,-61.706545975945815,61.706545975945815,29.53219899372479,26.264715956327706,0.005467228719717,0.9240009760526088,0.2329632214251799,subtropical,13_18
b149s0001,-0.35942245056488237,-0.641059223471763,365,365,3,44.68308566666667,2.1015386666666664,44.68308566666667,494.00666666666666,4.434332888044783,36.76586526401314,69.28472438046464,52.067955078762935,0.0108626271558706,0.9679750937045528,0.1444873649476091,subtropical,13_18
b149s0002,-0.4403255043412835,-0.5385094232398174,365,365,1,44.1166666,3.0166666,44.1166666,720.0,-10.800081428030126,10.800081428030126,118.2739649827089,86.57892095209563,0.0178985653811655,0.8915369516648934,0.2755755931645616,subtropical,13_18
b149s0003,-0.6172600781902444,-0.8556780294465667,365,365,3,44.4190492,4.6555723,44.4190492,138.01333333333335,-173.60942227466708,173.60942227466708,119.03675014937473,77.34686516505616,0.0181455288610708,0.8740735210861122,0.2867715384522997,subtropical,13_18
b149s0006,-1.749418291819671,-1.8855189200348412,361,361,1,44.411953,8.841875,44.411953,3.96,-312.2063541851532,312.2063541851532,99.27764673978449,72.69847919374816,0.0161768214448831,0.6787686576957066,0.4257759606201269,subtropical,13_18
b149s0009,-0.2978162731519422,-0.42037317628362075,365,365,1,44.224175,12.307203,44.224175,5.48,-40.4493922061984,40.4493922061984,53.35533421406711,22.849124091788955,0.0060104790708531,0.6547695662052859,0.4153426455675831,subtropical,13_19
b149s0011,-1.4737412438427564,-1.7145998286874826,365,365,3,44.7256221,14.390730633333334,44.7256221,52.123333333333335,-47.9867796710822,76.44648171632052,46.54592755499693,27.547378825289,0.0082050609647771,0.5529887068833806,0.4258896521587925,subtropical,13_19
b149s0012,-0.8500683252630831,-1.1073709780601775,365,365,3,44.26386743333333,15.310010066666669,44.26386743333333,220.02666666666667,-57.728452142824274,57.728452142824274,149.9250720688889,102.67700023149057,0.0297714329167073,0.5609648224755158,0.4313517942200527,subtropical,13_19
b149s0015,-0.3254803399581958,-0.406068137045089,365,365,2,44.4333333,19.57499995,44.4333333,149.5,-140.58941270727087,140.58941270727087,108.03787066184212,70.86047263214436,0.0175616568221488,0.980591975253825,0.0886914540099835,subtropical,13_19
b149s0016,-0.3202966577610989,-0.48097913555917476,365,365,3,44.66170353333333,20.57526853333333,44.66170353333333,118.7,-6.362842749784686,28.854762322581035,32.76169501602109,24.07415462962611,0.0051461985505117,0.9883205699894494,0.034125523482639,subtropical,13_20
b149s0017,-1.1480864039191594,-1.3495882843615277,365,365,5,44.67666662,22.24666664,44.67666662,127.0,-263.6685455365583,263.6685455365583,125.8856184211554,89.88665638266843,0.0229320371378646,0.9900825895366068,0.0163321439565634,subtropical,13_20
b149s0018,-0.46589185767485247,-0.7061310362996412,365,365,3,44.56160186666667,23.56842586666667,44.56160186666667,256.26666666666665,23.72202132999259,69.37814336755615,48.15692219781664,33.138155571603725,0.0090231187513423,0.9901594691596816,0.0149797428237161,subtropical,13_20
b149s0019,-0.34210632536153257,-0.4840051783954531,365,365,6,44.45277775,24.59166663333333,44.45277775,198.16666666666663,0.0089909088020287,13.089130575396268,26.07498914295465,17.38294413026948,0.0048382660729278,0.9886615133922202,0.0298304424170951,subtropical,13_20
b149s0020,-0.372539992390017,-0.48999575845131793,365,365,7,44.61535988571429,25.833889985714286,44.61535988571429,144.48857142857142,-17.651071714442782,21.299747209373145,19.32238716523964,12.26372295420913,0.0031809036476071,0.9762991000505302,0.0962646414715074,subtropical,13_20
b149s0021,-0.37059134219842504,-0.5080247443475293,365,365,4,44.55416665,27.175,44.55416665,46.0,-6.024237926830846,19.928400535876765,16.01587380058968,8.077438565010972,0.0022351252830579,0.8800261854620719,0.2678552078137043,subtropical,13_20
b149s0022,-0.4454427825608189,-0.5955035084524316,365,365,8,44.5062499625,28.3749999875,44.5062499625,67.12125,11.493549650660658,26.56713674644058,24.45647293178837,18.575571793039654,0.0042696297667348,0.6461548103809522,0.4160413424259771,subtropical,13_20
b149s0023,-1.4999911535254515,-2.053675866539408,365,365,1,44.9,29.6,44.9,2.0,-0.6731940188545549,0.6731940188545549,1.4372949218749729,0.964406738281232,0.0003623780608177,0.4099690062084352,0.4379791845416254,subtropical,13_20
b149s0027,-1.3561491975443758,-1.744003774036843,365,365,1,44.6833333,34.1333333,44.6833333,181.0,-206.97597120354828,206.97597120354828,106.11752087316091,101.18773164108194,0.0199929982456223,0.2954900439971049,0.3842555895777955,subtropical,13_21
b149s0051,0.016136412762536818,0.037080358523434644,363,363,1,44.7666667,65.5333333,44.7666667,132.0,4.724362916435524,4.724362916435524,1.2109127070939127,0.898679597180176,0.0001958276180385,0.9942584855092298,0.0146686211667714,subtropical,13_24
b149s0065,-0.7050781233509511,-0.8355526144069195,364,364,1,44.5666666,82.8166666,44.5666666,330.2,-229.3953068055335,229.3953068055335,215.45801626562832,76.4743526853735,0.0226537598134029,0.9784049948890592,0.0807285454100854,subtropical,13_26
b149s0078,-0.7590212064213019,-0.8563762859423208,365,365,1,44.6166667,98.7,44.6166667,2103.0,186.5087838351644,186.5087838351644,136.76608643307233,56.426333456558126,0.0188410772055426,0.9964366089573526,0.0170986092806258,subtropical,13_27
b149s0080,-1.374544700862148,-1.6637040813398236,362,362,1,44.65,102.1666667,44.65,1646.0,-25.26115145830136,25.26115145830136,144.2187701810895,81.50929885824775,0.0223541090328018,0.9985916706376928,0.0070360836771275,subtropical,13_28
b149s0083,-0.1343219377194406,-0.17850745436449125,364,364,1,44.4166666,105.3166666,44.4166666,1298.0,7.90897764908641,7.90897764908641,35.26166467973641,22.91963139850082,0.0057208394475445,0.9996197803271524,0.0009181430194022,subtropical,13_28
b149s0084,-0.21795283491990367,-0.25232115847453773,365,365,1,44.5666667,107.1833333,44.5666667,1093.0,-14.558529980863568,14.558529980863568,61.02487335354562,20.66865184537421,0.0074366119176768,0.9998294239205756,0.0005841873766298,subtropical,13_28
b149s0087,-0.3440131318992399,-0.4544067775231757,365,365,1,44.9,110.1166666,44.9,938.0,6.456656264276489,6.456656264276489,41.659267986826194,25.736195517334004,0.0061065226984369,0.999416744720009,0.001105996984497,subtropical,13_29
b149s0090,-0.7237165276586374,-1.1151293136503757,365,365,1,44.6166666,114.15,44.6166666,1183.0,-41.324535050754776,41.324535050754776,36.68964621696746,18.190254815268528,0.0050716222757959,0.997304828934744,0.0071096136069933,subtropical,13_29
b149s0093,-0.7530380154241753,-1.2850940310202315,363,363,1,44.5833333,117.6,44.5833333,997.0,-67.42764254142912,67.42764254142912,44.28935830193104,34.15739623418689,0.007868695341072,0.9926329270928104,0.0220107774492245,subtropical,13_29
b149s0095,-0.28601117191375364,-0.3162926417756849,365,365,1,44.5666666,120.9,44.5666666,266.0,-75.76518004440578,75.76518004440578,42.512125247274994,26.817858052328678,0.0074891750794862,0.9928064552348932,0.0132483866114811,subtropical,13_30
b149s0098,-0.40258981334296,-0.5358156048807418,365,365,1,44.25,123.9666666,44.25,190.0,3.656069796707186,3.656069796707186,5.982390811645479,3.116271901123043,0.0008426864705204,0.9801055591180032,0.0308799157993304,subtropical,13_30
b149s0102,-0.714609612532369,-0.9278712226595257,365,365,1,44.5,129.6666666,44.5,306.5,-108.55335634063158,108.55335634063158,66.91493577678254,50.23495415737318,0.0109397269976556,0.9791802727324947,0.0965458346369887,subtropical,13_30
b149s0103,-0.27210854886781066,-0.3424113879073427,365,365,1,44.3833333,131.15,44.3833333,498.0,35.84838958658139,35.84838958658139,97.3318338394094,75.02089470171629,0.0165630585368785,0.925231535611209,0.2025471805821228,subtropical,13_31
b149s0104,-0.44313000260876095,-0.4810372660277471,365,365,1,44.4,131.3833333,44.4,211.0,-146.63642770528844,146.63642770528844,81.45134863541729,55.7191728822434,0.0132983232574992,0.9164346510117556,0.212643393484374,subtropical,13_31
b149s0107,-0.9490124899992306,-1.2161501775184629,365,365,1,44.3666666,135.85,44.3666666,34.0,-139.4467443472071,139.4467443472071,44.73113858323296,38.96961152071857,0.0080650996847183,0.5128203275232359,0.4672132349468231,subtropical,13_31
b149s0112,-0.5355606526120894,-0.7204654709258499,349,349,2,44.64999995,142.14166665,44.64999995,8.985,-81.79117833611537,81.79117833611537,37.19527474370277,28.844960562522,0.0064514428085865,0.3632638363718444,0.4132286876749386,subtropical,13_32
b149s0113,-0.6062620795128012,-0.8648288353188697,349,349,2,44.46666665,143.15833329999998,44.46666665,16.82,-105.64319919192452,105.64319919192452,54.34720320442299,40.378172165586165,0.0089324243222101,0.4310809465759392,0.4330354264836096,subtropical,13_32
b149s0220,-0.5462956565265205,-0.7536220185884982,365,365,1,44.75,-81.1,44.75,222.19,12.607089424014331,12.607089424014331,15.932183837889204,14.933020019529875,0.0032218068838116,0.525346794090795,0.385841010127215,subtropical,13_9
b149s0221,-0.1438092953957378,-0.21140624676712857,365,365,1,44.2333333,-79.7833333,44.2333333,251.0,-15.640541457733208,15.640541457733208,39.60152820161761,20.42885343365414,0.0060995251481839,0.7015291837882046,0.330343752925465,subtropical,13_10
b149s0222,-0.3778538145110559,-0.5646488038636364,365,365,4,44.5535069,-79.107916525,44.5535069,245.8525,-0.8644363271918465,32.709200510513234,24.729213335113837,15.894115305572065,0.003814811182439,0.7371426312574991,0.3035856973929832,subtropical,13_10
b149s0223,-0.6097884847983632,-0.8654135885021074,364,364,1,44.1166666,-77.5333333,44.1166666,86.3,-29.88279887621519,29.88279887621519,12.505215761257755,10.694845000016066,0.0024312990586709,0.7493313822898613,0.3052253814000112,subtropical,13_10
b149s0224,-0.3108979983950244,-0.48517912078598485,365,365,1,44.2209718,-76.59847199999999,44.2209718,92.96,-8.833923228140279,8.833923228140279,12.366767746522603,7.128483406632915,0.0016557018502932,0.8019764103738524,0.2761202222481138,subtropical,13_10
b149s0225,-0.21273406390274033,-0.3284473252527094,365,365,1,44.6333333,-75.7333333,44.6333333,120.0,15.087732416526222,15.087732416526222,11.53031590091611,8.030604461132274,0.0019282659145787,0.8806573236873594,0.1934544239997869,subtropical,13_10
b149s0232,-0.8301730384721404,-1.2482762658644861,365,365,2,44.49166665,-66.57499999999999,44.49166665,47.0,38.17006595331743,38.17006595331743,1.9815303393127284,1.4700782591284205,0.0004706290738958,0.4397659966224748,0.3974177816954932,subtropical,13_11
b149s0233,-0.45095689487231555,-0.6110978508948132,365,365,2,44.700555300000005,-65.058472,44.700555300000005,96.52,-28.52923629602769,51.89308078079792,30.19046338805342,20.69868543431732,0.0054191759925788,0.5055328537470161,0.3784045657603356,subtropical,13_11
b149s0234,-0.37601687519066324,-0.5098370601826785,365,365,4,44.7118749,-63.5604858,44.7118749,57.845,-3.616735732137318,47.21793416679728,25.270334186614896,17.707367291194814,0.0042586106979581,0.4261398224345512,0.3913261992501206,subtropical,13_11
b149s0284,-0.7725422661706084,-1.3296083509918886,365,365,3,44.59833376666666,-1.0301853333333333,44.59833376666666,37.99,8.752606020848281,8.752606020848281,9.350597581489415,6.886496308386829,0.0016867388811973,0.6067478138933621,0.4460991158767539,subtropical,13_17
b150s0000,-0.3645236295128707,-1.0049837147725733,365,365,2,45.7897223,0.6980552999999999,45.7897223,264.62,38.34356778308172,38.34356778308172,34.77157525049954,27.313571537125725,0.0058641083810995,0.922997275173854,0.2184761144023327,midlatitude,13_18
b150s0001,-0.8393087578230044,-0.9338139548348728,364,364,1,45.150833,1.469167,45.150833,115.51,-153.65646873552362,153.65646873552362,56.999082903520126,41.64542092605427,0.0085254861401918,0.9764796973140352,0.1235272574214826,midlatitude,13_18
b150s0002,-1.0425869239771781,-1.3830149427746015,363,363,1,45.786661,3.169169,45.786661,332.23,-273.5866595839973,273.5866595839973,130.9036417213329,75.0304898728022,0.0194142460616174,0.9936524815059402,0.0445621611038033,midlatitude,13_18
b150s0003,-0.5841754114220896,-0.9429636489146187,365,365,3,45.66470433333333,4.777165666666666,45.66470433333333,284.9866666666667,-114.75344824756036,114.75344824756036,87.83853525752865,60.815009847343255,0.0152211265710353,0.9856608313741893,0.0716580867822977,midlatitude,13_18
b150s0004,-1.5010905398532657,-1.8520799573306979,365,365,3,45.406998,5.686533333333333,45.406998,284.75666666666666,-457.7325458372309,457.7325458372309,250.50883767002463,231.10221041070145,0.0493739629666524,0.9721981727048112,0.1174860551253658,midlatitude,13_18
b150s0006,-0.7132347752363847,-0.8125822979905793,364,364,1,45.85,8.9333333,45.85,352.35,-149.48683055501743,149.48683055501743,156.0522685973766,165.1460018887267,0.0346200014047684,0.9525222562020854,0.1513608568194439,midlatitude,13_18
b150s0008,-0.2706819684344198,-0.36985154204577825,365,365,1,45.432167,10.267667,45.432167,101.49,-112.43776136265514,112.43776136265514,101.06871203762628,61.4313833072842,0.0171447268403968,0.9127039507903462,0.2302702372126716,midlatitude,13_19
b150s0010,-1.4055739099903606,-1.6651460568845604,365,365,3,45.5355621,13.727214866666666,45.5355621,117.07666666666668,-92.65145121121516,154.80772051723474,78.77575596947902,64.16866191815213,0.0141258128091046,0.707239319257816,0.3821110341383496,midlatitude,13_19
b150s0011,-1.3639476983594383,-1.593635610243294,365,365,5,45.3933333,14.98333332,45.3933333,171.6,-303.33478163925645,303.33478163925645,184.9400604249154,112.2395949530838,0.0311560497893246,0.7743057198422681,0.3478190853243007,midlatitude,13_19
b150s0012,-0.368384996186891,-0.5263089252091094,365,365,6,45.70993295,15.919796283333332,45.70993295,128.53,-66.27862683063877,66.27862683063877,89.30067125689474,55.67370228582039,0.0151600007293512,0.9188769122785492,0.2194164424485633,midlatitude,13_19
b150s0013,-0.5056275164102236,-0.597715716387491,365,365,2,45.74166665,17.21666665,45.74166665,212.0,10.193320698111693,85.92935450313819,55.04492890231819,44.23448365233171,0.0096814643939654,0.9733229058685308,0.1019849310114254,midlatitude,13_19
b150s0014,-0.33795964743919854,-0.5006420153875476,365,365,5,45.40920006,18.64536452,45.40920006,90.744,-14.561828316505268,17.392888128936193,25.316440207410984,15.798491140971814,0.0043073219794958,0.9827864423122544,0.0576420811697338,midlatitude,13_19
b150s0015,-0.24822487518648986,-0.3240167702880088,365,365,3,45.51666663333333,20.244444400000003,45.51666663333333,83.66666666666667,-2.904686381133553,7.246535153966339,12.278604363807863,8.37976419072447,0.0019057060147639,0.9887009572876888,0.0193256669165834,midlatitude,13_20
b150s0016,-0.5375743324959844,-0.7173053785242688,365,365,6,45.36779165,21.199624983333333,45.36779165,125.69833333333334,-19.05831650719308,21.851741795576213,34.960899923697234,24.34380698530498,0.0052995295103392,0.9902374298440264,0.0155676956954053,midlatitude,13_20
b150s0017,-0.6444337456241342,-0.7816091489026838,365,365,4,45.567499975,22.250833225,45.567499975,225.9875,-204.10674284921495,204.10674284921495,128.7153928806668,81.46671964835356,0.0201075345670615,0.9930388953345184,0.0127866786182628,midlatitude,13_20
b150s0018,-0.6170120979759823,-0.7279270537069956,365,365,2,45.40946515,23.679004300000003,45.40946515,330.74,-239.1504692150722,239.1504692150722,185.65630233942977,97.21263661474195,0.0250604233524981,0.9939033121993008,0.0111195461830193,midlatitude,13_20
b150s0019,-1.0606907869341144,-1.1704595523994055,365,365,3,45.36666663333333,24.6555555,45.36666663333333,372.3333333333333,-263.591345116672,263.591345116672,197.69954990196115,94.41767993630926,0.0276415285738313,0.9935668629401696,0.0168202896481769,midlatitude,13_20
b150s0020,-0.8578571198416162,-1.042693173745474,365,365,3,45.20342589999999,26.311111066666665,45.20342589999999,283.6666666666667,-164.32966266163774,164.32966266163774,88.424791128234,65.95363974610257,0.015130551365085,0.971441267310822,0.109967799817209,midlatitude,13_20
b150s0021,-0.39942790448083615,-0.5232533062997207,365,365,5,45.52333332,27.5233333,45.52333332,72.0,-32.53918493512096,46.44024436627136,39.41407691438802,29.03635754600466,0.0075100617636965,0.9085172987337944,0.2217058888928887,midlatitude,13_20
b150s0022,-0.6155532587074496,-0.7884991141656942,365,365,3,45.10971753333333,28.982548066666663,45.10971753333333,79.32000000000001,44.366577763447744,58.480721945006685,28.450424964512905,19.636478752623574,0.005037015521636,0.6084217738845737,0.4292914496088698,midlatitude,13_20
b150s0023,0.10514443668750455,0.08681048826185567,365,365,1,45.1666666,29.7333333,45.1666666,9.0,6.273148457854479,6.273148457854479,1.6203680991777554,0.4935603490179931,0.0002512695619808,0.4387944899893272,0.4408865576786788,midlatitude,13_20
b150s0025,0.03070114029288769,-0.019155861871883745,365,365,1,45.5166666,32.7,45.5166666,10.0,-12.420507298363926,12.420507298363926,20.998085728095703,16.429607058686532,0.0037307988232207,0.3842825808602664,0.4090817337139849,midlatitude,13_21
b150s0028,-1.2982057024986566,-1.5867396689610256,365,365,1,45.4,36.4166666,45.4,49.0,22.59452691897839,22.59452691897839,20.191726831123063,13.168471803339848,0.002770653002398,0.3468550447154618,0.379038917981768,midlatitude,13_21
b150s0035,-0.16538898767346563,-0.22337727554105444,363,363,1,45.35,46.0333333,45.35,-1.66,8.660432906242265,8.660432906242265,1.6794153304785144,1.305535906555176,0.0003205188180845,0.8838749965744434,0.2711545567011513,midlatitude,13_22
b150s0066,-0.3851755301419007,-0.42409137795512303,365,365,1,45.6,84.85,45.6,428.0,-149.22843045280968,149.22843045280968,76.03453979492201,28.585526123047096,0.0091048327088356,0.9896436376271486,0.0493662215969108,midlatitude,13_26
b150s0076,-7.773484312821623,-8.335710489568415,364,364,1,45.15,97.7666667,45.15,2417.0,-41.23592929590495,41.23592929590495,219.580297489508,109.90658271594113,0.0332039928080674,0.9965550070098976,0.0173109717629352,midlatitude,13_27
b150s0081,-0.5080287773794264,-0.9296887118361142,365,365,1,45.45,103.9,45.45,1316.0,-36.86263817154713,36.86263817154713,34.8236425781251,23.4506420898438,0.0056368374824524,0.9992411432777388,0.002340112349708,midlatitude,13_28
b150s0082,-0.1357413256997805,-0.15714570827524663,365,365,1,45.7666666,106.2833333,45.7666666,1393.0,-28.60144674876005,28.60144674876005,50.50578499595784,27.48900993430567,0.0077157568315985,0.9992706981833892,0.0016985487836103,midlatitude,13_28
b150s0087,0.01609349521927454,0.16324830629541273,365,365,1,45.7333333,112.3666666,45.7333333,1101.0,98.07908830710642,98.07908830710642,68.75845270937087,20.828219269371157,0.0081970077990439,0.998500728775112,0.0021796809795546,midlatitude,13_29
b150s0090,-0.1328967815959683,-0.18969331006068715,365,365,1,45.9,115.3666666,45.9,1076.0,-30.49109584602752,30.49109584602752,31.93891828615247,25.31890255101568,0.0060579983688759,0.9960857761042464,0.0156644722459778,midlatitude,13_29
b150s0091,-0.8094382564157222,-1.0900795513473778,365,365,1,45.5166666,116.9666666,45.5166666,840.0,-91.89819436126992,91.89819436126992,62.32537922832429,32.759279818135454,0.0095306353581262,0.9900582298253984,0.0269235035925441,midlatitude,13_29
b150s0097,-0.5303359314952615,-0.733910555910973,365,365,1,45.0833333,124.8666666,45.0833333,136.0,-23.220522646654445,23.220522646654445,13.9246046571075,7.429264230517602,0.0018063076531679,0.9653413523851972,0.0469213236780075,midlatitude,13_30
b150s0099,-0.771957527220588,-1.0734580683709627,364,364,1,45.2166666,127.9666666,45.2166666,191.0,-82.52535269705419,82.52535269705419,61.97555855683613,45.19854630468967,0.0099722388995226,0.9901709515777396,0.0187368066696615,midlatitude,13_30
b150s0102,-0.6256099488569715,-0.8163432710671822,365,365,1,45.3,130.9166666,45.3,273.5,-59.54219116323338,59.54219116323338,75.44553681420915,55.9227547246536,0.0116302472353113,0.959078086318516,0.1317972621549688,midlatitude,13_31
b150s0103,-0.37719340580792354,-0.5394165503049807,365,365,1,45.7666666,132.9666666,45.7666666,103.0,37.87626663504176,37.87626663504176,14.695538442239812,7.564139568374903,0.0026399198421676,0.9455574862633112,0.1515459831774777,midlatitude,13_31
b150s0104,-0.2623307650545403,-0.3684280904412225,365,365,1,45.8666666,133.7333333,45.8666666,101.0,-3.4157584913315446,3.4157584913315446,32.53703173116167,31.63247982537031,0.0059330883530523,0.9572441319084772,0.1402200073525371,midlatitude,13_31
b150s0106,-0.9270883692926427,-1.2095409058755557,364,364,1,45.0,136.6,45.0,68.0,-108.41839338612296,108.41839338612296,79.19964599609477,75.5882568359385,0.0151105456054212,0.5117436144126506,0.4683844869751973,midlatitude,13_31
b150s0110,-0.0741948250155016,-0.17831463863176902,365,365,1,45.4166666,141.6833333,45.4166666,11.7,-6.167614807190741,6.167614807190741,9.831632511401054,12.403950242715986,0.002168071892687,0.2067397824331993,0.3291807997815475,midlatitude,13_32
b150s0216,-1.243468895044346,-1.7147998917384488,365,365,1,45.8833333,-82.5666666,45.8833333,194.0,2.153297291738568,2.153297291738568,2.473172262456536,0.9478655670776136,0.0003887077116433,0.5409219419609423,0.3639061016666234,midlatitude,13_9
b150s0217,-1.3918346164465447,-2.0397870112871956,365,365,1,45.2333333,-81.6333333,45.2333333,214.0,35.40075369078133,35.40075369078133,1.254215722662224,0.9062331349777604,0.0002848874604476,0.4677213160423785,0.3772579059556065,midlatitude,13_9
b150s0219,-0.7527022970554743,-1.2075300615131335,365,365,2,45.3333333,-78.83333329999999,45.3333333,347.0,-14.418626818577764,27.160663207036635,20.349773169811304,18.148510696164955,0.0034773098489698,0.8019098069525482,0.2396871619619179,midlatitude,13_10
b150s0220,-0.5586889377777243,-0.8362471085459203,365,365,2,45.4666666,-77.5583333,45.4666666,246.5,-39.031734432593055,39.031734432593055,33.89287788193515,25.82569882179637,0.0059523221652712,0.8703420762061349,0.1627323676530008,midlatitude,13_10
b150s0221,-0.2204766840678014,-0.2836455154585323,365,365,3,45.23527776666666,-75.67305563333333,45.23527776666666,97.33,-6.580445382473589,18.3782129168864,22.807530186734,15.42661475536093,0.0044993261978502,0.9096048576432642,0.1303688993104755,midlatitude,13_10
b150s0222,-0.38308394497314785,-0.4657026682063206,362,362,1,45.521694,-75.563589,45.521694,64.31,-74.52866481117488,74.52866481117488,41.32636113266222,26.212514204517763,0.0073372302747621,0.919569585641237,0.0997393213735002,midlatitude,13_10
b150s0223,-0.3170621862473831,-0.45651358797672464,365,365,9,45.45925958888889,-73.75555551111111,45.45925958888889,45.21333333333334,-10.31275339923703,24.41717452556493,25.722990015795794,14.525123038541317,0.0038646079365455,0.9377148917228884,0.0665199677774473,midlatitude,13_10
b150s0224,-0.12588082570521988,-0.23577153740002968,365,365,2,45.4333333,-72.69166665,45.4333333,118.5,-15.60666845263053,15.60666845263053,28.31205238062099,28.546064759132378,0.005161344086342,0.9466174006101118,0.0709236878881353,midlatitude,13_10
b150s0225,-0.25378494968198817,-0.3278632091764951,363,363,1,45.438611,-71.691389,45.438611,241.4,-66.70121811782903,66.70121811782903,48.29958387273764,35.17419368059915,0.0083033246551292,0.9482035993072212,0.0950690762834672,midlatitude,13_10
b150s0229,-0.5282756272894867,-0.7548084527931657,365,365,4,45.520833275,-66.324999975,45.520833275,46.6325,-17.874100292160662,43.9572828352337,28.515984545660885,20.352933578553493,0.0047144696533796,0.705814087606732,0.3355354339079834,midlatitude,13_11
b150s0230,-0.4062321265664881,-0.5288524290648967,365,365,4,45.4841675,-64.557499975,45.4841675,125.725,22.69060155143905,90.97256073916896,44.98497466563064,27.44137316908399,0.0074295236931999,0.6055821875509454,0.3494537305081987,midlatitude,13_11
b150s0231,-0.6417805490131565,-0.9070519040367521,365,365,2,45.3233333,-63.2583333,45.3233333,31.3,-78.74315796349836,78.74315796349836,55.92123781663108,31.17853457992188,0.00944956330838,0.4908008908795974,0.3704875830561571,midlatitude,13_11
b150s0232,-0.1492751394620586,-0.20127546946174527,365,365,2,45.6833333,-62.17499995,45.6833333,34.5,-26.91841791242849,26.91841791242849,38.98510790493684,26.74346816428873,0.0063507644171556,0.3828616347305744,0.3547379321638114,midlatitude,13_11
b150s0233,-0.46800344519648546,-0.660886594014421,365,365,2,45.5033335,-61.17569465,45.5033335,61.45,21.397522429295776,29.233994547420224,26.42032996164344,22.203109868504782,0.0050772124645289,0.2732297922930986,0.331894381706593,midlatitude,13_11
b150s0280,-0.4942713410115907,-1.1471967458927341,365,365,1,45.658333,-0.3175,45.658333,31.08,-25.39561146852558,25.39561146852558,18.58621085735238,16.385041905036676,0.0036984912922227,0.7768633999515454,0.3767064598375519,midlatitude,13_17
b151s0000,-0.2710433904302642,-0.7818625962014282,365,365,1,46.587745,0.306666,46.587745,128.93,5.166739127280309,5.166739127280309,14.67348635729238,12.21435704513269,0.0024916885116465,0.923902129928522,0.2306939883707017,midlatitude,13_18
b151s0001,-0.9018039381226152,-1.1367070856810575,365,365,1,46.1833333,1.95,46.1833333,366.0,-77.0708432055348,77.0708432055348,46.05754674954345,43.26309284021241,0.0092999659350728,0.9910761722425196,0.0643364056417943,midlatitude,13_18
b151s0002,-0.6831005473770748,-0.8461778804886159,364,364,1,46.169689,3.403736,46.169689,249.02,-126.24522292762796,126.24522292762796,69.91244925987097,41.24874573110003,0.0101804424296279,0.9950333528550952,0.026452581248501,midlatitude,13_18
b151s0003,-0.42074131154398886,-0.5753713884446675,365,365,3,46.21365743333333,4.397454766666667,46.21365743333333,394.8366666666666,30.23924278988727,132.74578462069215,81.08671203912581,51.02757038211761,0.0138273623360853,0.9914207270889204,0.0359392662420018,midlatitude,13_18
b151s0004,-0.9145721482191829,-1.103064393291847,365,365,4,46.138658,5.942373075,46.138658,394.13,-279.12930779439114,279.12930779439114,202.12736768649145,154.28316008943938,0.0358107089716323,0.981303900158636,0.0610358836755731,midlatitude,13_18
b151s0005,-3.0121943080565514,-3.4537464577537826,365,365,6,46.39770975,6.896127283333333,46.39770975,436.5516666666667,-758.3795993468888,758.3795993468888,347.88615269825874,295.2177480948464,0.0648100221028606,0.9757791898711394,0.0671546959735305,midlatitude,13_18
b151s0006,-4.425642873504553,-4.815019285411388,365,365,7,46.35822971428571,8.591511114285714,46.35822971428571,428.6385714285715,-962.4835493404728,962.4835493404728,357.04723141819306,358.4416903754652,0.0713411885443224,0.9683940993412028,0.0891092050170195,midlatitude,13_18
b151s0007,-3.302370562336538,-3.5865619301949656,365,365,1,46.25,9.1666666,46.25,324.32,-980.7386987075572,980.7386987075572,456.6482136955809,474.8156768113524,0.0967480824519634,0.9673976951999298,0.0983744902376229,midlatitude,13_18
b151s0010,-1.8306771516178255,-2.1291191120971233,365,365,7,46.66190471428571,13.654761885714285,46.66190471428571,618.6142857142858,-547.2673627026824,547.2673627026824,320.4040414394714,281.2110203684106,0.0585557473612408,0.9338982806113856,0.1997778578880142,midlatitude,13_19
b151s0011,-0.81069406624735,-0.97351552244549,365,365,5,46.3880705,14.81818884,46.3880705,329.468,-271.93575171347914,271.93575171347914,203.59940896829332,134.89197129004543,0.0316920988160263,0.923941992982671,0.2045217734513151,midlatitude,13_19
b151s0012,-0.3098711403222894,-0.4072797603642382,365,365,6,46.2513197,16.26123015,46.2513197,185.3683333333333,-61.35936374939552,61.35936374939552,65.18202995144561,45.7357978903036,0.0115366920664781,0.9680854127469012,0.1192157585227696,midlatitude,13_19
b151s0013,-0.5752579135324504,-0.8084560798693587,365,365,2,46.56666665,17.066666599999998,46.56666665,133.0,-33.73899379337436,33.73899379337436,35.049186814392584,28.991064385823808,0.0062905921663448,0.979886749868918,0.0583661163096761,midlatitude,13_19
b151s0014,-0.48743535681961125,-0.6972579554416485,365,365,3,46.25253153333333,18.70254986666667,46.25253153333333,171.9333333333333,47.630679694664686,56.1580820609586,20.793929577276955,18.03268499371677,0.0044168268110895,0.9837617379220296,0.0335557821837788,midlatitude,13_19
b151s0015,-0.26084929805462354,-0.3640782902153614,365,365,3,46.13888886666666,20.15555553333333,46.13888886666666,91.4,3.210201172875496,3.210201172875496,4.046682802630207,2.064554364358723,0.0005201865303655,0.9892427059324348,0.0174129809986671,midlatitude,13_20
b151s0016,-0.5710441997130538,-0.7596145792801482,365,365,4,46.41080415,21.4030055,46.41080415,191.57,64.01785404128715,73.9821822052677,24.993992644386765,16.366107421171236,0.0049092912492377,0.993717016047672,0.0110138961597343,midlatitude,13_20
b151s0017,-0.7790173655427384,-0.943663398766008,365,365,5,46.35333328,22.35855552,46.35333328,208.4,-188.15824826013292,188.15824826013292,120.56974925717864,81.72633384656034,0.0204898472865976,0.9957330252850256,0.0086866540820706,midlatitude,13_20
b151s0018,-0.5407842999052118,-0.7425298625098605,365,365,8,46.3795197625,23.9602531375,46.3795197625,325.93625,-112.98447826892055,120.23534525120266,78.69218666258037,56.68158246755953,0.0133886033130511,0.9972413721763336,0.0063749135949289,midlatitude,13_20
b151s0020,-0.7269049387478083,-0.8480928709347162,365,365,3,46.2962042,26.90898153333333,46.2962042,176.67,-150.79081168747766,150.79081168747766,92.048174643703,75.62630801734419,0.0190111338832467,0.9792997756200336,0.0889370289569951,midlatitude,13_20
b151s0021,-0.380286352512972,-0.48352349444236276,365,365,2,46.44166665,27.6833333,46.44166665,145.0,-43.80516433566443,43.80516433566443,48.02914750599611,45.47814681308591,0.009890984208872,0.9597334751921514,0.1440417085941407,midlatitude,13_20
b151s0023,0.007362688751389864,-0.06998356205079943,357,357,1,46.426767,30.676464,46.426767,52.42,24.90931453808984,24.90931453808984,15.46828017960572,11.20357963319224,0.0031120985768763,0.6371901011020551,0.4230628938643399,midlatitude,13_21
b151s0025,-0.3526474272493825,-0.45383248924721187,363,363,1,46.6333333,32.5666666,46.6333333,54.0,31.72516518061671,31.72516518061671,9.010794517586366,5.991695890593933,0.0014509749762204,0.6972780298583008,0.3801100553978118,midlatitude,13_21
b151s0033,-0.12564094363976874,-0.1495121266164404,364,364,1,45.916667,43.35,45.916667,87.0,14.12879204560761,14.12879204560761,22.67172564970709,14.664000516162185,0.003768890792197,0.9777277830914904,0.0472443348712812,midlatitude,13_22
b151s0037,-0.399561946579754,-0.6000409678632425,364,364,1,46.6,49.2666666,46.6,-23.0,4.186574059343641,4.186574059343641,0.6338097583398443,0.4205843176464835,0.0001001262659811,0.6455596889869021,0.421653926358536,midlatitude,13_22
b151s0063,-0.2619734334647219,-0.2890001029481591,365,365,1,46.7333333,83.0,46.7333333,535.0,-107.45039246845396,107.45039246845396,98.88785776036352,35.24381197747786,0.0113440067138164,0.9542149332319264,0.1356815445228529,midlatitude,13_26
b151s0070,-1.709108919305552,-2.2744665201838106,364,364,1,46.1166666,91.4666666,46.1166666,1186.0,-325.29779766840534,325.29779766840534,202.50692937933152,137.68690806439122,0.0331063549618599,0.9964866891060232,0.0228499021189172,midlatitude,13_27
b151s0072,0.29242721347642314,0.6934082409593839,365,365,1,46.3166667,93.9,46.3166667,2095.0,-164.59747474296,164.59747474296,212.75528416133872,121.31601891914818,0.0352057119176639,0.9946456805450244,0.0271879520902473,midlatitude,13_27
b151s0074,-0.5793117820942847,-0.9429243143907344,363,363,1,46.4,96.25,46.4,2181.0,16.701571127755415,16.701571127755415,175.11840209960957,74.03012695312523,0.0236382752656936,0.998125788611074,0.011003166278004,midlatitude,13_27
b151s0077,-1.8843388634460447,-2.3163206163144774,365,365,1,46.7,100.1333333,46.7,2126.0,-260.12840956831906,260.12840956831906,170.09691046199436,120.17383903059846,0.0289967665848991,0.9963013371465878,0.0156120551734731,midlatitude,13_28
b151s0079,-0.832530938003376,-0.9855907209303587,365,365,1,46.2666666,102.7833333,46.2666666,1813.0,-18.898295392194317,18.898295392194317,76.91464058030408,49.46166563917812,0.0138451292109734,0.9989910226518102,0.0042895351063122,midlatitude,13_28
b151s0083,-0.4890602926659746,-0.649994956806157,365,365,1,46.45,108.2166666,46.45,1286.0,-12.742014332031886,12.742014332031886,24.726822956640568,18.531237384189488,0.0039168091624081,0.9994024677787068,0.0011858012922377,midlatitude,13_28
b151s0087,-0.3237697791640941,-0.28605401750534526,365,365,1,46.6833333,113.2833333,46.6833333,981.0,-36.23583924589752,36.23583924589752,44.46596118049188,19.72601759422688,0.0052580760543718,0.9980648939864034,0.0045734270095946,midlatitude,13_29
b151s0096,-0.28683047474316375,-0.4618674447186168,365,365,1,46.3833333,125.3166666,46.3833333,150.0,4.266673771317784,4.266673771317784,4.245207203693376,3.1503466896946417,0.0016164579441004,0.958978611824063,0.0585734594040772,midlatitude,13_30
b151s0097,-0.3511571557319675,-0.5118638433372927,365,365,1,45.9333333,126.5666666,45.9333333,117.7,-12.576423042603253,12.576423042603253,10.51902748502743,6.019068992345659,0.0015724172742356,0.9798354622851874,0.0351585792289691,midlatitude,13_30
b151s0099,-1.055969388012701,-1.7250513803338698,365,365,1,45.9666666,128.7333333,45.9666666,110.0,-30.50725426551236,30.50725426551236,50.65215767522007,35.52702969686314,0.0091721187780018,0.9897903147340964,0.0237109918733144,midlatitude,13_30
b151s0101,-0.6798350977033198,-0.9600818060028775,365,365,1,46.3166666,132.1833333,46.3166666,83.0,-74.23018975566143,74.23018975566143,53.13583788952299,41.01982018686273,0.0089990521110576,0.9651848300875756,0.109397735485994,midlatitude,13_31
b151s0106,-1.037188558706243,-1.4044476896522389,365,365,1,46.5333333,138.3333333,46.5333333,4.0,-151.26493602590762,151.26493602590762,26.737798451004394,28.479521053160603,0.0048182672257516,0.4723127059305447,0.4647893191436488,midlatitude,13_31
b151s0211,-0.6416414326470704,-0.9519726812023551,365,365,1,46.485001,-84.509445,46.485001,192.02,-20.64938306863101,20.64938306863101,32.76857252619193,21.611618288506733,0.0058459339092269,0.5837512271555794,0.3577095140109283,midlatitude,13_9
b151s0214,-0.1810133951836578,-0.17320750661477913,365,365,1,46.625,-80.798889,46.625,347.77,56.123970103351326,56.123970103351326,17.958244170654833,13.598801204650991,0.0031668854368478,0.7861470793483275,0.2624844878389689,midlatitude,13_9
b151s0215,-0.293251866152282,-0.37031884560430717,365,365,1,46.363611,-79.422778,46.363611,370.33,90.44554859487972,90.44554859487972,33.007411217520286,21.15769881596309,0.0050575516506204,0.831434041746209,0.204452852983385,midlatitude,13_10
b151s0217,-0.5021511901709903,-0.6784493703641649,360,360,1,45.952221,-77.319168,45.952221,130.14,-77.26806413397159,77.26806413397159,42.70512968172744,28.56008853517329,0.0070341303433412,0.9011498651334354,0.1028286018390482,midlatitude,13_10
b151s0218,-0.4837676844339356,-0.7054946436899207,365,365,1,46.2666666,-76.0,46.2666666,200.0,-32.73644987776163,32.73644987776163,29.858048237402347,32.31385021823729,0.0065605492925941,0.9184959469477052,0.0590629795609687,midlatitude,13_10
b151s0219,-0.6522910661202928,-0.9869105119085765,347,347,1,46.0666666,-74.55,46.0666666,239.0,-102.76893813830752,102.76893813830752,54.55392580719641,47.995445512885134,0.010151909744154,0.9301934805565352,0.0561551752675984,midlatitude,13_10
b151s0221,-0.30479142399764175,-0.47154610367921795,365,365,4,46.35416665,-72.483333325,46.35416665,55.25,-22.794350113647397,26.83463957921452,23.900428985811608,13.823057874498414,0.0035810327810181,0.9400028980079,0.0729234856853532,midlatitude,13_10
b151s0222,-0.34147532234008865,-0.4677288652671879,365,365,4,46.456111075,-71.20666655,46.456111075,201.8425,-50.029856534406285,81.25067144227532,60.00146321872785,39.49664416884926,0.0092924120227178,0.9326535449351788,0.1081135949685269,midlatitude,13_10
b151s0225,-0.4129151936291506,-0.5384646734110099,365,365,1,45.92,-66.6,45.92,35.0,-58.29116275690646,58.29116275690646,35.999527099609274,26.506899658203764,0.0058145962357522,0.8018213108759127,0.2930451275235104,midlatitude,13_11
b151s0226,-0.43519361639267595,-0.6438161923907928,365,365,1,46.6,-66.0166666,46.6,44.5,-52.64189557414693,52.64189557414693,22.886189273369357,16.70886735399435,0.0033845450691938,0.7959380026730297,0.3071408346940831,midlatitude,13_11
b151s0227,-0.22148017518893556,-0.3107611238056722,365,365,2,46.27277715,-64.25597215,46.27277715,41.355,3.4597150614366505,3.7134246067719054,22.53327518616652,13.073458589017465,0.0034904777939467,0.5399146562353725,0.3638855290527541,midlatitude,13_11
b151s0228,-0.5593385802591868,-0.7309170578867278,365,365,3,46.3611111,-62.9555555,46.3611111,43.92,27.808199858643064,27.808199858643064,10.145538684314612,6.052514337968487,0.0013786244338943,0.3716751322667158,0.3530981921657634,midlatitude,13_11
b151s0230,-0.9981716027436865,-1.3331858668402383,365,365,3,46.4005555,-60.47777776666666,46.4005555,38.623333333333335,-82.95790888632315,115.28638585303592,48.31258724654828,31.83329630697357,0.0080764859577231,0.2052616350905863,0.2946989648923375,midlatitude,13_11
b151s0233,-0.8538213617798989,-1.1019233135894775,365,365,1,46.762664,-56.175531,46.762664,8.22,1.4301986329453475,1.4301986329453475,3.0517578125e-05,3.0517578125e-05,0.0001000016927719,0.204270545907071,0.3173980660585741,midlatitude,13_12
b151s0275,-0.7291986407634984,-1.1815111382817862,365,365,3,46.48398133333333,-1.7095416333333333,46.48398133333333,48.376666666666665,27.94602739793168,27.94602739793168,5.08459631253067,3.492402773587619,0.0008389317719728,0.5264005214198259,0.4448905966394119,midlatitude,13_17
b151s0276,-0.34922433377061407,-0.6787990569180474,365,365,2,46.245235,-0.7983905,46.245235,42.21,-2.365661994124024,20.039905129653683,17.04970678847987,8.693368613488072,0.0022118691610934,0.7045296460115166,0.4011285098023143,midlatitude,13_17
b152s0000,-0.17994361820681157,-0.3158182495896531,365,365,2,47.555357,0.968225,47.555357,115.06,5.571210726448108,5.571210726448108,15.660264997838958,13.147312158651026,0.0027426569566925,0.9743766227011932,0.1231955336960016,midlatitude,13_18
b152s0001,-0.46216796464351223,-0.9303832999710252,365,365,3,47.08057423333333,1.9235371,47.08057423333333,136.14333333333332,-9.879935374308914,11.908027553255232,16.00400891288343,11.732650602502922,0.0025944394840734,0.9917419382982454,0.0541888988282736,midlatitude,13_18
b152s0002,-0.3994950098496699,-0.7173563239435711,365,365,2,47.0263125,2.8816665,47.0263125,180.24,-25.853119143889245,25.853119143889245,20.17009895599641,16.462955421592735,0.0035389625396632,0.995628880747414,0.0195538336464262,midlatitude,13_18
b152s0003,-0.33121574096656275,-0.6815883868073928,365,365,1,47.26889,5.09,47.26889,221.28,-82.37254846870476,82.37254846870476,43.0103095567871,28.77596061337889,0.0072806681778788,0.990585454052687,0.030599329124357,midlatitude,13_18
b152s0004,-0.08061522712986013,-0.17848801435653358,365,365,2,47.141666650000005,5.6999999500000005,47.141666650000005,252.0,-43.71757111014935,43.71757111014935,42.55370809264907,31.68606257947909,0.0073177401253,0.986457911361453,0.0390871072359752,midlatitude,13_18
b152s0005,-0.5389209217561546,-0.6585870161545725,365,365,14,47.24985115,7.333089064285715,47.24985115,439.26142857142855,-187.63955535180364,187.83695023116903,147.33560662321617,96.10842897300908,0.022956118921315,0.9789915572993548,0.0464215722650938,midlatitude,13_18
b152s0006,-1.1874128781779585,-1.726995336518143,365,365,18,47.31470674444444,8.426805538888889,47.31470674444444,448.2527777777778,-318.0298491124403,318.0298491124403,180.29407413385536,149.17873579123605,0.0310362016417952,0.9769002092255946,0.0455665294694576,midlatitude,13_18
b152s0007,-2.1094076819136545,-2.6864083447340383,365,365,8,47.3104166375,9.5916666375,47.3104166375,490.7225,-499.3484923443877,499.3484923443877,264.0509983267853,234.75171565917856,0.0497006783205088,0.9781318328826972,0.0459884440241731,midlatitude,13_18
b152s0008,-3.547811214456447,-3.697643107936796,365,365,2,47.2551095,11.346982,47.2551095,579.97,-1058.4689700261156,1058.4689700261156,409.300160165876,349.5119124034359,0.0771073917662861,0.9801802879378664,0.0759577423028571,midlatitude,13_19
b152s0009,-2.9845377131862088,-3.2959283141650846,365,365,5,47.34666664,12.80999996,47.34666664,617.04,-710.8572760868481,710.8572760868481,306.1091198201288,296.49528074261235,0.0582256504161582,0.9743404583522628,0.1009529266487866,midlatitude,13_19
b152s0010,-1.6475535135741417,-1.797901529147582,365,365,6,47.28888885,14.099999966666664,47.28888885,765.7333333333332,-475.011377099037,475.011377099037,274.1355051422506,227.96739284125064,0.047037819256036,0.976074536407286,0.1001303329052196,midlatitude,13_19
b152s0011,-0.8112213699352067,-1.0552828692878802,365,365,7,47.16300954285714,15.51994682857143,47.16300954285714,449.8357142857143,-183.26238032637528,195.35166858163535,179.0066669343259,116.03204966429848,0.0291346332071877,0.982207067217075,0.0737299281661384,midlatitude,13_19
b152s0012,-0.4541185284606746,-0.59053359541946,365,365,6,47.13611101666667,16.430555533333333,47.13611101666667,250.68500000000003,-17.060929426204993,37.57275905397484,46.9323325287553,32.73457957625056,0.0079056676231588,0.9829037389676362,0.0528273203473483,midlatitude,13_19
b152s0013,-0.38372412856082283,-0.5072593530287393,365,365,3,47.2111111,18.06666663333333,47.2111111,173.0,-25.761847416956545,62.69202498280981,54.44898230039007,36.35096874163912,0.0091676196426862,0.981595257726666,0.0359321527101322,midlatitude,13_19
b152s0014,-0.18653874493098324,-0.2610017926224139,365,365,3,47.17805553333333,19.183073966666665,47.17805553333333,119.86666666666667,-13.612074710749631,18.15630309155516,26.068980320036665,18.81255371942152,0.0049499169682571,0.9858278203380708,0.0274293431960638,midlatitude,13_19
b152s0015,-0.2965824676191116,-0.4395916507199391,365,365,2,47.3864305,20.43441665,47.3864305,95.07,1.754922809816911,13.255140946170648,17.747603623082927,5.113594990409025,0.0025701770739474,0.9916761844165852,0.0153849381382945,midlatitude,13_20
b152s0016,-0.1981998088064785,-0.3260987965517548,365,365,2,47.2570975,21.7589155,47.2570975,125.88,-0.3443025993867437,1.9661985690008732,14.27656068429184,10.934762015794975,0.0023760467374716,0.9950076293201394,0.0085984515258956,midlatitude,13_20
b152s0017,-0.4683403940702197,-0.5904297991957893,365,365,4,47.3187639,22.975838825,47.3187639,239.0225,-118.4195823723943,118.4195823723943,91.27621676277678,64.02401531124525,0.0153125280563635,0.9970747896077292,0.0057529043773501,midlatitude,13_20
b152s0018,-0.6512726036045745,-0.7870394855189371,365,365,4,47.149999975,24.2333333,47.149999975,354.0,-155.12061744976853,155.12061744976853,96.61520390649622,70.43884935039938,0.0159693935672633,0.9976922864596506,0.0050864625151827,midlatitude,13_20
b152s0019,-0.5630463749049889,-0.7087820734112708,365,365,3,47.27361106666667,26.3735742,47.27361106666667,389.3666666666666,-63.79384728710935,134.1250887204309,85.63820308773818,63.56674152041965,0.0151449422039872,0.992538171915366,0.0233214973055782,midlatitude,13_20
b152s0020,-0.4841798542898605,-0.6334782264603552,365,365,4,47.0904563,27.230157725,47.0904563,189.5,-17.59018190884344,61.3857023409709,53.3317033241627,42.98710660087605,0.0096106944217305,0.9852905160152337,0.0624819158877773,midlatitude,13_20
b152s0021,-0.47029837022610854,-0.629654744863385,365,365,1,47.0166666,28.9833333,47.0166666,173.0,56.50986012370193,56.50986012370193,36.57645485357005,34.30800004693329,0.0074141204062701,0.9293939276990558,0.2092321452896541,midlatitude,13_20
b152s0039,-0.3776024619937295,-0.4524935161155396,363,363,1,47.1166666,51.9166666,47.1166666,-22.0,3.8614781401097886,3.8614781401097886,0.5406677141113259,0.3974297379796027,0.0001143832992319,0.6589671499116286,0.4109676301631711,midlatitude,13_23
b152s0056,-0.556346140701654,-0.8892546194700338,362,362,1,47.45,74.8166666,47.45,620.0,21.111101843295387,21.111101843295387,24.672247024374894,16.50649286201164,0.0040385299381899,0.9276639911629502,0.1864183607208228,midlatitude,13_25
b152s0064,-0.8411345420238785,-0.871451503282399,365,365,1,46.8166666,85.75,46.8166666,1323.2,-244.72752239208444,244.72752239208444,222.60548118679085,108.429656148327,0.0335850317188857,0.9787852402367252,0.0729708343445005,midlatitude,13_26
b152s0067,-0.5851521351024719,-0.6320261949933358,365,365,1,46.9833333,89.5166666,46.9833333,827.0,-342.7599307038806,342.7599307038806,136.44942981796814,93.54217880006088,0.0234565741279095,0.991263789962288,0.0348640691815888,midlatitude,13_26
b152s0076,-0.2774997714335115,-0.2809534952728488,365,365,1,47.45,101.4666666,47.45,1691.0,-168.71035413297227,168.71035413297227,130.41531812094772,90.85642875847904,0.0223212821682393,0.9980894494394972,0.007597768422262,midlatitude,13_28
b152s0077,-1.450685545185997,-1.8969170744479928,364,364,1,46.9,102.7666666,46.9,1662.0,-134.60307018426465,134.60307018426465,115.6830850657085,83.34194323860379,0.0192394074337154,0.9989895455454988,0.0034805484541301,midlatitude,13_28
b152s0078,-0.1592887484430645,0.010962637947702802,365,365,1,46.9666667,103.8,46.9666667,1358.0,-254.9749612010021,254.9749612010021,91.0381337604348,60.56970743870358,0.0151846420698428,0.9989352258958568,0.0024240755413419,midlatitude,13_28
b152s0081,-0.6015574518470177,-0.9326690187331511,365,365,1,47.3,107.4833333,47.3,1430.0,-83.51411259946099,83.51411259946099,46.13709901657192,35.34487292109358,0.008793058587107,0.9991812993916186,0.0019930993760867,midlatitude,13_28
b152s0083,-0.8752590317388295,-1.2296938577429706,364,364,1,47.3166666,110.6333333,47.3166666,1033.0,-120.87214970974128,120.87214970974128,68.8553843995453,36.74705588731403,0.0099069851112054,0.9992018838671636,0.001443568498585,midlatitude,13_29
b152s0087,-0.38132526083544455,-0.5331578389474835,364,364,1,47.1666666,115.6333333,47.1666666,907.0,113.52953208873204,113.52953208873204,43.65549594551194,18.746497994231667,0.0049372997055334,0.9912672297432036,0.0412867421170679,midlatitude,13_29
b152s0089,-0.5963885164538977,-0.8002547712026585,364,364,1,47.6166666,118.6166666,47.6166666,688.0,-52.5780376316028,52.5780376316028,26.2201476596488,15.116076943948343,0.0039193929692983,0.9793011858965956,0.0721266530751629,midlatitude,13_29
b152s0090,-0.9678332081169639,-1.2799555147527806,364,364,1,47.1666666,119.9333333,47.1666666,997.0,-132.35487409636835,132.35487409636835,63.62459468938994,59.3224166225154,0.011402459457015,0.9940195793498934,0.0290432366677432,midlatitude,13_29
b152s0093,-0.39185227824249996,-0.5740636491890865,365,365,1,47.239628,123.918131,47.239628,145.38,0.4953358422862948,0.4953358422862948,2.006693075003489,1.4049227690669162,0.0003859732100301,0.9636516480082866,0.0603813951974174,midlatitude,13_30
b152s0095,-0.46554012446172893,-0.775277768801698,365,365,1,47.45,126.8666666,47.45,248.0,40.03347434075329,40.03347434075329,16.621508388574266,11.15058559770507,0.0028694156275391,0.9895183831697978,0.0244544887780143,midlatitude,13_30
b152s0097,-0.7941292786721691,-1.0205206977772674,365,365,1,47.7,128.8333333,47.7,259.1,-139.64881881650336,139.64881881650336,88.55755254531714,73.60613628022683,0.0148978168396392,0.9933855483256854,0.012916671683879,midlatitude,13_30
b152s0099,-0.24532618731066222,-0.3569401664115614,365,365,1,47.2333333,131.9833333,47.2333333,65.0,10.111137245497538,10.111137245497538,3.138470299804303,4.271978833989419,0.0005890846570662,0.9804411703947732,0.0478757548140777,midlatitude,13_31
b152s0107,-0.4319689093164189,-0.4894265634921063,365,365,1,46.888672,142.717531,46.888672,17.98,-149.8027471991463,149.8027471991463,117.34938243892732,83.1522080686721,0.021299060911683,0.1934859503991806,0.3011727693261403,midlatitude,13_32
b152s0211,-0.3374525406200612,-0.5270977392556454,365,365,2,47.69166665,-79.84166665000001,47.69166665,243.315,-20.365997919130702,20.365997919130702,24.331631458351364,17.51690440807349,0.004105645354159,0.9002479134979883,0.0949631574125644,midlatitude,13_10
b152s0216,-0.5656637222608191,-0.8218114112346392,365,365,1,46.8166666,-74.1,46.8166666,430.0,-43.116101188578,43.116101188578,35.875020462891015,32.189413406406295,0.006138263722508,0.92623222165906,0.0537419915512295,midlatitude,13_10
b152s0217,-0.6386847138901951,-0.861416227333789,364,364,1,47.4,-72.7833333,47.4,169.0,-148.388415980991,148.388415980991,52.60893929032768,51.23971414043271,0.0114136219878389,0.9251762345980152,0.0818612912796082,midlatitude,13_10
b152s0218,-0.7960587155667174,-1.0392456282338305,365,365,4,47.304166625,-70.93749995,47.304166625,548.25,-1.2525046950555918,200.1153780481926,92.18430981669631,62.21330102354906,0.0142803926530859,0.9009370099506452,0.1488954103024674,midlatitude,13_10
b152s0219,-0.7454914644818108,-0.9202959218432128,365,365,1,47.35,-70.0166666,47.35,31.0,-124.72361216680736,124.72361216680736,59.8110527235924,30.5283051335736,0.0092494168263135,0.8824138064983726,0.1802815624718945,midlatitude,13_10
b152s0220,-1.0134433149414017,-1.5146799641319026,350,350,1,47.42,-68.32,47.42,154.0,-133.15630783702915,133.15630783702915,41.55062656249994,43.1441757324217,0.0092042045235633,0.889380066173228,0.2055326992327797,midlatitude,13_11
b152s0222,-0.47889763468187757,-0.6910643303539112,365,365,3,47.359907633333336,-65.5962963,47.359907633333336,71.94,-20.07724778721379,35.110926830119304,29.807238819353117,15.23790201360856,0.0046972781995375,0.6830813683664007,0.3800345393101241,midlatitude,13_11
b152s0223,-0.5055735323871567,-0.7791391089440843,365,365,1,47.05,-63.9833333,47.05,8.0,4.442866385978832,4.442866385978832,3.0517578125e-05,3.0517578125e-05,0.0001000016927719,0.372698780695896,0.3840197145497473,midlatitude,13_11
b152s0225,-0.9818780918769066,-1.3601575212054886,365,365,2,47.4166666,-61.77499995,47.4166666,9.33,7.408883054727581,7.408883054727581,3.0517578125e-05,3.0517578125e-05,0.0001000016927719,0.1228610302223151,0.2401932535659288,midlatitude,13_11
b152s0227,-0.48162513816750807,-0.8454828697019711,364,364,1,47.7,-59.3,47.7,32.0,-68.74959498146416,68.74959498146416,85.26291625976287,60.03245727538904,0.0165038174390788,0.2216347325050036,0.3297490675297354,midlatitude,13_12
b152s0228,-0.40598591760868724,-0.5386151797113546,337,337,1,47.6166666,-57.6166666,47.6166666,11.0,-97.8332788908059,97.8332788908059,19.777911235106703,14.776040618534932,0.0030327562383263,0.3829625605415239,0.3883874602124475,midlatitude,13_12
b152s0232,-0.6123813164522954,-0.8291250850312822,365,365,2,47.5676383,-52.76763915,47.5676383,125.255,65.50597498894206,65.50597498894206,42.73486233607444,27.909710451229355,0.007665013984647,0.2233242015140347,0.3126891415791266,midlatitude,13_12
b152s0269,-0.8681291892325965,-1.1848633941817346,359,359,1,47.3,-3.2183333,47.3,43.0,42.98794287344232,42.98794287344232,0.2534306052784387,0.1962604604639588,0.0001423734077787,0.3542154668020488,0.4232917684896868,midlatitude,13_17
b152s0270,-0.5335622703013728,-1.0945046404852838,365,365,2,47.23268899999999,-1.879953,47.23268899999999,15.695,-9.712654734784683,9.712654734784683,13.287582248237422,10.930214058612448,0.0023782177423654,0.624827013499933,0.43002186560698,midlatitude,13_17
b152s0271,-0.21566934364218884,-0.29573201495079654,365,365,1,47.4833333,-0.6,47.4833333,50.0,-2.9627304612982783,2.9627304612982783,16.799462043894138,13.833013365700827,0.0030329059134543,0.8725645591555907,0.2886765958335027,midlatitude,13_17
b153s0000,-0.4614546576440153,-0.6603243174441951,365,365,2,48.1993055,0.15916685,48.1993055,100.065,-38.56209019470161,38.56209019470161,34.083539129359735,22.947681545400656,0.0053675624731603,0.9008104493932936,0.2506005122150616,midlatitude,13_18
b153s0001,-0.3405669115186012,-0.5990232531074463,365,365,3,48.17086223333333,1.5512825666666668,48.17086223333333,137.84666666666666,-2.926328988480203,8.450743069652612,12.7836238892681,7.80032742560152,0.0020855657016763,0.966627931996578,0.1417928427208321,midlatitude,13_18
b153s0002,-0.45962699587829237,-0.7604838405747696,365,365,2,48.0861645,3.756907,48.0861645,138.835,-24.742179223155595,24.742179223155595,34.222315403534154,25.13974781744844,0.00580178903072,0.9941665970411,0.0327901880644762,midlatitude,13_18
b153s0003,-0.18389365410871064,-0.28506202537149106,365,365,1,47.85,5.3333333,47.85,467.0,118.44680030779485,118.44680030779485,33.603524573225094,27.07612916827637,0.0055056155181425,0.9923500159988282,0.0246772367248719,midlatitude,13_18
b153s0004,-0.588125845507955,-0.9440318877909785,365,365,2,48.1830935,6.159528,48.1830935,307.69,-39.5129877950379,56.671980513244165,47.15290180212176,37.67188419560162,0.0080889048102882,0.9909719238655624,0.0256370378709738,midlatitude,13_18
b153s0005,-0.5690819162849753,-0.7556138439170069,365,365,1,48.538319,7.628233,48.538319,153.92,-88.88383418963215,88.88383418963215,79.39655058774582,50.65827347741191,0.0145352133578112,0.9899590920025986,0.0246667269004441,midlatitude,13_18
b153s0009,-0.7868060745680975,-0.9910592435757491,365,365,4,48.09999995,13.25416665,48.09999995,436.525,-162.44103665218398,162.44103665218398,114.18749227496392,101.48033762260872,0.0198960827530721,0.987919697157078,0.0379920691738765,midlatitude,13_19
b153s0010,-0.7620127259554041,-1.0142904560955788,365,365,5,48.17664377999999,14.18750218,48.17664377999999,433.218,-161.59876442665305,161.59876442665305,119.3014244705124,98.53403366021811,0.0189889222356784,0.9892305283559022,0.0305793335647254,midlatitude,13_19
b153s0011,-0.713359727116546,-0.8713946831471643,365,365,10,48.08210828,15.567852640000002,48.08210828,460.726,-121.32449893222795,148.9787340232959,118.64300758882544,96.77250404906076,0.0189048448745829,0.98942173138819,0.026939896490334,midlatitude,13_19
b153s0012,-0.47323939999426795,-0.6169168355817559,365,365,11,48.0936768,16.683247445454544,48.0936768,189.5581818181818,-54.32198084699733,54.32198084699733,63.4644354034328,45.67019922905124,0.0116019653214865,0.9874787279418292,0.0268968984417984,midlatitude,13_19
b153s0013,-0.3460417543331929,-0.4565947230828673,365,365,6,48.13888885,18.319444416666663,48.13888885,158.16666666666666,-58.32464492775728,63.19285004496893,54.2810231822487,42.01628076667931,0.0104650407997508,0.9879216903210072,0.025135116892992,midlatitude,13_19
b153s0014,-0.6641299544269655,-0.8516522201002733,365,365,2,48.22499995,19.624999950000003,48.22499995,183.5,-133.9514138713788,133.9514138713788,83.02387058932379,53.16662222193301,0.0134052600766128,0.991879565248222,0.0166502845285137,midlatitude,13_19
b153s0015,-0.17235797874656036,-0.2785085188887928,365,365,3,48.15555553333333,20.5611111,48.15555553333333,253.0,9.904623999664352,31.78208936029625,91.90233934372932,51.199502274654144,0.0140695674900424,0.9934273731545646,0.0117798121472876,midlatitude,13_20
b153s0016,-0.18214903121218437,-0.30164320735879885,365,365,3,48.029102,22.24819653333333,48.029102,111.06666666666666,-12.585033689554855,12.585033689554855,22.83526760026862,13.856297460760358,0.0037596362867871,0.9957205190450432,0.0073657395379254,midlatitude,13_20
b153s0017,-0.9790394316503687,-1.1511089308756641,365,365,1,47.9333333,23.9,47.9333333,276.0,-331.2505368053496,331.2505368053496,198.55532868636723,112.0059965284155,0.0276098489316206,0.997354345126672,0.0052040361297577,midlatitude,13_20
b153s0019,-0.49773259859045177,-0.6081581225000029,365,365,2,47.7833333,26.275,47.7833333,277.0,-69.03461400005928,69.03461400005928,58.8952313442897,46.453490884829215,0.0106489004804522,0.9928446501243584,0.0142229548814599,midlatitude,13_20
b153s0020,-0.17280793926445895,-0.22272066710711944,365,365,1,47.8333333,27.2166666,47.8333333,110.0,-26.95411004141664,26.95411004141664,29.758455724759987,31.29944216634256,0.0069916136796561,0.9900185799642814,0.0275170254548424,midlatitude,13_20
b153s0064,-0.15319208376809748,-0.19197769136482376,365,365,1,48.05,86.35,48.05,534.0,-80.25338609514279,80.25338609514279,92.4815490722647,36.0140209960926,0.0099018694460389,0.96963495557158,0.0834566267426586,midlatitude,13_26
b153s0065,-0.26163817439603143,-0.40296266380212464,365,365,1,47.7333333,88.0833333,47.7333333,737.0,-242.49452805056055,242.49452805056055,154.82386954044424,82.3719261095331,0.0201026906755354,0.9801355168367264,0.0561220250155422,midlatitude,13_26
b153s0067,-1.1278887433096776,-1.3768236771475812,364,364,1,48.0166666,91.5666666,48.0166666,1405.0,-263.8256139569621,263.8256139569621,177.20185260858054,98.72910815020832,0.0262009437636746,0.9671299238948504,0.0805647016542164,midlatitude,13_27
b153s0069,-0.2237482537105282,-0.39515187371723304,365,365,1,48.5166667,94.3,48.5166667,1263.0,-145.79621984644814,145.79621984644814,83.77799852449462,36.38542386258548,0.011979490869745,0.9639247911434377,0.0905890535626349,midlatitude,13_27
b153s0071,-0.7764047714999505,-0.5727770485718007,365,365,1,47.75,96.85,47.75,1759.0,-452.1245143601477,452.1245143601477,195.05162353515607,150.1146514892573,0.0331480532884596,0.9935110994752036,0.0201080091752061,midlatitude,13_27
b153s0073,-0.42936467512488624,-0.43956664747114704,365,365,1,48.0833333,99.55,48.0833333,2041.0,-267.57339177820404,267.57339177820404,160.49685277756348,123.86714835021236,0.0276081966847148,0.994347562179339,0.0172869751775791,midlatitude,13_27
b153s0075,-0.07978412283107383,-0.27284541091488546,364,364,1,48.5333333,101.3833333,48.5333333,1509.0,-146.82023901836715,146.82023901836715,104.30453256329292,79.03328267762544,0.0173075519825416,0.9961996908120436,0.019595623561644,midlatitude,13_28
b153s0079,-1.7348664829334732,-2.349996925094536,363,363,1,47.85,106.75,47.85,1272.0,-184.4329036291701,184.4329036291701,107.77780761718763,77.32297973632828,0.0192106589674949,0.9989806075905336,0.0025407221856181,midlatitude,13_28
b153s0083,0.07274469328802469,0.2815808425637618,365,365,1,47.7833333,112.1166666,47.7833333,926.0,-102.87547847907808,102.87547847907808,56.06161585578511,33.94899181473113,0.0087909094280134,0.99828655064066,0.0042952623498348,midlatitude,13_29
b153s0084,-0.6217889388507766,-0.7401104395662391,365,365,1,48.0833333,114.55,48.0833333,747.0,-37.21634332358372,37.21634332358372,32.77334534038096,18.18115884875733,0.0046157638563311,0.9911098338197528,0.0410903226877197,midlatitude,13_29
b153s0093,-0.2103050564152943,-0.2877544823113079,365,365,1,48.05,125.8833333,48.05,237.0,-29.103797609338983,29.103797609338983,26.837660709645974,18.3565695830835,0.0045622859696745,0.987745360511882,0.028454924812719,midlatitude,13_30
b153s0097,-0.45912463167247225,-0.6326226764403506,365,365,1,47.7333333,130.9666666,47.7333333,73.0,-50.13967024918375,50.13967024918375,39.969026713242044,28.278725306381645,0.0082478608030151,0.9859499457588624,0.0264093660991711,midlatitude,13_31
b153s0100,-0.28378028398989524,-0.3229312234256739,365,365,1,48.528044,135.188361,48.528044,74.98,30.200628846464177,30.200628846464177,20.82271656691782,12.906270041655407,0.0033360436238893,0.9739905772718448,0.0515451321567042,midlatitude,13_31
b153s0105,-0.3861862867576356,-0.6108424910198363,365,365,1,47.9833333,142.2,47.9833333,18.0,-55.66486248626376,55.66486248626376,25.30355904418607,24.23603284193261,0.0052987120947126,0.2558240542031643,0.343618057922747,midlatitude,13_32
b153s0175,-0.6366162869030959,-0.9475354804653691,365,365,5,48.4,-123.36199998,48.4,30.2,-40.40612270952109,47.7329114720794,33.05415931296211,20.992874351659918,0.0049692874540318,0.6657697723098693,0.3411614383478111,midlatitude,13_5
b153s0200,-1.0301373684432809,-1.5109784304680114,365,365,3,48.36777773333333,-89.25666663333334,48.36777773333333,203.01,-79.44290660224051,79.44290660224051,36.26149309152424,18.57229214630472,0.00498698567283,0.5596964258466229,0.3737348035637766,midlatitude,13_9
b153s0204,-0.8841297298164384,-1.3243310621827564,365,365,2,47.8416668,-84.80166679999999,47.8416668,343.87,15.66545390785214,68.73988569190189,43.37755617541799,31.23258101537788,0.0070257380003815,0.6597998053775682,0.3756766019349934,midlatitude,13_9
b153s0205,-0.4348026978946218,-0.6915983293938214,365,365,1,47.82,-83.346667,47.82,446.53,4.444791924324647,4.444791924324647,13.80047456138212,13.420632925845007,0.0027283887226522,0.8446948798425583,0.2381398882623875,midlatitude,13_9
b153s0206,-0.29351036320248775,-0.373772238545939,365,365,2,48.5598605,-81.38000015,48.5598605,294.37,-1.6742994022331177,1.6742994022331177,9.83529743120031,8.03022894128258,0.0020774183672617,0.9383136008369958,0.0707249130821244,midlatitude,13_9
b153s0208,-0.24945950827040306,-0.3806806889115857,365,365,2,48.21972215,-78.93444464999999,48.21972215,309.57,2.6458556778858338,9.718168116453851,16.61868990989916,14.91464086795121,0.0031612737885666,0.9131488027739134,0.0705423767916045,midlatitude,13_10
b153s0209,-0.28410892211775907,-0.41191380451824017,365,365,1,48.053333,-77.782778,48.053333,337.41,15.395010324814848,15.395010324814848,12.205210503310298,8.576012155731993,0.0021114743950459,0.9070770856356282,0.0587842267986724,midlatitude,13_10
b153s0211,-0.2982200724871776,-0.5661629588081831,365,365,1,47.9166666,-74.6166666,47.9166666,445.0,-39.18038975705298,39.18038975705298,30.290450260678472,28.368491782770494,0.0056680983091102,0.9068103931723354,0.0674349905416555,midlatitude,13_10
b153s0213,-0.6178775887915524,-0.8060363897363976,365,365,1,48.5166666,-72.2666666,48.5166666,178.61,-43.51450738935998,43.51450738935998,29.002691847006943,13.856351256676394,0.0039331777298923,0.910361835606924,0.1032483703671526,midlatitude,13_10
b153s0214,-0.44951779802452235,-0.6570162122807621,365,365,3,48.34907386666666,-71.0821303,48.34907386666666,150.03333333333333,-115.92864973026742,115.92864973026742,71.01460749178479,37.9852136051799,0.0087848395833272,0.8821286354870302,0.1570871039809396,midlatitude,13_10
b153s0215,-0.5867249901926853,-0.8272456233972812,365,365,1,47.8,-69.5333333,47.8,147.0,0.946820940313728,0.946820940313728,28.40483988467886,16.38072084610184,0.0040222059027774,0.850189427048544,0.2175079121489542,midlatitude,13_11
b153s0216,-0.7372214224423037,-0.9726442347547423,365,365,1,48.5166666,-68.4666666,48.5166666,5.0,-79.16138104925837,79.16138104925837,33.13270536896464,23.85983407756612,0.0050769319068805,0.7794932260399964,0.2873123810019854,midlatitude,13_11
b153s0217,-0.10018075297545814,-0.22847540577616696,365,365,1,47.9833333,-66.3333333,47.9833333,42.0,-142.05483491326075,142.05483491326075,109.74021727560992,40.80446370273829,0.0134781109093332,0.7483473360823314,0.3491130450289457,midlatitude,13_11
b153s0218,-0.7341571597019495,-1.0464196958597545,364,364,1,47.8,-64.8333333,47.8,5.0,-5.265684755560445,5.265684755560445,5.129144269967739,2.4426625971652856,0.0007631095578246,0.4814090650305656,0.418322440825623,midlatitude,13_11
b153s0219,-0.8930022822854792,-1.2185593486997273,364,364,1,48.0166666,-64.5,48.0166666,4.0,11.72969097229288,11.72969097229288,0.6822441786865497,0.5059916284912305,0.0002105708467841,0.3976667646176938,0.4097898752726506,midlatitude,13_11
b153s0223,-0.34791078109535856,-0.48736943037345154,365,365,2,48.54999995,-58.5583333,48.54999995,41.5,-74.0327922883034,74.0327922883034,56.678964631279705,37.21792883195403,0.0098483762553926,0.395171760340429,0.3936023542798074,midlatitude,13_12
b153s0226,-0.48980290755513645,-0.5371335408657808,365,365,1,48.55,-53.9666666,48.55,107.0,36.54239244619703,36.54239244619703,34.758691557431696,31.154681658105478,0.0060244840902733,0.4404367625968061,0.3764541381841919,midlatitude,13_12
b153s0263,-0.6515811932298367,-1.0550518352024316,365,365,5,48.34363726,-4.4465968,48.34363726,90.224,41.642907790543646,41.642907790543646,13.683382078807716,9.879843077415885,0.0022297281400375,0.2352168023903791,0.3592410834477254,midlatitude,13_17
b153s0264,-0.7741404685386586,-1.3972128614578392,365,365,2,48.149166,-3.1472225,48.149166,93.415,15.393290456475471,15.393290456475471,22.4487661418599,13.615826627420038,0.0031675436967841,0.4309597637402235,0.4279520879856411,midlatitude,13_17
b153s0265,-0.5764050498361516,-1.0835897128974548,365,365,2,48.328643,-1.907397,48.328643,52.27,-2.0834700434937794,32.809104938374475,17.581150880847957,14.333859466995229,0.0034005265233597,0.6471215734856091,0.4103236872703638,midlatitude,13_17
b153s0266,-0.27575344033480004,-0.9532406592282512,364,364,1,48.0333333,-0.7333333,48.0333333,97.0,-7.10117434970428,7.10117434970428,17.5221016449176,14.433166156078256,0.0033301555789003,0.8471078583522962,0.3089199163701435,midlatitude,13_17
b154s0000,-0.3811754598545143,-0.7615174871216636,365,365,3,49.25550366666667,0.848702,49.25550366666667,147.81333333333336,48.53887646221073,48.53887646221073,27.54828836877843,24.954455031012305,0.0052836158892885,0.7731540413687726,0.3566492575139905,midlatitude,13_18
b154s0001,-0.4027050882312742,-0.6585869547193575,365,365,9,48.87514791111111,2.308420922222222,48.87514791111111,118.11666666666666,14.281117081472136,29.45731184596212,26.2292424602624,20.91242266515156,0.0046700317848276,0.9448809188015947,0.1868901307922567,midlatitude,13_18
b154s0003,-0.5208527073083782,-0.8792460703605292,365,365,3,48.87311373333333,4.3998056666666665,48.87311373333333,138.1966666666667,-11.12493211161391,39.3028213623392,29.393871970538623,19.876674520653257,0.0048914079903188,0.9901735472579908,0.0586340319775595,midlatitude,13_18
b154s0004,-0.42713406520728786,-0.6823053721379767,365,365,2,48.8371055,6.2408885,48.8371055,247.03500000000005,-2.160305902539178,31.399515088958097,31.29167068780229,30.593143619120475,0.0069663254169615,0.9940487499264954,0.0174427167727635,midlatitude,13_18
b154s0010,-0.37085332675940413,-0.5044006762311607,365,365,4,49.141666650000005,14.4208333,49.141666650000005,495.76,-21.19030313920541,42.574546629529095,57.59043860739,37.81392221208888,0.0090321472030024,0.9914976764232868,0.0116008697375795,midlatitude,13_19
b154s0011,-0.4046060265321106,-0.57807554646145,365,365,6,48.86930546666667,15.8097097,48.86930546666667,441.42,2.46944347695729,48.45974834146035,47.917812565552616,35.40177364804067,0.0079293974968654,0.9913655270612476,0.0151208547638767,midlatitude,13_19
b154s0012,-0.3365921892434886,-0.4578187042469469,365,365,4,49.146150575,17.006941575,49.146150575,221.0325,-67.63844327520096,69.82230945299446,60.72431698858625,37.84718527588127,0.0091028482190417,0.9920043682168842,0.0144595279059254,midlatitude,13_19
b154s0013,-0.8346292574214106,-1.0052627428223617,365,365,3,48.87222216666667,18.34999996666667,48.87222216666667,245.33333333333331,-226.8802811024048,226.8802811024048,123.01571773212184,95.53180093079426,0.0237944529526924,0.9916590824217048,0.0162918703485695,midlatitude,13_19
b154s0015,-0.4355430988373376,-0.5386638306641093,365,365,4,48.895833275,21.479166625,48.895833275,219.5,-125.6341117984926,125.6341117984926,115.44191436744453,81.31758252672907,0.0205495703635596,0.9950866800119664,0.0077394550434571,midlatitude,13_20
b154s0016,-0.4566824750428809,-0.5661934311172175,365,365,2,49.199999950000006,22.175,49.199999950000006,300.0,-99.36896483034592,99.36896483034592,88.25651628826871,72.21722806482286,0.0162458333836313,0.9954133927336852,0.0067761296937892,midlatitude,13_20
b154s0020,-0.1454120739772855,-0.19477049407605931,364,364,1,49.2333333,28.6,49.2333333,298.0,24.535671690080846,24.535671690080846,14.283518658178718,11.870706309226078,0.0024859705143934,0.9900613209012196,0.0222894466069205,midlatitude,13_20
b154s0032,-0.17462726224654412,-0.30222614155566174,365,365,1,48.782528,44.345544,48.782528,146.91,64.85231156658737,64.85231156658737,27.473382296683816,18.096557674764643,0.0043944289003305,0.9586503026261844,0.0645201627509531,midlatitude,13_22
b154s0037,-0.1749994101900337,-0.3608961506025925,364,364,1,49.05,51.8666666,49.05,2.0,4.80487250931132,4.80487250931132,1.3894358852636792,1.483340233364263,0.0003488010919785,0.97251001664637,0.0806932415140515,midlatitude,13_23
b154s0039,-0.1958874577836971,-0.37321761241598655,363,363,1,49.0666666,54.6833333,49.0666666,128.0,26.08858232625039,26.08858232625039,27.126439883508404,15.663858874754794,0.0046334031937444,0.9919451204584234,0.0329402920698917,midlatitude,13_23
b154s0042,-0.08933929690523719,-0.16877808213731468,364,364,1,48.6333333,58.5,48.6333333,398.0,45.857469259141,45.857469259141,35.44264128944113,23.792221277124145,0.0056219487585783,0.994961761397823,0.0268315207035042,midlatitude,13_23
b154s0053,-0.2550310556232857,-0.30508564180621844,362,362,1,48.85,72.8666666,48.85,656.0,-28.68223783526412,28.68223783526412,36.3671795434377,25.203393617798,0.0068314570568812,0.9932945269219778,0.0304371001839565,midlatitude,13_25
b154s0059,-0.19833342466464257,-0.28649151025955044,358,358,1,49.2166666,81.2166666,49.2166666,455.0,-40.60806993436506,40.60806993436506,35.20691059178364,23.78516259924936,0.0054903781215493,0.9882033515525972,0.0479926590753786,midlatitude,13_26
b154s0061,-1.6619984297782295,-1.9731014560056848,357,357,1,49.2,84.5166666,49.2,401.0,-557.5230059052134,557.5230059052134,333.84782479160634,127.15239968605611,0.0400983726883266,0.9596215756621284,0.0981544946678908,midlatitude,13_26
b154s0065,-1.9427074346292386,-1.759433481640949,365,365,1,48.9333333,89.9333333,48.9333333,1715.0,-401.3200115331224,401.3200115331224,238.924328994216,156.44125665187204,0.0387421770453124,0.9820023343975404,0.0538684215807644,midlatitude,13_26
b154s0067,-0.7089519525335776,-0.5625391779135908,365,365,1,49.0166666,91.7166666,49.0166666,1590.0,-270.04440672128976,270.04440672128976,168.2165404164922,70.89921815601922,0.0240971066624975,0.9507594479646796,0.1180255741373207,midlatitude,13_27
b154s0068,-0.4512046306006512,-1.1060998959221269,364,364,1,48.8166666,93.1,48.8166666,1051.0,-89.13185717219244,89.13185717219244,51.34980931925788,20.3975569810596,0.0072037170818555,0.9413173369889009,0.1240676177842868,midlatitude,13_27
b154s0071,-2.5560831991092523,-3.636938674363154,363,363,1,48.7333333,98.2,48.7333333,1723.0,-249.99978679137803,249.99978679137803,112.36694088399206,102.43219541931924,0.0192990851831118,0.990474725677703,0.0243315223298626,midlatitude,13_27
b154s0075,-1.4575563324298901,-1.9646832143258266,365,365,2,49.09166664999999,103.125,49.09166664999999,1073.0,-213.7922506923959,213.7922506923959,133.45637014765143,105.31006949647042,0.0238627017528684,0.9959844814155894,0.027011415864378,midlatitude,13_28
b154s0077,-1.1422292478358105,-1.6662003260009597,365,365,1,48.9166666,106.0666666,48.9166666,807.0,-186.5263286602385,186.5263286602385,92.9708242963036,70.31650125999055,0.0160607703478626,0.9982158366636528,0.0181160314045729,midlatitude,13_28
b154s0078,-1.9870954971661756,-2.3139486661346322,365,365,1,49.45,107.2,49.45,762.0,-279.8113203158048,279.8113203158048,112.84600219726558,97.28805419921862,0.0214498372375964,0.9970684078378964,0.0303260435598659,midlatitude,13_28
b154s0080,-0.5097309768449051,-0.39006369661594703,365,365,1,48.6166667,110.6,48.6166667,747.0,-446.56392512855,446.56392512855,84.18329945711251,59.22053025724636,0.0146062852773056,0.9992310902221024,0.0020092218499543,midlatitude,13_29
b154s0081,0.2669738097865911,0.43614112019235557,365,365,1,48.85,111.45,48.85,994.0,-92.25293487072533,92.25293487072533,80.51584350585931,62.0555566406251,0.0145790627598762,0.9985789508277506,0.0046683491432076,midlatitude,13_29
b154s0085,-0.7228052308411383,-1.0607282386547328,365,365,1,48.6833333,116.8166666,48.6833333,556.7,-36.65315595035588,36.65315595035588,26.23617092208714,13.991281550522706,0.003816193489009,0.9523777435814595,0.1243830317568466,midlatitude,13_29
b154s0089,-0.34633524760308904,-0.45924723574460957,365,365,1,48.7666666,121.9166666,48.7666666,739.0,-114.59562716197138,114.59562716197138,99.02237061462804,72.26460968203153,0.0150159663336865,0.9975196607598488,0.0153243492422048,midlatitude,13_30
b154s0090,-1.3820413188154,-1.7888213021171124,364,364,1,49.2,123.7166666,49.2,288.0,-125.06820228591836,125.06820228591836,56.93055746646493,46.28039238962407,0.0112766736766219,0.9961707874676948,0.0131898713884075,midlatitude,13_30
b154s0091,-0.8198136425642396,-1.2574477899244139,365,365,1,49.1666666,125.2333333,49.1666666,243.0,-43.197957332303645,43.197957332303645,31.031610443054443,20.96110503216133,0.0048162962920665,0.9942131665263482,0.0132347654106163,midlatitude,13_30
b154s0093,-0.5002399935855394,-0.6413503400260183,365,365,1,49.4333333,127.35,49.4333333,235.0,-64.93499522275829,64.93499522275829,32.52697349003902,29.145747442338923,0.0064483242886269,0.9909286157877834,0.0147357473486408,midlatitude,13_30
b154s0095,-0.5458975451074575,-0.657687345031158,365,365,2,49.2083333,130.5833333,49.2083333,196.0,-62.96664323685238,62.96664323685238,55.91218753360828,36.32592581385055,0.0083541891898556,0.9908226912740076,0.0167303534600149,midlatitude,13_31
b154s0097,-0.29775958197036306,-0.34351549290242317,365,365,2,48.67499995,133.39166665,48.67499995,66.0,-24.52938422676785,26.258199112824045,40.038055570394576,19.835441863193346,0.007102915103831,0.9820468635304268,0.0329777701631225,midlatitude,13_31
b154s0099,-0.32548468837956346,-0.4657197800364951,365,365,1,49.45,136.5666667,49.45,29.0,-4.604805171077025,4.604805171077025,12.744992165215296,10.560865236059904,0.002336719266088,0.9648206970834602,0.0795015681104757,midlatitude,13_31
b154s0104,-0.8261615227075502,-1.1061550155265996,365,365,1,49.2166666,143.1,49.2166666,8.0,-76.14593400610498,76.14593400610498,55.56725737253591,31.19671483870684,0.0081338116442635,0.3561700238677155,0.3961861387731138,midlatitude,13_32
b154s0105,-0.7884914052108275,-0.782954682915802,365,365,1,48.65,144.7333333,48.65,6.0,5.1861946216343,5.1861946216343,3.0517578125e-05,3.0517578125e-05,0.0001000016927719,0.1106127058916543,0.2609039927063333,midlatitude,13_32
b154s0170,-0.541712482761885,-0.6664746607474991,349,349,1,49.3833333,-126.55,49.3833333,7.0,-67.7392080248769,67.7392080248769,2.656631415927519,3.180954201513414,0.0006402040164207,0.3674083536510734,0.3944183271872137,midlatitude,13_5
b154s0171,-1.0902762424356898,-1.3252776162157165,365,365,1,49.3166666,-124.9166666,49.3166666,76.0,-289.06129926368806,289.06129926368806,248.0605230094042,204.67025622950476,0.0470467705572907,0.5825086585794153,0.3688135752026651,midlatitude,13_5
b154s0172,-0.8239981779210185,-0.9999496599124017,365,365,9,49.23446905555556,-123.69339498888888,49.23446905555556,50.68888888888889,-188.3678552170683,188.3678552170683,132.58769123554933,111.59247861178522,0.025992797111498,0.7072288682565341,0.3163583972770188,midlatitude,13_5
b154s0173,-0.7100486780531755,-0.878649936630936,365,365,5,49.14716672,-122.88288872,49.14716672,14.758,-132.1402018579115,132.1402018579115,99.49475806639732,83.94797338119483,0.0176530061776118,0.7796495175999743,0.2826315029824646,midlatitude,13_5
b154s0174,-2.5032796650740754,-2.7835853637240997,365,365,3,49.361111066666666,-121.24999996666666,49.361111066666666,252.66666666666663,-784.4433730647083,784.4433730647083,293.38912814489044,249.69711961928945,0.0548349988264505,0.9240620726848048,0.1614038672476883,midlatitude,13_5
b154s0175,-2.2609052582930356,-2.2612344650482417,365,365,1,49.0333333,-119.4333333,49.0333333,283.0,-671.2695941924826,671.2695941924826,306.4668830135081,260.01001450627945,0.069205967061648,0.9752971571192232,0.053324249615688,midlatitude,13_6
b154s0176,-1.6505579438330533,-1.759548814897162,343,343,1,49.1166666,-117.7333333,49.1166666,566.9,-591.9893992332073,591.9893992332073,289.35865475144675,256.02973343938726,0.0584433778602235,0.975450479312529,0.0324242248144444,midlatitude,13_6
b154s0177,-2.9207777461478446,-3.0968814136798777,365,365,2,49.2833333,-116.9,49.2833333,590.45,-749.5795832498243,749.5795832498243,322.9515521867104,267.6456841379703,0.0620568546970991,0.976323765826618,0.0334341030942234,midlatitude,13_6
b154s0179,-1.2849612953988443,-1.4779000797998272,361,361,1,49.4666666,-114.1833333,49.4666666,1257.0,-235.1067852424535,235.1067852424535,149.37569343502375,108.2636566140775,0.0249747378589251,0.9873663714796108,0.023336412606609,midlatitude,13_6
b154s0182,-0.4271979826632643,-0.6879790187960876,359,359,1,49.1166666,-110.4666666,49.1166666,935.0,-15.73399607841202,15.73399607841202,27.551771854467685,19.963444529454303,0.0050339943693525,0.9937648495403308,0.0102930703816231,midlatitude,13_6
b154s0183,-0.40750028405801203,-0.5465901750868588,365,365,1,49.4333333,-108.9833333,49.4333333,1080.0,66.17200624397287,66.17200624397287,60.42771153076356,24.28575213609759,0.0068384735647446,0.992382704002802,0.0168201315265151,midlatitude,13_7
b154s0184,-0.8770002607701698,-1.317272986502161,365,365,2,49.0833333,-107.29999995,49.0833333,813.0,-32.64973479240109,32.64973479240109,33.18212213694994,25.404212351810564,0.006114118191235,0.9864615624239852,0.0340688119763386,midlatitude,13_7
b154s0185,-0.19619281476255046,-0.33822424866642703,365,365,2,49.1083333,-105.7333333,49.1083333,836.5,19.9008273754431,41.99578557631969,31.480744952653897,22.89609088800493,0.0057931194577204,0.9836495036680394,0.0360697288910949,midlatitude,13_7
b154s0187,-0.28657269713808026,-0.40157931073819747,365,365,1,49.2166666,-102.9666666,49.2166666,580.6,1.6717147047294247,1.6717147047294247,8.40167443071004,4.57436383981604,0.0014047074212819,0.9848058488907728,0.0282492751531072,midlatitude,13_7
b154s0189,-0.3162997842767028,-0.45275509886931514,365,365,1,49.2833333,-100.9833333,49.2833333,446.0,-15.07037530693259,15.07037530693259,6.771508092139576,3.866562332925995,0.0007983489151883,0.9777908573949772,0.047308480601048,midlatitude,13_7
b154s0190,-0.4212716552593634,-0.625963824222376,365,365,1,49.1833333,-98.9,49.1833333,471.0,7.450577417331772,7.450577417331772,14.301593179404604,10.675775519448562,0.0026009621137315,0.9634058632021496,0.0880383791693247,midlatitude,13_8
b154s0191,-0.23715860442926737,-0.3446059910366089,365,365,3,49.06666663333333,-97.6222222,49.06666663333333,264.3333333333333,-13.611000451660344,16.761434689247135,12.129446261248672,5.847879741783257,0.0017111958233262,0.9572126431925484,0.1046001414189531,midlatitude,13_8
b154s0193,-0.3948983266734784,-0.5818987608051777,365,365,1,49.0166666,-95.6,49.0166666,329.0,-4.178939644909292,4.178939644909292,11.0403941982036,5.420758800102737,0.0015014674965572,0.8956731728359116,0.1501933683124222,midlatitude,13_8
b154s0194,-0.8546202340031792,-1.423738982140603,363,363,1,48.65,-93.4333333,48.65,342.0,-9.091361535173348,9.091361535173348,9.097531354440893,6.286035593256811,0.0013219985182726,0.8490875416359466,0.1345266717544114,midlatitude,13_8
b154s0196,-0.6383194672680024,-1.0397505972173111,365,365,2,48.891666650000005,-91.0416666,48.891666650000005,439.0,-9.24966420294055,23.713714107789883,12.33770335936484,9.66791701787266,0.0021436100395709,0.7899573923626311,0.2105307049873237,midlatitude,13_8
b154s0198,-0.5170944287039183,-0.7671964720604098,365,365,1,49.15,-88.3333333,49.15,233.0,-64.94863777454276,64.94863777454276,40.33729272452888,31.281076942766084,0.0071331709344887,0.6578506762301535,0.3424990301283676,midlatitude,13_9
b154s0199,-1.077569018243409,-1.634358483982585,364,364,1,48.606,-86.28655,48.606,207.9,-47.28396805101107,47.28396805101107,26.131712582664733,19.387923717235456,0.0043280760806439,0.5968117235338495,0.4017560694309586,midlatitude,13_9
b154s0202,-0.27417151431871556,-0.44699238421867643,365,365,2,49.4069445,-82.45041665,49.4069445,222.23,-13.150228473476062,13.150228473476062,7.236263655476712,4.887737768405776,0.001177762274186,0.9583552083905196,0.0645782153139459,midlatitude,13_9
b154s0210,-0.3722526215180037,-0.5677118850491857,350,350,1,48.8333333,-72.5333333,48.8333333,137.0,-66.66186114968752,66.66186114968752,39.66693933974111,16.924836108358967,0.0046459251416412,0.9114192291460764,0.0931971749568179,midlatitude,13_10
b154s0211,-0.7870638977752972,-1.0239386827072217,365,365,1,48.8833333,-71.0166666,48.8833333,304.0,-183.665085773894,183.665085773894,79.69995011912923,59.71636042528503,0.0131896767313254,0.8819721574545882,0.1487623610264781,midlatitude,13_10
b154s0213,-0.7903614363379853,-1.0752656852765554,365,365,4,49.074999975,-67.98277775,49.074999975,52.49,-39.52808895513028,42.83289007135284,25.19567387557708,19.733178839187747,0.0044922096845652,0.7271712737255094,0.3172044489438923,midlatitude,13_11
b154s0214,-0.8953805435208829,-1.0565270455739604,362,362,1,49.1,-66.65,49.1,5.0,-172.26435951625191,172.26435951625191,72.69475219726749,63.66645385742295,0.0135318903625014,0.6330521330716596,0.3797719859366192,midlatitude,13_11
b154s0215,-0.7039859721535717,-0.9076915418395597,365,365,2,49.012639,-64.89763880000001,49.012639,30.955,-115.39931140677236,115.39931140677236,64.21746309665346,46.77663914165133,0.0113646238640694,0.4413564212750572,0.402028678090604,midlatitude,13_11
b154s0220,-0.6411821631146095,-0.7328615075031056,354,354,1,48.9333333,-57.9166666,48.9333333,152.0,-111.51849680550367,111.51849680550367,93.81830740737476,88.36675602257557,0.0187962033522815,0.5104484257280678,0.3917052713423513,midlatitude,13_12
b154s0221,-0.5377049537546399,-0.7446537808752717,365,365,2,49.266668300000006,-57.4,49.266668300000006,419.47,176.89241640712635,380.2038401158751,111.09499761391028,72.66958646503045,0.0192872697008147,0.5612593863155404,0.3777294095197215,midlatitude,13_12
b154s0223,-0.3095522204828279,-0.366555544314249,365,365,1,48.933472,-54.569028,48.933472,151.0,46.13233060095898,46.13233060095898,32.738249235339126,28.56743484777557,0.0056756170609094,0.5026669532280705,0.380679466393011,midlatitude,13_12
b154s0224,-0.6505834961618561,-0.9800362344189134,363,363,1,48.6666666,-53.1166666,48.6666666,26.0,10.476463989550206,10.476463989550206,9.88960833931386,7.473225933077509,0.0020584890531303,0.2722440687671634,0.3481977474784842,midlatitude,13_12
b154s0260,-0.325135251798872,-0.5822631641664492,365,365,2,48.79385565,-3.4691613,48.79385565,73.195,32.770720684943,32.770720684943,5.7701666983750775,4.607606554776979,0.0010109807178473,0.3502523998208356,0.4079943262764023,midlatitude,13_17
b154s0261,-1.176767272889972,-1.5768495308790442,365,365,2,49.3214515,-2.3987385,49.3214515,93.415,91.34055941938932,91.34055941938932,3.0517578125e-05,3.0517578125e-05,0.0001000016927719,0.3991312203086496,0.4145551608209462,midlatitude,13_17
b154s0262,-0.3371138029933754,-0.7606141367822574,365,365,1,49.173333,-0.45,49.173333,78.02,1.8329898061844003,1.8329898061844003,26.33785157941904,20.23111288977056,0.0044948694738864,0.6506777713669566,0.4142563856111059,midlatitude,13_17
b155s0000,-0.4398567423339154,-0.7790839254162663,365,365,2,49.733472225,0.592847325,49.733472225,66.7,11.763223284892764,44.5652110089911,17.108651793551665,13.791987677140805,0.0028026277396153,0.647031402664473,0.4151642915959007,midlatitude,13_18
b155s0001,-0.26622757789378204,-0.3337927379089676,365,365,2,50.0550793,2.26789045,50.0550793,89.025,3.6777626062868896,9.43520789078262,21.941193513043387,16.203015364318688,0.0035295950200575,0.7864463349366617,0.3498468630083526,midlatitude,14_18
b155s0002,-0.23761033049336563,-0.3194145609440304,359,359,1,49.8166667,3.2,49.8166667,101.0,9.868285937922224,9.868285937922224,22.07214096672365,16.32958018079105,0.0035347636803293,0.9117810439417336,0.2439020621288327,midlatitude,13_18
b155s0003,-0.5675579565707405,-0.7833785514024383,365,365,4,50.02994375,4.97531125,50.02994375,316.575,24.423176726390267,78.64587614147882,47.8759327784293,35.38285242972319,0.0080715311561349,0.9696932367232276,0.1329125001365657,midlatitude,14_18
b155s0004,-0.5027021334528755,-0.7446309269321095,365,365,2,49.6216208,5.89742515,49.6216208,350.06,39.23286939015995,49.07877519128167,38.3925014997251,32.7948601978172,0.0075782272846517,0.991847725014506,0.0481002202437354,midlatitude,13_18
b155s0008,-0.451214119248374,-0.5381030227685114,365,365,1,50.0666666,12.3833333,50.0666666,490.0,-94.88640873191184,94.88640873191184,77.27528730665884,55.63283926856458,0.0138925140315692,0.9942712709184232,0.0072439863534753,midlatitude,14_19
b155s0009,-0.7042629442783603,-0.8509867869988179,365,365,2,50.07499995,13.3583333,50.07499995,348.85,-131.8810151645208,131.8810151645208,87.29109338135453,53.749142854182026,0.0137040361433449,0.9929412393814304,0.0080507355166042,midlatitude,14_19
b155s0010,-0.27413804664049907,-0.4010311659104569,365,365,4,49.94604155,14.58166665,49.94604155,375.345,11.635244507884224,26.36653841758552,47.31752685128731,33.278779178569415,0.0080001952262673,0.9927374659622776,0.0082728331540018,midlatitude,13_19
b155s0011,-0.3068018353919418,-0.4114887559127764,365,365,4,49.87993465,15.82594705,49.87993465,352.29,-67.5261474242169,67.72018558482006,68.05305930289161,40.261544867179296,0.0107209931124938,0.99312948541909,0.0086510567023682,midlatitude,13_19
b155s0012,-0.5250952143859475,-0.6149808103179518,365,365,2,49.673146,17.5305265,49.673146,386.425,-13.916516147109888,122.75890460290309,90.13202171347665,57.40776175718812,0.014094353666147,0.9930166907613516,0.0102249558318765,midlatitude,13_19
b155s0013,-0.35644158189539477,-0.5006989949723962,365,365,3,50.02777776666667,18.74444443333333,50.02777776666667,296.3333333333333,-24.659124604590065,32.99792125204987,53.13247347483898,36.419875880730906,0.008023870531845,0.993028340406901,0.009015036363204,midlatitude,14_19
b155s0014,-0.5090080399439981,-0.6140864491146307,365,365,2,49.8471988,20.242418,49.8471988,268.045,-140.63673083157892,140.63673083157892,88.92057877291523,58.68614639552463,0.0137162281075493,0.9943290130024388,0.0077367011357957,midlatitude,13_20
b155s0015,-0.22852800153568545,-0.3226560838595775,365,365,3,49.94776376666667,21.589666633333334,49.94776376666667,247.91333333333333,-29.00368990995425,29.00368990995425,40.8198611261729,30.143568879079783,0.0064185434609531,0.9951604308925296,0.0064149076861707,midlatitude,13_20
b155s0016,-0.19464360842347936,-0.29195164347314656,365,365,1,49.8,22.7666666,49.8,280.0,-4.752421530002323,4.752421530002323,39.35837527180192,26.875974943911288,0.0059747419341671,0.995174643593474,0.0060563879095317,midlatitude,13_20
b155s0017,-0.3585703458130003,-0.5005189946994862,362,362,1,49.8125,23.956111,49.8125,326.44,37.21819137436387,37.21819137436387,29.21331755255127,18.910916437164307,0.0045010514620617,0.9946647249808676,0.0057075676636533,midlatitude,13_20
b155s0026,-0.12657069007658214,-0.17558253737290586,353,353,1,49.924786,36.289986,49.924786,154.83,5.670411792861529,5.670411792861529,22.14840778582759,22.887435441766325,0.0047665738786156,0.9898435474436847,0.0287551334791817,midlatitude,13_21
b155s0027,-0.41532319586580746,-0.5952185122460399,365,365,1,50.2166666,38.1,50.2166666,112.0,-43.717442516302896,43.717442516302896,24.575012852749047,23.78565644805669,0.0052077958104562,0.9942584533975573,0.0133963971648241,midlatitude,14_21
b155s0029,-0.16730674908299026,-0.18934315678360755,365,365,1,49.9333333,40.5666666,49.9333333,84.0,-46.86002641752973,46.86002641752973,27.161667983168385,25.324458386311285,0.0053718442668034,0.99574509701869,0.0179838994549568,midlatitude,13_22
b155s0040,-0.4981308534674673,-0.6539611855918966,365,365,1,50.245833,57.206667,50.245833,224.94,-52.825515645574285,52.825515645574285,31.597455605656386,20.39555621166934,0.0051506571379356,0.9975280700770348,0.0071572250268051,midlatitude,14_23
b155s0052,-0.3207768671569387,-0.5111803911205083,362,362,1,49.670833,73.334444,49.670833,537.97,-57.6547626666279,57.6547626666279,33.76135785462715,21.142859303256703,0.0051556407398814,0.9891879967960294,0.0200731362663882,midlatitude,13_25
b155s0059,-1.38751379574283,-1.3756767163304342,364,364,1,50.3333333,83.55,50.3333333,811.0,-363.5185204832208,363.5185204832208,240.7534431890205,186.69080833803716,0.0412036039598068,0.986128196028598,0.0435814714986683,midlatitude,14_26
b155s0061,-1.8842941729741565,-2.207740344016069,362,362,1,50.2833333,85.6166666,50.2833333,978.0,-560.8879785948859,560.8879785948859,301.8932094700231,201.6371183694516,0.0468991378110798,0.9909794550048528,0.0361708235532492,midlatitude,14_26
b155s0064,-0.4553774720631783,-0.29775807166647655,365,365,1,49.6,90.35,49.6,1480.0,-278.4853454033787,278.4853454033787,178.6703564453138,96.41308166504008,0.0267879253625872,0.9730863869786424,0.0847866180958793,midlatitude,13_27
b155s0065,-3.149147526141976,-4.066673948721154,364,364,1,49.8,92.0833333,49.8,939.0,-472.578625644604,472.578625644604,158.25706508687838,82.55699029559065,0.0258261560726669,0.9309152658640368,0.1610613291321328,midlatitude,13_27
b155s0068,-1.8493412538681229,-2.521949491083351,363,363,1,49.65,95.7833333,49.65,1421.0,-114.91805468453572,114.91805468453572,117.45779461147949,80.66829775994115,0.0184611208678715,0.9844469205503666,0.0609545227047297,midlatitude,13_27
b155s0071,-1.5130812678000962,-1.727302323933835,364,364,1,49.6333333,100.1666666,49.6333333,1283.0,-338.68415668514194,338.68415668514194,184.6242844778266,119.92748460254154,0.0292078777915729,0.9837527206610972,0.0700657581296811,midlatitude,13_28
b155s0073,-0.3446223690426713,-0.3396440361111151,365,365,1,49.5666666,102.0,49.5666666,1235.0,-131.90735714962784,131.90735714962784,151.21678927507327,114.8633864809326,0.025958995686376,0.9907468794278028,0.053496875039672,midlatitude,13_28
b155s0077,-1.2476232653482398,-1.3344221603080777,363,363,1,50.3666666,108.75,50.3666666,771.0,-287.591887902915,287.591887902915,154.42415243391127,97.70759130012186,0.0239148574051469,0.9942611857683796,0.050513672277235,midlatitude,14_28
b155s0081,-0.50618715906374,-0.6645497354814944,365,365,2,49.9083333,113.8333333,49.9083333,718.5,-108.5279917077562,108.5279917077562,57.93677382660193,46.03232015237394,0.0105933619171977,0.9874567659155716,0.0401705135878815,midlatitude,13_29
b155s0083,-1.049598295346458,-1.5122641807142891,365,365,1,50.4,116.5166666,50.4,676.0,-92.87509515704778,92.87509515704778,67.13208960545403,36.36573536386219,0.0099427945948087,0.9742897070501472,0.0765890227650146,midlatitude,14_29
b155s0085,-1.3831853848079023,-2.1390848293553795,357,357,1,50.3333333,119.0666666,50.3333333,521.1,-78.59585930789137,78.59585930789137,53.211667497691685,37.90455313901936,0.0093165858925436,0.9891367897358136,0.0558122733352165,midlatitude,14_29
b155s0091,-0.49131199914050566,-0.6601425725530297,365,365,2,50.266666650000005,127.46666665,50.266666650000005,167.595,-14.550782223170527,14.550782223170527,35.1797281540714,24.31839228195329,0.0062517070556956,0.9887231139858964,0.0170001233238084,midlatitude,14_30
b155s0092,-0.1014359309038706,-0.142440023611944,365,365,2,49.8666666,129.05833330000002,49.8666666,178.0,-5.378280975342662,27.15949442766824,19.95618025463129,15.860067287588054,0.0035093451811648,0.989371355096274,0.016219265198735,midlatitude,13_30
b155s0094,-0.8233442392864441,-1.0961535181894935,365,365,1,50.0666666,132.1333333,50.0666666,347.0,-75.94533200389503,75.94533200389503,74.11939715797652,60.18933115453553,0.014397155949972,0.9956912250526532,0.0124102059266937,midlatitude,14_31
b155s0100,-1.2570688370693728,-1.4817811294925523,365,365,1,49.65,140.0833333,49.65,58.0,-271.20265965575936,271.20265965575936,134.80033728194692,110.16739757997766,0.0260415332624383,0.6442283644840151,0.4203512905920896,midlatitude,13_32
b155s0101,-1.0030446635692307,-1.2234001538139605,365,365,1,50.05,142.1666666,50.05,4.0,-195.66953092366668,195.66953092366668,46.5829301786854,35.187923343459865,0.0087250605494696,0.4753670493934633,0.4145085809110537,midlatitude,14_32
b155s0103,-0.9338960100515356,-1.212671488902168,365,365,1,50.4,143.7666666,50.4,8.0,-159.70884090750516,159.70884090750516,26.358979821112907,21.6931119830661,0.0053567078622602,0.359112560317343,0.4148227231522584,midlatitude,14_32
b155s0168,-0.5163171236588981,-0.6997250634425939,365,365,1,49.710833,-124.886667,49.710833,25.6,-185.9328883971274,185.9328883971274,154.57056536914445,121.29277071405852,0.0306726952902283,0.671955697459946,0.3379061375136312,midlatitude,13_5
b155s0169,-1.9991812250259764,-2.2547548209873827,365,365,3,49.81666663333333,-123.2555555,49.81666663333333,353.0,-607.0221412623478,607.0221412623478,341.9683177727339,328.52400614164435,0.0778545390551903,0.8226453036573572,0.2511784155099423,midlatitude,13_5
b155s0170,-6.080795051159662,-6.16537134266203,365,365,2,50.2233333,-121.58166665,50.2233333,227.0,-1157.5721785810704,1157.5721785810704,388.8797907130945,338.5184565895696,0.0785213836599895,0.9506765160494096,0.1232516772794999,midlatitude,14_5
b155s0172,-1.3010641699402463,-1.3596967056958071,365,365,3,49.91314853333333,-119.40370376666668,49.91314853333333,455.22,-598.174038166362,598.174038166362,316.11698327266384,194.11575946397815,0.0519593970349792,0.9726964586169016,0.0436750603013644,midlatitude,13_6
b155s0173,-1.6951316807731522,-1.9041172756668754,365,365,1,50.2666666,-117.8166666,50.2666666,512.1,-793.9667770331865,793.9667770331865,379.4368753711047,337.2886011744735,0.0762058525182734,0.9745863772557908,0.0283626284401431,midlatitude,14_6
b155s0175,-1.598951877919907,-1.9365015388954392,365,365,2,49.6833333,-115.3333333,49.6833333,1033.845,-517.7838667047154,517.7838667047154,252.35194208088572,199.6205489076561,0.0464901855838588,0.98509234289061,0.0253004454645551,midlatitude,13_6
b155s0176,-0.7369796600868703,-0.9288726611999424,365,365,4,50.016666625,-113.9833333,50.016666625,1244.5,-70.25740813612794,144.52439462038848,98.46864378094632,69.93017929924801,0.017664019008436,0.989268376782276,0.0174993419645528,midlatitude,14_6
b155s0177,-0.45330537874801013,-0.6388366984711,365,365,2,49.875,-112.44999995,49.875,844.5,-16.657895137587104,16.657895137587104,24.40233428827765,12.771155364895094,0.0034789508156162,0.988771094701766,0.0160206029623897,midlatitude,13_6
b155s0178,-0.23660197300159944,-0.33588147977638655,365,365,1,50.0333333,-110.7166666,50.0333333,715.0,-72.61654312953374,72.61654312953374,36.68426346577726,20.806763695785843,0.0054821965725921,0.990808561507822,0.0126692054812465,midlatitude,14_6
b155s0179,-0.6137151632272423,-0.7149970510874315,365,365,2,49.775,-109.4916666,49.775,1019.0,88.89541391075977,179.00798071160557,49.62131020841092,25.451319068005496,0.0060597753328097,0.9919987104041036,0.0137919295692512,midlatitude,13_7
b155s0180,-0.11659039167673464,-0.1888555343564864,365,365,2,50.2833333,-107.7083333,50.2833333,820.9300000000001,31.45167415714764,31.45167415714764,29.267535703851163,20.197687563238315,0.0045053462594349,0.981925323384222,0.0280114102595972,midlatitude,14_7
b155s0182,-0.49181472577704216,-0.7185364689578279,365,365,3,50.0833333,-105.39444443333332,50.0833333,627.6666666666666,-14.879837194708822,14.879837194708822,21.82493948472515,12.367052287477144,0.0031604856985744,0.9799332571362362,0.0331423860868772,midlatitude,14_7
b155s0183,-0.344536966959645,-0.4947881462718975,365,365,1,49.7,-103.8,49.7,589.0,-2.047297943232934,2.047297943232934,10.76597412109372,4.728054199218761,0.0016180166602134,0.9865375244463724,0.0248540134741929,midlatitude,13_7
b155s0184,-0.23460899454790204,-0.35564304424369103,365,365,1,50.3680556,-102.570833,50.3680556,599.8,-7.485469012818385,7.485469012818385,18.8747380537934,15.59261998104857,0.0034527218088897,0.9833640339648446,0.043222596715764,midlatitude,14_7
b155s0186,-0.47622505546169497,-0.6837255447694212,365,365,3,49.90555553333333,-99.75,49.90555553333333,399.44666666666666,-18.380850433241186,30.107045583129437,16.767058165087892,9.393998350436096,0.0023671597086206,0.9477114203434036,0.1162197692174748,midlatitude,13_8
b155s0187,-0.24290387721449638,-0.35874985079586,365,365,2,49.725764,-98.6684722,49.725764,321.87,-14.19079978836993,14.19079978836993,14.12335230846393,8.608111180446294,0.0021829090504195,0.934963419274352,0.1325228779037337,midlatitude,13_8
b155s0188,-0.3100425603365649,-0.41767180324356307,365,365,2,49.8983423,-97.184971475,49.8983423,234.5,-1.3466673416344577,3.7457123880840015,3.399897959274574,2.30328787820301,0.0006543780954463,0.902614394454178,0.1626554013981929,midlatitude,13_8
b155s0189,-0.19373231080397124,-0.3355474071565108,365,365,1,50.1666666,-96.05,50.1666666,267.0,-0.6958651352330207,0.6958651352330207,8.204875985639855,6.361443372270591,0.0015370988381576,0.8634456831375305,0.163775161766534,midlatitude,14_8
b155s0190,-0.526103095279366,-0.627661787315726,365,365,1,49.7833333,-94.3666666,49.7833333,413.0,59.66515364635342,59.66515364635342,12.61231910381512,10.4450203054446,0.0023057607098125,0.8292612798194108,0.1324353482733966,midlatitude,13_8
b155s0191,0.007325474260012325,0.001827015794976609,365,365,1,49.831667,-92.744167,49.831667,412.69,24.01133897903071,24.01133897903071,16.3370358386565,10.540704920574118,0.0023474055212421,0.8208931231887413,0.0937303606183361,midlatitude,13_8
b155s0192,-0.25142125112810243,-0.39704342317271774,365,365,1,50.1166666,-91.9,50.1166666,383.43,-1.1128395464750724,1.1128395464750724,11.249291220400409,10.286195047495138,0.0021138361506271,0.8281481782760044,0.0862704696131164,midlatitude,14_8
b155s0194,-1.2271142837622808,-1.925274287390484,356,356,1,50.2833333,-88.9,50.2833333,323.0,-11.683073295127258,11.683073295127258,10.309379082723806,11.45446522711329,0.0022035044890622,0.8189492099368642,0.1883881202046606,midlatitude,14_9
b155s0195,-0.5495608611886376,-0.9391554576361045,365,365,1,49.778332,-86.939445,49.778332,348.69,-5.674759999862488,5.674759999862488,15.484624859937936,13.905309393486132,0.0032696354498253,0.8116324665418475,0.2619105483675766,midlatitude,13_9
b155s0197,-0.35115547892592175,-0.5332410653959611,358,358,1,49.7333333,-84.15,49.7333333,264.0,19.00851655241493,19.00851655241493,15.543603629655465,8.794989855490643,0.0023123004041617,0.9482293366587204,0.1117828963564471,midlatitude,13_9
b155s0202,-0.2788827251559885,-0.4493215023568579,365,365,2,49.7558335,-77.801389,49.7558335,280.55,13.525622441598216,13.525622441598216,7.25458797722962,7.333631379323764,0.0013674886533452,0.9218357051645684,0.0846862105768128,midlatitude,13_10
b155s0204,-0.5471668000118958,-0.8196028735000619,365,365,1,49.771944,-74.528056,49.771944,387.09,4.390546646719031,4.390546646719031,9.890563341959416,9.702742156262566,0.0019645863966355,0.8830210093849011,0.0829974783372181,midlatitude,13_10
b155s0210,-0.7851832596115425,-1.202864527449247,365,365,2,50.2166666,-66.2583333,50.2166666,52.5,-42.990870517477,42.990870517477,21.90935483525884,17.484492142762786,0.0040182516917256,0.6519938406166286,0.3686623062775247,midlatitude,14_11
b155s0211,-1.0819806843951867,-1.5038403657540194,365,365,2,50.05236105,-64.25486104999999,50.05236105,33.0,-13.56026989420284,49.95611717788514,11.396813286942292,8.798943538440565,0.0020181943767744,0.524520993882875,0.3878054130034808,midlatitude,14_11
b155s0212,-0.7501836689028121,-1.0607400747172815,365,365,2,50.27499995,-63.6,50.27499995,37.395,-19.845003139907284,19.845003139907284,12.035187089529018,10.507437910921857,0.0025199372824851,0.5651959420424151,0.3811167616053775,midlatitude,14_11
b155s0213,-0.46037535425816384,-0.6726135264836959,365,365,2,50.1833333,-61.79166665,50.1833333,11.44,-21.00865741958636,21.00865741958636,10.118939308221917,7.333248765126324,0.0018349096714222,0.4745083484819024,0.3909667231849344,midlatitude,14_11
b155s0218,-1.215301136944421,-1.478796521638116,364,364,2,49.79999995,-55.2333333,49.79999995,143.0,118.80434065360258,118.80434065360258,7.143890381233471,6.075210962967219,0.0014930137428706,0.411991494251936,0.3840423934237953,midlatitude,13_12
b155s0254,-0.33383676001235635,-0.4857673103530584,365,365,2,50.1513793,-5.2861888,50.1513793,84.69,57.63509114510823,57.63509114510823,25.29104519937324,16.620296252331492,0.0043141852771996,0.1553891280715164,0.2885093692109889,midlatitude,14_17
b155s0255,-0.6762716444731378,-0.9715827121890216,365,365,1,50.35,-4.1166667,50.35,27.0,-48.22266491969151,48.22266491969151,41.37907259336466,24.757345733325455,0.0062613238503969,0.2965761102519152,0.3732620429167209,midlatitude,14_17
b155s0256,-0.7271472988287666,-1.1130896639134231,365,365,2,49.6833863,-1.70180715,49.6833863,75.95,52.54423362189471,59.01407096920922,17.138256604412415,13.37406111537479,0.0029342933215342,0.4179651676907459,0.416856578054075,midlatitude,13_17
b156s0000,-0.8452601276767884,-1.1437796237628572,365,365,2,51.01666665,0.8333333,51.01666665,84.5,54.23541862161161,54.23541862161161,16.55636920966038,10.830540782407088,0.0025369597219174,0.5631352054508592,0.4237441485347119,midlatitude,14_18
b156s0001,-0.45043428138548913,-0.6452243599074682,365,365,5,50.87107166,2.03269006,50.87107166,22.212,2.403406772801578,17.642212170423868,13.01269249797102,9.955106178299427,0.002033471083166,0.6077128434737522,0.4203299360291442,midlatitude,14_18
b156s0002,-0.3281039479972917,-0.48922045963704175,365,365,7,50.91238055714286,3.464190342857143,50.91238055714286,27.15571428571429,3.118797210766187,6.038303861515575,10.366960517818228,8.144037248243764,0.0017606574211281,0.7349509696792074,0.3776450151081615,midlatitude,14_18
b156s0003,-0.2895281523822707,-0.4454421773996475,365,365,10,50.86310565,4.85967606,50.86310565,94.769,15.140789958215937,23.903057946268422,17.509486317694616,12.870291573616589,0.0029704751889258,0.8806149774831585,0.2665238031192123,midlatitude,14_18
b156s0004,-0.22886885321601913,-0.3375405639550497,365,365,2,50.69749565,5.84340535,50.69749565,298.15,53.48548096173158,53.48548096173158,39.842272534623405,32.12929557588501,0.0069984950428329,0.9553933786861376,0.1553605168858784,midlatitude,14_18
b156s0009,-0.6388914377091424,-0.846881699269118,365,365,2,50.574999950000006,14.09999995,50.574999950000006,269.395,-70.24188074356428,70.24188074356428,89.54080461921603,65.35075164721027,0.0163834412891045,0.9920653337345112,0.0092737526833919,midlatitude,14_19
b156s0010,-0.5469395801693236,-0.641543559834505,365,365,1,50.7666666,15.0166666,50.7666666,401.48,-55.805733505455805,55.805733505455805,82.1003660573698,74.63419540790503,0.0161618818174973,0.9916489583229604,0.0109656575726874,midlatitude,14_19
b156s0011,-0.4212422898242493,-0.5026879606548982,365,365,2,50.76800815,16.7512513,50.76800815,240.065,-64.5269705578189,64.5269705578189,68.18927760500715,47.52046638266364,0.0122840592827167,0.9920404497248632,0.0103684948567457,midlatitude,14_19
b156s0012,-0.23514336657309257,-0.32530781598928726,365,365,1,50.6166666,17.9666666,50.6166666,163.0,-16.74031097703036,16.74031097703036,17.25351439537247,9.95941981761344,0.0022648224609765,0.9925336806632052,0.0085568229640884,midlatitude,14_19
b156s0013,-0.059690268999658125,-0.1352750737237329,365,365,2,51.0166666,18.8333333,51.0166666,248.0,26.21961694935541,26.21961694935541,12.814812135679864,11.087571871384029,0.0024903333184077,0.9924614167270114,0.0101713363185829,midlatitude,14_19
b156s0014,-0.48354601565016525,-0.7129429183943885,365,365,1,50.8166666,20.7,50.8166666,261.0,-20.78204816935425,20.78204816935425,24.1197400525292,22.85568889471184,0.0045062815183722,0.9944154204539848,0.0070713602313155,midlatitude,14_20
b156s0015,-0.17864964988899704,-0.25082231151832884,365,365,2,50.95833330000001,22.0583333,50.95833330000001,229.0,34.34506763266205,34.34506763266205,17.052558688933125,13.038370582448763,0.0029410380267226,0.994214093223415,0.0076071504770948,midlatitude,14_20
b156s0016,-0.31332531794021273,-0.440460348625281,365,365,1,50.7,23.25,50.7,213.0,-29.58271969785787,29.58271969785787,23.210778808593695,18.07832641601565,0.0041034072637557,0.9939939733365696,0.0075591044490999,midlatitude,14_20
b156s0021,-0.2522189858511754,-0.32433216309845286,365,365,1,50.401944,30.451111,50.401944,178.61,32.960583201317945,32.960583201317945,18.26812490938621,15.811795723557,0.0038345682166768,0.9743897619564004,0.0581078236169285,midlatitude,14_21
b156s0025,-0.2658458902568021,-0.3471938905693668,365,365,2,51.0,36.0416666,51.0,209.0,7.782332307477546,28.3442185023046,19.729544423925795,14.808123740075684,0.0032232884529632,0.9944432202719464,0.0138440285506129,midlatitude,14_21
b156s0026,-0.22250665910398718,-0.33472795208518386,365,365,1,51.1666666,37.35,51.1666666,226.0,19.78660128863456,19.78660128863456,17.311992618754864,19.169246483652365,0.0033068362863552,0.9954806160266664,0.0066976901166475,midlatitude,14_21
b156s0028,-0.2691219703166219,-0.44522171863144383,365,365,2,50.7333333,40.875,50.7333333,143.0,-17.000842716485977,49.74555771855032,22.708708821897048,19.681471111540564,0.0045342070196914,0.9967811954079986,0.0092455113416178,midlatitude,14_22
b156s0036,-0.2955477762166603,-0.40523233443242024,365,365,1,51.150833,51.543056,51.150833,38.1,-4.434387408985501,4.434387408985501,12.761138023499951,7.077910244731984,0.0020506776718464,0.9885281476744738,0.0232311708202614,midlatitude,14_23
b156s0050,-0.3266810262057318,-0.48273107854755143,363,363,1,51.022222,71.466944,51.022222,355.09,-1.953188192965172,1.953188192965172,8.684731071725555,5.668330901493963,0.0013538801468546,0.9746775482730944,0.0437753297984949,midlatitude,14_25
b156s0055,-0.5378402219379267,-0.8179997043889191,361,361,1,50.8666666,78.35,50.8666666,149.0,-29.12511101105485,29.12511101105485,13.014990960791035,7.274557240307611,0.0019956362392771,0.9868983885927414,0.0195364471828729,midlatitude,14_25
b156s0057,-0.6367693158154035,-0.8542796808720065,365,365,1,51.15,82.2,51.15,355.0,-88.83022298644397,88.83022298644397,56.29848022460965,44.30719726562515,0.0093356290459633,0.9880986034112156,0.0235601525334401,midlatitude,14_26
b156s0063,-0.7132706909998504,-0.9239434597510826,362,362,1,51.0166666,90.2166666,51.0166666,983.1,-375.4470347794098,375.4470347794098,271.98029658431113,115.65820683465412,0.0319166709374516,0.9812305741581948,0.0754756840590314,midlatitude,14_27
b156s0070,-1.0587586810794238,-1.3538915864088865,365,365,2,50.77499995,99.9083333,50.77499995,1625.5,-265.2960185203094,265.2960185203094,145.22588517494262,101.54161396701512,0.0225231356577887,0.963117248677038,0.114112871906251,midlatitude,14_27
b156s0080,-0.7407938884221267,-0.9935292770915218,363,363,1,51.1,114.5166666,51.1,681.0,-125.19675138684738,125.19675138684738,61.37188557300305,41.696308181650494,0.0098553063530981,0.9896303141138314,0.0351254652584465,midlatitude,14_29
b156s0085,-1.9987487102690256,-2.7571321598868437,364,364,1,50.45,121.7,50.45,733.0,-159.26471960353433,159.26471960353433,78.00106201171879,64.595068359375,0.0147990183532238,0.9993650023308538,0.0074251015187691,midlatitude,14_30
b156s0090,0.04549347184353558,0.1389554304344757,364,364,1,50.7833333,129.3333333,50.7833333,227.0,4.0201530287776,4.0201530287776,15.5750734146832,10.783723863155902,0.0025236070955047,0.9900573095485016,0.0156061921422923,midlatitude,14_30
b156s0092,-1.432742368203953,-1.817609387263186,365,365,1,50.8666666,132.25,50.8666666,272.0,-216.9397015230097,216.9397015230097,108.32550653537584,83.39455508283693,0.0202951770111739,0.9967770721821004,0.0081067358188814,midlatitude,14_31
b156s0096,-0.4875829016280604,-0.6356025183503468,365,365,1,51.2,136.8,51.2,92.0,-7.984098800302377,7.984098800302377,39.93449218749975,33.31536499023419,0.0081314778327941,0.9733832864438776,0.0677220022357543,midlatitude,14_31
b156s0099,-0.8845850014672746,-1.0405743639952887,365,365,1,50.9,142.1666666,50.9,31.0,-76.58026727409253,76.58026727409253,27.07345718820533,21.42335365397636,0.0053839871013025,0.5114030843582056,0.4111950831899281,midlatitude,14_32
b156s0168,-1.6903661499617801,-1.6880298288674904,342,342,1,50.7,-120.45,50.7,345.0,-603.3423955300731,603.3423955300731,249.1921691894535,175.1815130615236,0.0406704723834991,0.9715864196062748,0.0483004575229795,midlatitude,14_5
b156s0169,-1.8718951332761147,-2.0842808209576327,365,365,2,50.83333330000001,-118.7333333,50.83333330000001,398.0,-749.5548280613298,749.5548280613298,357.6894986198276,336.5812086384602,0.0769952746815375,0.9728796136200468,0.0302400601118702,midlatitude,14_6
b156s0171,-3.849688816018313,-3.998547660641132,365,365,1,51.2,-115.55,51.2,1397.0,-650.1987439645602,650.1987439645602,272.581649169922,261.53939819335966,0.0548574429750445,0.9896511263462004,0.0153544104612334,midlatitude,14_6
b156s0172,-1.3448978155643505,-1.798552259076929,365,365,3,51.09444443333334,-114.47777773333333,51.09444443333334,1192.996666666667,-156.70067602213908,156.70067602213908,98.60224092392822,78.02292522771486,0.0185063579264946,0.9899209730815112,0.0146759021641811,midlatitude,14_6
b156s0174,-0.3938475714286455,-0.5956514373978335,337,337,1,50.55,-111.85,50.55,747.0,-3.578003829034401,3.578003829034401,16.178359374999893,8.679039306640574,0.0022637718915939,0.9878816630906724,0.0157626718929632,midlatitude,14_6
b156s0176,-0.5597012607800983,-0.7954179320696307,365,365,1,50.9,-109.5,50.9,676.0,-4.498333719975904,4.498333719975904,26.98985595703116,20.738549804687416,0.0047336503863334,0.9876191400499296,0.0165214416374507,midlatitude,14_7
b156s0177,-0.28835707322212395,-0.41970996129907584,365,365,1,50.95,-107.15,50.95,665.0,18.281550338290344,18.281550338290344,32.1018823242186,21.7937011718749,0.0057744711637496,0.9757289625442002,0.0306551468222911,midlatitude,14_7
b156s0178,-0.3519374092044059,-0.5227535239856157,365,365,1,51.1333333,-106.5833333,51.1333333,595.0,5.66720130738463,5.66720130738463,19.141811981421128,10.752669738568224,0.0033226687094908,0.9733183011808172,0.032715990411599,midlatitude,14_7
b156s0179,-0.5230596219779877,-0.7453376582245762,365,365,1,50.4333333,-104.6666666,50.4333333,577.0,-9.80970570635884,9.80970570635884,13.153996694377271,5.805554683647141,0.0020441113799141,0.9801600783681113,0.0331198330437316,midlatitude,14_7
b156s0180,-0.27435826773147043,-0.40775152202808895,365,365,2,50.90800903333333,-103.05750003333334,50.90800903333333,538.67,-18.688773810137263,18.688773810137263,17.290511233733362,8.45780593608138,0.0023058702454032,0.9739335407982244,0.0604746601799797,midlatitude,14_7
b156s0181,-0.35480281351115317,-0.5049196436923375,364,364,1,51.1833333,-101.3666666,51.1833333,540.0,-13.37453308921215,13.37453308921215,24.365486191371225,17.039579443116857,0.0040811447354322,0.9355308647845268,0.1351330784285465,midlatitude,14_7
b156s0182,-0.5304107949874006,-0.8692229638035279,365,365,3,50.73347233333334,-100.19486109999998,50.73347233333334,497.3966666666667,-17.034207197385246,37.81053849740105,44.50282765189622,20.930780936069976,0.0060191984267719,0.9097679568227356,0.156679987952532,midlatitude,14_7
b156s0184,-0.5408630503392126,-0.7805875323803383,365,365,3,50.73870366666667,-97.54555556666666,50.73870366666667,244.2,-3.105006817418797,3.105006817418797,5.124165078387547,3.2381428504196936,0.0008761156055722,0.8335478078752252,0.2081191174064951,midlatitude,14_8
b156s0185,-0.0621542778369805,-0.0746532625985273,365,365,1,50.5222222,-95.9772222,50.5222222,253.0,-9.95626095506833,9.95626095506833,8.587907480716787,6.5019308800698,0.0014395096735634,0.8454937142092369,0.1684835690371514,midlatitude,14_8
b156s0187,-0.3122545457594993,-0.44590429777992013,365,365,2,50.85013865,-93.5048613,50.85013865,374.285,-5.5237315254194925,6.228250967024934,14.701348412082876,11.932190604460128,0.0026014355405037,0.8352739651736105,0.0877500394662014,midlatitude,14_8
b156s0196,-0.4084585686170197,-0.5785041912310144,365,365,2,51.2833333,-80.6083333,51.2833333,9.5,-7.578272518702938,7.578272518702938,4.938563925187342,2.204598845134832,0.0006721815560602,0.7536207673440767,0.3531101867620531,midlatitude,14_9
b156s0203,-0.6780696666376101,-1.223080790338088,362,362,1,50.7166666,-71.0,50.7166666,498.0,-19.318479757358205,19.318479757358205,42.92299712182601,31.42339010981427,0.0073080605879902,0.8967347766324966,0.0885128488904321,midlatitude,14_10
b156s0211,-0.8959382226729042,-1.2597153854959477,365,365,1,50.45,-59.6333333,50.45,8.0,-23.72232925965816,23.72232925965816,3.1240010907520883,3.247725018154437,0.0007518347461629,0.4466128966073567,0.4032065093508996,midlatitude,14_12
b156s0212,-0.015131790547333194,-0.046868083601305045,363,363,1,51.0166666,-57.1,51.0166666,6.0,-36.21194187422766,36.21194187422766,6.72111420829487,4.718665607714118,0.0012769626904426,0.4858175089129107,0.3849502484055249,midlatitude,14_12
b156s0249,-0.26623639406925736,-0.3635462601891812,354,354,1,50.5,-4.6666666,50.5,199.0,101.88854994012098,101.88854994012098,53.80868078396124,29.80268643935613,0.0073664618520678,0.259605688011327,0.3556266155151565,midlatitude,14_17
b156s0250,-0.6653998194345038,-0.783662033661838,365,365,3,51.01238896666666,-3.6612241,51.01238896666666,202.74,94.92280723701532,144.20054846075735,50.85282179356934,29.930255163418437,0.0081183364646977,0.4697053264755179,0.4116028083278054,midlatitude,14_17
b156s0251,-0.36794493740189954,-0.5213333304962192,365,365,6,50.9680356,-2.007566616666667,50.9680356,72.415,-8.414996655983556,27.634397664432885,25.241686859794928,19.775139325171576,0.0043685619819185,0.5938439960483909,0.4140575209411658,midlatitude,14_17
b156s0252,-0.5299822412263261,-0.7730221020074165,365,365,5,50.94910558,-0.84660932,50.94910558,45.022000000000006,-6.800481070643784,22.63171030393161,20.516471611437744,15.130564511309045,0.0034135091434779,0.5981505716647908,0.4194637717417904,midlatitude,14_17
b157s0000,-0.5484920530025458,-0.7967447639020561,365,365,3,51.59444443333333,0.8721111,51.59444443333333,48.1,15.848125518339918,29.030372799160396,18.20231783636797,10.081670874074694,0.0025289328632684,0.5912542828849312,0.4210860077508171,midlatitude,14_18
b157s0002,-0.3170796001582424,-0.46285475152468836,365,365,6,51.6942931,3.6986718166666654,51.6942931,14.866666666666667,13.810778403211316,13.810778403211316,1.3825109152733746,1.174979033075093,0.0002965223671177,0.5554174275710507,0.4243439387558075,midlatitude,14_18
b157s0003,-0.27853919788712583,-0.35872103580675335,365,365,7,51.792503942857145,5.100313414285714,51.792503942857145,8.835714285714285,1.1143415175401383,3.082327635145373,4.032778476473042,2.79956965970239,0.0006620197896187,0.7261020790536029,0.372433934515807,midlatitude,14_18
b157s0004,-0.3140978417056364,-0.46967472620916045,365,365,1,52.060556,5.873056,52.060556,48.15,28.34304357048901,28.34304357048901,14.011789167503588,11.089035180150312,0.0026343793582658,0.7817230602670538,0.3510749142869672,midlatitude,14_18
b157s0010,-0.3323739913037196,-0.42012418680492053,365,365,1,51.9333333,15.5333333,51.9333333,192.0,101.70495013606671,101.70495013606671,20.247385997115863,16.303066219307137,0.0036867108633669,0.9800577838519062,0.0674712035411093,midlatitude,14_19
b157s0012,-0.07515179669792298,-0.12247018032974992,365,365,2,51.99166665,18.37499995,51.99166665,128.5,9.31140771167751,9.31140771167751,11.964602014801285,8.710800636011424,0.002103156378987,0.9852981065542256,0.0465955336021343,midlatitude,14_19
b157s0013,-0.22310569627930024,-0.3559159317412641,365,365,5,51.63040006,19.52247826,51.63040006,181.186,4.870306760705285,11.511475617820087,12.671255536726104,9.541163208063878,0.0021538570216834,0.9906534022015964,0.0234333891782851,midlatitude,14_19
b157s0014,-0.2905997036035822,-0.4561682049320026,365,365,3,51.97598153333333,21.391013,51.97598153333333,140.14,13.189954318395388,21.576846744113343,13.498542174088833,8.047616480554177,0.0020417872422195,0.9904919578035724,0.028338334943183,midlatitude,14_20
b157s0015,-0.2899676429719734,-0.45277563236140034,365,365,1,52.1811111,22.25,52.1811111,155.0,-3.497044184701764,3.497044184701764,10.217449189086931,7.936020851623549,0.0016502403052389,0.9909538675909788,0.0254349655322664,midlatitude,14_20
b157s0016,-0.20958809300832112,-0.30903079516883186,365,365,2,51.8083333,23.57499995,51.8083333,158.0,1.7662894819760169,10.907018279434467,6.888834119404838,6.005948797516579,0.0012904338405388,0.9924043587331216,0.0115608889227036,midlatitude,14_20
b157s0024,-0.20799507416228566,-0.308931573558835,365,365,1,51.7666666,36.1666666,51.7666666,247.0,39.62275054726169,39.62275054726169,20.407596778721683,18.156336209258303,0.004047236430012,0.9962840107178876,0.0058112614485408,midlatitude,14_21
b157s0027,-0.21842132295686803,-0.3472950254480245,365,365,2,51.59166665,39.816666600000005,51.59166665,151.5,14.630482215605925,14.630482215605925,15.554208208831636,16.112115583836403,0.0035881905876786,0.9967955118934472,0.0045313500392073,midlatitude,14_21
b157s0028,-0.1609413004703809,-0.2555508967843656,365,365,2,51.59999995,41.7833333,51.59999995,126.5,-11.203957400159354,11.203957400159354,14.975798694025045,11.650088649513735,0.002908343380292,0.9968540170845562,0.0094226489141227,midlatitude,14_22
b157s0031,-0.1718492402474577,-0.28049757519088575,365,365,1,51.712631,46.171233,51.712631,31.39,-47.906322777900726,47.906322777900726,37.48339933456811,24.69785567828408,0.0059615743077183,0.9697095288212432,0.0589922131472012,midlatitude,14_22
b157s0038,-0.1342283379174598,-0.2143582126332332,364,364,1,51.795786,55.456744,51.795786,117.95,-29.785902818656083,29.785902818656083,31.943368686008565,20.063474771550144,0.0056235750945699,0.9982956504528008,0.005395506207263,midlatitude,14_23
b157s0048,-0.298956530070015,-0.46513552140701125,365,365,2,51.8083333,70.375,51.8083333,344.5,6.540178338917457,10.935535526163877,15.945641767497523,8.756902861223127,0.0024485347258603,0.9740405976909734,0.0473692213708343,midlatitude,14_25
b157s0053,-0.4074500948974937,-0.6543269509672959,365,365,1,52.195,77.073889,52.195,124.96,4.6253080009644805,4.6253080009644805,7.387513084790009,4.482134671711412,0.0012880625568449,0.9725508735886492,0.0376019125365149,midlatitude,14_25
b157s0055,-0.4615734340665794,-0.7531818364199735,365,365,2,51.796111100000005,80.7916666,51.796111100000005,213.5,-15.952790101882924,15.952790101882924,20.052197264130577,8.477032624946936,0.0031695594433111,0.9777684946886084,0.040917221021605,midlatitude,14_26
b157s0059,-2.21527650747117,-2.5763955804881737,363,363,1,51.4333333,86.0,51.4333333,420.0,-623.7463740415456,623.7463740415456,180.0764722277587,163.846449853546,0.0369709631707012,0.994344918476756,0.013477442929943,midlatitude,14_26
b157s0060,-1.6569788527177103,-1.8245384593426195,365,365,1,51.7666666,87.6,51.7666666,480.0,-546.1208748992653,546.1208748992653,195.518626273646,200.4272524439934,0.0394132502925857,0.993917926978568,0.0125807499796744,midlatitude,14_26
b157s0064,-1.700699239824538,-2.304572490169892,363,363,1,52.15,93.9166666,52.15,852.4,-300.21627452103564,300.21627452103564,177.262099694131,109.53996575354734,0.0250359711135488,0.9869848564829696,0.0582448605128191,midlatitude,14_27
b157s0065,-1.171932969838478,-1.633877916781066,364,364,2,51.59999995,95.04166665,51.59999995,666.9,-337.35158621187844,337.35158621187844,143.168857499349,103.92804709813038,0.0236962330762499,0.9868183188547028,0.0596880780910219,midlatitude,14_27
b157s0074,-0.7976892263249825,-0.9149800639346038,365,365,2,51.5622153,108.1521553,51.5622153,660.5550000000001,-159.23359898160334,159.23359898160334,129.92908327023346,83.06733010088362,0.0200086769557826,0.9231030596454756,0.1910599314144052,midlatitude,14_28
b157s0076,-1.400029829881386,-1.8609277603250352,365,365,1,51.35,110.4666666,51.35,802.0,-213.7557026091671,213.7557026091671,131.14653803898926,71.59152727903808,0.0184550478480357,0.991427855895073,0.0629332990824698,midlatitude,14_29
b157s0077,-0.6542508488235148,-0.6366572986921907,364,364,1,51.35,112.4666666,51.35,743.0,-224.0496557044205,224.0496557044205,111.66953378464854,59.245563989033165,0.014668236102162,0.99444023646195,0.0210740339620641,midlatitude,14_29
b157s0078,-0.6554890874772069,-0.7535214785903878,365,365,1,52.026317,113.305556,52.026317,692.5,-188.69425032237243,188.69425032237243,118.8964271690831,62.44839404832543,0.0186042815165733,0.9934017112844938,0.022205926693826,midlatitude,14_29
b157s0079,0.16180232425806054,0.21378573859726413,365,365,1,51.8666666,116.0333333,51.8666666,597.0,-80.93901268813829,80.93901268813829,78.1396294984999,60.01765093695305,0.0140230295771881,0.995263671752705,0.0223893107338657,midlatitude,14_29
b157s0082,-0.41924372804511756,-0.495640996410037,364,364,1,51.3166666,119.6166666,51.3166666,619.0,-60.47281101058184,60.47281101058184,73.66504520312736,63.14527775056111,0.0150147918556509,0.9977194976618208,0.0156210538493402,midlatitude,14_29
b157s0087,-1.533172753398843,-2.3055366901731746,364,364,1,51.7333333,126.6333333,51.7333333,175.6,-83.91525205239984,83.91525205239984,33.81030626977295,29.28508972629016,0.0079587604210507,0.9908709685883546,0.0162346540371383,midlatitude,14_30
b157s0088,-0.3596604977548479,-0.4712471378365721,365,365,1,51.45,128.1166666,51.45,197.0,-6.499473131465635,6.499473131465635,18.566312864169937,13.248805590703126,0.0032122434127128,0.9882149363332468,0.0174486522574058,midlatitude,14_30
b157s0093,-0.05596242610809199,0.27686198284516433,365,365,1,51.4166666,135.0833333,51.4166666,269.0,-358.6352077591474,358.6352077591474,162.58065629642047,103.47535108216135,0.0253034141802798,0.9897036075771896,0.0331914760709606,midlatitude,14_31
b157s0098,-0.5414758954690719,-0.6789830559135505,365,365,1,51.9166666,143.1333333,51.9166666,34.0,4.214845475098279,4.214845475098279,17.44395736212807,10.385559424086734,0.0031274861849074,0.4073716563707845,0.4121995896591359,midlatitude,14_32
b157s0160,-2.5024876828367693,-2.7276042227664887,364,364,1,52.1833333,-127.4666666,52.1833333,31.0,-508.8015439576346,508.8015439576346,234.36937778682903,263.4923304093164,0.0499210382702802,0.6810800697449076,0.3677084926099753,midlatitude,14_5
b157s0162,-2.168030890745162,-2.537056895715932,365,365,2,51.8833333,-124.26666665,51.8833333,892.5,-454.3914632572845,454.3914632572845,193.2345322824239,160.7754389973177,0.036907177296158,0.9566875129191038,0.0944904707181886,midlatitude,14_5
b157s0163,-0.1117557346502045,-0.1689259604662888,364,364,1,52.183056,-122.054167,52.183056,940.3,25.568141102433746,25.568141102433746,92.7545907333326,88.28519546288364,0.0202615308781893,0.9782916126765864,0.0278871162679341,midlatitude,14_5
b157s0165,-2.8042399083169314,-3.0277391846225434,365,365,2,52.1233335,-119.2816665,52.1233335,682.875,-836.2852768517042,836.2852768517042,281.5902323070869,306.1231623874044,0.0641130693511097,0.9769922997601344,0.0235663432338319,midlatitude,14_6
b157s0168,-1.2045365307168476,-1.7107509375364556,365,365,1,51.7666666,-114.6833333,51.7666666,1114.0,-75.4260183814738,75.4260183814738,34.97628861375425,30.589262704506503,0.006623002863141,0.9882008416601636,0.0161633319878652,midlatitude,14_6
b157s0169,-0.574848681624133,-0.8256414157575159,365,365,1,52.1833333,-113.9,52.1833333,904.64,-25.20394325562916,25.20394325562916,24.644578038886728,20.10367320304926,0.0049736980050712,0.9829321832226732,0.0208167675378892,midlatitude,14_6
b157s0171,-0.6286214107858935,-0.9333891312676764,363,363,1,52.0666666,-111.4333333,52.0666666,791.0,15.578660126310524,15.578660126310524,14.354248257774966,9.341282586847084,0.002502698811935,0.9817278080252227,0.0217502428807391,midlatitude,14_6
b157s0172,-0.42872792823138234,-0.5980047430111496,365,365,2,51.5920833,-109.6904165,51.5920833,700.51,-6.157319659531083,6.157319659531083,18.877911111315235,12.151348099226627,0.0031845436522172,0.9845592356337642,0.0187032698386845,midlatitude,14_7
b157s0173,-0.6977200189749047,-0.9928761842729387,365,365,1,51.5666666,-107.9166666,51.5666666,586.0,-16.577145781931108,16.577145781931108,18.015349676286807,10.123755972456074,0.0029452251116974,0.978015976213038,0.0249262788159325,midlatitude,14_7
b157s0174,-0.2503541886887039,-0.37108913035107355,365,365,3,51.93888883333333,-106.8222222,51.93888883333333,516.2766666666666,-14.993800539682544,14.993800539682544,14.936980317728436,8.96519362933598,0.0025340737604519,0.9710389013708316,0.0314750716245991,midlatitude,14_7
b157s0175,-0.49041967784369384,-0.7248759085821136,365,365,2,51.5416666,-105.325,51.5416666,511.5,-19.61720502345679,19.61720502345679,17.570948681560118,8.857728653430195,0.0028425221298712,0.9706481604237326,0.0387233872119137,midlatitude,14_7
b157s0176,-0.2047592012118741,-0.30885002049076365,365,365,1,51.7666666,-104.2,51.7666666,560.0,5.353828022789116,5.353828022789116,17.435944595639516,7.115099866865189,0.0024892100705814,0.9687685501958208,0.0514451189877993,midlatitude,14_7
b157s0178,-0.41271845904446397,-0.6024260613058547,365,365,1,52.1166666,-101.2333333,52.1166666,335.0,-127.87027864632093,127.87027864632093,60.4235465557695,23.491113619249116,0.0067938723985337,0.8626424908782089,0.2079800884983723,midlatitude,14_7
b157s0185,-0.2868467123347853,-0.3253059383032302,365,365,2,51.45,-90.2083333,51.45,388.59,13.641776543037992,13.641776543037992,9.757162742707608,6.973588104355503,0.0016267968128222,0.8709518556728679,0.0824489983445556,midlatitude,14_8
b157s0187,-0.7069064910978171,-1.112412052695264,341,341,1,52.2,-87.93,52.2,254.0,-10.415417408085432,10.415417408085432,10.160624511718776,5.544267578124991,0.00144087433815,0.9004386261373237,0.0760290127815914,midlatitude,14_9
b157s0199,-0.6139537239668468,-1.2476839363069054,361,361,1,51.5333333,-71.1166666,51.5333333,549.0,-41.25663547008298,41.25663547008298,34.00108646385001,27.576948208695363,0.0058899337781976,0.8913829696463637,0.0813836269831758,midlatitude,14_10
b157s0204,-0.2992725663230202,-0.46154087759475076,362,362,1,51.8666666,-63.2833333,51.8666666,589.0,24.24751539682177,24.24751539682177,26.76034705765727,24.00299893876138,0.004877509514706,0.8779783988140304,0.153943383925199,midlatitude,14_11
b157s0208,-0.3000470167401134,-0.394200602648648,365,365,1,51.45,-57.1833333,51.45,36.88,-73.09560532973933,73.09560532973933,35.74127787194601,25.20906711540312,0.0055019118571633,0.5518925653107838,0.3889877928646843,midlatitude,14_12
b157s0209,-0.3649678865568114,-0.5487696473693647,359,359,1,51.4,-56.0666666,51.4,32.9,3.957633317729478,3.957633317729478,5.565761322891153,3.1723083383742976,0.000955718703239,0.3912751789025089,0.387960307060732,midlatitude,14_12
b157s0240,-0.23515641987324162,-0.37839824873936,365,365,1,51.9333333,-10.25,51.9333333,30.0,-32.73818442061642,32.73818442061642,65.51589720737319,63.11875992706312,0.0118685134278834,0.2395372720817478,0.3638577207368139,midlatitude,14_16
b157s0241,0.11569014422916628,0.14216209330390625,365,365,1,51.4666666,-9.4166666,51.4666666,21.0,-17.485829945093393,17.485829945093393,33.05199072130878,29.71026785365087,0.0077459225718636,0.2378895899759281,0.3660500907078465,midlatitude,14_17
b157s0242,-0.2767201181589542,-0.31689668750455774,365,365,1,51.841269,-8.491111,51.841269,153.0,85.87519307277879,85.87519307277879,31.016477435170465,25.07912027439836,0.0060290551396734,0.3798825738153766,0.4200730398587773,midlatitude,14_17
b157s0244,-0.4435768852721253,-0.6233392949749105,365,365,3,51.85,-4.661111133333333,51.85,56.333333333333336,-3.4876698253296303,47.920867154341614,31.40163020056124,22.329184721171817,0.0051612668823426,0.4313800834110151,0.406469368892678,midlatitude,14_17
b157s0245,-0.3146229587804244,-0.4297553339855811,365,365,3,51.6793814,-3.6785833,51.6793814,129.56,-29.314578930579057,29.314578930579057,54.566897255370975,40.85075153285597,0.0092638709191053,0.575140261915388,0.4065225753603451,midlatitude,14_17
b157s0246,-0.3585063438460283,-0.46291983793937114,365,365,5,51.87102158,-2.01874232,51.87102158,112.228,-11.82627429423544,59.396180200614936,44.92831743246024,29.971665598235603,0.007511677864674,0.7862130631000961,0.339955126327896,midlatitude,14_17
b157s0247,-0.45005230659895235,-0.5812086147483104,365,365,3,51.54896299999999,-0.658463,51.54896299999999,43.98666666666666,-41.0873056503251,41.0873056503251,32.37531884580598,17.936405658159547,0.0045577475136191,0.726589305563511,0.3833201745149867,midlatitude,14_17
b158s0000,-0.5290715841548109,-0.7091908992817179,365,365,4,52.887088250000005,0.525173,52.887088250000005,12.715,-1.2121932061785068,3.979383688957141,6.752523921511355,3.6090804132030456,0.0010880268964324,0.5472946311211188,0.4388592817446579,midlatitude,14_18
b158s0002,-0.16451791062356252,-0.29110573534620604,337,337,1,52.3666666,3.35,52.3666666,24.0,24.22754276858688,24.22754276858688,3.0517578125e-05,3.0517578125e-05,0.0001000016927719,0.3338047139323331,0.4073841208283824,midlatitude,14_18
b158s0003,-0.42027043407992865,-0.5606604038994211,365,365,3,52.56408133333334,5.023912,52.56408133333334,-2.1333333333333333,-3.266221422521749,4.4675442669505445,2.7848481439139725,1.8779557549875876,0.0005291887017699,0.5147889246942292,0.424500920481524,midlatitude,14_18
b158s0004,-0.27560361040668013,-0.4060653364929081,365,365,2,52.50166665,6.7236113,52.50166665,25.37,5.084585110924946,5.084585110924946,5.781951684619405,4.267460842871758,0.0010674955087947,0.7782927674959292,0.3499320125902988,midlatitude,14_18
b158s0009,-0.24355701463951843,-0.35218025891811816,365,365,1,52.35,14.6,52.35,24.0,-35.01457811790969,35.01457811790969,22.85447998046873,15.375638427734364,0.0039878237247467,0.9589385721455294,0.1279001429590319,midlatitude,14_19
b158s0010,-0.1160653469175648,-0.19236681554659177,365,365,1,52.75,15.2833333,52.75,73.0,15.627525829252356,15.627525829252356,22.437280738500966,12.499328766784664,0.0033652340961068,0.9275500180889658,0.1936737869114961,midlatitude,14_19
b158s0011,-0.2428400756357645,-0.34592302086361126,365,365,2,52.376375,16.896376500000002,52.376375,87.32,4.980155936179216,7.5290669507975,8.516630935616956,7.787022050703766,0.0016611066293126,0.9716833519250656,0.0997304305807144,midlatitude,14_19
b158s0012,-0.22582571369706253,-0.30948207853579657,365,365,2,52.714722,18.21861115,52.714722,92.54,6.602129723567359,6.602129723567359,11.732295803803558,9.219859268238393,0.0021202527717564,0.9551575918466844,0.1353684732232219,midlatitude,14_19
b158s0013,-0.22748641634505276,-0.32136195368208154,364,364,1,52.5833333,19.7333333,52.5833333,109.0,2.209230874742488,2.209230874742488,14.290073420221583,8.132187625554444,0.0022737612914568,0.9738603979457936,0.0935019973969724,midlatitude,14_19
b158s0014,-0.3090930211238921,-0.43392690427121455,361,361,1,53.0833333,21.5666666,53.0833333,97.0,-12.789987574386204,12.789987574386204,7.014351751980569,6.05840211465335,0.0013366165584153,0.968193157241617,0.1080073296364164,midlatitude,14_20
b158s0020,-0.22786721818918934,-0.26670226554549065,365,365,1,52.527022,31.016692,52.527022,143.86,13.54927062883624,13.54927062883624,7.210939057782046,6.707649076405291,0.001444786588291,0.9935354340409356,0.0233060583550442,midlatitude,14_21
b158s0021,-0.3106078574072198,-0.5088630863888355,365,365,1,53.0166666,31.6,53.0166666,148.0,1.441372721348472,1.441372721348472,7.352011986762696,5.939392609667968,0.0012974246657717,0.9964247993649656,0.0127305352570347,midlatitude,14_21
b158s0022,-0.18293016514864993,-0.2719897915126888,365,365,1,52.5833333,33.7666666,52.5833333,178.0,17.129231867340934,17.129231867340934,12.87693914013077,9.064621451123854,0.0022112613575142,0.9971945839258808,0.0076396463981827,midlatitude,14_21
b158s0024,-0.17340104068072973,-0.30462790302828996,365,365,1,52.3166666,36.3,52.3166666,251.0,25.889003980621567,25.889003980621567,11.520461877265626,11.298882691469723,0.0023511713876509,0.9971561738722876,0.0039039227897723,midlatitude,14_21
b158s0025,-0.27197316545452055,-0.3763937010326534,365,365,2,52.5333333,38.0583333,52.5333333,173.5,-19.65240177854173,19.65240177854173,16.98789765109621,16.196736890667175,0.0032692420306445,0.997397170447064,0.0041200558378455,midlatitude,14_21
b158s0026,-0.17142013922837285,-0.288611890706407,365,365,1,52.702547,39.538034,52.702547,178.92,23.67382013550309,23.67382013550309,16.679502245280354,11.349449688214577,0.0028197327457598,0.9970184839118682,0.0041563680188071,midlatitude,14_21
b158s0027,-0.2042194426833016,-0.32091883949240446,365,365,2,52.84166664999999,40.9083333,52.84166664999999,143.0,-6.028407899400719,20.23746080538132,13.49740768097302,11.164513604239342,0.0028932115056418,0.9969481037606708,0.0040643994142082,midlatitude,14_22
b158s0028,-0.05901917128360238,-0.1541161025222435,364,364,1,52.6666666,42.7166666,52.6666666,169.0,2.566198594962543,2.566198594962543,16.451701230188878,13.40841270087466,0.0029433056649021,0.9967963647406272,0.0104315825975736,midlatitude,14_22
b158s0046,-0.3867597969547245,-0.5447680637691231,363,363,1,52.5333333,68.75,52.5333333,398.0,-5.107173231461843,5.107173231461843,25.73111424868175,21.19980412117924,0.0051513253231555,0.9807761706365008,0.0298644833870671,midlatitude,14_24
b158s0047,-0.31864226937801127,-0.4452215952304685,365,365,1,52.95,70.2166666,52.95,395.0,14.391975488762968,14.391975488762968,33.78916567351568,33.55157146392101,0.007066644531883,0.9758187464176268,0.0331932026362141,midlatitude,14_25
b158s0053,-0.28285642194683586,-0.43426539993390284,363,363,1,52.25,79.1833333,52.25,142.0,-0.8447015196639711,0.8447015196639711,4.332568111474617,3.4068805669555706,0.0007480034833103,0.9684555504359732,0.0561177925326685,midlatitude,14_25
b158s0055,-0.1620276961009194,-0.2925031705896631,364,364,1,52.5166666,82.7666666,52.5166666,175.0,-31.24237667606903,31.24237667606903,20.23311247710243,15.032270199491752,0.003882928104086,0.9812152593581008,0.0319001832828724,midlatitude,14_26
b158s0057,-0.3245172910324372,-0.5204924830598429,363,363,1,52.6666666,84.9166666,52.6666666,225.0,0.1970324094139073,0.1970324094139073,11.602513830593512,9.395236635549692,0.0020977864385869,0.9895091346308732,0.0182027174082936,midlatitude,14_26
b158s0058,-0.6117895234897145,-0.8023233069736279,365,365,1,52.25,87.1166666,52.25,326.0,-160.4246871612633,160.4246871612633,88.15782173725583,72.17839729113764,0.0147064213859945,0.9939397394080076,0.0116207887577444,midlatitude,14_26
b158s0060,-0.8847325762058698,-1.0964796153268945,365,365,1,52.8,89.9166666,52.8,455.0,-197.42481331883252,197.42481331883252,121.79978532099662,110.42371491140176,0.0229405949212516,0.9906590871066842,0.0261112550532982,midlatitude,14_26
b158s0064,-1.1706051245822824,-1.3809424028982444,363,363,1,52.4666666,96.1,52.4666666,920.0,-172.8468296516569,172.8468296516569,124.75215422645,96.64467714931163,0.0222290273217433,0.9904536699703124,0.0213114252777297,midlatitude,14_27
b158s0068,-0.8828751294083702,-1.191524606209527,364,364,1,52.9666666,101.9833333,52.9666666,543.0,-108.74801261099071,108.74801261099071,69.51532372419274,64.75280183217181,0.0139405215422204,0.9767749860293732,0.0739039928847178,midlatitude,14_28
b158s0070,-0.44001484093228244,-0.5690723600183797,365,365,1,52.268028,104.388975,52.268028,510.54,-35.36304705347203,35.36304705347203,45.57929855751271,31.987694808841216,0.0076411085278244,0.8892858913697101,0.2164261255938223,midlatitude,14_28
b158s0073,-1.0526243178632273,-1.4213942111423137,364,364,1,52.9833333,108.2833333,52.9833333,487.0,-98.12823556712488,98.12823556712488,60.56665880736149,55.46444178898194,0.0118265856240896,0.7870381253120078,0.3236651861043154,midlatitude,14_28
b158s0077,-1.9832293504729426,-2.611093583497686,363,363,1,52.65,115.1666666,52.65,646.0,-232.3018210547823,232.3018210547823,91.97151310636228,70.75514466277826,0.0152447866759747,0.9974285976005888,0.0108652043509267,midlatitude,14_29
b158s0079,-0.59450372890792,-0.6577744444606503,365,365,1,52.2333333,117.7,52.2333333,525.0,-184.03105930175627,184.03105930175627,98.06823477397234,77.8721783723194,0.0175448857307398,0.9977387209314852,0.0103860087204055,midlatitude,14_29
b158s0082,-1.6985771537628416,-2.3936402243301953,364,364,1,52.9666666,122.5333333,52.9666666,438.0,-127.27663012849234,127.27663012849234,55.95833055234148,47.52833912485402,0.0097894543706257,0.997207691354154,0.0061894358352788,midlatitude,14_30
b158s0089,-1.0097245804580883,-1.1478234335272646,365,365,1,53.0666667,132.9333333,53.0666667,543.0,-211.94541766854115,211.94541766854115,116.86968332833644,95.82162271621736,0.019768405951455,0.9947103950497131,0.0444843431739852,midlatitude,14_31
b158s0090,-1.0852177681022697,-1.3637782127491453,365,365,1,52.2666666,133.9833333,52.2666666,902.0,-272.93272431758146,272.93272431758146,137.76199401099842,102.6196742767028,0.0205958431796139,0.9944592461161568,0.0371989288846252,midlatitude,14_31
b158s0091,-0.031412170197631394,0.1821674591736513,365,365,1,52.2833333,135.8,52.2833333,201.0,-102.3606782126709,102.3606782126709,89.26475736975398,69.51446010486637,0.0169574964687003,0.9757543435586822,0.0945962814238009,midlatitude,14_31
b158s0092,-0.22912736727692704,-0.25213819617522204,365,365,1,52.4166666,136.5,52.4166666,73.0,-16.877892109085423,16.877892109085423,30.959216083129856,26.132760278198223,0.0064694430361568,0.9573187282093064,0.1367329346417822,midlatitude,14_31
b158s0094,-0.9057349847061283,-1.0618175239069405,365,365,1,52.3833333,140.4666666,52.3833333,35.0,-190.76987807765468,190.76987807765468,117.25608072560874,88.23957403777192,0.0196480159397667,0.7203036822608904,0.3345726248562704,midlatitude,14_32
b158s0095,-0.18258859527864915,-0.2580087596837468,365,365,1,52.2166666,141.6333333,52.2166666,6.0,-15.051615682599827,15.051615682599827,16.800170000467368,10.104490034619522,0.0028957670986088,0.5951812150608058,0.3776456057183424,midlatitude,14_32
b158s0154,-0.38170375232004816,-0.4633988242966352,365,365,1,53.0333333,-131.6,53.0333333,17.0,-71.25532006611601,71.25532006611601,43.02254690204875,46.42047955371363,0.0087604793322267,0.2192860712219262,0.2934431588554973,midlatitude,14_4
b158s0160,-0.6475313448774352,-0.8020014726210517,360,360,1,53.0333333,-122.5,53.0333333,545.0,-252.99369148438245,252.99369148438245,117.12802777606151,91.24182749199188,0.0225022116814523,0.9804004815722984,0.0232372899779666,midlatitude,14_5
b158s0163,-3.3836379394425946,-3.637341748691012,365,365,1,52.9333333,-118.0333333,52.9333333,1020.0,-759.2554403596005,759.2554403596005,324.0577851115426,297.80474016238844,0.06777690101848,0.9873269509584088,0.0166542828096604,midlatitude,14_6
b158s0164,-1.4442567555626524,-1.658836993151997,365,365,1,52.4666666,-116.0666666,52.4666666,1362.0,-146.85006787765246,146.85006787765246,142.77994939485677,117.2240551387132,0.0261204163177574,0.9876907124000548,0.0163095641804101,midlatitude,14_6
b158s0165,-0.8962561344213863,-1.243572651974622,365,365,1,52.4166666,-114.9,52.4166666,988.0,-49.28798672081052,49.28798672081052,36.63602867530282,23.91218621593269,0.0058773494096469,0.9848181805854468,0.0192806329479413,midlatitude,14_6
b158s0166,-0.32165429794784584,-0.5534113628687988,362,362,1,53.0333333,-112.8166666,53.0333333,739.0,1.5734432582776208,1.5734432582776208,14.126128305067525,9.191553683875473,0.0020942642661717,0.9710137211784698,0.0298425390071138,midlatitude,14_6
b158s0169,-0.2946397322323577,-0.4493681382183481,365,365,2,52.568125050000006,-108.54006915,52.568125050000006,604.0,-7.171637630928501,20.423860848171728,29.06711359067258,17.984260422628015,0.0045518030010483,0.9696852010931064,0.0325012580461799,midlatitude,14_7
b158s0172,-0.12144504326818928,-0.1702714582031503,358,358,1,52.8166666,-104.6,52.8166666,490.0,5.952317597050978,5.952317597050978,13.330923474453044,6.477833668305652,0.00195953498636,0.9553830729310784,0.0625163316199057,midlatitude,14_7
b158s0173,-0.1780403873844331,-0.2918829412977964,365,365,1,52.8166666,-102.3166666,52.8166666,358.0,-65.17930549016381,65.17930549016381,44.72475837860124,13.643151877753596,0.0052908719158696,0.8966698411394963,0.1663091345840044,midlatitude,14_7
b158s0177,-0.7307649282809493,-1.1072174542145075,365,365,2,52.5833333,-97.31666665,52.5833333,222.5,0.2091742592238148,4.244399784346498,1.5719038139331252,0.9741679650146624,0.0002995420675075,0.6940465294173713,0.3063611941084975,midlatitude,14_8
b158s0197,-0.7227491432800631,-1.1755602808931063,365,365,1,52.921944,-66.864444,52.921944,551.07,-47.710108659917296,47.710108659917296,35.937822639349854,31.660548455290737,0.0070958333471043,0.8478104984484024,0.0898299109495359,midlatitude,14_11
b158s0205,-0.47114048178678475,-0.7287940813026671,359,359,1,52.3,-55.8333333,52.3,12.0,-54.69379943415136,54.69379943415136,21.70796968875907,18.669992235507245,0.0036270185276411,0.3985221855540031,0.4113136725148032,midlatitude,14_12
b158s0236,-0.1835531021859813,-0.22787775731571555,365,365,1,52.701978,-8.924817,52.701978,14.02,-46.61414089712518,46.61414089712518,50.2870200839012,30.05284546590198,0.0075577228462134,0.5395655842155515,0.4201166852313843,midlatitude,14_17
b158s0237,-0.23595910980845533,-0.321142147923973,365,365,1,53.0166666,-8.0,53.0166666,76.0,-29.26061918363419,29.26061918363419,39.73292511259759,32.117139592456006,0.0069235588171124,0.6430774269435786,0.3982146104311238,midlatitude,14_17
b158s0238,-0.48095862155191327,-0.6226220399355458,365,365,1,52.2833333,-6.4833333,52.2833333,53.0,35.30667188551038,35.30667188551038,5.76920167614586,5.552045246700808,0.0014419745958886,0.4132018415459966,0.4216748881718322,midlatitude,14_17
b158s0239,-0.8573188406403256,-1.058062950008038,365,365,1,52.7833333,-4.7333333,52.7833333,94.0,81.12580355906752,81.12580355906752,0.0173259992832506,0.0128470994050655,0.0001021611712115,0.4693435521111324,0.4133846950794637,midlatitude,14_17
b158s0240,-0.601350894299831,-0.7236258181636842,365,365,3,52.66666666666666,-3.6666666333333335,52.66666666666666,194.66666666666663,-71.15393188140726,117.46261776738828,84.62765870702064,72.60130218923736,0.0159381680939144,0.6170638941627435,0.4053876517582389,midlatitude,14_17
b158s0241,-0.33884378846482205,-0.45647452288197,365,365,3,52.51050076666667,-2.411569533333333,52.51050076666667,90.29666666666668,-46.96037534550779,46.96037534550779,47.1873449097803,36.37939710632044,0.0086523661356405,0.7883648278715357,0.3360158195551134,midlatitude,14_17
b158s0242,-0.18287273954291103,-0.25857003949941654,365,365,5,52.64524824,-0.80527232,52.64524824,91.33,19.15128826742441,22.51647973273189,23.32477425888259,15.9202328545782,0.0039309986679859,0.7798735165623365,0.3552341247185565,midlatitude,14_17
b159s0000,-0.13819403684018294,-0.1704477198968425,365,365,1,53.4666666,0.0666666,53.4666666,8.0,-11.744053206441135,11.744053206441135,27.97988327512261,11.011788776677644,0.0039566156098707,0.5286899798194798,0.4502727668761068,midlatitude,14_18
b159s0001,-0.1831315794018006,-0.2702825091311429,360,360,1,53.8166666,2.95,53.8166666,34.0,33.900338780636105,33.900338780636105,3.0517578125e-05,3.0517578125e-05,0.0001000016927719,0.0803012604035657,0.2325888827790883,midlatitude,14_18
b159s0003,-0.6148061141266307,-0.9334832522815383,365,365,5,53.399055520000005,5.38877786,53.399055520000005,12.982,13.25951369400516,13.25951369400516,0.1372015224066355,0.1303257470908788,0.0001027323005149,0.3280815284166521,0.4078112146025375,midlatitude,14_18
b159s0004,-0.3455487056762922,-0.4888984865177981,365,365,1,53.11972,6.579444,53.11972,5.18,1.8374876124762487,1.8374876124762487,2.7279011004576463,1.9444696747828043,0.0004042046023453,0.5867747158615861,0.4357076398316603,midlatitude,14_18
b159s0009,-0.5206449763379964,-0.6889100632526385,365,365,2,53.6583333,14.42499995,53.6583333,6.0,-9.815307058432303,11.071043390370368,10.779976525840889,8.95983566757478,0.0020637119137236,0.7184380488617841,0.3619172748292328,midlatitude,14_19
b159s0010,-0.3310603046368807,-0.46213714133695644,365,365,3,53.65079253333334,15.769688,53.65079253333334,107.03333333333336,14.261384562006628,20.968675223742927,12.774506563899244,9.940591232961074,0.0021745997001639,0.7480293681102298,0.3629112246900834,midlatitude,14_19
b159s0011,-0.24642265552515755,-0.31466842116096433,365,365,2,53.7166666,17.14833335,53.7166666,158.0,15.103954947511625,17.097286126338645,14.711826364613092,9.94868226504252,0.0024691432817005,0.7813422210117051,0.3533315926191043,midlatitude,14_19
b159s0013,-0.196997839753538,-0.2670191549169751,365,365,2,53.4333333,20.3833333,53.4333333,143.0,6.08798776414713,6.08798776414713,12.769362949827324,11.322193602168335,0.0024216912493564,0.9059622720641498,0.2167180150706989,midlatitude,14_20
b159s0014,-0.12396448523187653,-0.14603210998953728,365,365,1,53.7833333,21.5833333,53.7833333,132.0,-4.06089157744313,4.06089157744313,11.677459497717322,9.09866151988908,0.0019715369567216,0.917559459452574,0.2068262886881477,midlatitude,14_20
b159s0015,-0.3198615664343981,-0.5112234480169047,365,365,1,53.1,23.1666666,53.1,151.0,9.290651204029956,9.290651204029956,11.57848314133302,9.663240763173857,0.0020659635576486,0.984603481156795,0.0511129549831834,midlatitude,14_20
b159s0022,-0.20354439671259208,-0.28832226620012663,365,365,2,53.37376365,33.9632235,53.37376365,189.54,5.948016452690624,17.88017321788631,15.049291269542616,12.309433831289969,0.0026787337362617,0.9975583319849534,0.0043037862709815,midlatitude,14_21
b159s0024,-0.2779877797185997,-0.37103145677563104,364,364,1,53.3833333,36.5333333,53.3833333,201.0,-1.7554833307028446,1.7554833307028446,19.629987703153365,19.16875511178382,0.0042090340045601,0.997729968290632,0.0037846980046753,midlatitude,14_21
b159s0027,-0.18183680035317093,-0.293066984728895,365,365,1,53.45,41.8,53.45,142.0,1.2770514778237327,1.2770514778237327,16.59807495117186,12.54731323242185,0.0031827500462531,0.996618248664688,0.0051734411611363,midlatitude,14_22
b159s0033,-0.1953607811408972,-0.20775458576825293,365,365,1,53.504858,50.164336,53.504858,145.38,38.967422232774254,38.967422232774254,51.02518806460783,39.53865359306589,0.0090209282469246,0.9540502529522936,0.0929719730310005,midlatitude,14_23
b159s0036,-0.5052383966027423,-0.6427176284237942,364,364,1,53.5833333,55.9336111,53.5833333,137.0,-57.33129205769271,57.33129205769271,29.97163823148679,24.24260324784085,0.0052284355099216,0.9970316360998562,0.00813241095877,midlatitude,14_23
b159s0039,-0.4648295717557222,-0.7184269619325803,358,358,1,53.35,59.0833333,53.35,384.0,-0.6845158710704595,0.6845158710704595,30.012761118100617,20.006056925583497,0.0053716869646591,0.991835024841292,0.0146105310734957,midlatitude,14_23
b159s0042,-0.2577745718765188,-0.3641638030772772,365,365,1,53.2166666,63.6166666,53.2166666,181.35,2.790677241832725,2.790677241832725,11.98717911241943,9.276899355534336,0.0027017654020754,0.9748273617266628,0.0308103922314219,midlatitude,14_24
b159s0043,-0.2002787944079354,-0.2776991929381678,364,364,1,53.3166666,65.55,53.3166666,216.0,26.667480872195227,26.667480872195227,15.83282277142591,5.539672925136779,0.002452834114474,0.9747312126736276,0.0328740370118241,midlatitude,14_24
b159s0045,-0.22429486978296995,-0.2791857494116159,365,365,1,53.2833333,69.3833333,53.2833333,229.0,-44.83184365965002,44.83184365965002,20.245985099979592,16.35766996874315,0.0036524574179192,0.9763512789339496,0.0261610659941275,midlatitude,14_24
b159s0049,-0.26039480722531083,-0.40128471828052703,363,363,1,53.35,75.45,53.35,94.0,-6.27345920880218,6.27345920880218,6.489925537109382,4.321639404296889,0.0012847188115119,0.9632234739366352,0.0570671792784732,midlatitude,14_25
b159s0050,-0.27793728175221183,-0.42715201725403706,364,364,1,53.8166666,76.5333333,53.8166666,114.0,12.471082436223869,12.471082436223869,2.0819657704944707,1.9920660462537727,0.0003805055655188,0.9489308277191923,0.073046205129819,midlatitude,14_25
b159s0051,-0.21958008521888348,-0.36705069991691125,364,364,1,53.7333333,78.0166666,53.7333333,115.0,6.56716607666705,6.56716607666705,2.2160907181822025,1.7336054734127986,0.0003926025955841,0.942884162522444,0.0798070018186438,midlatitude,14_25
b159s0053,-0.42721122425401253,-0.65940745576236,362,362,1,53.2666666,80.7666666,53.2666666,122.0,-20.90618742547176,20.90618742547176,15.628477328653693,7.449380176474984,0.0022520096978961,0.9651948749654335,0.0620126540988287,midlatitude,14_26
b159s0055,-0.2663289769857644,-0.5020224204970626,363,363,1,53.363775,83.538533,53.363775,255.11,80.67846148845183,80.67846148845183,21.99083308008809,16.128862453535156,0.0039823951887979,0.982055327871006,0.0354893090675156,midlatitude,14_26
b159s0060,-0.5757667059529382,-0.7117560563189599,363,363,1,53.7166666,91.7,53.7166666,254.49,-106.47327564780768,106.47327564780768,68.49729603091346,50.177857698218006,0.0108328363580442,0.9764916342002514,0.0468391133940157,midlatitude,14_27
b159s0061,-0.5045968650828181,-0.6291881420820591,364,364,2,53.44166665,92.64999995,53.44166665,308.85,-82.90021292498312,82.90021292498312,64.3040971164975,42.904061592625695,0.0090744999262707,0.9839378685933802,0.0373978058163536,midlatitude,14_27
b159s0067,-0.30260652585723813,-0.3402667127819492,365,365,1,53.9333333,102.05,53.9333333,458.0,-49.175602133899474,49.175602133899474,30.15439630170894,22.32544965907712,0.0056373032000595,0.9710838245070292,0.0642412529128944,midlatitude,14_28
b159s0069,-0.14709860926111853,-0.17365738420311372,365,365,1,53.1,105.5333333,53.1,762.0,-4.744639417130316,4.744639417130316,59.98149179172359,50.10171221931644,0.0127669324963235,0.8664663262983116,0.2542333853192902,midlatitude,14_28
b159s0070,-1.4125926256962698,-1.7275603395373527,364,364,1,53.9666666,105.9,53.9666666,533.0,-229.40089828662144,229.40089828662144,90.0466954913179,72.91208595307111,0.0173321558894514,0.907305145593412,0.2270925933693864,midlatitude,14_28
b159s0071,-2.019050186542773,-2.662741494662289,360,360,1,53.3166666,107.7333333,53.3166666,461.55,-84.31412553013143,84.31412553013143,26.21910882592784,13.945674730912485,0.0045470413521738,0.7651309645150541,0.3338569713662693,midlatitude,14_28
b159s0072,-0.982886657225726,-1.214222891726294,361,361,1,53.4166666,109.0166666,53.4166666,461.0,-221.83630843757328,221.83630843757328,77.23466234702984,57.66914939876428,0.0144204476812564,0.7929428616302725,0.3238955431522913,midlatitude,14_28
b159s0079,-0.8968975745283227,-1.0902967318024348,365,365,1,53.75,119.7333333,53.75,625.0,-127.8951900962138,127.8951900962138,71.99218330922872,63.56062549470222,0.0132472113607257,0.9981930086273924,0.0033215221111597,midlatitude,14_29
b159s0080,-0.4603643391343422,-0.6011084119202057,364,364,1,53.9666666,121.9333333,53.9666666,522.0,-113.90731057415474,113.90731057415474,70.68467141140061,66.84449644577953,0.0139658108412934,0.9976181387409068,0.0053341981876812,midlatitude,14_30
b159s0081,-0.5909466869484685,-0.7332104183337261,364,364,1,53.4666666,123.9,53.4666666,266.0,-128.23651066247203,128.23651066247203,57.02011321557625,49.20870587849116,0.0105227722449266,0.9955209033097026,0.0150786895872861,midlatitude,14_30
b159s0083,-0.37842876404010356,-0.45859190565908753,365,365,1,53.4666666,125.8166666,53.4666666,370.0,5.010393842773851,5.010393842773851,25.92510274275242,19.402970670041736,0.0043669652928779,0.9868193518976436,0.0440712106707536,midlatitude,14_30
b159s0084,-0.6812356422459024,-0.7338999982627948,365,365,1,53.7,127.3,53.7,229.0,-175.06924128015316,175.06924128015316,68.78479125976607,62.64170532226619,0.01228158056736,0.9729146495723312,0.0722544157116899,midlatitude,14_30
b159s0093,-0.8000868120585353,-0.9982615104055285,365,365,1,53.15,140.7,53.15,68.0,-97.0130667072859,97.0130667072859,96.1851245117189,75.92268798828144,0.0172589945793152,0.5845334212504906,0.3912416693957931,midlatitude,14_32
b159s0150,-0.3582726889985927,-0.436781162816043,365,365,2,53.275,-132.2833333,53.275,10.0,-92.83420998595346,92.83420998595346,13.091292753674804,13.830264669280176,0.00223513447177,0.2015144211122563,0.280784036281013,midlatitude,14_4
b159s0151,-0.2121189564670949,-0.22166374806772668,360,360,1,53.5,-130.6333333,53.5,15.0,7.456808266664118,7.456808266664118,3.0517578125e-05,3.0517578125e-05,0.0001000016927719,0.3914599827931111,0.3671817987381531,midlatitude,14_4
b159s0154,-0.4470470556752086,-0.5954624738439689,365,365,1,53.77,-125.98,53.77,861.0,-164.2308561027487,164.2308561027487,96.718875781251,69.48618266601514,0.0189179862380029,0.9317160238265892,0.0974148262152947,midlatitude,14_5
b159s0156,-0.261252114537128,-0.39468558416930577,365,365,2,53.88638865,-122.6727778,53.88638865,685.49,-83.38622510520293,83.38622510520293,75.95253542895657,57.36583702678882,0.0133012329884929,0.9772348952108132,0.0305984377340868,midlatitude,14_5
b159s0159,-1.8529095378327973,-2.231091026181843,365,365,2,53.59166664999999,-118.39166665,53.59166664999999,1425.0,-230.3088092892002,230.3088092892002,147.6377498989106,134.74419565685628,0.0293279373516084,0.9900135307813938,0.0171514471043192,midlatitude,14_6
b159s0161,-0.436121291107739,-0.6003405700816683,365,365,1,53.58111065,-116.4658333,53.58111065,927.0,-55.67119573248624,55.67119573248624,51.313773756537614,23.75790843752181,0.0063159047551835,0.9854524721142356,0.0278239865345597,midlatitude,14_6
b159s0162,-0.47207585111900796,-0.6528307391606094,365,365,4,53.5234724,-113.76687465,53.5234724,711.9025,0.1004186523837802,21.40993158428552,19.961276671361325,13.006349853768183,0.0031840427549667,0.9690461661870192,0.0346416780111012,midlatitude,14_6
b159s0163,-0.31536611043236085,-0.4717740285054444,365,365,1,53.5166666,-112.1,53.5166666,639.0,-17.963888367778168,17.963888367778168,13.901869241381815,8.681128141489298,0.0024932926939797,0.9614768427207449,0.0377837245881478,midlatitude,14_6
b159s0164,-0.14078014071158962,-0.20967836496829775,363,363,1,53.4166666,-111.7333333,53.4166666,687.0,21.221126914821525,21.221126914821525,14.012051949634158,11.72261880108318,0.002656345582864,0.962201928315064,0.0372582099748759,midlatitude,14_6
b159s0165,-0.18403230530131384,-0.28185076578541907,365,365,2,53.22124965,-109.73625,53.22124965,654.21,39.86694878707118,39.86694878707118,21.165515207731914,16.974137920396714,0.0036695911173039,0.9601667615617732,0.0404384107656551,midlatitude,14_7
b159s0166,-0.48995251726091565,-0.7829215834382931,360,360,1,53.3666666,-107.55,53.3666666,584.0,-69.13166617024592,69.13166617024592,39.63490859737278,14.866249702695296,0.0050516604079186,0.943715915848522,0.0599993645787063,midlatitude,14_7
b159s0167,-0.33937695385076966,-0.46860616899210955,362,362,1,53.9166666,-106.0666666,53.9166666,569.0,12.76462191617452,12.76462191617452,24.952508009749533,16.09372342599421,0.0040236706202272,0.9121475682083372,0.0898699120430106,midlatitude,14_7
b159s0168,-0.3814157035559112,-0.604016569543294,365,365,1,53.214167,-105.672778,53.214167,428.24,-29.16457559378813,29.16457559378813,14.263281792510137,9.609917180001858,0.0018231487480492,0.9456495560094256,0.0643998199799772,midlatitude,14_7
b159s0169,-0.22016268827055518,-0.34836215599718395,365,365,1,53.3333333,-104.0,53.3333333,374.0,4.911991839163306,4.911991839163306,13.60592703830567,7.917347889099117,0.002015503731203,0.9335165107117864,0.0910663872621464,midlatitude,14_7
b159s0171,-0.3814736487114741,-0.59335146231802,365,365,1,53.96666665,-101.1,53.96666665,274.0,9.057232799474209,9.057232799474209,8.31057038301781,6.2045221791005964,0.0013904901110104,0.7863751639097447,0.1964164714009384,midlatitude,14_7
b159s0172,-1.5315940448670313,-2.2043120440792485,365,365,1,53.1833333,-99.2666666,53.1833333,223.0,-19.152165220915062,19.152165220915062,5.416625064613591,5.237897380407576,0.0010966345256916,0.6467279931418701,0.2992314824151895,midlatitude,14_8
b159s0173,-0.5537408595161457,-0.855032766677581,363,363,1,53.9666667,-97.8333333,53.9666667,223.0,1.1169170678417402,1.1169170678417402,2.3064293021687714,1.984866204851592,0.0005005464500987,0.7264308734380791,0.2691507722127174,midlatitude,14_8
b159s0177,-0.24039716564860236,-0.48367644897562023,349,349,1,53.43,-91.77,53.43,278.0,-5.20212814773646,5.20212814773646,9.17808134765621,5.685871923828078,0.0015814673542976,0.8700580652188824,0.0732936373404051,midlatitude,14_8
b159s0178,-0.9837360327657464,-1.3576604165688606,365,365,2,53.82499995,-89.88333335,53.82499995,224.05,9.377705450939942,9.377705450939942,4.60257864669821,2.399560474361932,0.0006823619292324,0.8862253487689953,0.0867515905809577,midlatitude,14_9
b159s0186,-0.14102726644045957,-0.19396316317713866,365,365,1,53.625278,-77.704167,53.625278,194.76,38.210224108268,38.210224108268,16.18556243340111,13.805193839645463,0.0030445937627933,0.6630718835832531,0.3198162301332007,midlatitude,14_10
b159s0189,-0.6020021686104554,-0.9690963375351617,365,365,1,53.75,-73.6833333,53.75,301.0,-59.08426292808849,59.08426292808849,30.67576990521294,23.26539241513701,0.0052153322648496,0.8287099255575899,0.0907906730136978,midlatitude,14_10
b159s0195,-0.5872248203923398,-0.8493952073180431,365,365,1,53.5666666,-64.1,53.5666666,439.52,-7.993488521245979,7.993488521245979,34.54364220705996,32.78346262216249,0.0066227448958872,0.8234855129865283,0.1356578955754161,midlatitude,14_11
b159s0198,-0.5305000736830568,-0.7311127077915961,365,365,1,53.3166666,-60.4166666,53.3166666,36.0,-102.36824478484748,102.36824478484748,87.01696658503944,55.32141225918621,0.0138515564307391,0.8721370982605499,0.154832812777277,midlatitude,14_11
b159s0200,-0.17841002884071103,-0.256980704048371,356,356,1,53.7166666,-57.0333333,53.7166666,14.0,-40.27281070644819,40.27281070644819,47.6750082699253,34.40920677311179,0.0080901334397999,0.4940508195936263,0.4137257089148438,midlatitude,14_12
b159s0231,-0.3479013723863742,-0.5135461388247186,365,365,1,53.3166666,-9.9,53.3166666,23.0,-12.40802028824264,12.40802028824264,19.19586343624588,20.336304752178133,0.0035516450449491,0.3849734585457948,0.4148362021783464,midlatitude,14_17
b159s0232,-0.4028822139258174,-0.4595197845654317,365,365,2,53.813481800000005,-8.90091265,53.813481800000005,135.845,63.03479516736769,63.03479516736769,29.44854331407604,25.35898376946147,0.0063072577550972,0.5357274176532337,0.4176186297161052,midlatitude,14_17
b159s0233,-0.28215196567074485,-0.44732342108740014,365,365,3,53.418777766666665,-6.696024866666666,53.418777766666665,90.33,-10.475837364559531,19.52810764001316,49.27072086892191,29.092491229153158,0.0070499021266672,0.5897193983144419,0.4056574106075875,midlatitude,14_17
b159s0235,-0.19333975195297073,-0.2913020889208654,365,365,4,53.2161909,-4.083834725,53.2161909,91.0675,-22.7579135904273,22.7579135904273,69.94514348357433,52.11426296260659,0.0124560511711982,0.5374596871325561,0.411697519157271,midlatitude,14_17
b159s0236,-0.28066311259563453,-0.35936126849868005,365,365,4,53.373680625,-2.3027778,53.373680625,153.6775,-4.482321639795465,78.06500903667268,58.4719782525422,42.31558205335158,0.0102881426944915,0.7335674882140923,0.3717747897509711,midlatitude,14_17
b159s0237,-0.29861600565518326,-0.403916295951716,365,365,2,53.5164168,-0.47857215,53.5164168,38.7,1.24563089579474,31.773855590607774,25.31018088683077,17.518839973214675,0.0048091713622752,0.6159764792910856,0.4282251132650317,midlatitude,14_17
b160s0001,-0.1368930717235318,-0.19088909449296879,365,365,1,54.3166666,2.9333333,54.3166666,36.0,35.926859420818204,35.926859420818204,3.0517578125e-05,3.0517578125e-05,0.0001000016927719,0.0407342248321879,0.1684100926822627,midlatitude,14_18
b160s0006,-0.10862575736380746,-0.14630926325511698,364,364,1,54.85,9.9833333,54.85,19.0,6.398742068981834,6.398742068981834,9.405011604619164,7.862651569272483,0.0018427994249445,0.5605603093372246,0.3506558689535274,midlatitude,14_18
b160s0007,-0.511542833648989,-0.7698436630255568,365,365,4,54.77499995,11.61666665,54.77499995,5.25,2.5458818274997386,3.4397658247152147,0.6957263561889501,0.4575516686205957,0.0002062166145789,0.541800878352775,0.3423647147115209,midlatitude,14_19
b160s0010,-0.4356130186892299,-0.610934195524445,365,365,4,54.34166665,16.237499975,54.34166665,13.75,-9.707994085040168,9.707994085040168,7.441255803085427,6.215270282588205,0.0011286875044381,0.5342787294703185,0.4313250538203611,midlatitude,14_19
b160s0011,-0.4828887463014448,-0.7380855814235708,365,365,2,54.58333335,17.65,54.58333335,78.5,-3.925493899564488,20.258462142301795,19.17848192335706,15.073978055706252,0.0029307421782706,0.4940056240941767,0.4366837442509709,midlatitude,14_19
b160s0012,-0.5318012900067339,-0.7164516311385025,365,365,3,54.2833332,19.16462973333333,54.2833332,16.956666666666667,-7.39317212242426,14.77001691549856,18.59789140290899,11.4983784612255,0.0032023044270968,0.6576179770635338,0.4025918127523125,midlatitude,14_19
b160s0013,-0.4291408891709385,-0.6018853481400117,365,365,2,54.4783583,20.9796498,54.4783583,61.55,1.031524364127864,1.031524364127864,14.778061859464646,8.914372593243865,0.0022467293125253,0.7419640622307886,0.3468395798163502,midlatitude,14_20
b160s0014,-0.23739646016404956,-0.34049853396900165,365,365,1,54.1333333,22.95,54.1333333,186.0,19.72215550345641,19.72215550345641,21.54577111502914,12.415714702265522,0.0030218779033309,0.9512143480875468,0.1470755897062836,midlatitude,14_20
b160s0027,-0.3577502581665393,-0.5271350767956032,363,363,1,54.6333333,43.2333333,54.6333333,139.0,-1.8116465879586483,1.8116465879586483,20.13432124930693,12.576080830491277,0.0029266839968564,0.9944549268492444,0.0136381784720176,midlatitude,14_22
b160s0028,-0.024534360128041593,-0.04944749560779749,365,365,1,54.4333333,43.7666666,54.4333333,188.02,28.21300442412553,28.21300442412553,14.022625241096916,13.044332157344265,0.002713572494378,0.9953197053592812,0.0148004563067907,midlatitude,14_22
b160s0030,-0.06111771131072149,-0.11008592574483685,364,364,1,54.8166666,46.5833333,54.8166666,180.0,28.196150949948247,28.196150949948247,35.20274035644737,29.163074654070577,0.0064322733891704,0.9732918131563528,0.0728499543281512,midlatitude,14_22
b160s0035,-0.07212966603862177,-0.13882372637366824,365,365,1,54.0166666,54.15,54.0166666,355.9,55.05056503896583,55.05056503896583,38.11058847450192,33.39553380622555,0.007563678970741,0.9949334350323208,0.0195587246807572,midlatitude,14_23
b160s0036,-0.44173694150487347,-0.6196991291488884,365,365,1,54.557511,55.874417,54.557511,136.85,-9.30531000669825,9.30531000669825,28.92097604378143,25.32448053864764,0.005763515727969,0.9926132604914762,0.017122963290316,midlatitude,14_23
b160s0043,-0.34402220964937347,-0.4921716717248248,363,363,1,54.3666666,66.9666666,54.3666666,151.0,3.22985779519226,3.22985779519226,2.085611648801011,1.632809480287019,0.0003632206525007,0.9634241250087135,0.0296382311126484,midlatitude,14_24
b160s0044,-0.41456566591305893,-0.5263025608927857,365,365,1,54.83,69.15,54.83,140.0,14.809381580356046,14.809381580356046,10.776125488281156,6.144001953124934,0.0018850470781326,0.965054423416448,0.0321362202347587,midlatitude,14_24
b160s0046,-0.2525159485270676,-0.4055772381450338,358,358,1,54.3666666,71.75,54.3666666,125.0,18.98240240248326,18.98240240248326,11.89173229738768,5.463531386840824,0.001597365249598,0.9705051957556332,0.0448790154283215,midlatitude,14_25
b160s0050,-0.34542262984743655,-0.4820546393909184,365,365,2,54.5333333,77.97499995,54.5333333,114.0,6.95463102990329,6.95463102990329,3.0028983963282485,2.244310492423496,0.0005198189017258,0.9374451276685204,0.0933114978624641,midlatitude,14_25
b160s0052,-0.41953739990945865,-0.6287787829264587,365,365,2,54.34999995,81.17499995,54.34999995,146.0,-36.12406272659521,36.12406272659521,21.140101963633025,11.038660313787451,0.0033548219517255,0.9658573353628988,0.0642467277540852,midlatitude,14_26
b160s0054,-0.9561678065261718,-1.3546555090732426,364,364,1,54.3333333,84.2166666,54.3333333,198.0,-69.85859250463454,69.85859250463454,32.403723331248955,22.96210473079961,0.0054053263874958,0.984241715646872,0.0408513079933838,midlatitude,14_26
b160s0059,-0.8897192639671415,-1.02967073073662,365,365,1,54.3666666,92.1333333,54.3666666,282.0,-157.47371588820857,157.47371588820857,75.76222864672502,59.98575830891272,0.0129452261679359,0.9716779453564568,0.0545038139129861,midlatitude,14_27
b160s0064,-0.6946279048150569,-0.8808692965864995,364,364,1,54.8833333,99.0333333,54.8833333,410.0,-198.2667214182437,198.2667214182437,91.72439985416622,62.50634279912508,0.0167178474479177,0.9902727757072882,0.038344711470707,midlatitude,14_27
b160s0065,-0.20328624098030632,-0.2488277563730313,364,364,1,54.6,100.6333333,54.6,522.0,2.750118652027936,2.750118652027936,25.590646859533777,23.317844038877,0.0050702521105736,0.9760134353768998,0.0631735799577362,midlatitude,14_28
b160s0066,-0.5045930622691488,-0.6845160515221794,365,365,1,54.0,103.0666666,54.0,427.0,-74.37405397756243,74.37405397756243,61.96934942187505,49.98308129187025,0.0116666873391867,0.9630526704804772,0.0785092683506637,midlatitude,14_28
b160s0068,-1.03084666878181,-1.0901344827106498,365,365,1,54.8,105.1666666,54.8,418.0,-259.37301071944785,259.37301071944785,124.02131059572284,97.78135197570808,0.0232053416569102,0.9683897918900112,0.1125871038994503,midlatitude,14_28
b160s0083,-0.6179031915543861,-0.8578262213833737,365,365,1,54.7166666,128.8666666,54.7166666,364.0,-38.89972425122824,38.89972425122824,32.19097871175689,26.61189872431929,0.0053704434707045,0.970207416205461,0.0806877187129104,midlatitude,14_30
b160s0086,-0.4970105648129706,-0.72020725218003,365,365,1,54.5,134.4166666,54.5,62.0,-208.47324234495392,208.47324234495392,132.037843088281,89.94449870686034,0.0205912229410886,0.8987784771008277,0.2503355002421243,midlatitude,14_31
b160s0089,-1.3772834280721196,-1.938773239320352,363,363,1,54.8333333,137.5333333,54.8333333,21.0,-48.509858699680976,48.509858699680976,8.045378889862812,7.196521577583716,0.0018305983772748,0.4102065604172006,0.40664576520729,midlatitude,14_31
b160s0103,-1.1925963479902564,-1.2402452539933166,365,365,1,54.1166666,159.9833333,54.1166666,27.0,-242.93239640750343,242.93239640750343,79.58251620013979,56.93701546764791,0.0127709933778909,0.5752976593783344,0.4518805422699867,midlatitude,14_33
b160s0148,-0.4556330409940719,-0.5468787974433496,363,363,2,54.2833333,-130.44166665,54.2833333,35.175,-93.96171760123212,93.96171760123212,51.594783026232165,70.08780367213453,0.0120160194902579,0.5577315284120157,0.3764936577973186,midlatitude,14_4
b160s0150,-1.5262766500626315,-1.6061351792786773,365,365,1,54.8206943,-127.18305565,54.8206943,517.6,-542.8115819041944,542.8115819041944,291.49795251336155,203.0305316386207,0.0557185510748373,0.9420285181423248,0.1096649806983334,midlatitude,14_5
b160s0151,-1.078218364662481,-1.3121872851900778,364,364,1,54.383,-125.95,54.383,713.2,-232.47605161421157,232.47605161421157,161.0662016845694,99.41013898925834,0.027987881246209,0.9395693756517202,0.0721167630044311,midlatitude,14_5
b160s0158,-0.6564138486533819,-1.024875368083663,364,364,1,54.1,-114.45,54.1,648.0,-18.50003600872833,18.50003600872833,21.491010742187303,14.028546142578056,0.0038380375504493,0.9664714037840798,0.0477934517035205,midlatitude,14_6
b160s0160,-0.33032659492185695,-0.3951186858224565,363,363,1,54.7666666,-112.0166666,54.7666666,567.0,-13.49182915889719,13.49182915889719,16.60030007525653,12.857991146897776,0.0028141604400897,0.9437946595428643,0.0557936478819511,midlatitude,14_6
b160s0161,-0.4500276290397,-0.5611181313287678,365,365,1,54.404999,-110.279444,54.404999,541.02,-33.890413950782204,33.890413950782204,21.732058480598724,14.546800908800163,0.0029748160954541,0.933317427919556,0.0638485387171104,midlatitude,14_6
b160s0162,-0.4309159215279135,-0.7498531983226098,365,365,3,54.092990750000006,-108.72868520000002,54.092990750000006,502.32,-36.91333388837961,36.91333388837961,22.727248579961216,11.356536702585098,0.0028859969792028,0.9250373134428812,0.0723426289505296,midlatitude,14_7
b160s0189,-0.5785943706095674,-0.8567251123887988,357,357,1,54.8,-66.8,54.8,520.9,-9.696608870003274,9.696608870003274,41.820887451172254,34.82073608398496,0.0092755457758904,0.8349873934923465,0.0993403402578678,midlatitude,14_11
b160s0226,-0.5378665374935142,-0.7893825077810367,365,365,1,54.2333333,-10.0,54.2333333,9.73,-9.435673249147309,9.435673249147309,14.835822321118206,20.679678425842347,0.0032341079590112,0.2793655389318473,0.3832317757480766,midlatitude,14_17
b160s0227,-0.1933123753775513,-0.2334314986640901,364,364,1,54.4833333,-8.2333333,54.4833333,34.67,-78.31495406878284,78.31495406878284,81.58726976632056,68.47636323569228,0.0149664520275221,0.499743257884058,0.4159171429823639,midlatitude,14_17
b160s0228,-0.25481339564058736,-0.3499673919629029,365,365,6,54.5845833,-6.860972149999999,54.5845833,109.28000000000002,-2.067429332279294,61.7919441956304,57.001377547936606,47.54266409313346,0.0104535305118993,0.5316293074871637,0.3938360517829162,midlatitude,14_17
b160s0229,-0.8583334994381322,-1.340181356618779,365,365,1,54.85,-4.95,54.85,12.0,-20.32537837844987,20.32537837844987,13.364938964844908,9.79276489257886,0.002373659014702,0.5302320646598243,0.3784240003166403,midlatitude,14_17
b160s0230,-0.6554327711348622,-0.8293138259362888,365,365,4,54.50416655,-3.8476389,54.50416655,83.44,-5.744090612163337,43.0507731735384,45.321833466423406,36.073535617561134,0.0073913580298731,0.5640200932531109,0.3938229999230787,midlatitude,14_17
b160s0231,-0.4974908320068466,-0.6490214223778277,365,365,2,54.5333333,-2.54999995,54.5333333,241.0,-78.03687368824689,78.03687368824689,110.32860405821496,82.3692137791501,0.0186646097681873,0.6266913934204632,0.4030992860818829,midlatitude,14_17
b160s0232,-0.44760495337686623,-0.5734335123487252,365,365,3,54.35301653333334,-1.2617999666666668,54.35301653333334,75.74333333333333,-34.26352593658768,87.50376401631911,44.35252652791402,29.273194777640047,0.0068188130846274,0.5610719103687617,0.4320111178728201,midlatitude,14_17
b161s0002,-0.13807291594774498,-0.19578682504148745,365,365,1,55.4166666,3.8166666,55.4166666,48.35,48.10753461371099,48.10753461371099,3.0517578125e-05,3.0517578125e-05,0.0001000016927719,0.0059471181952192,0.062117947203326,midlatitude,14_18
b161s0005,-0.3646739872327311,-0.5036858954082287,365,365,6,55.40591521666666,8.843883416666666,55.40591521666666,32.13833333333333,7.953078388952065,11.028516158932511,6.471564833993948,5.585442901175495,0.0011628838928666,0.4334396765969592,0.3818450536037067,midlatitude,14_18
b161s0006,-0.40935801036508024,-0.6043498247450195,365,365,4,55.333333325,10.437499975,55.333333325,18.75,4.589661924468855,16.8313839043359,6.982946349802437,4.582503347142947,0.0011305599065943,0.5270491858107784,0.3426839149912787,midlatitude,14_19
b161s0007,-0.33310014155353745,-0.4612581948588807,365,365,7,55.45270001428571,11.828299214285716,55.45270001428571,29.214285714285715,12.327776224136286,15.390952769333582,9.559616234507487,7.331526477890372,0.0016306437893341,0.4947236475242376,0.340756950015675,midlatitude,14_19
b161s0008,-0.12347833269553739,-0.19794612637836465,365,365,4,55.51619415,12.89023605,55.51619415,22.027500000000003,6.588992354870436,8.44365931692952,7.795509592235298,6.1233793280240185,0.0016113536488485,0.4629666467617942,0.3579147446608782,midlatitude,14_19
b161s0009,-0.6906678774711597,-1.0079800880043046,365,365,2,55.175,14.9333333,55.175,17.0,5.304039043866256,7.690547219026826,3.0517578125e-05,3.0517578125e-05,0.0001000016927719,0.3557892249619506,0.3851848580734243,midlatitude,14_19
b161s0013,-0.20402507106386647,-0.29914697962075304,348,348,1,55.7333333,21.0833333,55.7333333,7.26,-6.965281205406892,6.965281205406892,3.902100149745531,2.8797981508156845,0.0006317766716768,0.5426586895989448,0.4440690282185996,midlatitude,14_20
b161s0023,-0.2215830266424332,-0.35319548658176486,364,364,1,55.0166666,36.4833333,55.0166666,197.0,9.15613248459502,9.15613248459502,19.51499966765036,18.11440716391502,0.0038954105272503,0.9934754669063108,0.0112153630298261,midlatitude,14_21
b161s0026,-0.3016012781022717,-0.4158212565303923,365,365,1,55.3333333,42.1166666,55.3333333,114.0,-2.5638000944047263,2.5638000944047263,12.838197527426066,9.894742766611422,0.0023792453968384,0.9902943216558197,0.0184757408822131,midlatitude,14_22
b161s0027,-0.4703010587701189,-0.7822501154864323,362,362,1,55.3666666,43.7833333,55.3666666,127.0,-30.797438489204158,30.797438489204158,19.403748999998506,14.326062503859813,0.003502279459086,0.9887031618819416,0.0255855531944852,midlatitude,14_22
b161s0028,-0.18469141460387026,-0.28983146497467466,365,365,2,55.2833333,45.0,55.2833333,172.0,15.200799356973404,20.586733166397394,23.34817483966669,19.1651390759094,0.0042244884666174,0.9860084558428382,0.0355909936662647,midlatitude,14_22
b161s0029,-0.10165050611973818,-0.15230536311197965,364,364,1,55.1833333,46.3333333,55.1833333,136.0,6.757602057348294,6.757602057348294,24.596672113647685,22.7584334596861,0.0049622143642678,0.9760883119823798,0.0627357516726054,midlatitude,14_22
b161s0031,-0.23386875048881517,-0.27494165875092175,365,365,1,55.606186,49.278728,55.606186,126.18,22.81823487214713,22.81823487214713,28.68418001192267,24.24697015091761,0.0060128585137972,0.9457192700367484,0.0991596667849318,midlatitude,14_22
b161s0035,-0.09044150071245967,-0.13211746724332932,364,364,1,55.4166666,55.5333333,55.4166666,186.0,53.778692291123576,53.778692291123576,28.67651119916024,28.44796799882611,0.006218141091271,0.9858430507905666,0.0291992112398086,midlatitude,14_23
b161s0046,-0.1399909107531717,-0.1760773427281445,365,365,1,54.967042,73.310514,54.967042,94.79,-4.284327919851563,4.284327919851563,10.40407880563354,7.665847430939245,0.001920629086755,0.974888161578025,0.0414627303589467,midlatitude,14_25
b161s0048,-0.2569552474967077,-0.38326024486773064,365,365,2,55.25,76.38444444999999,55.25,111.5,6.1701139958599285,6.1701139958599285,2.23790362352781,2.055354992192367,0.0004062562386095,0.9527087241020388,0.0846682401912624,midlatitude,14_25
b161s0052,-0.057390096307348294,-0.09272617236633211,365,365,1,55.3,82.75,55.3,137.0,6.198930062763537,6.198930062763537,16.97280883789066,11.210931396484396,0.0026480883359909,0.9776348170927888,0.0523582597126456,midlatitude,14_26
b161s0053,-0.35166663863506226,-0.4684131155678684,365,365,1,55.2333333,84.4,55.2333333,173.0,-11.509007991038317,11.509007991038317,26.736579022287604,21.100393047971156,0.0047893418468463,0.9860326989121307,0.0364840590377791,midlatitude,14_26
b161s0055,-0.20928321816031556,-0.28229872083090046,365,365,1,55.2166666,87.65,55.2166666,495.0,3.163283937714425,3.163283937714425,64.99435659334968,63.26450511542996,0.0125071420639252,0.9922701302522666,0.0170335912387628,midlatitude,14_26
b161s0056,-0.49125956763294537,-0.6319111096915512,365,365,2,55.41666665,89.5083333,55.41666665,352.91,-65.9438602286296,65.9438602286296,66.44007948219483,47.81593832903671,0.0121843411428019,0.9832861160374348,0.0371370537482425,midlatitude,14_26
b161s0057,-0.6087238993238141,-0.8619048125618024,364,364,1,55.0833333,90.85,55.0833333,325.29,-59.02825431524826,59.02825431524826,57.975006443125054,52.45030605395503,0.0109880075120472,0.9706738416141172,0.0541370180377776,midlatitude,14_27
b161s0058,-1.7289189080438743,-2.2485536158034325,363,363,2,55.36666665,91.8583333,55.36666665,562.635,199.68075230644035,235.2704770761729,68.0794853715625,53.21137245416217,0.0115789327256431,0.9729678924155212,0.0533674434904025,midlatitude,14_27
b161s0059,-0.22750234440708414,-0.30986922851374116,364,364,1,55.7166666,93.75,55.7166666,399.23,-45.32546183982828,45.32546183982828,44.78516069689918,35.770656560449,0.0082860544464885,0.9872336510240464,0.0346867691787614,midlatitude,14_27
b161s0060,-0.7028389391352365,-0.9276410362601136,365,365,2,55.44166665,95.17499995,55.44166665,294.5,-90.10998193452298,90.10998193452298,45.490948524340936,38.41073240327965,0.0083551136861018,0.9943359226788708,0.0194890884323521,midlatitude,14_27
b161s0078,-0.6273487292729146,-0.801223337815309,365,365,1,55.1833333,124.6666666,55.1833333,528.0,-122.69316272759704,122.69316272759704,76.86057170172023,53.164673513987,0.013214299622554,0.9959721537787244,0.0269393984556465,midlatitude,14_30
b161s0098,-0.9874722755131472,-1.3039161390340184,365,365,1,55.5833333,155.5833333,55.5833333,6.0,-9.975239696872809,9.975239696872809,3.65132517716433,3.041519713412514,0.0008225976494453,0.448134719046436,0.4628357509682731,midlatitude,14_33
b161s0150,-1.03865478233591,-1.1932117674824376,359,359,1,55.3,-123.1333333,55.3,690.0,-313.1846010212429,313.1846010212429,175.9282204783815,128.79787376426938,0.0338229020247394,0.9640559378785214,0.0516658872214898,midlatitude,14_5
b161s0151,-0.7649658817847586,-1.0763949275526563,353,353,1,55.733,-120.183,55.733,671.0,-74.79087197845422,74.79087197845422,44.82488199365218,41.22224878271473,0.0087542716251611,0.9889868036646098,0.0227944527761688,midlatitude,14_5
b161s0152,-0.3919174612116804,-0.681495388785558,365,365,2,55.189861,-119.1425,55.189861,707.015,-18.78435409358661,18.78435409358661,37.1791070349681,24.83572042568111,0.006124946868559,0.9884100009064632,0.025625674285368,midlatitude,14_6
b161s0155,-0.7130394904473953,-0.8850520042121713,365,365,1,55.296528,-114.78027765,55.296528,583.38,-139.83245645488614,139.83245645488614,102.4073478663462,46.03518558082497,0.0119644670509482,0.9490048009492832,0.0763474287194675,midlatitude,14_6
b161s0161,-0.8165551222010669,-1.132560914404636,365,365,1,55.150695,-105.2643053,55.150695,379.0,-4.33480103699975,4.33480103699975,9.177270136527458,5.457773563309013,0.00135113269088,0.843332747873181,0.1111809556293551,midlatitude,14_7
b161s0163,-0.24853002486561193,-0.5779321047773486,365,365,1,55.5333333,-102.35,55.5333333,297.0,-27.48759684206709,27.48759684206709,14.01678216494174,12.413335949450754,0.0024266078870559,0.8155839050776047,0.1013958627236175,midlatitude,14_7
b161s0173,-0.40044760893281656,-0.5670543695566511,354,354,1,54.9833333,-85.4333333,54.9833333,53.0,-0.8938315780057522,0.8938315780057522,4.055459895884873,2.2554604241577083,0.0006107960519525,0.6883142537041143,0.4038034228558397,midlatitude,14_9
b161s0178,-0.6047605955745912,-0.849888871443872,364,364,1,55.2833333,-77.75,55.2833333,10.0,-61.1987062167311,61.1987062167311,26.97643428320283,17.296653781188777,0.0043910410425155,0.4821276816290799,0.386909345151384,midlatitude,14_10
b161s0223,-0.4126238668045971,-0.6078174560137387,365,365,2,55.2583333,-7.1333333,55.2583333,15.5,-37.0668086732673,37.0668086732673,23.783773355047245,21.012778849515197,0.0041248137220967,0.4030032046673403,0.3880912632533052,midlatitude,14_17
b161s0224,-0.513105804289507,-0.7871471516467361,365,365,3,55.4333333,-6.038888866666667,55.4333333,61.0,14.086590577476525,47.1723188148311,19.05534383232976,18.752543657202743,0.0042255339500463,0.4700136328318915,0.3780637074725312,midlatitude,14_17
b161s0225,-0.2565325421654998,-0.36640021406163853,365,365,3,55.48333326666667,-3.8388888666666663,55.48333326666667,171.33333333333334,-55.64103726979704,55.64103726979704,56.3256611496813,48.34835065674878,0.0111462346794822,0.6169831368161551,0.3804602422613388,midlatitude,14_17
b161s0226,-0.27683802280000114,-0.3829057124581716,365,365,5,55.29483338,-2.13733324,55.29483338,155.26600000000002,-17.856801073583895,34.96877776797106,65.96253380216606,42.31233198966619,0.0101745081363511,0.5315139730155404,0.4264837147664323,midlatitude,14_17
b162s0005,-0.2951652888124087,-0.40717928078395665,365,365,5,56.296158260000006,8.6682589,56.296158260000006,35.162,6.057729695039709,8.309128307167711,7.822500088950984,6.460929949945853,0.0014110022316365,0.3717951274987291,0.3805031501828625,midlatitude,14_18
b162s0006,-0.45285023640918814,-0.694487391118701,365,365,7,56.17619287142857,10.367001114285715,56.17619287142857,38.99857142857143,11.529035268625432,21.337966662964416,11.492130941406495,10.752417778269882,0.0020100327354924,0.47918613167767,0.3619041057735348,midlatitude,14_19
b162s0007,-0.4381054306129967,-0.627710075477787,365,365,3,56.09444440000001,12.5333333,56.09444440000001,43.333333333333336,19.313720604092925,19.714714407429792,14.82603365799247,11.74498939254243,0.0027304398618496,0.513784555511156,0.3622564252839377,midlatitude,14_19
b162s0009,-0.37920963990415774,-0.6008900581390199,364,364,1,56.266667,15.265,56.266667,58.21,-6.328375933788728,6.328375933788728,8.657794429753379,5.900045330927708,0.00127988823556,0.4642825293750686,0.4051929147107306,midlatitude,14_19
b162s0018,-0.2481603541265358,-0.3611199855735967,365,365,1,56.35,30.62,56.35,106.0,-25.76498855368536,25.76498855368536,14.55199365234374,8.627267822265615,0.0023182482719421,0.9745661006280943,0.0376099902054389,midlatitude,14_21
b162s0026,-0.13425178600317708,-0.17627505748354597,365,365,1,56.6833333,43.4333333,56.6833333,103.0,0.7024455794875593,0.7024455794875593,12.702129216336786,9.816846156341402,0.0022625307767039,0.977517942162346,0.0417333631063825,midlatitude,14_22
b162s0027,-0.12716487119702438,-0.21708451957067307,364,364,1,56.230119,43.784042,56.230119,78.02,-21.506220743284217,21.506220743284217,17.278451813316888,17.072264349080783,0.0031931648076813,0.9800072446518698,0.0371911810160623,midlatitude,14_22
b162s0028,-0.22110133197165446,-0.3398986574877127,365,365,1,56.3333333,46.5833333,56.3333333,107.0,3.733439469769508,3.733439469769508,20.585033239933324,16.220900662197607,0.0036525098744614,0.9751574530507244,0.0511875292807636,midlatitude,14_22
b162s0029,-0.08289174239965062,-0.09389145715397336,365,365,1,56.6333333,47.7666666,56.6333333,106.0,-0.1811046824411875,0.1811046824411875,15.186496030401749,11.569303889596682,0.0027798152403358,0.9770254747170783,0.0533037386927552,midlatitude,14_22
b162s0031,-0.3833425134238084,-0.6222052838052404,363,363,1,56.2333333,51.0333333,56.2333333,83.0,-45.051256060522576,45.051256060522576,27.806212212534057,28.36495501706993,0.0059253869553727,0.969959432349514,0.0648722071251942,midlatitude,14_23
b162s0033,-0.1267556335328899,-0.18049616533043622,364,364,1,56.4666666,53.7333333,56.4666666,133.0,5.245403351238821,5.245403351238821,26.22404843769539,21.2162990982864,0.0047894547851134,0.9732285964004942,0.0473072800867026,midlatitude,14_23
b162s0035,-0.23689536529361677,-0.3338832825216722,364,364,1,56.1102777,56.5736111,56.1102777,206.5,2.618432552827983,2.618432552827983,19.36865557155522,18.45605436790848,0.0037510081454694,0.9872894282622584,0.0277959585551471,midlatitude,14_23
b162s0037,-0.4221605826045464,-0.673252198251468,362,362,1,56.0833333,60.3,56.0833333,399.0,14.681760039089738,14.681760039089738,42.44833686705568,32.86156275390625,0.0076162534365844,0.971372415615762,0.0376505136362356,midlatitude,14_24
b162s0047,-0.46959768739960356,-0.6994271438868719,365,365,1,56.6,76.5666666,56.6,116.0,1.9308452406657464,1.9308452406657464,10.697764637622022,6.379329617846669,0.0018069171638441,0.9852949892443444,0.0422405559301486,midlatitude,14_25
b162s0048,-0.3291262328319082,-0.4972898708056847,364,364,1,56.35,78.35,56.35,126.0,0.1361091708178037,0.1361091708178037,3.794097900390654,2.356214599609387,0.0006276515126228,0.9786048716282256,0.0587232082041283,midlatitude,14_25
b162s0049,-0.42789004751296056,-0.6194531828036276,365,365,1,55.85,80.0333333,55.85,129.0,0.7029763337887971,0.7029763337887971,3.0083064790185494,1.867682704230956,0.0004160767781817,0.973485245996837,0.0642216103897693,midlatitude,14_26
b162s0052,-0.2956121871186204,-0.37892116896088984,365,365,1,56.5,84.9166666,56.5,139.0,7.704503185338552,7.704503185338552,22.61406460368653,17.69755989799804,0.0041568228673875,0.9891301461426588,0.018140425391823,midlatitude,14_26
b162s0055,-0.25911146831600557,-0.35923906047102694,365,365,3,56.26111106666667,89.72777773333333,56.26111106666667,250.31000000000003,-3.7153318789010448,25.89366448341367,29.9269198085869,22.97367309155119,0.0052113270178922,0.9897353913169996,0.0263006910800157,midlatitude,14_26
b162s0056,-0.2936088847137311,-0.3807094999209042,365,365,3,56.34444443333334,90.91111106666666,56.34444443333334,273.3866666666667,-13.745336315697168,22.97388870956607,30.801595334977566,22.721550099427603,0.0050858507217013,0.9874061715896352,0.0318012023063856,midlatitude,14_27
b162s0057,-0.4718430425845279,-0.6614840238178649,364,364,4,56.154166625,92.624999975,56.154166625,288.03,-56.61360411006177,92.8398054261812,58.226998129690784,54.6649344971635,0.0107942668326551,0.9845259946846784,0.0366896068950505,midlatitude,14_27
b162s0058,0.06756991022661933,0.08036242406971272,364,364,1,55.8166666,94.3,55.8166666,375.0,15.473720501043374,15.473720501043374,35.07212493595688,29.677484196874865,0.0069997723667704,0.9906565270146354,0.0272325174935905,midlatitude,14_27
b162s0059,-0.31125132495746993,-0.42382346382173414,365,365,3,56.349999966666665,95.64999996666666,56.349999966666665,269.5733333333333,-21.624704737167253,44.96117717523371,33.23224455301255,23.94207744457962,0.0053839032381035,0.993975901851882,0.0132357890515839,midlatitude,14_27
b162s0060,-0.14850100702417998,-0.18465274506081655,364,364,1,55.95,98.0,55.95,307.0,-37.93342846435786,37.93342846435786,54.72055053710937,36.75576782226553,0.0104993224143981,0.9930843970614128,0.0269336493608749,midlatitude,14_27
b162s0062,-0.43302823442855987,-0.5642202994124543,365,365,1,56.370556,101.698331,56.370556,490.72,66.63710725911432,66.63710725911432,52.96705955501737,48.66836345538371,0.011833324836476,0.9410383237377508,0.0997742277365432,midlatitude,14_28
b162s0066,-0.8448424048138538,-1.1208012237323792,365,365,1,56.3166666,107.6166666,56.3166666,362.0,-121.3355312567884,121.3355312567884,46.64129508017231,39.89749868428854,0.00909439941212,0.9692912130032704,0.1216207918681945,midlatitude,14_28
b162s0077,-0.9050911348855099,-1.2083274410253564,362,362,1,55.9666666,124.8833333,55.9666666,861.0,-116.42765079724802,116.42765079724802,81.61797322873443,73.33593887360968,0.0172446040308912,0.9976646621154558,0.018511396362161,midlatitude,14_30
b162s0085,-0.7578065325838184,-0.7998219311781928,364,364,1,56.45,138.15,56.45,8.0,-120.33239275134432,120.33239275134432,28.06968872070189,23.64870727538958,0.0053671693801877,0.475210249365162,0.4589975548721106,midlatitude,14_31
b162s0100,-0.7997140357199714,-1.3417837834859405,365,365,1,56.2166666,162.7166666,56.2166666,27.0,-29.744155394231825,29.744155394231825,8.501590676864373,6.537499051393978,0.00150097037132,0.4247519080912068,0.4425164289308849,midlatitude,14_34
b162s0150,-0.41247392285455525,-0.6039608081938307,365,365,1,56.226944,-117.447222,56.226944,570.89,-2.1987379536242315,2.1987379536242315,53.66349022093715,41.70296353131286,0.0107155075664181,0.9743889635368184,0.0507840650902358,midlatitude,14_6
b162s0151,-0.6382023021222797,-0.8144433876307863,365,365,1,56.5333333,-115.2666666,56.5333333,546.0,-38.26390952684688,38.26390952684688,24.2242975860299,13.582347386809618,0.0035183601645178,0.9588862463230048,0.0634518217231717,midlatitude,14_6
b162s0154,-0.39081915282981355,-0.5270800570336285,365,365,1,56.65,-111.2166666,56.65,369.0,-63.56657574158925,63.56657574158925,42.32571446983391,27.58372914560545,0.0059260921075677,0.946113821694866,0.0794124806348361,midlatitude,14_6
b162s0155,-0.20848906738224748,-0.32889069106979746,365,365,2,55.83763865,-108.42541665,55.83763865,440.065,10.615540106492404,10.615540106492404,9.483112422805986,6.076801801325718,0.0016902740288244,0.86984983426531,0.1080406912649052,midlatitude,14_7
b162s0159,-0.8014185402947942,-1.307644585003579,365,365,1,56.3333333,-103.2833333,56.3333333,344.0,-29.578785278730606,29.578785278730606,16.929572932203133,15.166746123147805,0.0029478205071964,0.7965777629683063,0.1251653521234216,midlatitude,14_7
b162s0162,-0.412469478222226,-0.6276746202588015,365,365,1,55.801111,-97.864166,55.801111,222.19,2.486571623305309,2.486571623305309,9.826922295244598,8.52244426265435,0.0020376396212774,0.8522096026531236,0.0911380689898019,midlatitude,14_8
b162s0164,-0.33771988793668584,-0.47058776184003653,365,365,1,56.35,-94.7166666,56.35,145.0,0.3569489912459289,0.3569489912459289,8.930718434780307,6.8484697638135055,0.001580578130871,0.8848421852272637,0.1336109768739307,midlatitude,14_8
b162s0168,-0.6478151052623748,-0.8826583121095753,351,351,1,56.0166666,-87.6833333,56.0166666,16.0,0.022638450481498,0.022638450481498,3.737725004995979,1.898728300281064,0.0005462810422127,0.5781983194175575,0.4441274269952074,midlatitude,14_9
b162s0218,-0.7712919294479262,-1.0534580839407661,357,357,1,56.499167,-6.869167,56.499167,11.58,8.335521317067808,8.335521317067808,3.0517578125e-05,3.0517578125e-05,0.0001000016927719,0.2932160383098206,0.3568656404444007,midlatitude,14_17
b162s0220,-0.42101508229944873,-0.5167482133340426,365,365,3,56.04999996666667,-3.8722222,56.04999996666667,50.333333333333336,-118.5699472887208,118.5699472887208,96.4645450005202,72.75351937935324,0.0177985041024075,0.6254928173667272,0.3826522418217331,midlatitude,14_17
b162s0221,-0.2538126930918274,-0.3865532837834554,365,365,1,56.372889,-2.868444,56.372889,11.58,-45.519700188295225,45.519700188295225,51.19556143006332,34.636088876314275,0.008989804376921,0.5533965976201908,0.4216016650943172,midlatitude,14_17
b163s0005,-0.18823459937561257,-0.23864816211656534,365,365,2,56.921394500000005,9.674582,56.921394500000005,18.02,-4.687834569477085,12.698613288509575,11.242620574897424,10.020425568261572,0.0019442487688784,0.3958250406583206,0.3772259858018058,midlatitude,14_18
b163s0006,-0.22562993785774174,-0.3447023450207409,365,365,2,57.04999995,10.92499995,57.04999995,29.5,22.009948536081417,22.009948536081417,1.8407332327889148,1.530084539494634,0.000385562969474,0.4424003061440876,0.3765291632418097,midlatitude,14_19
b163s0007,-0.09662834112097218,-0.1266065389150471,365,365,1,56.95,13.0666666,56.95,130.0,2.6076421967169523,2.6076421967169523,21.16526340461421,18.83347154368166,0.0037931878234279,0.6224158407375627,0.3665826637739418,midlatitude,14_19
b163s0009,-0.5552643896100482,-0.7225049790872401,365,365,1,57.525833,15.823333,57.525833,111.55,-35.397963297281095,35.397963297281095,21.155410453564297,17.16118425854854,0.0037804769421901,0.6030877432148765,0.3789944393939174,midlatitude,14_19
b163s0010,-0.7719434604001574,-1.0689292284774554,356,356,1,56.9166666,18.15,56.9166666,39.0,37.38401581258,37.38401581258,1.2395441819286932,0.5857236426757729,0.0002952902727985,0.2083374963042225,0.3248796599124364,midlatitude,14_19
b163s0017,-0.31473820565020566,-0.5499412074812551,365,365,2,56.8666666,28.8083333,56.8666666,103.5,-3.0763162372051127,8.101126067173901,14.23109569448555,9.743862486250103,0.0024025540721897,0.963734153695845,0.0782793994095872,midlatitude,14_20
b163s0018,-0.553260627407862,-0.9917849558295041,364,364,1,57.15,31.1833333,57.15,71.0,-31.16698237224567,31.16698237224567,11.535057681816449,5.600194179172386,0.0013056814078778,0.9696229834006912,0.064346166752336,midlatitude,14_21
b163s0027,-0.25120138875745557,-0.39441908212472265,364,364,1,57.1333333,45.1666666,57.1333333,110.0,-10.063551777673482,10.063551777673482,14.861130426447652,10.960562443364472,0.0027668604388916,0.9820601310079824,0.0389505830446657,midlatitude,14_22
b163s0029,-0.3029505706213829,-0.4469210934059427,365,365,1,57.0,48.7333333,57.0,143.0,-24.866332371958634,24.866332371958634,18.94258145222164,15.134956512304669,0.0034424810520857,0.9839537220924504,0.0435125538953857,midlatitude,14_22
b163s0032,-0.11345554695316544,-0.19841263073399706,365,365,1,56.8333333,53.45,56.8333333,159.0,16.1673825154042,16.1673825154042,21.182381576545403,19.715450269216312,0.0041725522487956,0.9754975790006226,0.0455935724191179,midlatitude,14_23
b163s0036,-0.3673986362857244,-0.4793476729171527,364,364,1,56.743108,60.802728,56.743108,232.86,-35.83497229347432,35.83497229347432,20.3281508613622,18.70828062182629,0.0039581015081439,0.9765640978787098,0.0318205370465667,midlatitude,14_24
b163s0047,-0.3601941389417604,-0.5357435041707358,364,364,1,57.5333333,79.4305556,57.5333333,97.0,-22.69187653297469,22.69187653297469,10.057914743810652,7.413858205064071,0.0018159904453032,0.9932120150460572,0.0203950755739061,midlatitude,14_25
b163s0050,-0.19953075662467434,-0.27368838168136295,363,363,1,57.5833333,83.7833333,57.5833333,114.0,32.47280986801128,32.47280986801128,10.42832176338642,7.133420503418201,0.0018126897471943,0.986004615471304,0.0185646523670259,midlatitude,14_26
b163s0051,-0.24014699843472878,-0.3285282165046854,365,365,1,57.0666666,86.2166666,57.0666666,114.0,-19.506816230550896,19.506816230550896,14.600613600539234,10.6459511056663,0.0023190475487265,0.9914723315302432,0.0127393126035065,midlatitude,14_26
b163s0054,-0.30885161009944756,-0.48518203951765054,364,364,1,56.9666666,90.6833333,56.9666666,180.64,-16.841368137114387,16.841368137114387,12.766705656342154,8.271034405441494,0.0020668451584299,0.9928447221543072,0.0193404669809988,midlatitude,14_27
b163s0056,-0.6622761370965228,-0.9963308704548837,364,364,2,57.05,93.84166665,57.05,174.0,-44.73202708597253,44.73202708597253,30.671151454746088,22.960320451455097,0.005156247826783,0.9897520930347092,0.019811403914597,midlatitude,14_27
b163s0057,-0.5538440097981551,-0.7764242466425694,364,364,1,56.85,95.2166666,56.85,188.0,-53.846544782207815,53.846544782207815,34.75254005282233,21.119771247861387,0.0050662649935674,0.9919836336718054,0.014404866395867,midlatitude,14_27
b163s0071,-1.4482783571220619,-1.969443495064139,365,365,1,56.9,118.2666666,56.9,711.0,-445.1238439657973,445.1238439657973,268.5241034554594,170.05274289936557,0.0365121779263068,0.9926217485211468,0.0106421600071366,midlatitude,14_29
b163s0075,-0.4219312293535791,-0.5675999798299044,365,365,1,56.8333333,124.8666667,56.8333333,859.0,25.914735857303757,25.914735857303757,66.5568516467854,62.3159698362781,0.0122254007245354,0.998380689043687,0.0072967151397045,midlatitude,14_30
b163s0153,-0.5763740414706818,-1.1292144004769034,365,365,2,57.25,-105.6083333,57.25,513.95,-10.519736666413904,10.519736666413904,13.958564291955568,8.975464839733885,0.0020908800463527,0.8350376090445446,0.1123651653267039,midlatitude,14_7
b163s0156,-0.5049092799574363,-0.7158592246355903,365,365,2,56.856944,-101.0713883,56.856944,355.305,1.42642866158738,1.42642866158738,11.92605136360715,10.191582247438683,0.0022522743155466,0.7930391830327761,0.1355036666647327,midlatitude,14_7
b163s0212,-0.5325946333646442,-0.7755233483891931,328,328,1,57.3333333,-7.3666666,57.3333333,4.0,1.439902973473861,1.439902973473861,3.0517578125e-05,3.0517578125e-05,0.0001000016927719,0.196415050079163,0.30552879078708,midlatitude,14_17
b163s0214,-0.8589912281610098,-0.9567779201635677,365,365,2,57.0333333,-4.26666665,57.0333333,238.5,-222.77013410712647,222.77013410712647,144.74830270194974,124.8910676768223,0.0276197678534979,0.5844779644535407,0.3928033125579999,midlatitude,14_17
b163s0215,-0.6763619810135996,-0.8478500657299581,365,365,3,57.04509243333333,-2.4325926333333334,57.04509243333333,113.17666666666666,-50.06647396722161,101.33056038950706,45.03602201233513,42.01172312915119,0.0080621026833239,0.4235525288815593,0.426272780214064,midlatitude,14_17
b164s0006,-0.7749301266619518,-1.0792010282449347,364,364,1,57.7333333,10.6333333,57.7333333,5.0,2.706528288003984,2.706528288003984,3.0517578125e-05,3.0517578125e-05,0.0001000016927719,0.423080170828798,0.3860189883008187,midlatitude,14_19
b164s0007,-0.38538560590409415,-0.5424447491272336,365,365,2,58.0446405,12.497104,58.0446405,104.69,27.9945965482825,38.66043944275904,16.781645811970677,15.394103321098072,0.003473819481034,0.6316268868041388,0.3524214288088752,midlatitude,14_19
b164s0008,-0.20845092761665582,-0.36952068659235787,365,365,1,57.757594,14.068731,57.757594,225.85,-23.58469485797025,23.58469485797025,39.8565125096153,29.33323720114925,0.0080529134431654,0.7315447662142297,0.3062437883317368,midlatitude,14_19
b164s0009,-0.14482872460434223,-0.18959573223975545,363,363,1,58.402278,15.525683,58.402278,93.87,-7.7187910676660465,7.7187910676660465,20.7586367047288,13.222688494819492,0.0032342335462741,0.6955304344732426,0.3205264124364516,midlatitude,14_19
b164s0010,-0.2768930802381216,-0.6039505428450888,365,365,1,57.662797,18.346211,57.662797,49.98,29.91432294257948,29.91432294257948,11.873172704877774,7.598294510420262,0.0021021539455314,0.2401992206994314,0.3375250858360737,midlatitude,14_19
b164s0012,-0.4043968953051332,-0.6078343565227562,365,365,2,58.14999995,21.9333333,58.14999995,5.0,1.5204107084311795,1.5204107084311795,1.1971719043278022,0.8850704838788539,0.0002982019322952,0.3045620339069094,0.3702595166078362,midlatitude,14_20
b164s0013,-0.7565371501492958,-1.102193509315449,365,365,1,57.7833333,23.25,57.7833333,2.0,3.63768046411744,3.63768046411744,3.0517578125e-05,3.0517578125e-05,0.0001000016927719,0.5251385075695458,0.4144047627697713,midlatitude,14_20
b164s0014,-0.2972032287090865,-0.5450580293104043,365,365,1,58.1,23.9666666,58.1,4.0,0.417315264514341,0.417315264514341,3.0863328305078563,1.6173210640332258,0.0005276428843355,0.5822399102864834,0.402553495979973,midlatitude,14_20
b164s0015,-0.17735920587708057,-0.2357274628779198,365,365,4,58.076865225000006,26.335106975,58.076865225000006,75.4375,-6.54734520507742,17.780715612052553,17.663452608876526,10.50353433498761,0.0026299196002864,0.8269170767964507,0.2838192952777412,midlatitude,14_20
b164s0016,-0.3868294426368834,-0.5206123638485692,365,365,1,57.783917,28.395614,57.783917,46.93,-6.869182669941246,6.869182669941246,9.245425817668655,4.91937614263512,0.0011187071794624,0.9270592598773768,0.1681196743186827,midlatitude,14_20
b164s0018,-0.32858955916669025,-0.49073686167147373,365,365,1,58.0166666,31.3166666,58.0166666,25.0,-13.792237708737368,13.792237708737368,6.82667849616408,3.918315256206532,0.0009910486990213,0.955839646450205,0.1099611300891222,midlatitude,14_21
b164s0026,-0.18939788271372224,-0.24642371123242146,365,365,1,57.85,45.7666666,57.85,136.0,15.08055858441722,15.08055858441722,16.83059659328611,12.108407680229488,0.002992602383579,0.9911274016883448,0.0274941944092898,midlatitude,14_22
b164s0027,-0.07664950092589555,-0.1524803120119116,365,365,1,57.6666666,46.6333333,57.6666666,175.0,36.71101879677775,36.71101879677775,11.63838273691115,9.370392898537332,0.0021876425628252,0.9910202443578352,0.0272166213146546,midlatitude,14_22
b164s0028,-0.1401615778254827,-0.2237712447484804,363,363,1,58.3,48.35,58.3,127.0,6.194164482774639,6.194164482774639,12.505919189453133,9.276356201171868,0.0023942148685455,0.9954859119357546,0.0125330561907016,midlatitude,14_22
b164s0029,-0.13771401192700594,-0.17993358928573336,365,365,1,58.1,49.9166666,58.1,177.05,0.1616595968680769,0.1616595968680769,14.56967002605466,14.057452114189434,0.0028117641647136,0.9946294068678192,0.0137887874631838,midlatitude,14_22
b164s0030,-0.3232861827514018,-0.45807638748017626,364,364,1,58.1333333,52.5833333,58.1333333,169.0,-33.6566368990934,33.6566368990934,24.64695385225377,16.441968389311242,0.0039351627051661,0.9907208663728776,0.0300529775816698,midlatitude,14_23
b164s0040,-0.427193332528498,-0.5809835148872616,363,363,1,58.15,68.25,58.15,50.0,-5.864754401350041,5.864754401350041,9.870062255859342,6.9769409179687365,0.0016450226306915,0.9692459781210598,0.0330680773343604,midlatitude,14_24
b164s0045,-0.570879907890784,-0.8161103931881591,363,363,1,57.8,77.2166666,57.8,99.0,-21.542213907080978,21.542213907080978,8.135114585439412,5.8174773581445,0.0013956939738047,0.995340484026894,0.0131932636249374,midlatitude,14_25
b164s0048,-0.3306187526279424,-0.47764230060062235,364,364,1,58.3166666,82.95,58.3166666,75.0,6.95108486396984,6.95108486396984,7.713305851103553,4.742802028725607,0.0011523761383819,0.9832260660410004,0.0212068689556861,midlatitude,14_26
b164s0054,-0.4667007721155563,-0.656286474146861,365,365,3,58.0722222,92.80555553333332,58.0722222,86.96666666666665,-64.20398401810417,64.20398401810417,31.178633742889826,21.2668009580907,0.0050395086921423,0.9885591173036784,0.0196950329523956,midlatitude,14_27
b164s0057,-0.6852825476633976,-0.7257484145753926,365,365,1,58.3833333,97.45,58.3833333,133.0,-144.24536834195436,144.24536834195436,52.75249688979994,49.66548938178956,0.0097131856270408,0.9905473113606088,0.0154079374444348,midlatitude,14_27
b164s0058,-0.879900438255007,-1.2713063499613046,363,363,1,57.65,99.5333333,57.65,220.53,-69.05330596269508,69.05330596269508,30.824318794738797,23.64378251721188,0.005005684563353,0.9851308049226716,0.0373344597624451,midlatitude,14_27
b164s0063,-0.7987528910636037,-1.238463606983733,363,363,1,57.7666667,108.0666667,57.7666667,258.0,-123.04715361940625,123.04715361940625,52.494656585664885,44.37054338723004,0.0089972254358317,0.9936984239927156,0.0281557859702778,midlatitude,14_28
b164s0066,-1.3483430954671818,-1.4729559939015395,364,364,1,58.3166666,112.8666666,58.3166666,224.0,-463.9171394349801,463.9171394349801,170.9079282030919,159.32689327106306,0.0373662602976404,0.993951808127524,0.0094259078351828,midlatitude,14_29
b164s0067,-1.1333002484296963,-1.2605441250836174,364,364,1,57.8166666,114.0166666,57.8166666,249.01,-405.20823886441417,405.20823886441417,161.30573327962384,138.01108236407734,0.0278804585656189,0.9939813812506864,0.0102810246877241,midlatitude,14_29
b164s0080,-0.7618906989464439,-0.9004143791413778,364,364,1,57.65,136.15,57.65,318.0,-122.54850535096152,122.54850535096152,88.6816931152346,69.3535058593751,0.0154907521605492,0.9504640592157853,0.191100014573591,midlatitude,14_31
b164s0096,-1.1003292900975412,-1.7003485366158866,365,365,1,57.65,163.2333333,57.65,9.1,-69.08697669298424,69.08697669298424,37.44548347114008,25.94796392193356,0.0060210917927247,0.3794669282086358,0.4338818300650499,midlatitude,14_34
b164s0135,-1.2604996662215548,-1.4780440301947078,365,365,2,58.42499995,-130.0333333,58.42499995,802.4,-393.4883955794006,393.4883955794006,177.69373261405417,129.5427258808753,0.0301121342153174,0.9806679486918736,0.0541434750756033,midlatitude,14_4
b164s0143,-0.3929700082473979,-0.6349489041179978,363,363,1,58.3833333,-116.0333333,58.3833333,289.0,-27.55981599712885,27.55981599712885,41.84739619088585,12.36906616056022,0.0044156604825152,0.9773947723257104,0.0462782585919942,midlatitude,14_6
b164s0150,-1.3519193497521627,-1.8716106860290473,365,365,1,58.1833333,-103.7,58.1833333,492.0,68.44948724022817,68.44948724022817,6.081166558764327,4.281409244953389,0.0010641696344768,0.7883687167275137,0.1415458140670249,midlatitude,14_7
b164s0166,-0.7601187133625938,-1.119525756274909,365,365,1,58.4669833,-78.08101665000001,58.4669833,25.0,-5.936341903983372,5.936341903983372,5.969175538544118,4.298476418072116,0.0010003748617685,0.336085234975185,0.3682741100623794,midlatitude,14_10
b164s0169,-0.7348987640604324,-1.1406999494787653,364,364,1,57.92,-72.98,57.92,171.0,-69.82677347769027,69.82677347769027,29.059508105468822,22.00750712890625,0.0048867229223251,0.84292526106915,0.1081287846928014,midlatitude,14_10
b164s0171,-0.41073790479159006,-0.6163369232351498,365,365,1,58.1,-68.4166666,58.1,39.31,-52.17935132158419,52.17935132158419,31.666418891342826,27.25422174078128,0.0065703567222464,0.7184591770306921,0.3128957122148433,midlatitude,14_11
b164s0208,-0.35231179009004615,-0.5146257934301842,365,365,2,58.0411113,-5.98222215,58.0411113,8.96,-60.31474498973233,60.31474498973233,34.29978739955145,36.16350296530483,0.0071630301264783,0.3077268409268422,0.3582099002048583,midlatitude,14_17
b164s0209,-0.4759491856021705,-0.6201361784261284,365,365,4,57.86651315,-4.210992325,57.86651315,88.675,-109.9155345997898,109.9155345997898,80.22466339284871,71.3592883941645,0.0144755128373278,0.4373410697486599,0.3986304600708825,midlatitude,14_17
b164s0210,-0.7522830976583578,-1.0669559033796174,365,365,2,58.0820515,-3.2161125,58.0820515,25.6,-16.973285417307952,25.52167953756665,10.75024977351547,8.278337442952107,0.0018657929970849,0.3489074337748848,0.3828236752634512,midlatitude,14_17
b165s0006,-0.3332076955920383,-0.4660862726955903,361,361,1,58.9,11.0,58.9,35.0,17.11608959226657,17.11608959226657,4.894696044921829,3.976934814453087,0.0008890941739082,0.6261633840713393,0.366541217941961,midlatitude,14_19
b165s0010,-0.20656370191394116,-0.2634225451242368,365,365,2,59.052186,17.9041583,59.052186,17.16,-3.075351016578086,13.7314690206875,7.400481869378792,6.139108414052069,0.0013801921749543,0.4415642490332362,0.3958030549947537,midlatitude,14_19
b165s0012,-0.8198420638629682,-1.236732285311414,365,365,1,58.9166666,22.0666666,58.9166666,9.0,6.087909866982958,6.087909866982958,1.2132834296365242,0.7948620811051578,0.0002679852954908,0.2725576827037046,0.3452524641249511,midlatitude,14_20
b165s0013,-0.35947873314395656,-0.5260540066949432,365,365,3,58.96666663333334,23.78888883333333,58.96666663333334,18.0,6.738771790043674,8.423776313464687,2.8243618089914837,1.5341234536733537,0.0004326068765149,0.4923690741643282,0.397964841209754,midlatitude,14_20
b165s0014,-0.20770211455287577,-0.3041942346870974,365,365,2,58.8916666,25.07499995,58.8916666,58.5,-1.6098756616754102,1.6098756616754102,6.426820852350272,3.635841445782924,0.000936073691234,0.639183178532277,0.3805703187978146,midlatitude,14_20
b165s0015,-0.33095619946771376,-0.48310667132310153,365,365,3,59.0722222,26.677777733333333,59.0722222,89.66666666666667,19.284432885261857,22.71318275036189,10.856661041488492,5.975115711213991,0.0015256498609095,0.7072346998607402,0.3554406744222959,midlatitude,14_20
b165s0016,-0.36730762618066853,-0.5623073858630155,365,365,2,59.3780555,28.3583333,59.3780555,24.45,-13.572543443253718,17.574990508516297,8.633024201679394,6.093900681774361,0.0015227399789642,0.7284350914742808,0.3441388333629213,midlatitude,14_20
b165s0017,-0.23449680264014924,-0.3696280342986409,365,365,4,58.9458333,30.60416665,58.9458333,61.0,-2.4749652231003605,11.835987912503075,7.3353327381018145,5.090492950253912,0.0013135137606909,0.8798013308479222,0.2304665332261591,midlatitude,14_21
b165s0021,-0.38168056224669433,-0.6493109713005216,365,365,1,59.2666666,38.0166666,59.2666666,114.0,-13.231963804719229,13.231963804719229,13.639495681617072,10.818105595138222,0.0024098808786978,0.9254529377119352,0.1381078965823031,midlatitude,14_21
b165s0022,-0.04219415810321422,-0.10382803657647632,364,364,1,59.2333333,39.8666667,59.2333333,131.0,-9.735116892721663,9.735116892721663,17.70577268230278,10.579003140222738,0.0026237628822838,0.948373763834052,0.1169072892278212,midlatitude,14_21
b165s0028,-0.13512726288674137,-0.16382661616785676,364,364,1,58.5666666,49.5666666,58.5666666,158.0,18.5438707071896,18.5438707071896,15.681272200285902,11.361109830053689,0.0025787488168553,0.995981754175824,0.0088800703579047,midlatitude,14_22
b165s0037,-0.5340254396159979,-0.733291143456731,364,364,1,58.7166666,66.0833333,58.7166666,81.2,0.500945833158454,0.500945833158454,5.40715017229763,3.899674817943232,0.001032319568754,0.9687993623610268,0.0383211715894427,midlatitude,14_24
b165s0043,-0.31589363348516214,-0.5150097192785615,365,365,1,58.5833333,76.5166666,58.5833333,80.0,-11.051867238429908,11.051867238429908,10.329039161265984,7.877830911273345,0.0018838076030936,0.9943707687948022,0.0110524239757248,midlatitude,14_25
b165s0044,-0.13734871802445525,-0.21552349615354513,365,365,1,59.2166666,78.2333333,59.2166666,69.0,-11.97623460725265,11.97623460725265,12.963552960441463,6.332027987456376,0.0019539733115469,0.9846938962402818,0.0221569458158569,midlatitude,14_25
b165s0046,-0.34885817700388994,-0.5752259580156105,364,364,1,59.05,80.8333333,59.05,57.0,-4.956776199042814,4.956776199042814,8.742008763715791,3.984391294523935,0.0011197363612216,0.9788092333225362,0.0267698809364032,midlatitude,14_26
b165s0049,-0.33265232865473154,-0.5320662899670311,365,365,1,58.6333333,86.7333333,58.6333333,105.0,-16.27470881654611,16.27470881654611,11.636650109532896,6.832479911099736,0.0018646309956272,0.9922260934222884,0.0102416732034834,midlatitude,14_26
b165s0072,-0.8057542931589934,-1.284212797791374,365,365,2,58.7916666,125.8166666,58.7916666,481.265,-111.62649314483572,111.62649314483572,76.23172049745615,61.76635658431088,0.0131388448781331,0.996288471962938,0.0068393363549339,midlatitude,14_30
b165s0075,-0.8384694370756044,-1.1246762525700802,365,365,1,58.7333333,130.6166666,58.7333333,197.44,-143.5191137173021,143.5191137173021,77.71971626621004,70.29931030895776,0.014441064550872,0.992660612964617,0.0108371489274549,midlatitude,14_31
b165s0081,-0.9097252235387571,-1.3285552405611287,365,365,1,58.8166666,141.85,58.8166666,5.0,-83.08316007559449,83.08316007559449,36.01030809337478,28.532325233735868,0.0060061681228638,0.537625769779747,0.4657653041817197,midlatitude,14_32
b165s0082,0.08475901287269043,0.0959381217015216,365,365,1,59.3666666,143.2,59.3666666,6.0,-32.47968788981841,32.47968788981841,37.809635405243576,27.243929069515872,0.0068019623732398,0.5947600399317,0.4530329435095196,midlatitude,14_32
b165s0087,-0.37524624682496394,-0.4614826057643305,365,365,1,58.8333333,151.35,58.8333333,65.1,-54.75600488976113,54.75600488976113,120.20761718058075,74.00180256684553,0.0187397241579323,0.2873956281868948,0.3960237571118252,midlatitude,14_33
b165s0088,-0.6900032475709498,-0.7817117903894474,364,364,1,59.1,153.3333333,59.1,12.86,-172.57439325067668,172.57439325067668,66.59401763763644,52.31767663514083,0.0109445591274798,0.3622395461028043,0.4181263755383066,midlatitude,14_33
b165s0091,-1.4787005259876576,-2.495189634561374,361,361,1,58.5,159.1666666,58.5,7.0,-34.043502418800486,34.043502418800486,18.246916110351886,17.41811877453665,0.0038290068864584,0.5164974910472057,0.4585771049608284,midlatitude,14_33
b165s0146,-0.6691294848006031,-1.0043817057492666,365,365,1,59.25,-105.8333333,59.25,250.0,-84.50721595605745,84.50721595605745,38.540486215490624,25.275817342028688,0.0059056902062415,0.8374549585733894,0.1103197225829252,midlatitude,14_7
b165s0152,-0.7663548784766435,-0.9879158835965494,365,365,2,58.72953,-94.068185,58.72953,29.130000000000003,19.520625853079643,19.520625853079643,3.048489956399555,1.542916980435983,0.0004735240218359,0.5335293147273767,0.4296619730320744,midlatitude,14_8
b165s0205,-0.9216530111754934,-1.1894974433676258,365,365,1,58.957778,-2.905,58.957778,15.54,0.1655445886855524,0.1655445886855524,3.0517578125e-05,3.0517578125e-05,0.0001000016927719,0.1481186720287324,0.2753929743075156,midlatitude,14_17
b166s0004,-0.8085045134243659,-1.0358118739543365,363,363,2,59.54166665,7.79166665,59.54166665,699.0,-171.38758135556031,171.38758135556031,140.88392028037356,134.719156245311,0.027835852504728,0.7319966199651966,0.3359019149941128,midlatitude,14_18
b166s0007,-0.26723845016286235,-0.4765394942013795,360,360,1,59.444714,13.337361,59.444714,107.28,22.533080412565354,22.533080412565354,19.723836905626264,17.248707058557827,0.0042271799494658,0.8039674148305218,0.2339365232570865,midlatitude,14_19
b166s0009,-0.23062023585615163,-0.36439823605985033,361,361,1,59.897328,17.588581,59.897328,20.72,-16.708132752920676,16.708132752920676,10.097965227950626,9.199710477759078,0.0019408608777083,0.5674067465535492,0.3957733368963372,midlatitude,14_19
b166s0010,-0.37982379634109825,-0.6417678026166204,365,365,3,59.92842576666666,18.5617592,59.92842576666666,24.28333333333333,5.813446376916244,11.376277985836277,5.787482342063172,5.169723115427688,0.0010770749819607,0.419503164554978,0.3948086281633958,midlatitude,14_19
b166s0011,-0.6329974960611315,-1.0282694451457342,365,365,6,59.967589366666665,20.383025983333333,59.967589366666665,11.913333333333334,10.220275065287238,10.220275065287238,0.5747460396292433,0.630209738270471,0.000208989333113,0.2803427877389114,0.3523694849005275,midlatitude,14_20
b166s0012,-0.4814448721295072,-0.7753891818233983,365,365,3,59.89999993333333,22.5222222,59.89999993333333,12.833333333333334,8.977950080735694,8.977950080735694,0.087745547587554,0.0938863049819424,0.0001179973586763,0.4033013100223026,0.3884565279225309,midlatitude,14_20
b166s0013,-0.3765741846137118,-0.5075404355667396,365,365,6,59.94110836666667,24.555473966666668,59.94110836666667,18.186666666666667,-2.140989692096776,9.257574176115895,5.042233356496207,3.581236469518267,0.0008209936843467,0.5736644026422669,0.3847071180816659,midlatitude,14_20
b166s0014,-0.2759395431721719,-0.36314862230767403,365,365,3,59.99999996666667,26.2111111,59.99999996666667,11.2,-6.96625065064804,19.91155966331399,5.562433984951205,3.736055773915234,0.0009092695053245,0.6287843129301129,0.3703227557918387,midlatitude,14_20
b166s0015,-0.28494431327184283,-0.4640341306165559,365,365,1,60.2833333,27.1833333,60.2833333,5.5,3.3716568694915874,3.3716568694915874,0.8728822723085702,0.5877103266669771,0.0002170292009311,0.6269504430682233,0.358861018993831,midlatitude,15_20
b166s0016,-0.4743562546463047,-0.5227710068355185,365,365,1,59.800292,30.262503,59.800292,24.07,-22.66640342643757,22.66640342643757,16.84621412648762,8.304108789590625,0.0021870638539549,0.7555293478740351,0.3273044863868058,midlatitude,14_21
b166s0017,-0.15794327195015026,-0.22336009809676124,365,365,2,59.69166665,31.51666665,59.69166665,21.5,-10.857786062749804,10.857786062749804,7.891063259901113,5.852351534920645,0.0014139429712304,0.8144962226516648,0.2933828081321585,midlatitude,14_21
b166s0018,-0.4400421952729549,-0.5609802199475366,365,365,1,60.1166666,32.3166666,60.1166666,9.0,-13.27405682779267,13.27405682779267,4.710574986843648,3.4437950598366505,0.0009081374360873,0.7844477892567157,0.3222794596036385,midlatitude,15_21
b166s0021,-0.2641887593854403,-0.3559565936588302,364,364,1,60.0166666,37.75,60.0166666,131.0,-4.202222831573465,4.202222831573465,14.566792388281216,8.924050113867166,0.0021977117023229,0.9232052826859118,0.1373520011499433,midlatitude,15_21
b166s0025,-0.2485750630917579,-0.30991636590363053,365,365,1,59.5333333,45.4666666,59.5333333,143.0,-41.74705010443577,41.74705010443577,15.67908615975722,14.82755870516522,0.0035048239475476,0.9984216979010968,0.0074466889325417,midlatitude,14_22
b166s0026,-0.22137813962955533,-0.3179387805997414,364,364,1,59.85,48.2833333,59.85,180.0,-1.1040337617362468,1.1040337617362468,13.929928814226058,12.605592434804674,0.0025585124898105,0.9987566086994144,0.0035356565872293,midlatitude,14_22
b166s0036,-0.22824786162710567,-0.3664758382582089,365,365,1,59.6166666,65.7166666,59.6166666,72.0,10.7736663760299,10.7736663760299,8.467128562730597,6.713001175425903,0.0015552129902309,0.9561922482137276,0.0488168543789827,midlatitude,14_24
b166s0038,-0.3434029659276598,-0.463565448507221,365,365,1,59.6,69.2833333,59.6,57.0,9.747156038042585,9.747156038042585,7.298582518842729,6.265906054758287,0.0013448280802291,0.9561992837748718,0.0439786439885344,midlatitude,14_24
b166s0039,-0.3643015350698902,-0.4846883643084385,365,365,1,60.0666666,71.4833333,60.0666666,54.6,-4.4434639587855855,4.4434639587855855,7.744689572047549,6.197596683125823,0.0013544542835428,0.9730990919103782,0.0392944796167951,midlatitude,15_25
b166s0049,-0.7295360212996359,-1.1261282952141523,364,364,1,59.4333333,89.2833333,59.4333333,102.23,-19.728288360479283,19.728288360479283,11.6836646973915,7.042365138095385,0.001956287261549,0.9911949824041753,0.0139977224156007,midlatitude,14_26
b166s0050,-0.3427664787462083,-0.48299994605296365,365,365,2,59.875,90.5808333,59.875,62.5,-70.34568568267444,70.34568568267444,30.361551288647515,24.370855746533245,0.005903171494317,0.9896005983064632,0.016445026398327,midlatitude,14_27
b166s0060,-0.6098615930911231,-0.9179920420652287,364,364,1,60.05,108.0833333,60.05,295.16,-74.63005769941554,74.63005769941554,26.429684785586065,22.50606227231456,0.0047292951520264,0.998698916261566,0.0050045507063454,midlatitude,15_28
b166s0062,-1.0283976417744352,-1.3243432903472936,362,362,1,59.45,112.5833333,59.45,190.0,-156.83174233699248,156.83174233699248,63.72100452594744,65.00028816858881,0.0148918998921185,0.9939694037605598,0.0092826997551281,midlatitude,14_29
b166s0076,-1.0007239078328645,-1.180791719878498,365,365,1,59.7666666,137.6666666,59.7666666,383.68,-255.7283616227364,255.7283616227364,136.20513665961715,104.62663956669756,0.024486912728399,0.989594444374565,0.0716114335926965,midlatitude,14_31
b166s0079,-1.6866382648341578,-2.282723694194026,365,365,1,60.0833333,142.3333333,60.0833333,198.0,-210.00286817987023,210.00286817987023,140.10112414702806,117.03477727430972,0.0296800034067733,0.8680599518681,0.3061524066478709,midlatitude,15_32
b166s0084,-1.6247375652737184,-1.9720335268219664,361,361,1,59.910989,150.720439,59.910989,174.95,-180.20228911994303,180.20228911994303,134.99286160427988,114.05489050600444,0.0256988594001722,0.6899131407759016,0.4097690504041303,midlatitude,14_33
b166s0086,-0.37143731212140557,-0.5511882120892864,365,365,1,59.65,154.2666666,59.65,5.0,-30.987980999851224,30.987980999851224,47.67045945708972,31.588364593520726,0.0086793760623729,0.4483195553039237,0.4396854703133885,midlatitude,14_33
b166s0119,-0.9376042012891094,-1.0728862563893264,359,359,1,59.43333,-146.33333,59.43333,14.0,12.909094998173888,12.909094998173888,3.0517578125e-05,3.0517578125e-05,0.0001000016927719,0.1482137756692709,0.297811405452736,midlatitude,14_3
b166s0126,-0.6850396578212979,-0.8217092735047844,365,365,1,60.1666666,-132.7333333,60.1666666,705.0,-257.37814574134586,257.37814574134586,178.0967569319467,138.7680920872218,0.0370086975146591,0.9580603086851064,0.064696885005766,midlatitude,15_4
b166s0129,-0.5956389085048003,-1.1324453892620803,365,365,1,60.1165278,-128.81958329999998,60.1165278,690.0,-81.74541832859529,81.74541832859529,91.30547206023886,52.69970623256168,0.0132113886149578,0.990009688445022,0.0138583223953257,midlatitude,15_5
b166s0132,-0.6423077609022823,-0.8806586456914545,365,365,1,60.2333333,-123.4666666,60.2333333,213.0,-156.8543377893999,156.8543377893999,98.87924681867683,74.03121249040578,0.0215937402481256,0.9889931700578974,0.0256733514226247,midlatitude,15_5
b166s0138,-0.21538076395230066,-0.3325292977351815,365,365,2,60.0184723,-111.9393053,60.0184723,203.5,-13.564897606545031,13.564897606545031,15.14930289279179,6.803612285250045,0.0019325167313237,0.8777394245365806,0.1883117579179709,midlatitude,15_6
b166s0140,-1.3084796869156496,-1.8890664271939903,345,345,1,59.5666666,-108.4833333,59.5666666,318.0,5.353907936845303,5.353907936845303,14.491766681853912,10.622647659859416,0.0021921782672159,0.8182302621053194,0.1832727809490861,midlatitude,14_7
b166s0157,-0.34939716946809846,-0.5705757206895044,341,341,1,60.050556,-77.286944,60.050556,22.55,7.894255872165528,7.894255872165528,7.458025663517257,5.692578393772067,0.0012264331462816,0.5397401071668945,0.3986093915352505,midlatitude,15_10
b166s0175,-0.25068017923416747,-0.40668752634630917,365,365,1,59.9833333,-45.2,59.9833333,16.0,-24.97634102375862,24.97634102375862,3.0517578125e-05,3.0517578125e-05,0.0001000016927719,0.2938174450316251,0.3992811418645185,midlatitude,14_13
b166s0200,-0.516156029495611,-0.5535462351976375,365,365,2,59.8333333,-1.4083333,59.8333333,70.5,64.53433442254786,64.53433442254786,3.0517578125e-05,3.0517578125e-05,0.0001000016927719,0.0419756799087076,0.1193848993149188,midlatitude,14_17
b167s0001,-0.5382978965914424,-0.7000746989362939,364,364,1,61.2,2.2666666,61.2,78.0,77.41697454600322,77.41697454600322,3.0517578125e-05,3.0517578125e-05,0.0001000016927719,0.0555330083922914,0.186215036289909,midlatitude,15_18
b167s0003,-3.115900692085018,-3.281943738024095,363,363,3,60.71666663333334,6.449999966666667,60.71666663333334,52.0,-630.565684928886,630.565684928886,303.3559624916812,278.7662123864233,0.0637514047499492,0.6657901150830169,0.3743634813299341,midlatitude,15_18
b167s0007,-0.4429019903514097,-0.666259935784016,364,364,1,60.6833333,13.7,60.6833333,306.0,-77.61499589438381,77.61499589438381,48.996650779724135,41.076640305178245,0.0102308707089418,0.9108431803050008,0.1445725096836046,midlatitude,15_19
b167s0008,-0.18667740302443983,-0.23113279717119653,361,361,1,60.422017,15.515211,60.422017,153.31,-38.14006023528751,38.14006023528751,47.600106633343735,37.56511783255339,0.0078311716565906,0.8219403709814768,0.265075260286343,midlatitude,15_19
b167s0011,-0.10421591395547343,-0.1531241152006814,365,365,1,61.15,21.3,61.15,29.0,22.554389750832307,22.554389750832307,0.401285400390632,0.4068847656250065,0.0001783978939056,0.4384150217607431,0.4117770160276855,midlatitude,15_20
b167s0012,-0.30239973430891254,-0.39830092634797215,365,365,4,60.529166625,22.858333325,60.529166625,58.65,-2.158888120975448,15.851844554141728,8.716443629489138,8.234963434603277,0.0015466989278551,0.53899008734367,0.3868693699363407,midlatitude,15_20
b167s0013,-0.40802700957980864,-0.6179936953659296,365,365,3,60.37796286666667,24.98777766666667,60.37796286666667,40.75,-10.592182600939504,17.33972409806471,10.629392276642887,8.374133898236481,0.0018051530396712,0.6338707817182071,0.366240037156291,midlatitude,15_20
b167s0014,-0.1636712831354904,-0.24219016397003115,365,365,2,60.63986365,26.9525098,60.63986365,58.21,19.61184157000139,19.61184157000139,6.1130357258420265,5.52847748082072,0.001101265458641,0.6614741939820195,0.3324234876516951,midlatitude,15_20
b167s0015,-0.38377774537378356,-0.6575331432342978,365,365,4,60.998638225,28.477765875000003,60.998638225,60.6925,6.118005002869482,15.83070643270296,7.095654153906305,6.731858448782516,0.0013067224177272,0.6829359109047399,0.2986172052811719,midlatitude,15_20
b167s0018,-0.3480089312316115,-0.5285463333456839,365,365,2,60.67499995,34.16666665,60.67499995,67.0,-36.414114154622354,36.414114154622354,19.760505314103845,13.716839853763728,0.0032199689609447,0.8196047559692725,0.2804331969736066,midlatitude,15_21
b167s0021,-0.18596207600716297,-0.2729710769045812,365,365,2,60.72499995,40.225,60.72499995,214.25,43.258956084957234,43.258956084957234,15.376517341096164,11.760190390366224,0.0026404568001759,0.9691772920931678,0.0799841938472719,midlatitude,15_22
b167s0022,-0.2699362262917069,-0.3599114299318053,365,365,1,61.0833333,42.0666666,61.0833333,91.0,-28.851911431501637,28.851911431501637,17.932723049803847,14.42333279015759,0.0037476102062841,0.992426021396991,0.0308459435414968,midlatitude,15_22
b167s0023,-0.1741084406674125,-0.22670333896959435,364,364,1,61.1333333,43.35,61.1333333,117.2,-28.844648776308546,28.844648776308546,22.068485636037583,19.019767349819315,0.0041928298229825,0.9964724728646204,0.0135946975829082,midlatitude,15_22
b167s0026,-0.5381169503376826,-0.8939630737528667,364,364,1,61.1166666,48.0,61.1166666,69.75,-78.76564248797362,78.76564248797362,22.11152921047364,19.13572161889649,0.0041653895592868,0.9980464295198448,0.004010603813202,midlatitude,15_22
b167s0034,-0.371805635477742,-0.5488421032158469,363,363,1,60.3166666,64.2166666,60.3166666,53.0,-5.780934308168256,5.780934308168256,8.29917576871368,5.7920868902956535,0.0013544849187966,0.9670887308932936,0.0456799662204639,midlatitude,15_24
b167s0037,-0.31312440299635974,-0.44816548741441325,365,365,1,61.028479,69.086067,61.028479,23.16,-15.403504563254357,15.403504563254357,11.993279694953785,8.134537985687766,0.0022320212296189,0.9505520504887416,0.048892552366779,midlatitude,15_24
b167s0040,-0.2670955079095946,-0.378395180840795,364,364,1,60.5,74.0166666,60.5,48.05,-3.456196171570916,3.456196171570916,9.086000719555678,6.435945423413065,0.0014732460099935,0.972224420222292,0.0468998945721445,midlatitude,15_25
b167s0041,-0.3253305075255968,-0.45504824562618734,364,364,1,60.949272,76.483617,60.949272,53.94,11.840979536949725,11.840979536949725,8.735858757710789,6.1344640856245904,0.0015393593777086,0.965535696304846,0.0447881812071511,midlatitude,15_25
b167s0042,-0.23866860317687777,-0.3477094613725424,365,365,1,60.4333333,77.8666666,60.4333333,48.0,0.0773810456369616,0.0773810456369616,10.955080025535164,6.659758371795513,0.0017560672662174,0.9762373522089656,0.0299278096730946,midlatitude,15_25
b167s0043,-0.32813063261709613,-0.4357359010793827,364,364,1,61.1,80.25,61.1,57.0,-10.530029049165549,10.530029049165549,12.663305664062488,9.74670410156249,0.0019809335470199,0.9763081359411468,0.0285560311274288,midlatitude,15_26
b167s0045,-0.25826507804583704,-0.382624692791997,365,365,1,60.35,84.0833333,60.35,99.0,-21.973129449802656,21.973129449802656,10.606097378288563,6.735516376198721,0.0015853747790276,0.9920161319421592,0.0134960328233006,midlatitude,15_26
b167s0048,-0.6211486456481811,-0.9491008860035842,364,364,1,60.35,88.3666666,60.35,86.0,-37.95802622190682,37.95802622190682,19.522374668847647,11.03597693780759,0.0032864665850567,0.9904415618081196,0.01419227617889,midlatitude,15_26
b167s0050,-0.3791738167074286,-0.6497754730773365,365,365,2,60.691666600000005,93.2333333,60.691666600000005,316.4,-57.25261202732429,130.5616999933937,92.80631719780637,69.57258707582976,0.0171954697388891,0.9958979576652562,0.0103312118450325,midlatitude,15_27
b167s0055,-0.8195838393869033,-1.3586387778530877,363,363,1,60.3333333,102.2666666,60.3333333,260.0,-54.36715312804864,54.36715312804864,26.683987408832017,21.968056919716105,0.004674472693019,0.9973907459640934,0.0111869641820786,midlatitude,15_28
b167s0062,-0.504805410879024,-0.8678665655348435,364,364,1,60.7166666,114.8833333,60.7166666,234.0,-115.21327767633944,115.21327767633944,69.48217888797647,62.407823409194094,0.0150032871483272,0.995464358658876,0.01117395189974,midlatitude,15_29
b167s0065,-0.23817237890586482,-0.471380557071865,365,365,1,60.4,120.4166666,60.4,229.57,-31.185274655272053,31.185274655272053,54.86372182718761,43.26100470194338,0.0097102251493668,0.9896913786014572,0.0147935114314952,midlatitude,15_30
b167s0068,-1.2674753953743263,-1.7568341237128215,364,364,1,60.8166666,125.3166666,60.8166666,118.0,-246.11675614709696,246.11675614709696,69.23519373247109,55.03596646705556,0.0120686647299387,0.991023453506436,0.0168843163837179,midlatitude,15_30
b167s0071,-1.5291860005387672,-2.056660516983858,365,365,1,60.9,131.9833333,60.9,146.0,-117.7329589060422,117.7329589060422,43.88732377982424,32.83190570863527,0.0078483853773641,0.9946221819188692,0.012946964236432,midlatitude,15_31
b167s0073,-0.42586763712561476,-0.6563294992657082,365,365,1,60.3833333,134.45,60.3833333,170.0,-68.21455434461268,68.21455434461268,31.346645021349907,24.131405317824655,0.006138232600314,0.9915889003496297,0.0132866831902288,midlatitude,15_31
b167s0077,-0.31164511463212335,-0.2972088757019999,365,365,1,60.7166666,142.7833333,60.7166666,398.0,-246.0386203548044,246.0386203548044,176.80350420011894,138.18745989726935,0.0330700200162936,0.9493140831179376,0.1858699172617027,midlatitude,15_32
b167s0081,-1.8385992191526348,-2.2207227554422935,365,365,1,61.1166666,149.6333333,61.1166666,574.5,-306.8042095055265,306.8042095055265,159.14059988686316,135.37840748737045,0.0309605134307825,0.9516213412025348,0.1691617861644124,midlatitude,15_32
b167s0084,-0.8421069731565818,-1.0988322546126768,365,365,1,60.7166666,155.8833333,60.7166666,33.3,-114.71430944130934,114.71430944130934,41.35119924639675,47.8425371757899,0.0089190625159923,0.4848381019358763,0.4608568409580574,midlatitude,15_33
b167s0092,-0.6085864003221274,-0.6463405726136974,363,363,1,60.4333333,169.6666666,60.4333333,5.0,-90.31266698568156,90.31266698568156,66.27273282381324,53.48830569414909,0.0126059047319241,0.451322536058319,0.4524613267417234,midlatitude,15_34
b167s0121,-2.334389897510933,-2.5533909803770833,330,330,1,60.7666666,-137.5833333,60.7666666,595.0,-486.5196196783356,486.5196196783356,316.8642070706284,255.48617461476223,0.061601491864805,0.9327893985224964,0.1686570741489097,midlatitude,15_4
b167s0122,-1.0442246248278793,-1.113254132333213,365,365,2,60.7131098,-135.07530115,60.7131098,706.61,-316.3830617444863,316.3830617444863,203.1042947225368,154.22895846264936,0.0399582030325538,0.9537361154008226,0.0778827500793999,midlatitude,15_4
b167s0132,-0.7116612319004109,-1.0734981649149473,365,365,1,60.8333333,-115.77499995,60.8333333,164.0,1.2919170258035138,1.2919170258035138,5.655220078305248,2.477680769407959,0.0008036763409413,0.7858044336440664,0.296355446539532,midlatitude,15_6
b167s0144,-0.6699238179605812,-0.8827197102337218,365,365,1,61.097083,-94.0687498,61.097083,9.75,6.68899262071742,6.68899262071742,1.6735676301728215,0.7195746024713058,0.000313113211825,0.4823120968619117,0.4315555216469816,midlatitude,15_8
b167s0171,-2.79068886373751,-3.090087622894497,356,356,1,61.160517,-45.425978,61.160517,34.13,-464.2442909544953,464.2442909544953,211.07896222853304,182.1765210682016,0.0427816126893142,0.6905736894903146,0.4027670292342695,midlatitude,15_13
b167s0195,-0.6857803219311611,-0.9900785408384536,365,365,1,60.75,-0.85,60.75,15.0,11.619959415294474,11.619959415294474,3.0517578125e-05,3.0517578125e-05,0.0001000016927719,0.023771654464853,0.0752402219388486,midlatitude,15_17
b168s0009,-0.43069209016769533,-0.5727211960137133,365,365,1,61.7,17.5333333,61.7,10.0,2.183324809121811,2.183324809121811,3.0517578125e-05,3.0517578125e-05,0.0001000016927719,0.5217277473680146,0.4286325205465628,midlatitude,15_19
b168s0011,-0.20171143224627933,-0.2801645707632224,365,365,4,61.549999975,21.9958333,61.549999975,43.925,-8.373125256381181,16.025570076747698,7.163276516213629,6.621504202503776,0.0015084218110886,0.5640344015047406,0.4049088963610769,midlatitude,15_20
b168s0012,-0.38987729720518693,-0.5187442964583165,365,365,2,61.4654068,23.677196,61.4654068,108.435,-1.5823373262617295,13.71161955965885,20.020853366704262,16.87086976814639,0.0037912245771427,0.7506536036501128,0.309484710200845,midlatitude,15_20
b168s0013,-0.1692300646575724,-0.20171659752691498,365,365,2,61.5613583,25.1516333,61.5613583,110.995,-14.40582834808609,27.742215372515915,19.20916792195691,16.36762345417618,0.0034865708129822,0.792707034646625,0.23953226405235,midlatitude,15_20
b168s0014,-0.470433488421752,-0.726101546382332,365,365,2,61.7933,27.54256365,61.7933,105.885,-1.1004744544125984,5.487762083645727,12.38722611831133,10.973864518163628,0.0024012355817994,0.7733534665435214,0.2001226202270462,midlatitude,15_20
b168s0015,-0.4305867985166047,-0.7188647323346639,365,365,3,61.8199102,28.99282306666667,61.8199102,83.26333333333334,-6.27842987457952,10.203611224424398,15.620469649997808,12.854190090230375,0.0028201770013918,0.7447237862936337,0.2260273999094328,midlatitude,15_20
b168s0016,-0.5889898890634001,-0.7785103175724344,365,365,2,61.5416666,30.79999995,61.5416666,17.5,-5.852320992875587,15.68255162832833,8.271763981424016,7.341378449982207,0.0015833451515246,0.7026343068642078,0.2976422124821626,midlatitude,15_21
b168s0018,-0.2161549474651746,-0.3356018293273955,365,365,1,61.8166666,34.2666666,61.8166666,110.0,0.2453840063594441,0.2453840063594441,38.64970373806974,23.226786118001293,0.0058859357883142,0.7827330856498369,0.2633031809969316,midlatitude,15_21
b168s0019,-0.53712344151156,-0.7789098333970738,363,363,1,61.8,36.5833333,61.8,44.0,-44.15037478099964,44.15037478099964,24.083234743500924,15.870430419631314,0.0038409972531443,0.8434280793735662,0.2319981729638295,midlatitude,15_21
b168s0020,-0.22154828282285122,-0.3021963417955479,364,364,1,61.5,38.9333333,61.5,126.0,-8.890822945717957,8.890822945717957,12.430769334057633,7.239983928173834,0.0019482279153853,0.942891921724408,0.1319616471000699,midlatitude,15_21
b168s0021,-0.21739840708771654,-0.25829237285421885,364,364,1,61.6666666,40.1833333,61.6666666,233.0,65.54067793443431,65.54067793443431,22.79983725830899,12.788686202256343,0.0034269571750436,0.9739490341552814,0.0779088397681979,midlatitude,15_22
b168s0024,-0.20566650131645883,-0.301994392837802,365,365,2,61.39166665,46.325,61.39166665,57.8,-45.34188865836161,45.34188865836161,26.56471602149191,15.23107003573089,0.0042580940286367,0.9971003441068608,0.0053377601310939,midlatitude,15_22
b168s0026,-0.18958264764520305,-0.21542734376007178,365,365,1,61.64705,50.84505,61.64705,98.75,-31.206487288616017,31.206487288616017,18.216137106801757,15.061482825278317,0.0037163024493238,0.9987619868326478,0.002995484397544,midlatitude,15_23
b168s0028,-0.24982562602851965,-0.3546190399917922,365,365,1,61.6833333,53.6833333,61.6833333,144.0,-13.3591250070711,13.3591250070711,22.560331431783,14.888805540217843,0.0034808093768603,0.9991964008339348,0.0044837916017789,midlatitude,15_23
b168s0037,-0.2410602283216465,-0.3549936520086057,365,365,1,61.3,71.3,61.3,33.4,-10.85444883064035,10.85444883064035,7.751342773437488,6.693482666015612,0.001376849412918,0.9407053687506136,0.0675986779229698,midlatitude,15_25
b168s0038,-0.23256630016197924,-0.32755042743879126,365,365,1,61.343694,73.401842,61.343694,60.96,9.8740850015025,9.8740850015025,6.059168757341868,5.18026366166304,0.0010807398797225,0.9341294962646198,0.073292020968389,midlatitude,15_25
b168s0047,-0.41274057355443966,-0.5957172212441979,365,365,1,61.6,90.0166666,61.6,58.0,-87.53308311659012,87.53308311659012,48.97915963916505,37.6909288224804,0.0080849147105049,0.9892325562456028,0.0168698072352394,midlatitude,15_27
b168s0054,-1.0590706569890018,-1.6648700565966577,364,364,1,61.7333333,102.8166666,61.7333333,358.2,-50.81788768589871,50.81788768589871,29.677228946814388,20.422691427043784,0.0048379123659243,0.9997017153524868,0.0017184328694987,midlatitude,15_28
b168s0057,-0.5619803702887101,-0.8669883252864866,363,363,1,61.2666666,108.0166666,61.2666666,291.0,-25.08499927322936,25.08499927322936,20.792257550090586,19.322702336103923,0.0040707114605899,0.99783498879538,0.017063947356435,midlatitude,15_28
b168s0060,-0.38594286754742413,-0.5208411203465614,365,365,1,61.6166666,114.6166666,61.6166666,353.68,-3.118403774458216,3.118403774458216,19.25532429840919,16.948471926700716,0.0037326088520482,0.9939243024356303,0.0240094798727671,midlatitude,15_29
b168s0068,-0.9036820648207308,-1.2771062310648829,365,365,2,61.74999995,129.43333330000002,61.74999995,108.0,-63.07040619194794,63.07040619194794,35.55607671468486,22.588663260351087,0.0058668729573577,0.9866293478728128,0.0242610473392396,midlatitude,15_30
b168s0069,-0.5017220432112138,-0.6892104559279998,365,365,1,62.0333333,132.6,62.0333333,186.0,-34.2398386279813,34.2398386279813,20.37986228998763,16.461494105322142,0.003508604626463,0.9904137125721956,0.0191328301787376,midlatitude,15_31
b168s0071,-1.165659021240432,-1.5586362995924663,364,364,1,61.8666666,135.5,61.8666666,140.59,-83.49677510589095,83.49677510589095,52.93717982543929,40.27217496601547,0.0101799142412423,0.9920963060158536,0.0137413421348326,midlatitude,15_31
b168s0084,-0.5679347828617619,-0.6715074938847624,365,365,1,61.9166666,159.2166666,61.9166666,11.75,-111.0829252116364,111.0829252116364,73.42864966297005,63.722825377881584,0.0167418873292788,0.6534938190661012,0.4231839052410257,midlatitude,15_33
b168s0116,-2.0449391150792424,-2.1090529764476975,365,365,1,61.371111,-139.040556,61.371111,806.8,-493.0813007186055,493.0813007186055,289.9780716156207,228.76651107425727,0.0582916531394037,0.9462422072659556,0.1360442162428882,midlatitude,15_4
b168s0124,-2.6123722793340276,-2.934097566883093,365,365,1,61.25,-124.4666666,61.25,283.0,-769.695114506163,769.695114506163,288.5960712218505,199.93228080649365,0.0500491801480083,0.9918958892894252,0.0184203278879108,midlatitude,15_5
b168s0126,-0.3011945524178547,-0.5461753759398972,365,365,2,61.7551385,-121.23500015,61.7551385,168.57999999999998,13.400658931967996,13.400658931967996,20.477800892164204,9.070357003474642,0.0029303211835461,0.9710949109043407,0.0556645078701699,midlatitude,15_5
b168s0127,-0.5063605127146577,-0.7419386599031101,365,365,1,61.3166666,-117.6,61.3166666,162.0,-8.261628562984185,8.261628562984185,11.68014799155754,3.769322791225558,0.0014705987631034,0.8589753887842707,0.2282767476778922,midlatitude,15_6
b168s0151,-0.4801506675575604,-0.6999047278951296,365,365,1,61.3,-73.6666666,61.3,503.0,44.789331701255264,44.789331701255264,30.975548476225185,19.78995521977033,0.0051035169560265,0.7432579885316257,0.3637917181412129,midlatitude,15_10
b168s0163,-0.047639562869857745,-0.10020688882670359,361,361,1,61.9833333,-49.7,61.9833333,13.0,-51.42303179604454,51.42303179604454,46.0840668128701,49.17099851656396,0.0106446501913812,0.453595091475217,0.4587396279529268,midlatitude,15_13
b169s0003,-5.470534799875154,-5.86483085138173,363,363,1,62.2333333,7.4166666,62.2333333,17.0,-909.9285872986512,909.9285872986512,244.59531537534292,277.0727039575032,0.0484915023138164,0.6589533217879392,0.3934718578860441,midlatitude,15_18
b169s0008,-0.41803834694080066,-0.5716491562886943,362,362,1,62.528125,17.443928,62.528125,4.87,-117.20678725007508,117.20678725007508,46.78080449141854,41.28803013376471,0.0097437568194419,0.6143797502928964,0.4126451595094611,midlatitude,15_19
b169s0010,0.06664121911301683,0.14224065305030123,365,365,3,62.505555533333336,21.02777773333333,62.505555533333336,10.133333333333333,1.224383737326806,8.413714245649738,4.15022439489756,3.4322208176537345,0.00079899667617,0.4895508256640228,0.4224548244181496,midlatitude,15_20
b169s0011,-0.25752009084237687,-0.385505591570793,365,365,2,62.67499995,22.3333333,62.67499995,62.35,-23.493480055857304,23.493480055857304,17.037062115420703,11.83939282949006,0.0029060899029148,0.6347214932229408,0.3933829795998418,midlatitude,15_20
b169s0012,-0.06515899829243821,-0.07705814334035692,365,365,1,62.5166666,24.8,62.5166666,227.0,31.159009480715923,31.159009480715923,19.709367446191408,17.24434945967285,0.0039091794099283,0.8318312464922963,0.2082025771369947,midlatitude,15_20
b169s0013,-0.35631308445221405,-0.5567128616356664,365,365,1,62.399453,25.678253,62.399453,139.9,0.589664632538728,0.589664632538728,23.296931546483652,21.90865973346834,0.0050515165508443,0.8381950415152989,0.1596900326119535,midlatitude,15_20
b169s0014,-0.15864661355695306,-0.19327550167624694,365,365,2,62.85,27.76666665,62.85,87.65,-14.70380530105846,14.70380530105846,18.475020368881843,15.816334195133058,0.003930839988099,0.8329649434236083,0.1260466915241864,midlatitude,15_20
b169s0015,-0.17270434166546456,-0.22900268400124155,365,365,3,62.65985753333333,30.085849966666668,62.65985753333333,119.10333333333334,1.2229411471905156,13.362989266981264,16.402742750730635,13.678639809405714,0.0031991026989336,0.8152489758724452,0.1665313186767329,midlatitude,15_21
b169s0017,-0.4087635747803288,-0.5352795770303046,364,364,1,62.9166666,34.4333333,62.9166666,81.0,-27.60776131776097,27.60776131776097,20.99436112594315,17.573606737906264,0.0038569342538659,0.8088154253251648,0.211673642746337,midlatitude,15_21
b169s0020,-0.2374194412857441,-0.399152228937851,364,364,1,62.1333333,39.3,62.1333333,101.3,-29.106632939829424,29.106632939829424,14.754158868288576,11.171749138261683,0.0028493891099727,0.9544097389812416,0.1185704230744378,midlatitude,15_21
b169s0022,-0.1668782846329918,-0.24996972934158115,363,363,1,62.1,42.9,62.1,45.0,-17.36217898058959,17.36217898058959,9.234729003906228,7.53939453124999,0.0015849363803863,0.9936443266078974,0.0195631412826962,midlatitude,15_22
b169s0023,-0.20659913126519044,-0.36561659103604255,364,364,1,62.2333333,45.0166666,62.2333333,58.0,-32.18226421487472,32.18226421487472,20.877212246762213,14.589203942802936,0.0037481675730008,0.9957549897781808,0.0079154336939471,midlatitude,15_22
b169s0025,-0.4138328251056384,-0.6557536819771402,363,363,1,62.1666666,49.1166666,62.1666666,92.0,-41.59882749616557,41.59882749616557,27.021578423865723,18.51872525449033,0.0046182024675978,0.9982010018599062,0.0037001077746146,midlatitude,15_22
b169s0026,-0.2179737029956268,-0.33142901557184623,365,365,1,62.2333333,52.4833333,62.2333333,120.0,-7.192101079976709,7.192101079976709,12.750875474961278,9.024901691919514,0.002088038249261,0.9989424225843452,0.0031679323350702,midlatitude,15_23
b169s0031,-0.6201612666705342,-1.0396642365146562,362,362,1,62.4333333,60.8666666,62.4333333,51.0,-9.384820408572187,9.384820408572187,24.09617385638885,15.25402091774812,0.0036200114915978,0.9972885943755772,0.0093994060137696,midlatitude,15_24
b169s0038,-0.3043540115325701,-0.4570026451760818,365,365,1,62.190417,74.533803,62.190417,67.05,-6.003503196545907,6.003503196545907,5.524129339496477,5.195344678427404,0.0010560752794659,0.9115250455374578,0.0716423485017711,midlatitude,15_25
b169s0044,-0.5832037272889168,-0.9683663177602119,359,359,1,62.4833333,86.2833333,62.4833333,60.43,-28.181838413382216,28.181838413382216,22.383400819625468,16.271559712300636,0.0040484655156581,0.9922553355563354,0.0145126312142504,midlatitude,15_26
b169s0057,-0.4436726067668393,-0.6389225795761685,364,364,1,62.5333333,111.2333333,62.5333333,259.67,-27.58312700909414,27.58312700909414,29.614764026181035,24.16768061922388,0.005428706973714,0.9714529900818984,0.064349788695141,midlatitude,15_29
b169s0058,-0.31231373075503227,-0.47136530381449143,365,365,1,62.534689,114.038928,62.534689,352.04,18.138932112036457,18.138932112036457,28.693861631190792,24.161376967504903,0.0053621168353943,0.985798019912348,0.0431836822808791,midlatitude,15_29
b169s0059,-1.6132206406640688,-2.3595970731878966,364,364,1,62.2666666,116.15,62.2666666,139.14,-79.3454765758757,79.3454765758757,28.218631717079905,18.05731449247059,0.0045384912342262,0.9937761430659372,0.0168224906106081,midlatitude,15_29
b169s0060,-0.721874607430419,-1.1033199908678062,362,362,1,62.15,117.65,62.15,133.0,-36.382542713363165,36.382542713363165,17.966148681640693,13.188449707031316,0.0028849598765373,0.9944325059496498,0.0099756899650989,midlatitude,15_29
b169s0065,-1.2264541130774749,-1.8543198369817857,365,365,1,62.2666666,127.0666666,62.2666666,231.42,-55.4706107693996,55.4706107693996,21.879330931765328,13.168928936564123,0.0030023794251561,0.9863807555100386,0.0265178980420374,midlatitude,15_30
b169s0066,-0.44060814178313085,-0.6156673868847226,365,365,1,62.7333333,129.6666666,62.7333333,89.76,-52.45406809431488,52.45406809431488,26.18657816507676,17.114836580613513,0.0065033388451886,0.977601389688588,0.0342205643058416,midlatitude,15_30
b169s0070,-0.8397358536786461,-1.1666520803978717,363,363,1,62.7833333,136.85,62.7833333,288.64,-79.00503554478803,79.00503554478803,47.519786473437016,39.85681523655951,0.0082575879816245,0.9933533013207808,0.0113690328362688,midlatitude,15_31
b169s0076,-1.871327772403232,-2.290910721777555,365,365,1,62.7833333,148.1666666,62.7833333,655.0,-270.211145585257,270.211145585257,134.27312107305988,109.55088495362284,0.0258322275551507,0.9916124224779302,0.0122480670834023,midlatitude,15_32
b169s0077,-1.3809408885336156,-1.665545147040562,365,365,1,62.1,150.6833333,62.1,348.79,-316.4293503581925,316.4293503581925,169.0556985240237,131.36882055729785,0.0293284456892846,0.9884003667046156,0.0477485774790315,midlatitude,15_33
b169s0078,-0.811172042972168,-1.0742809841662646,365,365,2,62.6833333,152.3666666,62.6833333,232.5,-152.91788019296578,152.91788019296578,94.22068835742364,76.66023841922478,0.0173630172196891,0.9907814751827666,0.051376823006616,midlatitude,15_33
b169s0080,-1.8187163297385534,-2.428025559264935,365,365,1,62.5166666,155.8,62.5166666,499.84,-259.73209352992893,259.73209352992893,146.90632693133722,123.53526207692832,0.0282672899402426,0.919534323075023,0.2410225260090644,midlatitude,15_33
b169s0115,-1.2725564423196831,-1.7314430977544788,365,365,1,62.1166666,-136.2,62.1166666,543.0,-303.40199425434434,303.40199425434434,135.14029326410162,117.07174318798126,0.0282376371970975,0.9734209318332546,0.0302909659693585,midlatitude,15_4
b169s0116,-1.309839311346565,-1.4363228445727128,365,365,1,62.2333333,-133.35,62.2333333,717.0,-439.0787211882312,439.0787211882312,287.4806878482885,160.8917473869994,0.0425577870114382,0.9663232821219676,0.0337704784029118,midlatitude,15_4
b169s0126,-0.7083525817825901,-0.9237167609563747,365,365,1,62.462778,-114.440278,62.462778,205.74,6.658004774826139,6.658004774826139,15.057517390912032,9.188783509137348,0.0025505465971233,0.7330666755003186,0.289665630742676,midlatitude,15_6
b169s0128,-1.0252591106815423,-1.384422631125238,365,365,1,62.7,-109.15,62.7,168.0,-96.72670968169456,96.72670968169456,17.26684082031209,13.339567871093442,0.0036064946651457,0.8364770291292528,0.1576327986835748,midlatitude,15_7
b169s0137,-0.6319480858027514,-0.7954768741171717,365,365,1,62.81139,-92.115833,62.81139,28.65,10.13552427086007,10.13552427086007,7.749497212642106,4.192631536946066,0.0010069072510963,0.52280212893002,0.4225176485362079,midlatitude,15_8
b169s0159,-0.35078509642352146,-0.4434111969166111,365,365,1,62.5666666,-50.4166666,62.5666666,22.0,-53.50626698170197,53.50626698170197,24.762253242864738,21.885351494831266,0.0051214770815075,0.4535252525101093,0.4596335497379885,midlatitude,15_12
b170s0006,-0.4329055419231267,-0.634257940241862,357,357,1,63.2833333,12.1166666,63.2833333,583.0,-119.79123900116429,119.79123900116429,120.19109333928029,97.89739019921602,0.0222691634333647,0.8493433062906767,0.2399512502911427,midlatitude,15_19
b170s0007,-0.2124774695316066,-0.3071084151624116,364,364,1,63.2,14.5,63.2,376.0,22.697649044271145,22.697649044271145,48.50565795898438,31.32130737304687,0.0082217395305633,0.9006020431045912,0.1596461514382048,midlatitude,15_19
b170s0008,-0.4038085407818064,-0.7250409144907031,365,365,1,63.6833333,16.95,63.6833333,214.0,-65.19019671015667,65.19019671015667,39.94564733995357,36.16678561193845,0.0075084253197538,0.829360140595829,0.2771166042715863,midlatitude,15_19
b170s0009,-0.34899919607483465,-0.5575741356550192,365,365,1,63.408339,18.990039,63.408339,107.89,12.964071576214778,12.964071576214778,31.67817237277456,28.87950849734485,0.0061813372061564,0.6110690012145282,0.4081972385244599,midlatitude,15_19
b170s0010,-0.5032331260557618,-0.7296870272918855,365,365,2,63.266666650000005,21.3530555,63.266666650000005,10.0,1.9740443291883,7.087297675896768,3.2466119321771254,2.775941848947968,0.0006416263629962,0.5506719723022668,0.4109529645632457,midlatitude,15_20
b170s0011,-0.2927661070304706,-0.46080594735387587,365,365,2,63.424125,23.097286500000003,63.424125,35.655,-9.54711810651281,9.54711810651281,8.968179544235277,7.291878913711812,0.001611631159944,0.6626362233711918,0.3778624090619767,midlatitude,15_20
b170s0012,-0.25827108901748763,-0.47872030003810245,365,365,3,63.5444444,25.24444443333333,63.5444444,123.26666666666668,-0.1244186526992573,7.0081026937121225,14.677013332427316,13.23613799717078,0.003021938387959,0.7866531059353288,0.2672177049963333,midlatitude,15_20
b170s0013,-0.06734820263886054,-0.10236175644211176,365,365,3,63.3301611,27.443696400000004,63.3301611,132.45000000000002,8.937923320181744,28.20255085811829,19.33784024055109,16.266884212311655,0.0038151335797887,0.8498677821920807,0.1424791128847204,midlatitude,15_20
b170s0014,-0.3061871099984425,-0.5240668350662039,365,365,1,63.3833333,28.6666666,63.3833333,165.5,5.937628241750531,5.937628241750531,23.6015223297626,21.13001111042317,0.0049411923214385,0.8574286059477583,0.1148016246969181,midlatitude,15_20
b170s0015,-0.2805338315340892,-0.5178557092574726,360,360,1,63.8333333,30.8166666,63.8333333,182.0,-30.388958871695365,30.388958871695365,20.546604609645197,17.260886972688834,0.0039439883398872,0.8721177186155042,0.1147383425656958,midlatitude,15_21
b170s0016,-0.3495583204264678,-0.468011830665239,365,365,1,63.2666666,33.4166666,63.2666666,128.0,-21.21968656141493,21.21968656141493,12.175514634466232,11.921568896175724,0.0024670791272991,0.8254005937100821,0.1883528903771109,midlatitude,15_21
b170s0019,-0.1246810572251088,-0.1817331273083751,362,362,1,63.1166666,39.2333333,63.1166666,34.0,-57.39620757013081,57.39620757013081,26.41205830385193,12.544533703634867,0.0036852141908416,0.919066792058996,0.1904118992725676,midlatitude,15_21
b170s0020,-0.14818349930605587,-0.27167324104376567,364,364,1,63.4833333,41.8,63.4833333,18.0,-12.752928645198631,12.752928645198631,7.793635840942357,6.019566058989232,0.0014139126217764,0.963153186847196,0.1311539041395658,midlatitude,15_22
b170s0022,-0.40244745253106395,-0.591910454909825,365,365,1,63.5833333,45.6333333,63.5833333,62.0,-78.66758595531965,78.66758595531965,27.61763700624429,17.59124611770805,0.0039694241480298,0.9955364018689672,0.0255399786840941,midlatitude,15_22
b170s0024,-0.21734662478372815,-0.3072860978299488,365,365,1,63.45,48.9,63.45,158.0,-0.9369044219993724,0.9369044219993724,17.53433593750003,14.104550781250024,0.0034763351082801,0.9987301412189268,0.0039506689149888,midlatitude,15_22
b170s0026,-0.21466345971167555,-0.36272909453783125,365,365,1,63.55,53.8166666,63.55,137.0,1.5694949127311872,1.5694949127311872,14.113828254140598,11.496195498510716,0.0027711484967863,0.9982615032522516,0.0049341959216118,midlatitude,15_23
b170s0034,-0.4065078293315896,-0.6670550404646759,365,365,1,63.6666666,69.6,63.6666666,85.8,-1.5140795210073463,1.5140795210073463,9.917145276582062,6.969489150732451,0.0015676201930987,0.9585518701389708,0.0507921158253732,midlatitude,15_24
b170s0037,-0.24083592220295927,-0.41872492037797676,365,365,1,63.1166666,75.2833333,63.1166666,131.0,16.13155542661997,16.13155542661997,8.231020572218682,6.09049967509142,0.0015038439759413,0.920028295055341,0.0591806789489167,midlatitude,15_25
b170s0043,-0.3234592156954504,-0.45776453080627794,365,365,1,63.15,87.95,63.15,46.0,-21.101477377596023,21.101477377596023,19.05348022460944,14.081295166015671,0.0036188280582428,0.9896969463927368,0.0172028262040448,midlatitude,15_26
b170s0055,-0.41166999606593024,-0.5760853952974656,365,365,1,63.0333333,112.4833333,63.0333333,422.0,108.27537412518774,108.27537412518774,30.65982127291377,31.598750412292738,0.0070509873542472,0.9733946112835588,0.0607054303631932,midlatitude,15_29
b170s0058,-1.0682658209802456,-1.5692751213744083,365,365,1,63.2833333,118.3333333,63.2833333,119.0,-32.52913515569,32.52913515569,25.72729754845584,14.280998660624643,0.0036516782603257,0.9910822099864895,0.0116408584798662,midlatitude,15_29
b170s0059,-0.9592747381773027,-1.392689990443321,365,365,1,63.45,120.3166666,63.45,115.31,-25.484938092486544,25.484938092486544,20.281652846376907,13.415427317289948,0.0034631924379706,0.9872673345006776,0.016575391991445,midlatitude,15_30
b170s0060,-0.5230304969338396,-0.680148287095792,365,365,1,63.7666666,121.6166666,63.7666666,111.0,-16.91610148621139,16.91610148621139,17.41730836789828,9.167612113531836,0.0027370317669624,0.979801073278512,0.025476705812599,midlatitude,15_30
b170s0064,-0.8353411870360753,-1.0560046928528386,364,364,1,63.5166666,129.4833333,63.5166666,79.0,-33.93653449947672,33.93653449947672,29.030934018133298,15.817457071622655,0.0041898339314063,0.9722057367164972,0.0394571577731197,midlatitude,15_30
b170s0071,-1.581953633626301,-2.0212796269979596,365,365,1,63.25,143.15,63.25,741.0,-153.31936014082223,153.31936014082223,79.8799377441407,60.04943847656252,0.014304631203413,0.9893782838762823,0.0132854179516527,midlatitude,15_32
b170s0078,-2.4197882762891494,-3.452389603262393,365,365,1,63.3,158.5,63.3,709.0,-255.75072081189853,255.75072081189853,145.39583129882834,127.75986633300796,0.0278421081602573,0.961405993028526,0.1634115609583108,midlatitude,15_33
b170s0111,-1.3883206375263615,-1.6226424019679488,365,365,1,63.616389,-135.868333,63.616389,503.83,-333.71315837321805,333.71315837321805,166.23719447018038,151.35605740824832,0.0328768861937671,0.9811044917750544,0.0221324233031005,midlatitude,15_4
b170s0114,-0.7697745243890864,-0.9342027830943574,365,365,1,63.25,-130.0333333,63.25,1379.0,-175.63867731028515,175.63867731028515,192.8762202432136,172.6713636434334,0.0385304627228052,0.9836075534360248,0.0279002889452398,midlatitude,15_4
b170s0120,-0.6985743717839963,-1.1554314596088429,365,365,1,63.1333333,-117.25,63.1333333,271.0,11.587686023562355,11.587686023562355,16.280990747289955,11.074570080053649,0.0026278419915437,0.8666569641089684,0.1646705424144325,midlatitude,15_6
b170s0144,-0.6398209084530887,-0.7384656443752659,365,365,1,63.753195000000005,-68.552916,63.753195000000005,34.0,-76.77319718363648,76.77319718363648,24.637088919020176,17.71644175462507,0.0047905484101822,0.7236465962044919,0.3399226366353221,midlatitude,15_11
b170s0168,-0.34147786230786287,-0.4227115033566711,364,364,1,63.4333333,-20.2833333,63.4333333,40.0,42.42547769649923,42.42547769649923,5.200233022607451,2.6803624683960114,0.0010766695814157,0.329779725665917,0.4208762669249441,midlatitude,15_15
b171s0006,-0.20316581127048464,-0.30104689752130015,360,360,1,64.5,14.2166666,64.5,550.0,-15.23113775059528,15.23113775059528,146.46720602070312,99.0108548261963,0.0248469105183929,0.850009951887418,0.2324478218088685,midlatitude,15_19
b171s0010,-0.35097308375650577,-0.4826794506438688,365,365,2,64.287386,21.963446,64.287386,27.075,-2.1495897770385426,4.337074290098627,7.316805954027947,6.52911770609126,0.0014994710208827,0.6088057026573259,0.4002013561697272,midlatitude,15_20
b171s0011,-0.18653656910388225,-0.38282206983053985,365,365,4,64.416666625,24.11666665,64.416666625,26.7,-3.754114758914368,14.06963349710016,4.608011492378512,3.79947822411925,0.0009461026107937,0.644827651218844,0.3878631727901916,midlatitude,15_20
b171s0012,-0.37054246460494394,-0.6444637810809836,365,365,2,64.59166665000001,25.76180555,64.59166665000001,81.75,3.393958396016721,3.393958396016721,10.996765581857932,7.57487523378432,0.0017113903572855,0.7622132965890516,0.3201758684049736,midlatitude,15_20
b171s0013,-0.24662649188750263,-0.35169749863115757,365,365,3,64.2062684,27.9252491,64.2062684,157.07000000000002,-12.994853782058536,12.994853782058536,24.138016797516965,18.556539833207623,0.0041459586388265,0.8745818205913013,0.1577748439471201,midlatitude,15_20
b171s0014,-0.4313426823827537,-0.8293960857360974,365,365,1,64.3,30.1666666,64.3,198.4,-9.895012752188478,9.895012752188478,16.654764568286097,13.260880421181616,0.0028030449647056,0.8816407035926556,0.1097145617057624,midlatitude,15_21
b171s0016,-0.3937271870988794,-0.602208127365024,364,364,1,64.5666666,34.9166666,64.5666666,9.0,-5.67704302024446,5.67704302024446,1.5640040697976474,1.364166754377785,0.0003641751657648,0.6466346465150395,0.3509490955079349,midlatitude,15_21
b171s0019,-0.3421164408671354,-0.46543659565195455,364,364,1,64.55,39.7666666,64.55,7.86,-13.310446772279786,13.310446772279786,9.569695740766711,6.276054352392649,0.0015006853531611,0.7292605545291733,0.3650228145216932,midlatitude,15_21
b171s0020,-0.21326022918332913,-0.3744925184535229,365,365,1,64.7,43.3833333,64.7,31.0,-29.71278341049181,29.71278341049181,23.086627439265264,13.777867201147515,0.0038145205098533,0.9353549435756492,0.1931146528462088,midlatitude,15_22
b171s0021,-0.2576030350684368,-0.39173531350596713,364,364,1,64.0166666,44.45,64.0166666,65.06,-2.5323737879397186,2.5323737879397186,14.892523854941524,10.110928548774424,0.0022982543214321,0.9857440108052564,0.0746028680358465,midlatitude,15_22
b171s0029,-0.7572360285269554,-1.0561791291449734,361,361,1,64.2833333,60.8833333,64.2833333,29.0,-47.50460205934104,47.50460205934104,36.6784911343583,25.8089172662783,0.0061062762073214,0.9936188235952446,0.0118642019043936,midlatitude,15_24
b171s0031,-0.3793369316122422,-0.5071855916165317,365,365,1,63.9333333,65.05,63.9333333,32.0,7.55281069964305,7.55281069964305,10.60954140114264,6.96234087878422,0.0019869442311591,0.97846581122815,0.0278546002357354,midlatitude,15_24
b171s0039,-0.40556160485259724,-0.6260401675010728,365,365,1,63.9833333,82.0833333,63.9833333,33.0,-21.30200437915924,21.30200437915924,11.982381412174464,8.306806883163553,0.0020486762316896,0.9813487135544618,0.0320806904559283,midlatitude,15_26
b171s0042,-0.4435270690011619,-0.6311168558344366,365,365,1,64.2333333,87.5666666,64.2333333,30.0,-21.51649446739586,21.51649446739586,11.415521575706164,10.248684596827278,0.002665988482475,0.986533742208629,0.0211571475481124,midlatitude,15_26
b171s0048,-0.9821690471499277,-1.1033290163502372,363,363,1,64.2666666,100.2333333,64.2666666,168.0,-216.2018850127507,216.2018850127507,104.94478545927096,81.45828313425277,0.0189096505158387,0.998151902275757,0.0037964125348465,midlatitude,15_28
b171s0056,-1.68892479030571,-2.3853171919047984,362,362,1,64.2333333,116.9166666,64.2333333,139.05,-46.92972042392822,46.92972042392822,21.093338878463783,16.140167983574273,0.0036689112406332,0.993632983729283,0.0111572908059764,midlatitude,15_29
b171s0061,-0.26619454055132025,-0.2741762330416752,365,365,1,63.9666666,127.4666666,63.9666666,96.0,-51.19833044977227,51.19833044977227,58.643249257175015,41.85601200278411,0.0110624063029483,0.965839243404431,0.04657304441554,midlatitude,15_30
b171s0069,-2.5404501719017447,-2.930916549957184,365,365,1,64.55,144.4,64.55,518.52,-414.8168651629236,414.8168651629236,160.12768432617176,107.88421142578088,0.025501081496477,0.9822593736887522,0.0237342083682004,midlatitude,15_32
b171s0073,-0.5600740376616947,-0.47050657463404866,365,365,1,64.75,153.9666666,64.75,98.0,-213.59776325057487,213.59776325057487,129.5491848936768,98.3350075446046,0.02269438329539,0.9950531323109508,0.0114860316917561,midlatitude,15_33
b171s0081,-0.8933635199128903,-1.2511408292534492,365,365,1,64.6833333,170.4166666,64.6833333,26.0,8.997113556578462,8.997113556578462,31.79839122381196,18.80412009594106,0.0050773564094681,0.9944426467471744,0.0271810649181239,midlatitude,15_35
b171s0085,-0.4788565993000593,-0.8064244612393806,365,365,1,64.73495,177.741483,64.73495,59.13,-8.215471010507677,8.215471010507677,37.44615798858206,26.11748845995538,0.0067479702713234,0.700642370080019,0.3859249731966044,midlatitude,15_35
b171s0106,-1.379120682364728,-1.5853687579744158,365,365,1,64.046528,-139.12888900000002,64.046528,370.33,-370.9826334675426,370.9826334675426,158.6041628208046,117.36859234780653,0.0267081602327389,0.9875777886346518,0.017228384654406,midlatitude,15_4
b171s0118,-0.552350393095698,-0.7725389156102608,362,362,1,64.1833333,-114.0833333,64.1833333,368.0,-12.905966616715432,12.905966616715432,14.458223549227656,11.05370897065347,0.0028293104790247,0.8767094112481097,0.1049211963807834,midlatitude,15_6
b171s0126,-0.6058802928071607,-0.7852870008575324,365,365,2,64.3077778,-96.038889,64.3077778,35.0,-3.2843077103762326,13.369034989504442,20.941501990493208,13.332102457997216,0.0039773630146442,0.8908929642363199,0.1277473621265337,midlatitude,15_8
b171s0132,-0.7738337035120416,-1.1156813246184314,353,353,1,64.193333,-83.359444,64.193333,64.0,-31.199969760959178,31.199969760959178,27.94058987547537,12.715510947319837,0.0033482590800195,0.4583813845491234,0.3990485936177456,midlatitude,15_9
b171s0136,-0.47513167010934554,-0.7030320678370847,365,365,1,64.23166665,-76.53166665,64.23166665,50.0,7.87591533149471,7.87591533149471,6.828359023032433,3.781902608092107,0.0010183742167564,0.3010441180718971,0.3628407209450935,midlatitude,15_10
b171s0148,-0.8096706496603098,-1.065910056446997,364,364,1,64.1666666,-51.75,64.1666666,84.0,-6.1830021399699575,6.1830021399699575,54.96171354992656,58.14479771403787,0.0110970153754323,0.4806525356377165,0.448665338189997,midlatitude,15_12
b171s0153,-0.2992330153812176,-0.3387137168330246,365,365,1,64.7833333,-40.3,64.7833333,80.0,-14.470681958706775,14.470681958706775,81.43021271712978,46.6693708979855,0.0133958746365112,0.565407576542743,0.4498173784194106,midlatitude,15_13
b171s0162,-0.439189353919671,-0.5180011986964783,365,365,3,64.07666776666666,-22.146852,64.07666776666666,39.91,-50.18152895585056,66.1546081960873,71.45282721209679,61.32447718267386,0.0134903411441539,0.3522281618356284,0.4070419784044068,midlatitude,15_15
b172s0008,-0.558106757460457,-1.1724330311774496,356,356,1,64.95,17.7,64.95,279.0,-116.18387235957186,116.18387235957186,41.941951904296815,37.06246459960939,0.008156706392765,0.8869127144466485,0.1917243514506791,midlatitude,15_19
b172s0010,-0.5324753997666664,-0.7418433888430863,365,365,1,65.543758,22.121989,65.543758,19.81,6.035571336480546,6.035571336480546,9.43360057799032,8.939905914502845,0.0019897923115306,0.6895859649791523,0.3816734893148059,midlatitude,15_20
b172s0011,-0.38799667423397627,-0.5137091768921515,365,365,5,65.2033333,24.78999996,65.2033333,9.04,-5.697170624333388,13.822209678973536,3.914780651124772,2.765321295579509,0.0007236718128393,0.7040895389723753,0.3715214060762592,midlatitude,15_20
b172s0012,-0.23936383640159542,-0.4859108090144968,365,365,1,65.4166666,26.9666666,65.4166666,120.0,-17.157618189393276,17.157618189393276,8.838401760196387,8.61506429357258,0.0020462360797226,0.8499936252472837,0.2459769476495908,midlatitude,15_20
b172s0013,-0.3470942450374353,-0.6430891246266296,365,365,1,64.9333333,28.75,64.9333333,225.2,7.357868691302485,7.357868691302485,18.913769446691894,14.350296981127933,0.0030955046244025,0.8871712129039703,0.1396114091609628,midlatitude,15_20
b172s0014,-0.34594358814567716,-0.5960483701959239,364,364,1,65.2166666,31.1666666,65.2166666,120.0,-31.87302212930743,31.87302212930743,23.08329387229388,15.369183496282028,0.0033912435473043,0.8406839957694783,0.1761646497630919,midlatitude,15_21
b172s0016,-0.8971316879504584,-1.316470784335922,365,365,2,65.0083333,35.25,65.0083333,7.7,-0.595260552772336,3.399173430258472,1.8637259959131127,0.8799109584179852,0.0003129180363369,0.567638980113182,0.3742610550924449,midlatitude,15_21
b172s0017,0.01880374810070014,0.05929111243633859,365,365,1,65.2,36.8166666,65.2,17.0,0.7007830062066311,0.7007830062066311,8.493904317993028,6.142365989467681,0.0014947360355341,0.4790993773673309,0.3921386385113604,midlatitude,15_21
b172s0018,-0.4113438395929087,-0.5182277135247102,365,365,1,65.4666666,39.7333333,65.4666666,77.0,32.86204997547041,32.86204997547041,24.10943630410713,12.994344613206309,0.0037009707948297,0.591852516089694,0.4038666572346751,midlatitude,15_21
b172s0021,-0.21605044078740931,-0.2905616456798523,365,365,1,64.9,45.7666666,64.9,71.0,3.2893124639595044,3.2893124639595044,18.12970214126,12.583083448657357,0.0031732477964473,0.9711846934842728,0.1264334757916385,midlatitude,15_22
b172s0024,-0.22925808299130093,-0.3697039076093542,365,365,1,65.4333333,52.2666666,65.4333333,68.0,-3.339489457678667,3.339489457678667,23.00187997088537,17.835753643221945,0.0044685132463463,0.9898868791828576,0.0399024659708567,midlatitude,15_23
b172s0025,-0.6336823474776551,-1.149891433324978,363,363,1,65.0333333,53.9666666,65.0333333,52.0,-35.42266793599248,35.42266793599248,17.480074608524767,14.895394484274036,0.0035590305053088,0.9932297496081478,0.0134407811783597,midlatitude,15_23
b172s0026,-0.4246224790158703,-0.5193610697530259,365,365,1,65.1333333,57.1333333,65.1333333,53.2,-36.42838794690478,36.42838794690478,19.009455588190896,12.15669464028938,0.003065679640046,0.9922047224729016,0.0110679284454378,midlatitude,15_23
b172s0030,-0.6219009769672005,-0.8767439574051138,365,365,1,65.4833333,64.7166666,65.4833333,19.0,-20.81857582175201,20.81857582175201,18.97564386161856,8.768254644485923,0.0031601174817967,0.9679153066577604,0.0487197383154557,midlatitude,15_24
b172s0033,-0.318212256348966,-0.410125662063848,365,365,1,65.4666666,72.6666666,65.4666666,19.0,-4.24335057616852,4.24335057616852,9.991133308648603,6.073805719217099,0.0016186492349673,0.919891080175676,0.1832229458422644,midlatitude,15_25
b172s0038,-0.2786072950667949,-0.43281199088896516,365,365,1,65.7,82.45,65.7,24.7,-3.3657608612522587,3.3657608612522587,7.619908447265626,6.782005615234369,0.0014993491768836,0.9733725349101204,0.0293756523962691,midlatitude,15_26
b172s0059,-1.4480476655333228,-1.5929986368881288,364,364,1,65.3,127.1166667,65.3,73.3,-473.9173001618779,473.9173001618779,127.06072517071276,115.211671269641,0.0256453182123163,0.9599729949849888,0.0552559292754605,midlatitude,15_30
b172s0074,-1.1377691080484922,-1.5320680597632934,365,365,1,65.2333333,160.5333333,65.2333333,264.0,-104.26647858863112,104.26647858863112,72.0129378290863,46.30686180491935,0.0114224808716171,0.998060430358009,0.010430529346158,midlatitude,15_34
b172s0082,-0.2982869288957697,-0.4679149018943851,365,365,1,65.1833333,176.7666666,65.1833333,18.5,-10.50015859740234,10.50015859740234,16.88613407450998,13.0384713161044,0.0036034101745192,0.8459237665875086,0.2858567459904935,midlatitude,15_35
b172s0108,-0.8648167184486466,-1.293046135921667,365,365,2,65.28066,-126.774285,65.28066,83.12,-166.22766407648737,166.22766407648737,140.11579698769924,93.69470068442496,0.0256458733059641,0.943730188709846,0.1169781364138559,midlatitude,15_5
b172s0110,-0.6485191258421519,-0.9514260176032364,347,347,1,65.2166666,-123.4333333,65.2166666,213.0,-7.59840296582982,7.59840296582982,43.396770815151314,23.60766291379862,0.0069828298844666,0.801132070336363,0.2730051030146989,midlatitude,15_5
b172s0143,-0.23479515012614646,-0.2725710225744322,365,365,2,65.21683329999999,-52.7415,65.21683329999999,14.5,-50.24450920045296,52.81538278929663,33.73703128192859,31.8398081628979,0.0062121241967147,0.4569155183173244,0.4496292416611638,midlatitude,15_12
b172s0156,-0.48934471746722213,-0.719627525867855,364,364,1,64.9,-23.9333333,64.9,7.0,-44.55266932143715,44.55266932143715,69.20257602524589,58.12633778723125,0.0132209550651979,0.2349177901201818,0.3414535590649292,midlatitude,15_15
b172s0159,-2.5041418111261273,-2.606633769217757,365,365,2,65.67166365,-18.0946848,65.67166365,16.41,-517.6530717854157,517.6530717854157,259.2508949836697,229.62259525802105,0.0602139229991691,0.6220648417545367,0.4216511489894641,midlatitude,15_16
b173s0006,-1.135112852072382,-1.235205743014303,361,361,1,65.806111,15.082778,65.806111,458.11,-328.65575320895834,328.65575320895834,163.60656424755857,143.12094564064813,0.0329930627125212,0.800215607479869,0.2965563886819091,midlatitude,15_19
b173s0008,-0.4307207446254009,-0.78655770698591,364,364,1,66.05,17.8333333,66.05,432.0,-61.1028169820508,61.1028169820508,54.44093699187971,48.27964599238514,0.0108308745909076,0.8981693152967279,0.1615614100850948,midlatitude,15_19
b173s0010,-0.699964260383462,-1.0105705236485916,365,365,1,65.85,24.1666666,65.85,9.0,-19.737262717676767,19.737262717676767,9.163820396191202,6.307786245766466,0.001661527697389,0.7482740425950433,0.3552858041866445,midlatitude,15_20
b173s0011,-0.5326971946943085,-0.8991431038939734,365,365,4,66.2121389,25.67477495,66.2121389,92.3225,-27.066686420173216,28.53265490882673,19.67617527499504,16.23117348131165,0.0035810327805681,0.8531923125720463,0.2531940083254048,midlatitude,15_20
b173s0013,-0.27776113583344825,-0.5155526935322926,364,364,1,65.987575,29.239381,65.987575,263.95,-13.82563300176571,13.82563300176571,19.344508707424133,16.501620149767046,0.0037852727341015,0.8867803093572012,0.1344929757399439,midlatitude,15_20
b173s0016,-0.23901181407878455,-0.3964844217237495,345,345,1,66.3333333,36.0166666,66.3333333,3.5,-41.90800682243468,41.90800682243468,10.698020340367446,6.570087332143028,0.0019654647803056,0.6000759168583086,0.3844980543734688,midlatitude,15_21
b173s0017,-0.5987200916952001,-0.8324386901767099,361,361,1,66.1833333,39.5333333,66.1833333,9.0,-48.136859349935285,48.136859349935285,21.338166576306776,8.666267544096064,0.002690232222729,0.5795135920129455,0.4051682294642275,midlatitude,15_21
b173s0019,-0.3156258443424645,-0.44645812999185125,365,365,2,66.12499995,43.7333333,66.12499995,20.0,2.2469522164873688,12.82747230985467,7.0882827985303525,5.871283949339332,0.0013896718940691,0.7179594785450537,0.3679768174044771,midlatitude,15_22
b173s0020,-0.32713253721839347,-0.7427465861530153,362,362,1,65.7666666,46.2,65.7666666,42.2,-21.882408293575292,21.882408293575292,17.530114467046022,9.114369990810536,0.0023226090546357,0.8954040155004221,0.254263319695434,midlatitude,15_22
b173s0023,-0.1927702868039188,-0.31062301117510277,365,365,1,66.25,52.55,66.25,22.0,-25.82540737662724,25.82540737662724,12.697894287109396,8.935211181640655,0.0024345830082893,0.9712219553876648,0.1054650825523432,midlatitude,15_23
b173s0025,-0.24553201056469384,-0.35195202103532847,365,365,1,65.9666666,56.9166666,65.9666666,78.0,17.847937934891206,17.847937934891206,15.961339161460472,12.016202225235434,0.0029338076620157,0.9869569102337205,0.0392794455731955,midlatitude,15_23
b173s0027,-0.3861207825786382,-0.601704062825663,362,362,1,66.4333333,60.7666666,66.4333333,62.0,-22.14674228562224,22.14674228562224,14.646670302989287,9.904917221286622,0.0021521667991248,0.9842806681996654,0.0546980106399994,midlatitude,15_24
b173s0029,-0.3770321725595324,-0.5586580749281037,365,365,1,65.8333333,65.9333333,65.8333333,16.5,6.454083073826544,6.454083073826544,8.883891431979686,6.798849902396096,0.0014476562742594,0.9544747944012932,0.0743288340716028,midlatitude,15_24
b173s0034,-0.22450941706291982,-0.3511952101350763,365,365,1,66.1,76.7833333,66.1,61.9,7.258532169258132,7.258532169258132,8.006752243874471,4.6404224151440365,0.0012539149492913,0.9375763364616618,0.136473313218268,midlatitude,15_25
b173s0039,-0.3648107816989051,-0.5461304001813833,365,365,1,65.7833333,87.9888889,65.7833333,38.0,-15.986231873999728,15.986231873999728,20.179666142523168,15.272444318370797,0.0041005167302085,0.9717318525210186,0.0443503268315839,midlatitude,15_26
b173s0050,-0.5404568732694657,-0.7348866738545577,365,365,1,66.400431,112.030325,66.400431,505.96,70.60217278846329,70.60217278846329,49.630544396708686,43.857757658118025,0.0088537385519889,0.99891882493296,0.0027590785876366,midlatitude,15_29
b173s0052,-0.5144043697751112,-0.7602266135139896,363,363,1,66.0333333,117.4,66.0333333,304.33,-2.51871329228743,2.51871329228743,15.489221429699771,13.663110344961009,0.0029315205390328,0.9963773130370184,0.0106393868941029,midlatitude,15_29
b173s0067,-0.7872962704673091,-1.3285768701340857,365,365,1,65.7333333,150.9,65.7333333,43.0,-25.63491670484798,25.63491670484798,11.199331043925856,5.71211430341557,0.0027349578994298,0.9803203545414207,0.0268430664314628,midlatitude,15_33
b173s0073,-1.2550689815021532,-1.714754303350932,364,364,1,66.5333333,164.2833333,66.5333333,286.3,-165.9227641398868,165.9227641398868,78.4324792235284,80.37843536789605,0.0173366117484161,0.9962767875791948,0.018217757834349,polar,15_34
b173s0081,-1.830363427416917,-2.0736046056473874,358,358,1,66.35,-179.1166666,66.35,26.0,-225.393681404578,225.393681404578,80.56619209990464,78.5110739189037,0.0158611113403768,0.8060800665969401,0.3276084321780351,midlatitude,15_0
b173s0085,-0.9110238253690296,-1.2977135054687143,365,365,1,66.15,-169.8333333,66.15,3.0,-13.363895165939578,13.363895165939578,3.0517578125e-05,3.0517578125e-05,0.0001000016927719,0.2851095018546039,0.3829573181845396,midlatitude,15_1
b173s0104,-0.5265119223941731,-0.7018664995716436,365,365,1,66.2333333,-128.65,66.2333333,82.0,-4.5815575520660445,4.5815575520660445,35.65268392618891,15.059536922297404,0.005110553856579,0.9547805009590248,0.0724086646629779,midlatitude,15_5
b173s0153,-0.6337471006767065,-0.8209353897019428,362,362,1,66.5333333,-18.0166666,66.5333333,17.0,19.587040326093884,19.587040326093884,3.0517578125e-05,3.0517578125e-05,0.0001000016927719,0.3080281362396387,0.4068811114348925,polar,15_16
b174s0005,-1.1992406560541093,-1.4096310474518503,362,362,1,66.9,13.6333333,66.9,8.0,-212.8295258529077,212.8295258529077,100.96312558907805,84.29990737507012,0.0174106766613514,0.4569518500812612,0.4225801756427874,polar,15_19
b174s0007,-1.849225387298861,-2.216998034565825,365,365,1,66.8833333,18.0166666,66.8833333,320.0,-356.0161835783281,356.0161835783281,166.04216071390147,113.35562931474286,0.0269120239523728,0.8806428560954097,0.1919734667358961,polar,15_19
b174s0009,-0.4412587864199358,-0.6926237144974744,361,361,1,67.132408,20.814636,67.132408,313.02,-101.62790725087552,101.62790725087552,50.44878750795852,41.093035885758965,0.0099633424243073,0.9313933495279236,0.1362927653111772,polar,15_20
b174s0010,-0.5963305421686385,-1.101454147190368,365,365,2,66.9833333,23.67499995,66.9833333,128.45,-38.18158605810528,38.18158605810528,31.75519907245947,27.402969692425053,0.0067193675417485,0.921860670104042,0.1831009436913793,polar,15_20
b174s0011,-0.7055003015357234,-1.0282969898180745,365,365,3,67.04278873333332,27.000822066666668,67.04278873333332,292.99333333333334,85.62826523375547,109.7340517624754,24.533809037599752,20.904436363539062,0.0046724109016873,0.9390074786587213,0.1167772676198533,polar,15_20
b174s0012,-0.7184782168154934,-1.396862170185378,365,365,2,66.99999995,28.92499995,66.99999995,218.2,-48.10401858265901,48.10401858265901,37.655196514348575,33.15253995534955,0.0072111935167215,0.9195457556396958,0.1152642748455417,polar,15_20
b174s0014,-0.5259255170310345,-0.7425438488171254,365,365,3,66.84444443333334,33.19444443333333,66.84444443333334,27.666666666666668,-39.13859415863044,39.13859415863044,26.806534521369787,24.537971496369845,0.0053898975788094,0.7688370826130005,0.2592742816252287,polar,15_21
b174s0016,-0.4358004830417019,-0.8591406692224126,365,365,1,67.35,37.05,67.35,156.0,-30.31827637368445,30.31827637368445,21.97874633789049,13.838972167968578,0.0034649375081061,0.7442078030419171,0.3486764851036683,polar,15_21
b174s0017,-0.8950605258738938,-1.762316807426828,364,364,1,67.1333333,39.6666666,67.1333333,151.0,-70.4029014352312,70.4029014352312,24.64886834955779,22.96608196868779,0.0049957515001481,0.6007812508066415,0.4157557509966704,polar,15_21
b174s0020,-0.44116806319221763,-0.6413888284478578,360,360,1,66.7394444,47.7197222,66.7394444,11.5,-21.68809995640121,21.68809995640121,9.40090935258776,6.174009750195655,0.0015515610373386,0.7639728201055576,0.3629545550241074,polar,15_22
b174s0027,-0.40968603677742416,-0.6343999884687906,365,365,1,67.4833333,64.0166666,67.4833333,172.0,-8.50049187256792,8.50049187256792,21.11506098157122,20.308831981887334,0.0052991284681301,0.948048906457312,0.1532942724767607,polar,15_24
b174s0034,-0.2100410107472989,-0.39045512600368554,365,365,1,67.4666666,78.7333333,67.4666666,8.0,-8.568561390671068,8.568561390671068,7.419015161022717,5.991655907528793,0.0013792701449496,0.909409100270426,0.1604194863854404,polar,15_25
b174s0037,-0.5776985659001689,-0.9496696854751033,365,365,1,67.4666666,86.5666666,67.4666666,28.0,-24.807693856251824,24.807693856251824,16.248131455147593,13.056956880529516,0.0036902607179078,0.9336323039814556,0.0848775452535446,polar,15_26
b174s0038,-0.4341651096617197,-0.5845109459880359,362,362,1,66.9333333,88.3666666,66.9333333,100.8,-53.04343495849703,53.04343495849703,50.430647061337766,44.15280761504663,0.0109653015244492,0.9449115124027684,0.0777194402466356,polar,15_26
b174s0047,-1.9740503772446727,-2.6235452124773424,365,365,1,67.1333333,108.5333333,67.1333333,235.83,-124.3754508683816,124.3754508683816,75.18167261808327,59.21069628611042,0.01376954008735,0.9986894426652704,0.0041290997127342,polar,15_28
b174s0053,-0.3792241872597524,-0.6684783804483457,365,365,1,66.7666666,123.4,66.7666666,92.0,25.56134666941584,25.56134666941584,18.668547653617964,15.202021280336735,0.0037153504975187,0.960961416850831,0.0525232082038697,polar,15_30
b174s0066,-0.7079460769377715,-0.9734221346985233,365,365,1,67.45,153.7166666,67.45,21.0,-36.30899106884701,36.30899106884701,27.01600869895987,24.19758165894517,0.0050885644595753,0.9373807510320312,0.0734633719783503,polar,15_33
b174s0096,-0.3240927866714211,-0.3805256651680879,365,365,1,66.9833333,-136.2166666,66.9833333,731.0,98.56316740115506,98.56316740115506,96.90986641103572,90.67371170072435,0.0206341863562396,0.9748655923507332,0.0763279624743507,polar,15_4
b174s0109,-0.7928784564484844,-0.9780192181694319,365,365,1,66.8333333,-108.0166666,66.8333333,5.0,-100.3298702244879,100.3298702244879,47.682829428300735,29.683207618586625,0.0083362047956139,0.8560479821798331,0.2377481227782134,polar,15_7
b174s0134,-1.0626012756688388,-1.2986286786569714,364,364,1,67.016969,-50.689325,67.016969,50.29,-252.4474193786536,252.4474193786536,110.43139720335728,106.87801975702384,0.0242285289701216,0.8593339176903539,0.2958083033152016,polar,15_12
b175s0007,-2.240277903656084,-2.6265856332520245,365,365,1,67.85,19.0333333,67.85,468.0,-372.28909964387753,372.28909964387753,160.35926599275342,147.289449066237,0.0332674380598323,0.8658572795828987,0.2170659424082441,polar,15_19
b175s0008,-0.299552467352464,-0.46152686228947754,362,362,1,67.821986,20.336764,67.821986,459.63,-10.049711412748708,10.049711412748708,48.86023289040456,44.841760150211606,0.010861494571401,0.918623914494378,0.1527732638803725,polar,15_20
b175s0010,-0.7249206255172677,-0.9732837286325946,365,365,5,67.94353770000001,24.29603664,67.94353770000001,442.658,168.18914207844307,180.31268561246603,34.96949561661458,29.55927647693871,0.007558493880499,0.962780334704636,0.0864839295501866,polar,15_20
b175s0011,-0.9401727992052408,-1.8163761484183416,364,364,1,68.0833333,27.1833333,68.0833333,248.8,-34.33760623364054,34.33760623364054,25.16870010133983,21.240297647890344,0.0048380440854421,0.9466294551505424,0.0989811141459428,polar,15_20
b175s0013,-0.6000875075192207,-0.9543919194427355,365,365,2,67.74166665,33.133333300000004,67.74166665,133.0,-114.72072381049408,114.72072381049408,118.95243397876906,88.06332721596756,0.0212429941128223,0.8331765079398334,0.22433592260257,polar,15_21
b175s0014,-1.0103518654212766,-1.8341608874088617,365,365,1,68.0,35.0333333,68.0,162.0,-75.87634798843428,75.87634798843428,64.97783056942134,45.572487685620096,0.0116160771521866,0.7808304689243811,0.3055355557227972,polar,15_21
b175s0018,-0.6218851946897043,-1.1443744470297263,365,365,1,67.8833333,44.15,67.8833333,18.0,-1.1853073783161818,1.1853073783161818,10.471372180512809,5.262629303964872,0.0016752310764908,0.3253751470052086,0.385688487140963,polar,15_22
b175s0020,-0.5914901301605742,-0.9009229603294461,365,365,1,67.6833333,48.6833333,67.6833333,4.0,-43.63497231381235,43.63497231381235,17.65156457171732,11.35819540684784,0.0028856642019853,0.5636219612467082,0.4225174788092444,polar,15_22
b175s0030,-1.55233602113446,-2.085493114204489,359,359,1,67.6833333,72.8833333,67.6833333,12.0,1.6696220293490196,1.6696220293490196,2.786285772785886,2.5475629468603223,0.0006499561489285,0.6990682656600987,0.3383464740610355,polar,15_25
b175s0036,-1.2834502873863,-1.846019931821191,361,361,1,68.1,87.7666666,68.1,93.8,-12.62776315950002,12.62776315950002,15.484799205888036,12.200216314657697,0.0028632479384671,0.9219334817341224,0.0941295903513519,polar,15_26
b175s0055,-2.032974165988087,-2.539494681309962,365,365,1,67.5666666,133.4,67.5666666,138.0,-146.64740392756505,146.64740392756505,83.54009429774392,74.00732956448704,0.0185154081873279,0.9893147971680724,0.0334925834021841,polar,15_31
b175s0056,-0.152888175885549,-0.2074469442948129,363,363,1,67.65,134.6833333,67.65,214.04,-80.50368289565861,80.50368289565861,85.9020984600221,68.12369786527493,0.018334946367539,0.990666277601786,0.0224244349866569,polar,15_31
b175s0068,-0.5067088491247874,-0.5413857294650682,365,365,1,68.1166666,164.1666666,68.1166666,94.0,-154.80706440755927,154.80706440755927,113.2983247340964,85.8014071731309,0.0193187377643661,0.9369795105369138,0.1903399940074935,polar,15_34
b175s0069,-1.3140212378673424,-1.4993123775746984,361,361,1,68.05,166.45,68.05,279.5,-223.59068814273704,223.59068814273704,108.48578002929668,102.32279479980448,0.0214540410041809,0.9388214000656164,0.1946018168303133,polar,15_34
b175s0094,-0.4410739478987653,-0.5693618784609528,365,365,2,68.31041680000001,-133.4997223,68.31041680000001,85.63499999999999,18.41650033851588,19.66003701901725,33.83129606469196,24.121722732902068,0.0059894538083293,0.8387704157057729,0.2587489858588634,polar,15_4
b175s0102,-0.9125544968848439,-1.1654714988056902,365,365,2,67.8183335,-115.1319445,67.8183335,22.775,-63.8234618485492,63.8234618485492,20.60762718813093,11.022064366919182,0.003045396806071,0.753807830646053,0.3224708486216785,polar,15_6
b175s0123,-0.8595828563992732,-0.9864339206778944,365,365,1,67.5479165,-64.03069450000001,67.5479165,6.4,-164.29815017170296,164.29815017170296,84.4580641473413,66.96099194834305,0.0148491534227766,0.4354839821367353,0.4242470223989511,polar,15_11
b175s0136,-0.30450082258240857,-0.3329711284370623,365,365,1,67.7833333,-32.2833333,67.7833333,23.0,-99.53660526731068,99.53660526731068,72.51954146669632,47.76552652525618,0.0123138361716272,0.5735943495539384,0.455286223978382,polar,15_14
b176s0006,-0.7473615257514336,-0.9944662414930302,359,359,1,69.2925,16.144167,69.2925,13.1,-5.636820206919252,5.636820206919252,5.969454956054573,6.661079406738154,0.0015599656105041,0.3277472253486715,0.3764506452327538,polar,15_19
b176s0007,-0.39471539981201736,-0.41537322067129484,365,365,1,68.4166666,18.1666666,68.4166666,516.0,-213.64810296223845,213.64810296223845,197.43136524089132,184.79089471160532,0.0377855965901733,0.7316311601245228,0.3280035355856907,polar,15_19
b176s0008,-1.1717462970642218,-1.437218275449159,365,365,1,69.05,20.7833333,69.05,482.7,-266.50827085016834,266.50827085016834,132.5190493065668,119.48754657512282,0.0287461315560622,0.7899120365997662,0.3118229898411829,polar,15_20
b176s0009,-0.5635571460577369,-1.0309566209776602,365,365,2,68.525,23.01666665,68.525,352.0,-44.03421047474743,44.03421047474743,37.27894558084352,28.32791864158084,0.0068883764649349,0.9361118858527496,0.1487286103618972,polar,15_20
b176s0011,-0.5847144932958074,-1.0107144822788234,365,365,5,68.68478712,27.8410656,68.68478712,216.8,9.079705107419796,68.04457147314022,33.76505972652256,31.052542592816277,0.0061857052565102,0.9040277287098218,0.1688626406278148,polar,15_20
b176s0013,-0.520244245851361,-1.1938127927654587,363,363,1,68.781672,32.750822,68.781672,81.07,-56.457485073680175,56.457485073680175,48.17375248580126,45.70436996109542,0.009857973843052,0.7308686208334522,0.3431957867636357,polar,15_21
b176s0014,-0.5170224589372633,-0.7873003331786862,365,365,1,69.2,35.1166666,69.2,30.0,-42.50507131761226,42.50507131761226,17.977695907421495,13.742849753070978,0.0028661778394519,0.4648251934621373,0.4317463454324184,polar,15_21
b176s0017,-1.1984748691228144,-1.5274035052198298,365,365,1,68.65,43.3,68.65,49.0,41.111284179613136,41.111284179613136,1.3202624511717251,0.8343103027342802,0.0003696674108504,0.1724230169594361,0.3156821092094017,polar,15_22
b176s0019,-0.7214713485528708,-1.1178944586704287,365,365,1,68.7833333,49.3,68.7833333,7.0,-10.227082788018103,10.227082788018103,4.987705201147138,3.1733590565036924,0.0008694423703747,0.284947321938106,0.3752394045960843,polar,15_22
b176s0022,-0.4833358548645326,-0.8457010336098346,365,365,1,68.5333333,55.5,68.5333333,6.7,-27.64710054218695,27.64710054218695,11.317136343957763,7.643112341223309,0.001968629448998,0.5149294511851872,0.4332770172790505,polar,15_23
b176s0023,-0.43931188895157947,-0.724193328714967,365,365,1,68.8,57.9833333,68.8,6.61,-3.880293190510568,3.880293190510568,8.208922094541132,7.0063016502051765,0.0016941990457487,0.5032235453835017,0.4304571072374264,polar,15_23
b176s0047,-2.2638673973308605,-3.052777176285732,363,363,1,68.6166666,118.3333333,68.6166666,77.0,-145.95133598213448,145.95133598213448,48.52806336902415,43.665619828078114,0.0097009846458607,0.9939190512684934,0.0137723876107962,polar,15_29
b176s0049,-0.5916806397315694,-0.8751765866222372,365,365,1,68.7333333,124.0,68.7333333,39.0,-24.714815126804822,24.714815126804822,19.755476561328106,17.129009550744602,0.0045692008344739,0.9613691346978792,0.0664569575614863,polar,15_30
b176s0058,-0.8525698518546082,-1.2120834685200161,365,365,1,68.55,146.2166666,68.55,41.0,-3.908742897867775,3.908742897867775,17.113093049824236,14.0587941507227,0.0032256684553647,0.9534454374379338,0.0415559100482811,polar,15_32
b176s0062,-0.8548908245998131,-1.1763992650251767,365,365,1,69.1666666,154.5,69.1666666,16.0,-4.441527017062416,4.441527017062416,6.879841007788072,4.508229218872066,0.0010803365349054,0.8902930965664003,0.1469853611443131,polar,15_33
b176s0063,-0.6122106241750679,-0.8792738149308277,365,365,1,68.7333333,158.7166666,68.7333333,12.0,-11.291432406919608,11.291432406919608,8.664048496755537,7.623353299653408,0.0018268318114734,0.8593939168042326,0.2055072423011438,polar,15_33
b176s0102,-0.41116885723761815,-0.5550218290854102,365,365,1,69.1040275,-105.13583315,69.1040275,19.0,-7.503755958956116,7.503755958956116,17.350927410551854,10.58045866218167,0.0028541407094161,0.6370772196669258,0.3415994539251802,polar,15_7
b176s0106,-1.360545964004144,-1.6903452951283462,365,365,1,68.63444465,-95.849861,68.63444465,42.0,26.63528778217113,26.63528778217113,3.6646862649340304,2.1113538630191893,0.0006325353090594,0.6013219448912178,0.3425214247087394,polar,15_8
b176s0112,-1.0377761231555451,-1.437489647670019,365,365,2,68.773194375,-81.2400694,68.773194375,8.11,-2.814058129195427,2.814058129195427,6.8973653163289566,4.500527580235978,0.0012476586372369,0.4488958349907364,0.3906082421881668,polar,15_9
b176s0123,-0.04486578465848745,-0.14648143252230547,365,365,2,68.7085,-52.825,68.7085,34.0,-1.7351165248825673,7.226996715877096,14.53240716552677,14.606750244140072,0.0031550381839274,0.4917844441522057,0.4180447499019945,polar,15_12
b176s0124,0.4897494725022804,0.6587240532889775,363,363,1,69.233,-51.067,69.233,31.0,-74.79320267369519,74.79320267369519,86.93721343456974,66.9544721210932,0.016571347398877,0.6997956297488899,0.3669342048673868,polar,15_12
b177s0007,-0.6519347225342152,-0.8390071412007956,363,363,1,69.65,18.9333333,69.65,114.5,-119.82240224809016,119.82240224809016,169.0512745349016,181.5067246510514,0.0382542869747955,0.4832005403545159,0.4093857763222144,polar,15_19
b177s0010,-1.1615353686467624,-1.8802288385613555,365,365,2,69.91666665,27.45,69.91666665,64.15,-171.3517881196525,171.3517881196525,57.32689924470357,50.9838265125796,0.011797503000335,0.7103551071651082,0.3431138824154728,polar,15_20
b177s0011,-0.4713190691429167,-0.6434633858975778,365,365,1,69.4,30.2333333,69.4,92.0,-76.38883247005771,76.38883247005771,59.67383098432852,42.06755816513426,0.0107106162564921,0.7090080204991235,0.349879584590364,polar,15_21
b177s0012,-0.43523841348916276,-0.6639869513630003,365,365,1,69.9333333,31.9833333,69.9333333,8.0,-22.62881216383,22.62881216383,14.579731927716391,13.805651096937062,0.0032860525159686,0.429895469844829,0.4145111368871036,polar,15_21
b177s0023,-0.3917339279662609,-0.5472428491959257,365,365,1,69.75,61.7,69.75,49.0,-0.8398248892334124,0.8398248892334124,12.772857666015645,8.906170654296902,0.0021108150482177,0.3860262768822933,0.4162457419542167,polar,15_24
b177s0025,-0.864387107081968,-1.3505087106512725,365,365,1,69.7166666,66.8,69.7166666,25.0,17.32986074290167,17.32986074290167,0.7120310309227992,0.3642642108446998,0.0001765281719934,0.5344197074230145,0.4192892113998983,polar,15_24
b177s0027,-0.877122675403121,-1.3370823422472562,365,365,1,70.1666666,72.5166666,70.1666666,17.81,14.488954763915729,14.488954763915729,1.395195619636024,1.015425347673683,0.0002779507616784,0.7150302908214504,0.3181797220796724,polar,16_25
b177s0032,-0.5576743358908572,-0.75120198261944,365,365,1,70.0833333,83.1666666,70.0833333,28.74,16.824100520127953,16.824100520127953,13.380115151987107,11.121521838118506,0.0028608708472732,0.912704488065556,0.1430708935295836,polar,16_26
b177s0034,-0.7953898690060389,-0.9977360141592803,365,365,1,69.3333333,88.25,69.3333333,64.0,-126.53756175202176,126.53756175202176,91.24414009652112,57.20591182056894,0.0133006300142794,0.931922657270483,0.0842302049457339,polar,15_26
b177s0052,-1.149396055816785,-1.5698076608502998,362,362,1,70.0333333,135.6666666,70.0333333,92.2,-133.60009565048006,133.60009565048006,100.79263003951392,63.39620131487216,0.0150789312599828,0.9193919493138748,0.1987979583745559,polar,16_31
b177s0053,-2.323067655641336,-2.8820601824084036,364,364,1,69.3333333,139.6666666,69.3333333,284.48,-245.46626601341995,245.46626601341995,118.17890868032984,89.33347017417239,0.02105270847499,0.9757339468904038,0.0614294334700308,polar,15_31
b177s0064,-0.4649607801910389,-0.7420267081883991,360,360,1,69.9166666,167.9666666,69.9166666,13.7,8.44998121416834,8.44998121416834,4.638463067696391,3.0151734841351354,0.0008566024030554,0.3693790590619513,0.4142757331810688,polar,15_34
b177s0065,-1.0440512778815603,-1.3949351790915516,365,365,2,69.93330815,170.76516965,69.93330815,4.575,-93.84787802637736,93.84787802637736,64.45543506377751,45.30715020634079,0.0101065066385798,0.3978179269051258,0.4158344085252954,polar,15_35
b177s0067,-0.6079847717419301,-0.9120845454314471,362,362,1,69.8833333,175.7666666,69.8833333,3.0,-40.729049303111545,40.729049303111545,37.501778835248366,30.469141055680797,0.0073406109839985,0.4356219796435762,0.4429546921213944,polar,15_35
b177s0091,-0.6291680080267494,-0.7412546077716252,365,365,1,69.35,-124.0666666,69.35,6.0,-96.1999104993832,96.1999104993832,57.12098868473301,26.35496661981023,0.0076626616488852,0.6404716402561909,0.4030745488858604,polar,15_5
b178s0047,-1.5152410896095911,-2.1091340786979322,365,365,1,70.6833333,127.4,70.6833333,33.0,-149.0830852108976,149.0830852108976,59.40305423484138,54.80381685644791,0.0125171401420551,0.8571431004773796,0.2464789015265041,polar,16_30
b178s0050,-0.46389998095335144,-0.6995415429875251,365,365,1,70.7666666,136.2166666,70.7666666,24.0,3.2714906120708958,3.2714906120708958,13.527326367584545,8.64580132417565,0.0018012814939874,0.7745969634661709,0.3382435894829504,polar,16_31
b178s0054,-0.7277219880371358,-1.0013507936400885,365,365,1,70.6166666,147.8833333,70.6166666,61.0,43.521460140189205,43.521460140189205,8.430488281800592,8.18126956756504,0.0014809709304391,0.8511624743367886,0.2395672987470181,polar,16_32
b178s0089,-0.6740417856713051,-0.9285815674853352,365,365,1,70.75,-117.8,70.75,30.0,-60.36625497748811,60.36625497748811,33.72652587890555,27.23262939453073,0.0066318705677984,0.4891941277080516,0.4018522389646892,polar,16_6
b178s0107,-0.19810479372914017,-0.36246133215618787,365,365,1,70.48472215,-68.5166668,70.48472215,26.51,-90.45448299877452,90.45448299877452,84.02848454224811,61.00920775043021,0.0147354563341513,0.4003450832720233,0.4230962839931364,polar,16_11
b178s0112,-0.8689459179625546,-1.2133843072874952,365,365,1,70.6833333,-54.6166666,70.6833333,27.0,-111.40004764215396,111.40004764215396,62.55427537272354,51.4338712537801,0.0123817895957804,0.3867235811527836,0.3959834168745721,polar,16_12
b178s0113,-2.013301894016624,-2.1848790764487243,359,359,1,70.7333333,-52.7,70.7333333,89.0,-477.6790682218933,477.6790682218933,292.3719177634218,170.76049430309388,0.0448386421433348,0.6085949950814652,0.3841927829879881,polar,16_12
b178s0124,-1.7910676555868879,-1.9817681556459383,351,351,1,70.75,-22.65,70.75,10.0,-317.2797906905008,317.2797906905008,161.10604858398796,119.64061279297115,0.0298057325184353,0.420166031075659,0.3967496043322074,polar,16_15
b178s0129,-0.4122331631212431,-0.5770302691976903,363,363,1,70.9333333,-8.6666667,70.9333333,9.0,-28.995457738785568,28.995457738785568,3.0517578125e-05,3.0517578125e-05,0.0001000016927719,0.0067302114037434,0.0280383201497227,polar,16_17
b179s0029,-1.0078262397598794,-1.394243327650135,365,365,1,71.8833333,82.7,71.8833333,5.9,-15.595123317133828,15.595123317133828,6.520088476262332,5.320600934206645,0.0013183244098991,0.7835476214526265,0.2969567189881187,polar,16_26
b179s0040,-0.7399042003001904,-0.9971760599569436,365,365,1,71.9666666,114.0833333,71.9666666,18.0,-66.58139190366123,66.58139190366123,30.746224960094896,25.151880578549395,0.0059491416349322,0.9591896823066732,0.1567299845502678,polar,16_29
b179s0043,-1.0938078425918267,-1.605667950161962,364,364,1,71.9166666,123.5666666,71.9166666,26.6,-71.98454911244815,71.98454911244815,39.23357858997376,30.26392526042879,0.0071804647815407,0.8796982584698216,0.2535658484159009,polar,16_30
b179s0045,-0.7887076423442027,-0.9681255992827008,365,365,1,71.697667,128.903017,71.697667,9.14,-71.2406557306091,71.2406557306091,31.284726696612807,23.18570707531908,0.0064672320290953,0.6093013651042329,0.4027953623131683,polar,16_30
b180s0017,-0.41937735545209615,-0.5933971532354502,365,365,1,72.3666666,52.7,72.3666666,19.0,-89.91226770510977,89.91226770510977,35.237201677231695,32.674669589966,0.006381546641202,0.3399950782449019,0.4048451898630277,polar,16_23
b180s0043,-0.8988586097183187,-1.2162232393284047,365,365,1,72.0,129.1166666,72.0,16.49,-5.050382145023864,5.050382145023864,6.35713005029287,4.48886739741204,0.0011764223791956,0.5285864805119516,0.4161415849724665,polar,16_30
b180s0094,-0.3311330528129414,-0.5345535783926335,355,355,1,72.683334,-77.966667,72.683334,55.16,-320.10240981241304,320.10240981241304,212.5283088423313,131.67631319034797,0.0327135394620996,0.606969591418098,0.3960473685748441,polar,16_10
b181s0022,-0.8439499315603235,-1.3068598636370938,365,365,1,73.3333333,70.05,73.3333333,7.0,4.23643602601621,4.23643602601621,0.8263693872729115,0.673647188759735,0.0002236525464993,0.1873079086197229,0.320503725305357,polar,16_25
b181s0025,0.13738156671392984,0.1523395785002212,365,365,1,73.5,80.4,73.5,47.0,30.801011303554077,30.801011303554077,9.253186035156324,7.419567871093809,0.0016870677471161,0.3294615045721047,0.3980581087137964,polar,16_26
b181s0036,-0.7297020622753134,-0.994795821881381,365,365,1,73.2166666,113.5,73.2166666,13.27,-4.143780259282053,4.143780259282053,9.542401615014674,8.807064001782237,0.001996353806442,0.7275172659139089,0.3726017510488693,polar,16_29
b181s0038,-0.7990764022964707,-1.0173660738319634,335,335,1,73.0,119.8666666,73.0,14.9,-18.29347670904434,18.29347670904434,18.95509238190918,20.574607450781247,0.0036586349377334,0.6230711658555835,0.4318713077167058,polar,16_29
b181s0044,-1.2954680612101086,-1.6346631137101302,365,365,1,73.3358333,139.8666666,73.3358333,24.7,22.78722919256033,22.78722919256033,0.3553242123454031,0.3065198142988158,0.0001736279535904,0.2326113239536746,0.3274547943272644,polar,16_31
b181s0081,-1.7820594912063854,-2.3631444496818266,364,364,1,73.75,-105.2833333,73.75,11.0,-25.422535958857665,25.422535958857665,3.4802897212280315,2.6557759647583032,0.0006573687006443,0.2869206188801216,0.349305318984951,polar,16_7
b181s0087,-0.683932766748816,-0.7489871431853201,365,365,1,73.0,-85.0166666,73.0,10.0,-190.76229824325057,190.76229824325057,109.13073176354926,89.16879173586366,0.023129969420108,0.6657285147994936,0.3488302243728538,polar,16_9
b182s0042,-1.174514812363217,-1.6791312431408725,365,365,1,74.6666666,138.9,74.6666666,14.6,-14.619493933676385,14.619493933676385,10.71371438314456,8.512714286982442,0.0018613301622819,0.2585923040480881,0.3377549541867253,polar,16_31
b182s0091,-0.4490214978100948,-0.2941383341695563,365,365,1,74.0333333,-57.8166666,74.0333333,40.0,40.40696313161862,40.40696313161862,3.0517578125e-05,3.0517578125e-05,0.0001000016927719,0.3595230994813039,0.4373145090350329,polar,16_12
b182s0102,-0.7712856734037143,-0.7618804475937541,365,365,1,74.3,-20.2166667,74.3,44.0,-243.03299287969296,243.03299287969296,188.2617409177525,103.00282868329548,0.0278972987925414,0.4626903304856131,0.4210634537207151,polar,16_15
b183s0075,-1.296388178847707,-1.6617053572446407,365,365,2,74.7168053,-94.97638865,74.7168053,47.765,-19.131301170699142,19.131301170699142,12.030813063671609,10.884366565449165,0.0021777992945832,0.4554132252679013,0.3514492788361405,polar,16_8
b184s0022,-0.6551293493819653,-0.8177217520079659,365,365,1,75.95,82.95,75.95,11.9,11.717422998679456,11.717422998679456,3.0517578125e-05,3.0517578125e-05,0.0001000016927719,0.0550073181967013,0.1805392174350891,polar,16_26
b184s0037,-0.7596642210270907,-1.0514188949622139,365,365,1,76.0,137.8666666,76.0,8.0,-25.681755004257404,25.681755004257404,4.19901122792975,3.071560192895554,0.0008626218960106,0.2208312773104733,0.3382359694142008,polar,16_31
b184s0064,-1.0192088990262367,-1.3586063876823442,365,365,1,76.2333333,-119.3333333,76.2333333,2.0,-67.1272941190608,67.1272941190608,51.28736266130269,44.93610993107163,0.0112551400735387,0.3547948570759811,0.3517914363309145,polar,16_6
b185s0006,-0.38212558762851084,-0.37148258664859674,363,363,1,76.5,25.0666667,76.5,10.0,10.0810063987989,10.0810063987989,3.0517578125e-05,3.0517578125e-05,0.0001000016927719,0.0433379877144101,0.1515190919390694,polar,16_20
b185s0071,-0.4647470341220483,-0.562054591102786,364,364,1,76.6333333,-73.0,76.6333333,11.0,6.844696801962764,6.844696801962764,3.0517578125e-05,3.0517578125e-05,0.0001000016927719,0.2485114073484683,0.3585263664342236,polar,16_10
b185s0085,-0.9288667670465195,-1.1447701132517667,361,361,1,76.7666667,-18.6666667,76.7666667,12.0,-60.220210927747104,60.220210927747104,47.83752531046458,30.79770165049989,0.0080062059520832,0.3890643135573818,0.4119060928196557,polar,16_16
b186s0003,-0.35359599367324757,-0.4755701167751089,365,365,1,78.0666666,14.25,78.0666666,75.0,-58.00468054983728,58.00468054983728,101.6465113397453,89.65987458637582,0.0176176783225653,0.369488634416425,0.3742961355763694,polar,16_19
b186s0024,-1.2758170302601157,-1.8010802709543174,365,365,1,77.7166666,104.3,77.7166666,15.0,-20.32627061675103,20.32627061675103,4.487295351465331,3.3174850691409854,0.0008294517483056,0.3477789899385539,0.3866208851913642,polar,16_28
b186s0067,-1.359471077150329,-1.5628900633327485,360,360,1,77.4833333,-69.3833333,77.4833333,16.0,-168.8655017031937,168.8655017031937,81.584856434655,48.288695761772615,0.0134751859224332,0.5823064963409186,0.4079959885130378,polar,16_11
b188s0018,-1.165066535553623,-1.5127860264312816,365,365,1,79.55,90.5666666,79.55,8.0,2.506587791574999,2.506587791574999,3.0517578125e-05,3.0517578125e-05,0.0001000016927719,0.1924677741256088,0.3276968394575804,polar,16_27
b188s0054,-0.49519404435985237,-0.5066164412934321,365,365,1,79.9833333,-85.9333333,79.9833333,10.0,-154.25621641802636,154.25621641802636,161.89389670487836,137.27417401757688,0.0295265796047952,0.7717169221165433,0.2562328388277375,polar,16_9
b190s0057,-0.7980290059128753,-1.0235158188014026,365,365,1,81.6,-16.65,81.6,36.0,-86.3990066689491,86.3990066689491,59.89367431640752,24.09668823242241,0.0065649691224099,0.4625299563653524,0.4271991548520549,polar,17_16
b191s0043,-0.27266302209656296,-0.2778842424873608,363,363,1,82.5,-62.3333333,82.5,65.0,-48.04370293595306,48.04370293595306,73.27588857143543,52.384723845470944,0.0123771353017449,0.4715335951329036,0.4195620176102929,polar,17_11
b192s0042,-2.254252155138118,-3.0004692604350267,365,365,1,83.65,-33.3666666,83.65,4.0,-287.7882078557587,287.7882078557587,45.79196678078869,29.479729521687727,0.006511863554966,0.3585713542298888,0.4225053828035348,polar,17_14
