draw,reference,model,mae_c_day_weighted
0,era5_station,ifs_hres,1.1692999892022613
0,era5_station,graphcast_hres_init,0.9529610162063625
0,era5_station,pangu_hres_init,0.8823743753952165
1,era5_station,ifs_hres,1.1915694881171182
1,era5_station,graphcast_hres_init,0.9644537088437612
1,era5_station,pangu_hres_init,0.8835664298786746
2,era5_station,ifs_hres,1.2046693397749964
2,era5_station,graphcast_hres_init,0.9812397496521998
2,era5_station,pangu_hres_init,0.9044041002638862
3,era5_station,ifs_hres,1.168004381928588
3,era5_station,graphcast_hres_init,0.9561722551560905
3,era5_station,pangu_hres_init,0.8919320406332043
4,era5_station,ifs_hres,1.1711238508705775
4,era5_station,graphcast_hres_init,0.9431383884995157
4,era5_station,pangu_hres_init,0.8994542662928616
5,era5_station,ifs_hres,1.1641750312799601
5,era5_station,graphcast_hres_init,0.9429792018761955
5,era5_station,pangu_hres_init,0.8928959352993537
6,era5_station,ifs_hres,1.1822164601554157
6,era5_station,graphcast_hres_init,0.959942656362823
6,era5_station,pangu_hres_init,0.8960656449190791
7,era5_station,ifs_hres,1.1722856149549883
7,era5_station,graphcast_hres_init,0.9547943344766769
7,era5_station,pangu_hres_init,0.911326864987809
8,era5_station,ifs_hres,1.1629530266967059
8,era5_station,graphcast_hres_init,0.9630880785402172
8,era5_station,pangu_hres_init,0.9115128857611839
9,era5_station,ifs_hres,1.1983210508744766
9,era5_station,graphcast_hres_init,0.9733898415804203
9,era5_station,pangu_hres_init,0.9040820566241778
10,era5_station,ifs_hres,1.1903380366294585
10,era5_station,graphcast_hres_init,0.9469523938185679
10,era5_station,pangu_hres_init,0.8943962550155357
11,era5_station,ifs_hres,1.178116904588919
11,era5_station,graphcast_hres_init,0.9504219941680473
11,era5_station,pangu_hres_init,0.894349160424556
12,era5_station,ifs_hres,1.1600848738089216
12,era5_station,graphcast_hres_init,0.9406568122057672
12,era5_station,pangu_hres_init,0.8914954661385136
13,era5_station,ifs_hres,1.1868233839083762
13,era5_station,graphcast_hres_init,0.9596645504347742
13,era5_station,pangu_hres_init,0.8885550910360919
14,era5_station,ifs_hres,1.1867794043779467
14,era5_station,graphcast_hres_init,0.9571056673726974
14,era5_station,pangu_hres_init,0.8893529760669278
15,era5_station,ifs_hres,1.1863912644511454
15,era5_station,graphcast_hres_init,0.9601353182783804
15,era5_station,pangu_hres_init,0.9050643147096887
16,era5_station,ifs_hres,1.167096952114547
16,era5_station,graphcast_hres_init,0.9499852948494678
16,era5_station,pangu_hres_init,0.8945590308130369
17,era5_station,ifs_hres,1.1644222223116825
17,era5_station,graphcast_hres_init,0.950456585556762
17,era5_station,pangu_hres_init,0.9022058476453216
18,era5_station,ifs_hres,1.1818485943269694
18,era5_station,graphcast_hres_init,0.9680319261499083
18,era5_station,pangu_hres_init,0.8935360510418612
19,era5_station,ifs_hres,1.1750305699197099
19,era5_station,graphcast_hres_init,0.9637841875908282
19,era5_station,pangu_hres_init,0.9087030192580936
20,era5_station,ifs_hres,1.1727127085514797
20,era5_station,graphcast_hres_init,0.959430657699754
20,era5_station,pangu_hres_init,0.8813159245186716
21,era5_station,ifs_hres,1.1917131186652163
21,era5_station,graphcast_hres_init,0.9627230968591083
21,era5_station,pangu_hres_init,0.9078581157603385
22,era5_station,ifs_hres,1.1606480815255416
22,era5_station,graphcast_hres_init,0.9690834961007394
22,era5_station,pangu_hres_init,0.8924524136486408
23,era5_station,ifs_hres,1.184498588791295
23,era5_station,graphcast_hres_init,0.9583071454059376
23,era5_station,pangu_hres_init,0.897832796208943
24,era5_station,ifs_hres,1.172498320295142
24,era5_station,graphcast_hres_init,0.9555416271861187
24,era5_station,pangu_hres_init,0.9236314629342316
25,era5_station,ifs_hres,1.1860678333566066
25,era5_station,graphcast_hres_init,0.981159516990739
25,era5_station,pangu_hres_init,0.9208531235266244
26,era5_station,ifs_hres,1.1948903846231216
26,era5_station,graphcast_hres_init,0.9604195221549302
26,era5_station,pangu_hres_init,0.9147341894681019
27,era5_station,ifs_hres,1.1888923291088462
27,era5_station,graphcast_hres_init,0.9572317034468046
27,era5_station,pangu_hres_init,0.8868297957174368
28,era5_station,ifs_hres,1.1603225223628764
28,era5_station,graphcast_hres_init,0.9417428497435004
28,era5_station,pangu_hres_init,0.894581664691888
29,era5_station,ifs_hres,1.1665795664379384
29,era5_station,graphcast_hres_init,0.9502846872920956
29,era5_station,pangu_hres_init,0.8943288539886376
30,era5_station,ifs_hres,1.1756799464779555
30,era5_station,graphcast_hres_init,0.960633211387248
30,era5_station,pangu_hres_init,0.8950326003489131
31,era5_station,ifs_hres,1.1684352192356124
31,era5_station,graphcast_hres_init,0.9446459382031854
31,era5_station,pangu_hres_init,0.8997898598848864
32,era5_station,ifs_hres,1.189760860219647
32,era5_station,graphcast_hres_init,0.9338391789912572
32,era5_station,pangu_hres_init,0.8792885734591427
33,era5_station,ifs_hres,1.1713276091605345
33,era5_station,graphcast_hres_init,0.945443290140826
33,era5_station,pangu_hres_init,0.8824332650461713
34,era5_station,ifs_hres,1.192683939283334
34,era5_station,graphcast_hres_init,0.944562723309927
34,era5_station,pangu_hres_init,0.8985320789815163
35,era5_station,ifs_hres,1.16446516339134
35,era5_station,graphcast_hres_init,0.9456243016341863
35,era5_station,pangu_hres_init,0.8850441110096001
36,era5_station,ifs_hres,1.1655457021999898
36,era5_station,graphcast_hres_init,0.9561045483217987
36,era5_station,pangu_hres_init,0.8990054203398907
37,era5_station,ifs_hres,1.1695226196586137
37,era5_station,graphcast_hres_init,0.9646310571890161
37,era5_station,pangu_hres_init,0.8999296998566539
38,era5_station,ifs_hres,1.1706007418637894
38,era5_station,graphcast_hres_init,0.960105834930782
38,era5_station,pangu_hres_init,0.9053550977654449
39,era5_station,ifs_hres,1.1883721143202564
39,era5_station,graphcast_hres_init,0.9678185006715512
39,era5_station,pangu_hres_init,0.8953660047681278
40,era5_station,ifs_hres,1.1822271550401304
40,era5_station,graphcast_hres_init,0.957766832444967
40,era5_station,pangu_hres_init,0.8801695096038945
41,era5_station,ifs_hres,1.1855471207609813
41,era5_station,graphcast_hres_init,0.9513577169675217
41,era5_station,pangu_hres_init,0.8893919808020151
42,era5_station,ifs_hres,1.1907549132255602
42,era5_station,graphcast_hres_init,0.9375565922725522
42,era5_station,pangu_hres_init,0.88832820745387
43,era5_station,ifs_hres,1.1455775691600436
43,era5_station,graphcast_hres_init,0.9503877183281851
43,era5_station,pangu_hres_init,0.9141663332474296
44,era5_station,ifs_hres,1.1643478276144037
44,era5_station,graphcast_hres_init,0.9523112167765124
44,era5_station,pangu_hres_init,0.9182779751270292
45,era5_station,ifs_hres,1.1903087616621937
45,era5_station,graphcast_hres_init,0.9777400850790094
45,era5_station,pangu_hres_init,0.8906112131243068
46,era5_station,ifs_hres,1.1661353467913074
46,era5_station,graphcast_hres_init,0.9521670674663326
46,era5_station,pangu_hres_init,0.9133225681772718
47,era5_station,ifs_hres,1.1674560913379501
47,era5_station,graphcast_hres_init,0.9793630824024413
47,era5_station,pangu_hres_init,0.8961767575301776
48,era5_station,ifs_hres,1.169378288384922
48,era5_station,graphcast_hres_init,0.9391709819445259
48,era5_station,pangu_hres_init,0.897229126255119
49,era5_station,ifs_hres,1.2239716289041258
49,era5_station,graphcast_hres_init,0.9502821936001619
49,era5_station,pangu_hres_init,0.89441147475246
50,era5_station,ifs_hres,1.1625383298931904
50,era5_station,graphcast_hres_init,0.9403266840296383
50,era5_station,pangu_hres_init,0.9062101059706101
51,era5_station,ifs_hres,1.179733523902451
51,era5_station,graphcast_hres_init,0.9587051887538586
51,era5_station,pangu_hres_init,0.8824662390054119
52,era5_station,ifs_hres,1.1876821564712101
52,era5_station,graphcast_hres_init,0.9684148378463071
52,era5_station,pangu_hres_init,0.8970136064863261
53,era5_station,ifs_hres,1.1549849651114783
53,era5_station,graphcast_hres_init,0.9528451686507622
53,era5_station,pangu_hres_init,0.9077840215791211
54,era5_station,ifs_hres,1.1732522165635406
54,era5_station,graphcast_hres_init,0.9382238749009696
54,era5_station,pangu_hres_init,0.8928676496211334
55,era5_station,ifs_hres,1.1687137276930295
55,era5_station,graphcast_hres_init,0.9487542360214547
55,era5_station,pangu_hres_init,0.8800511561079846
56,era5_station,ifs_hres,1.179110156572739
56,era5_station,graphcast_hres_init,0.9641282873997463
56,era5_station,pangu_hres_init,0.8767545538355821
57,era5_station,ifs_hres,1.1565115896570137
57,era5_station,graphcast_hres_init,0.9492498957382054
57,era5_station,pangu_hres_init,0.9123509820017321
58,era5_station,ifs_hres,1.1785508766151256
58,era5_station,graphcast_hres_init,0.9596264031921484
58,era5_station,pangu_hres_init,0.9108039165843628
59,era5_station,ifs_hres,1.177921263338847
59,era5_station,graphcast_hres_init,0.9464975176784519
59,era5_station,pangu_hres_init,0.9092034920755611
60,era5_station,ifs_hres,1.194424257029185
60,era5_station,graphcast_hres_init,0.948407427238117
60,era5_station,pangu_hres_init,0.9095634657815193
61,era5_station,ifs_hres,1.1629452083117817
61,era5_station,graphcast_hres_init,0.9650054558172773
61,era5_station,pangu_hres_init,0.9065574103924002
62,era5_station,ifs_hres,1.178215752986019
62,era5_station,graphcast_hres_init,0.9554552812517535
62,era5_station,pangu_hres_init,0.8970289062294406
63,era5_station,ifs_hres,1.183433295088843
63,era5_station,graphcast_hres_init,0.9520055579901947
63,era5_station,pangu_hres_init,0.9165916962680305
64,era5_station,ifs_hres,1.1743923371908955
64,era5_station,graphcast_hres_init,0.9537094483930986
64,era5_station,pangu_hres_init,0.9176240790866321
65,era5_station,ifs_hres,1.1683416036383325
65,era5_station,graphcast_hres_init,0.9516074170934511
65,era5_station,pangu_hres_init,0.9010260998997546
66,era5_station,ifs_hres,1.1866103329504436
66,era5_station,graphcast_hres_init,0.9600927558590076
66,era5_station,pangu_hres_init,0.8893742122393513
67,era5_station,ifs_hres,1.212534345495073
67,era5_station,graphcast_hres_init,0.9673183883112507
67,era5_station,pangu_hres_init,0.919219921012826
68,era5_station,ifs_hres,1.1774871672750307
68,era5_station,graphcast_hres_init,0.9429004513243439
68,era5_station,pangu_hres_init,0.8997782230345218
69,era5_station,ifs_hres,1.1973168348841032
69,era5_station,graphcast_hres_init,0.9598222922806291
69,era5_station,pangu_hres_init,0.9096136228632176
70,era5_station,ifs_hres,1.155630193489405
70,era5_station,graphcast_hres_init,0.9448430130520468
70,era5_station,pangu_hres_init,0.8933718231642674
71,era5_station,ifs_hres,1.1572132023269628
71,era5_station,graphcast_hres_init,0.9349932989467625
71,era5_station,pangu_hres_init,0.8855738700364423
72,era5_station,ifs_hres,1.1811543083019826
72,era5_station,graphcast_hres_init,0.9492159029874238
72,era5_station,pangu_hres_init,0.8953465283790847
73,era5_station,ifs_hres,1.1756313775632807
73,era5_station,graphcast_hres_init,0.9381281816920817
73,era5_station,pangu_hres_init,0.9131594181744067
74,era5_station,ifs_hres,1.1740294631815968
74,era5_station,graphcast_hres_init,0.9349311317232197
74,era5_station,pangu_hres_init,0.8855717265302427
75,era5_station,ifs_hres,1.1772269130829511
75,era5_station,graphcast_hres_init,0.9529338654173136
75,era5_station,pangu_hres_init,0.8911493156331464
76,era5_station,ifs_hres,1.1764189313631634
76,era5_station,graphcast_hres_init,0.96419328220249
76,era5_station,pangu_hres_init,0.8971051784389206
77,era5_station,ifs_hres,1.1677512658129021
77,era5_station,graphcast_hres_init,0.9610462179513312
77,era5_station,pangu_hres_init,0.9011740343449298
78,era5_station,ifs_hres,1.1715237482708194
78,era5_station,graphcast_hres_init,0.9452470576488922
78,era5_station,pangu_hres_init,0.9109176372676313
79,era5_station,ifs_hres,1.1682979163208036
79,era5_station,graphcast_hres_init,0.9432073867285133
79,era5_station,pangu_hres_init,0.8694850288297343
80,era5_station,ifs_hres,1.146917463105061
80,era5_station,graphcast_hres_init,0.9550279436506084
80,era5_station,pangu_hres_init,0.8828717545627516
81,era5_station,ifs_hres,1.1645147814606858
81,era5_station,graphcast_hres_init,0.9625169010179058
81,era5_station,pangu_hres_init,0.9026550844716885
82,era5_station,ifs_hres,1.159080399275255
82,era5_station,graphcast_hres_init,0.9473721474858824
82,era5_station,pangu_hres_init,0.9111437096022851
83,era5_station,ifs_hres,1.170969077005032
83,era5_station,graphcast_hres_init,0.9560970311457094
83,era5_station,pangu_hres_init,0.8955869000544932
84,era5_station,ifs_hres,1.183192259968935
84,era5_station,graphcast_hres_init,0.944302755728375
84,era5_station,pangu_hres_init,0.9008200040316597
85,era5_station,ifs_hres,1.1956184983745053
85,era5_station,graphcast_hres_init,0.9502622122383041
85,era5_station,pangu_hres_init,0.9081184523653256
86,era5_station,ifs_hres,1.1775473446329092
86,era5_station,graphcast_hres_init,0.9422915806080062
86,era5_station,pangu_hres_init,0.9005530557553305
87,era5_station,ifs_hres,1.2118328388721389
87,era5_station,graphcast_hres_init,0.9546322335876346
87,era5_station,pangu_hres_init,0.8937098851690689
88,era5_station,ifs_hres,1.1697835237687362
88,era5_station,graphcast_hres_init,0.9485823468178445
88,era5_station,pangu_hres_init,0.8873167547177353
89,era5_station,ifs_hres,1.1891004991631235
89,era5_station,graphcast_hres_init,0.9611898579413534
89,era5_station,pangu_hres_init,0.910307155601534
90,era5_station,ifs_hres,1.185420789186794
90,era5_station,graphcast_hres_init,0.9536595042100978
90,era5_station,pangu_hres_init,0.926814896593055
91,era5_station,ifs_hres,1.1848213609123224
91,era5_station,graphcast_hres_init,0.9624102882848308
91,era5_station,pangu_hres_init,0.9133768698409611
92,era5_station,ifs_hres,1.188646097100835
92,era5_station,graphcast_hres_init,0.9499223575524185
92,era5_station,pangu_hres_init,0.8989636298244309
93,era5_station,ifs_hres,1.1500334858944816
93,era5_station,graphcast_hres_init,0.952127257676709
93,era5_station,pangu_hres_init,0.8991499139718764
94,era5_station,ifs_hres,1.1629919602341248
94,era5_station,graphcast_hres_init,0.9555269827011611
94,era5_station,pangu_hres_init,0.8908372371644916
95,era5_station,ifs_hres,1.1753146502697365
95,era5_station,graphcast_hres_init,0.9610654209481568
95,era5_station,pangu_hres_init,0.9063013692323814
96,era5_station,ifs_hres,1.1913930252778204
96,era5_station,graphcast_hres_init,0.979811519539889
96,era5_station,pangu_hres_init,0.9292721227821489
97,era5_station,ifs_hres,1.1758187576082968
97,era5_station,graphcast_hres_init,0.9373968947929765
97,era5_station,pangu_hres_init,0.9020881660763901
98,era5_station,ifs_hres,1.2010760022736227
98,era5_station,graphcast_hres_init,0.9681156454193101
98,era5_station,pangu_hres_init,0.9198504000156416
99,era5_station,ifs_hres,1.2063359122517536
99,era5_station,graphcast_hres_init,0.9643048943219041
99,era5_station,pangu_hres_init,0.8958734237894663
100,era5_station,ifs_hres,1.1737221278482868
100,era5_station,graphcast_hres_init,0.9447769264586933
100,era5_station,pangu_hres_init,0.8808169920256834
101,era5_station,ifs_hres,1.1769584536850126
101,era5_station,graphcast_hres_init,0.9550669673116057
101,era5_station,pangu_hres_init,0.9094344097122156
102,era5_station,ifs_hres,1.1742726031015196
102,era5_station,graphcast_hres_init,0.9606675388593198
102,era5_station,pangu_hres_init,0.9219400315908121
103,era5_station,ifs_hres,1.1672481436670417
103,era5_station,graphcast_hres_init,0.9487336852240617
103,era5_station,pangu_hres_init,0.8931593290394677
104,era5_station,ifs_hres,1.1509570260329156
104,era5_station,graphcast_hres_init,0.9288225085486236
104,era5_station,pangu_hres_init,0.8867466069619773
105,era5_station,ifs_hres,1.140711381160749
105,era5_station,graphcast_hres_init,0.9373929872248773
105,era5_station,pangu_hres_init,0.8780931800266256
106,era5_station,ifs_hres,1.1696059053223185
106,era5_station,graphcast_hres_init,0.945530264802508
106,era5_station,pangu_hres_init,0.8627883337189106
107,era5_station,ifs_hres,1.1747614400658677
107,era5_station,graphcast_hres_init,0.9491625218235926
107,era5_station,pangu_hres_init,0.8910306281008336
108,era5_station,ifs_hres,1.197196665301556
108,era5_station,graphcast_hres_init,0.9656958485894761
108,era5_station,pangu_hres_init,0.8991487965972725
109,era5_station,ifs_hres,1.1717137044149586
109,era5_station,graphcast_hres_init,0.9361601503129768
109,era5_station,pangu_hres_init,0.8952211179749217
110,era5_station,ifs_hres,1.1673189499372458
110,era5_station,graphcast_hres_init,0.9690083384757356
110,era5_station,pangu_hres_init,0.9057716661792816
111,era5_station,ifs_hres,1.1893396272657646
111,era5_station,graphcast_hres_init,0.9612452875302496
111,era5_station,pangu_hres_init,0.891495922574999
112,era5_station,ifs_hres,1.1757422617969426
112,era5_station,graphcast_hres_init,0.9560454849790812
112,era5_station,pangu_hres_init,0.9032920078728017
113,era5_station,ifs_hres,1.1893447597655187
113,era5_station,graphcast_hres_init,0.9466633203559468
113,era5_station,pangu_hres_init,0.9069306860044651
114,era5_station,ifs_hres,1.1912058515469945
114,era5_station,graphcast_hres_init,0.9653767493003539
114,era5_station,pangu_hres_init,0.930669597426283
115,era5_station,ifs_hres,1.1766965432168672
115,era5_station,graphcast_hres_init,0.9510659497718114
115,era5_station,pangu_hres_init,0.8790070961142629
116,era5_station,ifs_hres,1.1824164140715023
116,era5_station,graphcast_hres_init,0.9808337300424363
116,era5_station,pangu_hres_init,0.9082065243418554
117,era5_station,ifs_hres,1.1875258653216536
117,era5_station,graphcast_hres_init,0.9521461987630458
117,era5_station,pangu_hres_init,0.8978948280976171
118,era5_station,ifs_hres,1.1786105764195398
118,era5_station,graphcast_hres_init,0.9521090297486254
118,era5_station,pangu_hres_init,0.9051829929932508
119,era5_station,ifs_hres,1.176338586506883
119,era5_station,graphcast_hres_init,0.9660999986153647
119,era5_station,pangu_hres_init,0.9030740269024107
120,era5_station,ifs_hres,1.1766189459640573
120,era5_station,graphcast_hres_init,0.9658646844367617
120,era5_station,pangu_hres_init,0.9112423083573143
121,era5_station,ifs_hres,1.2183222389869932
121,era5_station,graphcast_hres_init,0.9787722050965013
121,era5_station,pangu_hres_init,0.8932760467401073
122,era5_station,ifs_hres,1.158072591829772
122,era5_station,graphcast_hres_init,0.9530190524188172
122,era5_station,pangu_hres_init,0.8946278547009078
123,era5_station,ifs_hres,1.193085870661955
123,era5_station,graphcast_hres_init,0.9659295264493829
123,era5_station,pangu_hres_init,0.9038436332870906
124,era5_station,ifs_hres,1.1727649110438594
124,era5_station,graphcast_hres_init,0.9463871431157481
124,era5_station,pangu_hres_init,0.8805256409915765
125,era5_station,ifs_hres,1.186185285962863
125,era5_station,graphcast_hres_init,0.9480423482591376
125,era5_station,pangu_hres_init,0.8841977135547383
126,era5_station,ifs_hres,1.1749806138638461
126,era5_station,graphcast_hres_init,0.951428734632437
126,era5_station,pangu_hres_init,0.8962700673426408
127,era5_station,ifs_hres,1.1458637746829978
127,era5_station,graphcast_hres_init,0.9396158617257832
127,era5_station,pangu_hres_init,0.9173261517356063
128,era5_station,ifs_hres,1.2125552285286008
128,era5_station,graphcast_hres_init,0.9608861850369679
128,era5_station,pangu_hres_init,0.8888844903475727
129,era5_station,ifs_hres,1.2043107200353305
129,era5_station,graphcast_hres_init,0.9583449079056638
129,era5_station,pangu_hres_init,0.8994861774543406
130,era5_station,ifs_hres,1.1914731610269589
130,era5_station,graphcast_hres_init,0.9641534619302558
130,era5_station,pangu_hres_init,0.9037304149252237
131,era5_station,ifs_hres,1.1735772039678338
131,era5_station,graphcast_hres_init,0.9630982059593937
131,era5_station,pangu_hres_init,0.893736404339554
132,era5_station,ifs_hres,1.1587264261510273
132,era5_station,graphcast_hres_init,0.9424703225081483
132,era5_station,pangu_hres_init,0.8908765847232452
133,era5_station,ifs_hres,1.1667384430265269
133,era5_station,graphcast_hres_init,0.9500179347413936
133,era5_station,pangu_hres_init,0.9127616315312193
134,era5_station,ifs_hres,1.1520798225771522
134,era5_station,graphcast_hres_init,0.9390447167293872
134,era5_station,pangu_hres_init,0.9143435355744818
135,era5_station,ifs_hres,1.1967155815559787
135,era5_station,graphcast_hres_init,0.9566175976852908
135,era5_station,pangu_hres_init,0.893192799757326
136,era5_station,ifs_hres,1.1815259454694642
136,era5_station,graphcast_hres_init,0.9546596749016324
136,era5_station,pangu_hres_init,0.9036393913040297
137,era5_station,ifs_hres,1.1713991181770187
137,era5_station,graphcast_hres_init,0.9367292934916149
137,era5_station,pangu_hres_init,0.8697009167910237
138,era5_station,ifs_hres,1.1866571134204291
138,era5_station,graphcast_hres_init,0.9590813918318895
138,era5_station,pangu_hres_init,0.9067335389612599
139,era5_station,ifs_hres,1.2051335211317422
139,era5_station,graphcast_hres_init,0.9595334301045518
139,era5_station,pangu_hres_init,0.912810550260686
140,era5_station,ifs_hres,1.1555769707810526
140,era5_station,graphcast_hres_init,0.9258059575263375
140,era5_station,pangu_hres_init,0.8852901934693084
141,era5_station,ifs_hres,1.1478349130722862
141,era5_station,graphcast_hres_init,0.9390449052609702
141,era5_station,pangu_hres_init,0.8872803366054157
142,era5_station,ifs_hres,1.1892783928777582
142,era5_station,graphcast_hres_init,0.9460978531178746
142,era5_station,pangu_hres_init,0.8907963169777477
143,era5_station,ifs_hres,1.1639912448733938
143,era5_station,graphcast_hres_init,0.9390727810434869
143,era5_station,pangu_hres_init,0.9053577306399538
144,era5_station,ifs_hres,1.1803055875080206
144,era5_station,graphcast_hres_init,0.9470715619757422
144,era5_station,pangu_hres_init,0.9098169784526452
145,era5_station,ifs_hres,1.1721736215579681
145,era5_station,graphcast_hres_init,0.960373453414505
145,era5_station,pangu_hres_init,0.8957207504923212
146,era5_station,ifs_hres,1.1814732319560595
146,era5_station,graphcast_hres_init,0.9611433713330377
146,era5_station,pangu_hres_init,0.920208518603465
147,era5_station,ifs_hres,1.171187768171491
147,era5_station,graphcast_hres_init,0.949656509185031
147,era5_station,pangu_hres_init,0.9004930143918514
148,era5_station,ifs_hres,1.1843262931524823
148,era5_station,graphcast_hres_init,0.9717677534146208
148,era5_station,pangu_hres_init,0.9017059677060641
149,era5_station,ifs_hres,1.158925789320007
149,era5_station,graphcast_hres_init,0.950360238883279
149,era5_station,pangu_hres_init,0.881125382470994
150,era5_station,ifs_hres,1.1503809853752547
150,era5_station,graphcast_hres_init,0.9389841519718969
150,era5_station,pangu_hres_init,0.8814067895718266
151,era5_station,ifs_hres,1.1715120568767952
151,era5_station,graphcast_hres_init,0.9330323247593277
151,era5_station,pangu_hres_init,0.8865016594686331
152,era5_station,ifs_hres,1.2112842897484644
152,era5_station,graphcast_hres_init,0.958346239660345
152,era5_station,pangu_hres_init,0.9083771832264281
153,era5_station,ifs_hres,1.1960668905970087
153,era5_station,graphcast_hres_init,0.9692266306172294
153,era5_station,pangu_hres_init,0.9036933161344634
154,era5_station,ifs_hres,1.1882381502201242
154,era5_station,graphcast_hres_init,0.9579612732317867
154,era5_station,pangu_hres_init,0.9116957886369769
155,era5_station,ifs_hres,1.1722862641863763
155,era5_station,graphcast_hres_init,0.9404145318680313
155,era5_station,pangu_hres_init,0.8779922828582137
156,era5_station,ifs_hres,1.1765060888299403
156,era5_station,graphcast_hres_init,0.9527541367803714
156,era5_station,pangu_hres_init,0.9072614207392715
157,era5_station,ifs_hres,1.1726120893618877
157,era5_station,graphcast_hres_init,0.9462546457334604
157,era5_station,pangu_hres_init,0.9115730449392581
158,era5_station,ifs_hres,1.173593098842534
158,era5_station,graphcast_hres_init,0.9575572174100248
158,era5_station,pangu_hres_init,0.8937281531443445
159,era5_station,ifs_hres,1.1949402088898833
159,era5_station,graphcast_hres_init,0.9555513092210728
159,era5_station,pangu_hres_init,0.8811977990644325
160,era5_station,ifs_hres,1.1649707633882276
160,era5_station,graphcast_hres_init,0.955434917890618
160,era5_station,pangu_hres_init,0.9076305524968344
161,era5_station,ifs_hres,1.1516262171879144
161,era5_station,graphcast_hres_init,0.9436920695010853
161,era5_station,pangu_hres_init,0.8843610710747192
162,era5_station,ifs_hres,1.1940161423706919
162,era5_station,graphcast_hres_init,0.9719925852631739
162,era5_station,pangu_hres_init,0.9110872686810106
163,era5_station,ifs_hres,1.1845927876041193
163,era5_station,graphcast_hres_init,0.9600298165687062
163,era5_station,pangu_hres_init,0.9052432552520111
164,era5_station,ifs_hres,1.1768430531192968
164,era5_station,graphcast_hres_init,0.9617303520856171
164,era5_station,pangu_hres_init,0.9117693166632307
165,era5_station,ifs_hres,1.1755864978902912
165,era5_station,graphcast_hres_init,0.9677596151363415
165,era5_station,pangu_hres_init,0.8989555255287539
166,era5_station,ifs_hres,1.196712692986801
166,era5_station,graphcast_hres_init,0.9523946107549551
166,era5_station,pangu_hres_init,0.9040922505390289
167,era5_station,ifs_hres,1.2089281990142249
167,era5_station,graphcast_hres_init,0.9621094115745414
167,era5_station,pangu_hres_init,0.9102173103727509
168,era5_station,ifs_hres,1.1830076643433198
168,era5_station,graphcast_hres_init,0.9368170549181927
168,era5_station,pangu_hres_init,0.9021320779172386
169,era5_station,ifs_hres,1.19142606248712
169,era5_station,graphcast_hres_init,0.9582685100301573
169,era5_station,pangu_hres_init,0.9053593220335728
170,era5_station,ifs_hres,1.1905007222774462
170,era5_station,graphcast_hres_init,0.9356878602865155
170,era5_station,pangu_hres_init,0.9051670447537957
171,era5_station,ifs_hres,1.1793278456995875
171,era5_station,graphcast_hres_init,0.9673690745799844
171,era5_station,pangu_hres_init,0.8988970323260871
172,era5_station,ifs_hres,1.1796875328022212
172,era5_station,graphcast_hres_init,0.9394756017804397
172,era5_station,pangu_hres_init,0.8939737352508368
173,era5_station,ifs_hres,1.2048094466630168
173,era5_station,graphcast_hres_init,0.9730790965883895
173,era5_station,pangu_hres_init,0.9116721016502588
174,era5_station,ifs_hres,1.167807045550158
174,era5_station,graphcast_hres_init,0.9497343683337782
174,era5_station,pangu_hres_init,0.8875569405609715
175,era5_station,ifs_hres,1.163377707618805
175,era5_station,graphcast_hres_init,0.955710788743003
175,era5_station,pangu_hres_init,0.8922478503957139
176,era5_station,ifs_hres,1.161131916552897
176,era5_station,graphcast_hres_init,0.9556580001060085
176,era5_station,pangu_hres_init,0.893385459463809
177,era5_station,ifs_hres,1.1458833772284083
177,era5_station,graphcast_hres_init,0.9394788760904726
177,era5_station,pangu_hres_init,0.8669089464574691
178,era5_station,ifs_hres,1.1579669586437173
178,era5_station,graphcast_hres_init,0.9459149330859229
178,era5_station,pangu_hres_init,0.895533918152224
179,era5_station,ifs_hres,1.1778581288551735
179,era5_station,graphcast_hres_init,0.9542995323546211
179,era5_station,pangu_hres_init,0.9058975579867456
180,era5_station,ifs_hres,1.1340535775069531
180,era5_station,graphcast_hres_init,0.924875805137057
180,era5_station,pangu_hres_init,0.8756709847186515
181,era5_station,ifs_hres,1.1713901338682875
181,era5_station,graphcast_hres_init,0.9657839931305475
181,era5_station,pangu_hres_init,0.9185114136898992
182,era5_station,ifs_hres,1.1562467788743336
182,era5_station,graphcast_hres_init,0.9334074940605388
182,era5_station,pangu_hres_init,0.8842584000875322
183,era5_station,ifs_hres,1.1619948581705846
183,era5_station,graphcast_hres_init,0.958124406116874
183,era5_station,pangu_hres_init,0.8905705383924817
184,era5_station,ifs_hres,1.1782728519685643
184,era5_station,graphcast_hres_init,0.9591615221692571
184,era5_station,pangu_hres_init,0.9019044960908691
185,era5_station,ifs_hres,1.1671390741532888
185,era5_station,graphcast_hres_init,0.9735231184995469
185,era5_station,pangu_hres_init,0.9045105341517808
186,era5_station,ifs_hres,1.147198790417702
186,era5_station,graphcast_hres_init,0.9416969707147438
186,era5_station,pangu_hres_init,0.8736719381028027
187,era5_station,ifs_hres,1.1657243325966666
187,era5_station,graphcast_hres_init,0.9373919727309179
187,era5_station,pangu_hres_init,0.8898627470001947
188,era5_station,ifs_hres,1.154166207926068
188,era5_station,graphcast_hres_init,0.9340957571028797
188,era5_station,pangu_hres_init,0.9133781520327928
189,era5_station,ifs_hres,1.1874429057385179
189,era5_station,graphcast_hres_init,0.9502970382226608
189,era5_station,pangu_hres_init,0.9021812331346192
190,era5_station,ifs_hres,1.182306163644841
190,era5_station,graphcast_hres_init,0.9586268536974798
190,era5_station,pangu_hres_init,0.8811723315692526
191,era5_station,ifs_hres,1.2127125266703895
191,era5_station,graphcast_hres_init,0.968532648234463
191,era5_station,pangu_hres_init,0.921168946693357
192,era5_station,ifs_hres,1.1586541887636397
192,era5_station,graphcast_hres_init,0.9376401661937804
192,era5_station,pangu_hres_init,0.8994707003381958
193,era5_station,ifs_hres,1.176633940798332
193,era5_station,graphcast_hres_init,0.9410191855877034
193,era5_station,pangu_hres_init,0.9027004026179056
194,era5_station,ifs_hres,1.1622612489577293
194,era5_station,graphcast_hres_init,0.9334916806664646
194,era5_station,pangu_hres_init,0.889854753758044
195,era5_station,ifs_hres,1.1661857031874903
195,era5_station,graphcast_hres_init,0.9483524870740566
195,era5_station,pangu_hres_init,0.8907708199225974
196,era5_station,ifs_hres,1.1780340966089713
196,era5_station,graphcast_hres_init,0.9495805059077362
196,era5_station,pangu_hres_init,0.8860307790929625
197,era5_station,ifs_hres,1.1812697475910419
197,era5_station,graphcast_hres_init,0.9506771754800888
197,era5_station,pangu_hres_init,0.8828940685477983
198,era5_station,ifs_hres,1.1762803621784643
198,era5_station,graphcast_hres_init,0.9419526880329058
198,era5_station,pangu_hres_init,0.913309015646107
199,era5_station,ifs_hres,1.1686687866290726
199,era5_station,graphcast_hres_init,0.9360533536888979
199,era5_station,pangu_hres_init,0.8681542505693114
200,era5_station,ifs_hres,1.1811483715501183
200,era5_station,graphcast_hres_init,0.9544898920857032
200,era5_station,pangu_hres_init,0.9023388937706781
201,era5_station,ifs_hres,1.1709446820903384
201,era5_station,graphcast_hres_init,0.9238510949155218
201,era5_station,pangu_hres_init,0.8792629385182262
202,era5_station,ifs_hres,1.1562716798497505
202,era5_station,graphcast_hres_init,0.9360310253969131
202,era5_station,pangu_hres_init,0.8849811692848752
203,era5_station,ifs_hres,1.167755223372195
203,era5_station,graphcast_hres_init,0.9320689679621333
203,era5_station,pangu_hres_init,0.8836027198661724
204,era5_station,ifs_hres,1.1899970143669816
204,era5_station,graphcast_hres_init,0.9529759851959362
204,era5_station,pangu_hres_init,0.902202153518416
205,era5_station,ifs_hres,1.1770899790889064
205,era5_station,graphcast_hres_init,0.9425732359126666
205,era5_station,pangu_hres_init,0.8941210751566229
206,era5_station,ifs_hres,1.1566296385230581
206,era5_station,graphcast_hres_init,0.9428205272678807
206,era5_station,pangu_hres_init,0.8917331648646271
207,era5_station,ifs_hres,1.168843031994447
207,era5_station,graphcast_hres_init,0.9426874677504163
207,era5_station,pangu_hres_init,0.8996736678869637
208,era5_station,ifs_hres,1.1960127481507759
208,era5_station,graphcast_hres_init,0.9501133754047049
208,era5_station,pangu_hres_init,0.9135651976681282
209,era5_station,ifs_hres,1.1918616930380168
209,era5_station,graphcast_hres_init,0.9540692371936241
209,era5_station,pangu_hres_init,0.8909320881638342
210,era5_station,ifs_hres,1.1727092617090755
210,era5_station,graphcast_hres_init,0.9426063833689471
210,era5_station,pangu_hres_init,0.89987117002079
211,era5_station,ifs_hres,1.182496208563154
211,era5_station,graphcast_hres_init,0.9566038646733839
211,era5_station,pangu_hres_init,0.897649816020001
212,era5_station,ifs_hres,1.1827428947628786
212,era5_station,graphcast_hres_init,0.9310162591537727
212,era5_station,pangu_hres_init,0.9108935638031864
213,era5_station,ifs_hres,1.1789697040629197
213,era5_station,graphcast_hres_init,0.9565501841393713
213,era5_station,pangu_hres_init,0.9111870764885827
214,era5_station,ifs_hres,1.1579060974648556
214,era5_station,graphcast_hres_init,0.9564576746996827
214,era5_station,pangu_hres_init,0.9012818974970501
215,era5_station,ifs_hres,1.1820693290589823
215,era5_station,graphcast_hres_init,0.9580182510908057
215,era5_station,pangu_hres_init,0.9063579560368407
216,era5_station,ifs_hres,1.1575239936756723
216,era5_station,graphcast_hres_init,0.9451906754686974
216,era5_station,pangu_hres_init,0.9053786943696138
217,era5_station,ifs_hres,1.1870647032498567
217,era5_station,graphcast_hres_init,0.9723512617038381
217,era5_station,pangu_hres_init,0.9211732405197136
218,era5_station,ifs_hres,1.1708433772431899
218,era5_station,graphcast_hres_init,0.9359383788593745
218,era5_station,pangu_hres_init,0.899215254070806
219,era5_station,ifs_hres,1.172197940917056
219,era5_station,graphcast_hres_init,0.9467198283174111
219,era5_station,pangu_hres_init,0.8887467790141158
220,era5_station,ifs_hres,1.1588248996898924
220,era5_station,graphcast_hres_init,0.9300919317773821
220,era5_station,pangu_hres_init,0.9099019472870643
221,era5_station,ifs_hres,1.160631723677355
221,era5_station,graphcast_hres_init,0.9369943999974853
221,era5_station,pangu_hres_init,0.9169626718900024
222,era5_station,ifs_hres,1.1870863098821594
222,era5_station,graphcast_hres_init,0.9627928993946567
222,era5_station,pangu_hres_init,0.9164266093066229
223,era5_station,ifs_hres,1.169306555337658
223,era5_station,graphcast_hres_init,0.9378015059454621
223,era5_station,pangu_hres_init,0.8892565035986911
224,era5_station,ifs_hres,1.1645208549262926
224,era5_station,graphcast_hres_init,0.9316085140536905
224,era5_station,pangu_hres_init,0.8836523862043492
225,era5_station,ifs_hres,1.1782322630579791
225,era5_station,graphcast_hres_init,0.9363145514013544
225,era5_station,pangu_hres_init,0.8941671848133083
226,era5_station,ifs_hres,1.1524909774564969
226,era5_station,graphcast_hres_init,0.9436669313468915
226,era5_station,pangu_hres_init,0.8808237278375656
227,era5_station,ifs_hres,1.1853863007746002
227,era5_station,graphcast_hres_init,0.9575968266349992
227,era5_station,pangu_hres_init,0.9138401987102401
228,era5_station,ifs_hres,1.1650096910513277
228,era5_station,graphcast_hres_init,0.9415454148595873
228,era5_station,pangu_hres_init,0.8674089981597813
229,era5_station,ifs_hres,1.1632596206979287
229,era5_station,graphcast_hres_init,0.9476077539474231
229,era5_station,pangu_hres_init,0.8951509965725678
230,era5_station,ifs_hres,1.1737943711428582
230,era5_station,graphcast_hres_init,0.9571830835737043
230,era5_station,pangu_hres_init,0.9038460894908156
231,era5_station,ifs_hres,1.178059645657009
231,era5_station,graphcast_hres_init,0.9652130554648832
231,era5_station,pangu_hres_init,0.9107788328130024
232,era5_station,ifs_hres,1.1765038577006108
232,era5_station,graphcast_hres_init,0.9540819896059407
232,era5_station,pangu_hres_init,0.8960100379817048
233,era5_station,ifs_hres,1.1768667068666987
233,era5_station,graphcast_hres_init,0.9698086204749312
233,era5_station,pangu_hres_init,0.9111869118280247
234,era5_station,ifs_hres,1.1611556893655428
234,era5_station,graphcast_hres_init,0.9391637001181935
234,era5_station,pangu_hres_init,0.883382521818338
235,era5_station,ifs_hres,1.1935419349505887
235,era5_station,graphcast_hres_init,0.9597745158127323
235,era5_station,pangu_hres_init,0.9136538499662982
236,era5_station,ifs_hres,1.1722524295250876
236,era5_station,graphcast_hres_init,0.9493616236697976
236,era5_station,pangu_hres_init,0.919254782918408
237,era5_station,ifs_hres,1.1745491291297843
237,era5_station,graphcast_hres_init,0.9521116215112544
237,era5_station,pangu_hres_init,0.9022491981477181
238,era5_station,ifs_hres,1.1707687789682577
238,era5_station,graphcast_hres_init,0.9753223105587145
238,era5_station,pangu_hres_init,0.9006580869346946
239,era5_station,ifs_hres,1.1882256262533952
239,era5_station,graphcast_hres_init,0.9496287163981614
239,era5_station,pangu_hres_init,0.9116512146462807
240,era5_station,ifs_hres,1.1708101476635264
240,era5_station,graphcast_hres_init,0.9414836901822359
240,era5_station,pangu_hres_init,0.8643843553153245
241,era5_station,ifs_hres,1.1764750160582702
241,era5_station,graphcast_hres_init,0.9671226648888466
241,era5_station,pangu_hres_init,0.9006954910757811
242,era5_station,ifs_hres,1.1538529127249386
242,era5_station,graphcast_hres_init,0.9364989882361638
242,era5_station,pangu_hres_init,0.901519257441748
243,era5_station,ifs_hres,1.186575682388509
243,era5_station,graphcast_hres_init,0.952984662056568
243,era5_station,pangu_hres_init,0.8827343604394576
244,era5_station,ifs_hres,1.187875511460219
244,era5_station,graphcast_hres_init,0.9666107314372762
244,era5_station,pangu_hres_init,0.9037949967304505
245,era5_station,ifs_hres,1.1688111899540201
245,era5_station,graphcast_hres_init,0.9555023989358614
245,era5_station,pangu_hres_init,0.8922134199653308
246,era5_station,ifs_hres,1.1892328586333178
246,era5_station,graphcast_hres_init,0.9618930638000482
246,era5_station,pangu_hres_init,0.8986102741267349
247,era5_station,ifs_hres,1.1800452759398794
247,era5_station,graphcast_hres_init,0.9683841025860418
247,era5_station,pangu_hres_init,0.8987063216214601
248,era5_station,ifs_hres,1.1690502054822207
248,era5_station,graphcast_hres_init,0.9426618331349687
248,era5_station,pangu_hres_init,0.8887077328746801
249,era5_station,ifs_hres,1.1579734012243346
249,era5_station,graphcast_hres_init,0.9626544507771843
249,era5_station,pangu_hres_init,0.9142359344257089
250,era5_station,ifs_hres,1.160361821795189
250,era5_station,graphcast_hres_init,0.9605025881541408
250,era5_station,pangu_hres_init,0.9190293006586987
251,era5_station,ifs_hres,1.167451041173986
251,era5_station,graphcast_hres_init,0.9327553335428914
251,era5_station,pangu_hres_init,0.9018996057401578
252,era5_station,ifs_hres,1.1741802676788766
252,era5_station,graphcast_hres_init,0.9576438265961935
252,era5_station,pangu_hres_init,0.9133214419630715
253,era5_station,ifs_hres,1.1607971687408225
253,era5_station,graphcast_hres_init,0.9299091314033616
253,era5_station,pangu_hres_init,0.8991809609905396
254,era5_station,ifs_hres,1.1675118317350837
254,era5_station,graphcast_hres_init,0.9548785678561913
254,era5_station,pangu_hres_init,0.8958697390168682
255,era5_station,ifs_hres,1.1900184545282066
255,era5_station,graphcast_hres_init,0.9566136067311641
255,era5_station,pangu_hres_init,0.9093234485084172
256,era5_station,ifs_hres,1.1590901655966779
256,era5_station,graphcast_hres_init,0.9579617051559836
256,era5_station,pangu_hres_init,0.8953655663148458
257,era5_station,ifs_hres,1.1557631068268415
257,era5_station,graphcast_hres_init,0.9519225528392049
257,era5_station,pangu_hres_init,0.886919690417386
258,era5_station,ifs_hres,1.194486830350702
258,era5_station,graphcast_hres_init,0.9608867342538563
258,era5_station,pangu_hres_init,0.8930979173199881
259,era5_station,ifs_hres,1.157130114252997
259,era5_station,graphcast_hres_init,0.9435500212450655
259,era5_station,pangu_hres_init,0.8793541357591733
260,era5_station,ifs_hres,1.1716442057403944
260,era5_station,graphcast_hres_init,0.9456305607741914
260,era5_station,pangu_hres_init,0.8966346088573995
261,era5_station,ifs_hres,1.1756410253501262
261,era5_station,graphcast_hres_init,0.9514931543631984
261,era5_station,pangu_hres_init,0.901789923528137
262,era5_station,ifs_hres,1.1825895512619895
262,era5_station,graphcast_hres_init,0.9688146444535713
262,era5_station,pangu_hres_init,0.8981854267261423
263,era5_station,ifs_hres,1.1800609204379795
263,era5_station,graphcast_hres_init,0.9558897304987315
263,era5_station,pangu_hres_init,0.8953692494643363
264,era5_station,ifs_hres,1.1684527932171462
264,era5_station,graphcast_hres_init,0.9398554038170361
264,era5_station,pangu_hres_init,0.8752272867458912
265,era5_station,ifs_hres,1.172847270956604
265,era5_station,graphcast_hres_init,0.9706515268450858
265,era5_station,pangu_hres_init,0.894539370884757
266,era5_station,ifs_hres,1.2061238846868465
266,era5_station,graphcast_hres_init,0.9524247330932385
266,era5_station,pangu_hres_init,0.9000188786662482
267,era5_station,ifs_hres,1.200361500199982
267,era5_station,graphcast_hres_init,0.963829716206943
267,era5_station,pangu_hres_init,0.9079243685926133
268,era5_station,ifs_hres,1.1793135705920867
268,era5_station,graphcast_hres_init,0.9478739130805248
268,era5_station,pangu_hres_init,0.8939160027740058
269,era5_station,ifs_hres,1.2017930119249411
269,era5_station,graphcast_hres_init,0.9674960832995798
269,era5_station,pangu_hres_init,0.8877688847517056
270,era5_station,ifs_hres,1.1713445860721203
270,era5_station,graphcast_hres_init,0.9283797130218446
270,era5_station,pangu_hres_init,0.8702149384783223
271,era5_station,ifs_hres,1.1717106308601575
271,era5_station,graphcast_hres_init,0.9569258737914867
271,era5_station,pangu_hres_init,0.8881584178842585
272,era5_station,ifs_hres,1.180515304393031
272,era5_station,graphcast_hres_init,0.9660711752360979
272,era5_station,pangu_hres_init,0.9203817613754999
273,era5_station,ifs_hres,1.1593712506605856
273,era5_station,graphcast_hres_init,0.9486159190017243
273,era5_station,pangu_hres_init,0.9096739866509027
274,era5_station,ifs_hres,1.1724968312247677
274,era5_station,graphcast_hres_init,0.9455687673936272
274,era5_station,pangu_hres_init,0.8921403986676908
275,era5_station,ifs_hres,1.187114508554619
275,era5_station,graphcast_hres_init,0.9516151404785901
275,era5_station,pangu_hres_init,0.8999413565947197
276,era5_station,ifs_hres,1.1615426887377236
276,era5_station,graphcast_hres_init,0.9370756774316722
276,era5_station,pangu_hres_init,0.9128969583909979
277,era5_station,ifs_hres,1.1642582181938235
277,era5_station,graphcast_hres_init,0.9504182992076083
277,era5_station,pangu_hres_init,0.9001373549212384
278,era5_station,ifs_hres,1.1623915337793136
278,era5_station,graphcast_hres_init,0.9383123990861173
278,era5_station,pangu_hres_init,0.9039463580082582
279,era5_station,ifs_hres,1.2115950380596188
279,era5_station,graphcast_hres_init,0.9622166563630723
279,era5_station,pangu_hres_init,0.8980875736666253
280,era5_station,ifs_hres,1.1815368584592771
280,era5_station,graphcast_hres_init,0.9610167428179954
280,era5_station,pangu_hres_init,0.8848124764236892
281,era5_station,ifs_hres,1.192017180191004
281,era5_station,graphcast_hres_init,0.9532137721834572
281,era5_station,pangu_hres_init,0.9024124977036675
282,era5_station,ifs_hres,1.2002910305265704
282,era5_station,graphcast_hres_init,0.9595412819291891
282,era5_station,pangu_hres_init,0.9032365230851693
283,era5_station,ifs_hres,1.195084946182777
283,era5_station,graphcast_hres_init,0.9377122629539004
283,era5_station,pangu_hres_init,0.8939265931999194
284,era5_station,ifs_hres,1.1961719810419233
284,era5_station,graphcast_hres_init,0.9519186898801355
284,era5_station,pangu_hres_init,0.8923298759544095
285,era5_station,ifs_hres,1.174460487541855
285,era5_station,graphcast_hres_init,0.9386353375574603
285,era5_station,pangu_hres_init,0.8947889108589799
286,era5_station,ifs_hres,1.159778920235256
286,era5_station,graphcast_hres_init,0.9501675296199386
286,era5_station,pangu_hres_init,0.8977667186953479
287,era5_station,ifs_hres,1.1608429865971825
287,era5_station,graphcast_hres_init,0.9358216623707117
287,era5_station,pangu_hres_init,0.8747019038304539
288,era5_station,ifs_hres,1.1733180622415524
288,era5_station,graphcast_hres_init,0.9641538280753137
288,era5_station,pangu_hres_init,0.9129279019159818
289,era5_station,ifs_hres,1.1757085257677296
289,era5_station,graphcast_hres_init,0.9532379576932231
289,era5_station,pangu_hres_init,0.8962754723737413
290,era5_station,ifs_hres,1.1600409954290813
290,era5_station,graphcast_hres_init,0.9521508179517023
290,era5_station,pangu_hres_init,0.8823878574859847
291,era5_station,ifs_hres,1.184540050599576
291,era5_station,graphcast_hres_init,0.9689988513773492
291,era5_station,pangu_hres_init,0.9107792192202946
292,era5_station,ifs_hres,1.1932193940831926
292,era5_station,graphcast_hres_init,0.9642779088353914
292,era5_station,pangu_hres_init,0.9139180094706485
293,era5_station,ifs_hres,1.1939221307299028
293,era5_station,graphcast_hres_init,0.942498126044971
293,era5_station,pangu_hres_init,0.8897531554362055
294,era5_station,ifs_hres,1.1667489709225953
294,era5_station,graphcast_hres_init,0.9540928763114253
294,era5_station,pangu_hres_init,0.8884030984608828
295,era5_station,ifs_hres,1.1739399984896537
295,era5_station,graphcast_hres_init,0.9508646941042672
295,era5_station,pangu_hres_init,0.8909137542810311
296,era5_station,ifs_hres,1.1783024465260077
296,era5_station,graphcast_hres_init,0.9447128701167998
296,era5_station,pangu_hres_init,0.8957217664772602
297,era5_station,ifs_hres,1.1626651479816053
297,era5_station,graphcast_hres_init,0.961185860758631
297,era5_station,pangu_hres_init,0.8851182665642383
298,era5_station,ifs_hres,1.178752615867779
298,era5_station,graphcast_hres_init,0.9632405565235891
298,era5_station,pangu_hres_init,0.9098731011967635
299,era5_station,ifs_hres,1.1999299754898747
299,era5_station,graphcast_hres_init,0.9740611753028362
299,era5_station,pangu_hres_init,0.9186744220515864
300,era5_station,ifs_hres,1.1766180491838558
300,era5_station,graphcast_hres_init,0.9640726431672553
300,era5_station,pangu_hres_init,0.9072106978951374
301,era5_station,ifs_hres,1.1832582412546875
301,era5_station,graphcast_hres_init,0.9615788673265762
301,era5_station,pangu_hres_init,0.9024551472345712
302,era5_station,ifs_hres,1.1972708019612304
302,era5_station,graphcast_hres_init,0.9409545819676018
302,era5_station,pangu_hres_init,0.8679029758360067
303,era5_station,ifs_hres,1.1572009634918756
303,era5_station,graphcast_hres_init,0.9385605966389367
303,era5_station,pangu_hres_init,0.8862064635943541
304,era5_station,ifs_hres,1.1816017192947323
304,era5_station,graphcast_hres_init,0.9648991833343727
304,era5_station,pangu_hres_init,0.9147110937630913
305,era5_station,ifs_hres,1.1833372606666737
305,era5_station,graphcast_hres_init,0.9629393244348535
305,era5_station,pangu_hres_init,0.9000053992892827
306,era5_station,ifs_hres,1.168860287643742
306,era5_station,graphcast_hres_init,0.9573673993504095
306,era5_station,pangu_hres_init,0.8853328608401717
307,era5_station,ifs_hres,1.1935485843916132
307,era5_station,graphcast_hres_init,0.9692425353448344
307,era5_station,pangu_hres_init,0.8991559201837838
308,era5_station,ifs_hres,1.1501614823741322
308,era5_station,graphcast_hres_init,0.942162344188491
308,era5_station,pangu_hres_init,0.9156854482732792
309,era5_station,ifs_hres,1.1493585329942801
309,era5_station,graphcast_hres_init,0.9280392764110794
309,era5_station,pangu_hres_init,0.8862002270601771
310,era5_station,ifs_hres,1.1902674707656393
310,era5_station,graphcast_hres_init,0.9772184949461419
310,era5_station,pangu_hres_init,0.9199799216882476
311,era5_station,ifs_hres,1.1651188336626344
311,era5_station,graphcast_hres_init,0.9485461924143386
311,era5_station,pangu_hres_init,0.8951995201562885
312,era5_station,ifs_hres,1.1812465741460045
312,era5_station,graphcast_hres_init,0.9408595939615403
312,era5_station,pangu_hres_init,0.9013062873979238
313,era5_station,ifs_hres,1.164575969297423
313,era5_station,graphcast_hres_init,0.9492111206700192
313,era5_station,pangu_hres_init,0.8979257363869112
314,era5_station,ifs_hres,1.1915558288585246
314,era5_station,graphcast_hres_init,0.9602351180366777
314,era5_station,pangu_hres_init,0.8987984601625133
315,era5_station,ifs_hres,1.2108221656293483
315,era5_station,graphcast_hres_init,0.9605556567885302
315,era5_station,pangu_hres_init,0.8973072000771313
316,era5_station,ifs_hres,1.1795232964406277
316,era5_station,graphcast_hres_init,0.9556058158382189
316,era5_station,pangu_hres_init,0.9129991151269494
317,era5_station,ifs_hres,1.1800689825663007
317,era5_station,graphcast_hres_init,0.9450006948732922
317,era5_station,pangu_hres_init,0.9237747610312994
318,era5_station,ifs_hres,1.1730119962702636
318,era5_station,graphcast_hres_init,0.9395232799016097
318,era5_station,pangu_hres_init,0.8835044953938614
319,era5_station,ifs_hres,1.16690946688465
319,era5_station,graphcast_hres_init,0.9367100670144264
319,era5_station,pangu_hres_init,0.8851526171904264
320,era5_station,ifs_hres,1.1875007171086234
320,era5_station,graphcast_hres_init,0.9579596780415778
320,era5_station,pangu_hres_init,0.9058176641692207
321,era5_station,ifs_hres,1.1734062214640908
321,era5_station,graphcast_hres_init,0.9582906603990974
321,era5_station,pangu_hres_init,0.8976422707719398
322,era5_station,ifs_hres,1.1719068924293152
322,era5_station,graphcast_hres_init,0.9562069555075308
322,era5_station,pangu_hres_init,0.9091202430349451
323,era5_station,ifs_hres,1.1550005687414688
323,era5_station,graphcast_hres_init,0.9432781844078991
323,era5_station,pangu_hres_init,0.9154731899263227
324,era5_station,ifs_hres,1.161021535126218
324,era5_station,graphcast_hres_init,0.947789587727971
324,era5_station,pangu_hres_init,0.9177091713505214
325,era5_station,ifs_hres,1.1770409087004239
325,era5_station,graphcast_hres_init,0.9646629728065939
325,era5_station,pangu_hres_init,0.8777424916199208
326,era5_station,ifs_hres,1.1833570347685896
326,era5_station,graphcast_hres_init,0.9549318227564767
326,era5_station,pangu_hres_init,0.9186244735450598
327,era5_station,ifs_hres,1.1622169585878752
327,era5_station,graphcast_hres_init,0.9500670981142935
327,era5_station,pangu_hres_init,0.9176857761297312
328,era5_station,ifs_hres,1.179697184264492
328,era5_station,graphcast_hres_init,0.9497254759920095
328,era5_station,pangu_hres_init,0.889712897691283
329,era5_station,ifs_hres,1.1664750158332136
329,era5_station,graphcast_hres_init,0.9520124932999695
329,era5_station,pangu_hres_init,0.892756364574186
330,era5_station,ifs_hres,1.18896296410918
330,era5_station,graphcast_hres_init,0.9561893352670073
330,era5_station,pangu_hres_init,0.8975819123348698
331,era5_station,ifs_hres,1.172895980808772
331,era5_station,graphcast_hres_init,0.95529729461232
331,era5_station,pangu_hres_init,0.9121152618307278
332,era5_station,ifs_hres,1.1782348910466554
332,era5_station,graphcast_hres_init,0.9441262208916651
332,era5_station,pangu_hres_init,0.8891379433462362
333,era5_station,ifs_hres,1.175276553631584
333,era5_station,graphcast_hres_init,0.9363791970253017
333,era5_station,pangu_hres_init,0.884681153938713
334,era5_station,ifs_hres,1.1904275895584173
334,era5_station,graphcast_hres_init,0.9576761285822905
334,era5_station,pangu_hres_init,0.9048068694413963
335,era5_station,ifs_hres,1.1647975302033633
335,era5_station,graphcast_hres_init,0.9433107034542358
335,era5_station,pangu_hres_init,0.8867638511931124
336,era5_station,ifs_hres,1.188378602996865
336,era5_station,graphcast_hres_init,0.9413199989088618
336,era5_station,pangu_hres_init,0.8933100939195596
337,era5_station,ifs_hres,1.1773801097977077
337,era5_station,graphcast_hres_init,0.9452629122595215
337,era5_station,pangu_hres_init,0.9032298679222658
338,era5_station,ifs_hres,1.1907559005306443
338,era5_station,graphcast_hres_init,0.9540774804832974
338,era5_station,pangu_hres_init,0.8906715696436879
339,era5_station,ifs_hres,1.1580022096912204
339,era5_station,graphcast_hres_init,0.9416891368015146
339,era5_station,pangu_hres_init,0.8838370334491238
340,era5_station,ifs_hres,1.1742197969443045
340,era5_station,graphcast_hres_init,0.9481636822781784
340,era5_station,pangu_hres_init,0.8796462781058111
341,era5_station,ifs_hres,1.1794521973904486
341,era5_station,graphcast_hres_init,0.9739123965594833
341,era5_station,pangu_hres_init,0.9034343111857217
342,era5_station,ifs_hres,1.1793253777606483
342,era5_station,graphcast_hres_init,0.9687170770173009
342,era5_station,pangu_hres_init,0.9077527684674884
343,era5_station,ifs_hres,1.182729397063579
343,era5_station,graphcast_hres_init,0.9641102337962906
343,era5_station,pangu_hres_init,0.904594848848762
344,era5_station,ifs_hres,1.169699420444547
344,era5_station,graphcast_hres_init,0.9451735104940353
344,era5_station,pangu_hres_init,0.9034574971887543
345,era5_station,ifs_hres,1.207970913112323
345,era5_station,graphcast_hres_init,0.9627110927369649
345,era5_station,pangu_hres_init,0.8908785542806308
346,era5_station,ifs_hres,1.167524233700394
346,era5_station,graphcast_hres_init,0.9779031778317536
346,era5_station,pangu_hres_init,0.9298620343688251
347,era5_station,ifs_hres,1.1898630703764246
347,era5_station,graphcast_hres_init,0.9522558875285424
347,era5_station,pangu_hres_init,0.8924902218148238
348,era5_station,ifs_hres,1.17584648688848
348,era5_station,graphcast_hres_init,0.9504908480832749
348,era5_station,pangu_hres_init,0.8775867146038488
349,era5_station,ifs_hres,1.1806069083552848
349,era5_station,graphcast_hres_init,0.9508550667872819
349,era5_station,pangu_hres_init,0.9005070907282913
350,era5_station,ifs_hres,1.1952502340337903
350,era5_station,graphcast_hres_init,0.9588764431266126
350,era5_station,pangu_hres_init,0.9080061539920383
351,era5_station,ifs_hres,1.1948167367163918
351,era5_station,graphcast_hres_init,0.9563664460409542
351,era5_station,pangu_hres_init,0.8864543573717659
352,era5_station,ifs_hres,1.162532297574956
352,era5_station,graphcast_hres_init,0.9603035300118093
352,era5_station,pangu_hres_init,0.9186953894948161
353,era5_station,ifs_hres,1.1690016682478657
353,era5_station,graphcast_hres_init,0.9363431305042802
353,era5_station,pangu_hres_init,0.8730154037607076
354,era5_station,ifs_hres,1.1489440059612077
354,era5_station,graphcast_hres_init,0.9383647369250184
354,era5_station,pangu_hres_init,0.9045103625498783
355,era5_station,ifs_hres,1.1990550782375675
355,era5_station,graphcast_hres_init,0.9629690333073775
355,era5_station,pangu_hres_init,0.904091558126832
356,era5_station,ifs_hres,1.1661421116507584
356,era5_station,graphcast_hres_init,0.93585861763067
356,era5_station,pangu_hres_init,0.8868096183173799
357,era5_station,ifs_hres,1.18652188150305
357,era5_station,graphcast_hres_init,0.9399066306431723
357,era5_station,pangu_hres_init,0.8788947660554868
358,era5_station,ifs_hres,1.1691551987819404
358,era5_station,graphcast_hres_init,0.9460386821395328
358,era5_station,pangu_hres_init,0.8753027613669535
359,era5_station,ifs_hres,1.17359489932979
359,era5_station,graphcast_hres_init,0.9637033235546163
359,era5_station,pangu_hres_init,0.8938507356838761
360,era5_station,ifs_hres,1.155108891060788
360,era5_station,graphcast_hres_init,0.9405141568773178
360,era5_station,pangu_hres_init,0.9086734654379107
361,era5_station,ifs_hres,1.1988382098953074
361,era5_station,graphcast_hres_init,0.9668036146022339
361,era5_station,pangu_hres_init,0.9313992740456686
362,era5_station,ifs_hres,1.1812530737993263
362,era5_station,graphcast_hres_init,0.9653892802569911
362,era5_station,pangu_hres_init,0.8985119671835445
363,era5_station,ifs_hres,1.183260030693311
363,era5_station,graphcast_hres_init,0.9771864913193189
363,era5_station,pangu_hres_init,0.8988309352954825
364,era5_station,ifs_hres,1.181557882556237
364,era5_station,graphcast_hres_init,0.9620262306857672
364,era5_station,pangu_hres_init,0.901133780285894
365,era5_station,ifs_hres,1.1716420013959237
365,era5_station,graphcast_hres_init,0.9596958811502985
365,era5_station,pangu_hres_init,0.890920152662411
366,era5_station,ifs_hres,1.1846415649643627
366,era5_station,graphcast_hres_init,0.957859730156028
366,era5_station,pangu_hres_init,0.9168566828260266
367,era5_station,ifs_hres,1.1638201310872704
367,era5_station,graphcast_hres_init,0.9433432579290824
367,era5_station,pangu_hres_init,0.8894754412492701
368,era5_station,ifs_hres,1.1798015338726326
368,era5_station,graphcast_hres_init,0.948637002331655
368,era5_station,pangu_hres_init,0.9033337292460079
369,era5_station,ifs_hres,1.189114233732875
369,era5_station,graphcast_hres_init,0.9604373560465966
369,era5_station,pangu_hres_init,0.9095673244487952
370,era5_station,ifs_hres,1.188619667477595
370,era5_station,graphcast_hres_init,0.9749145191280829
370,era5_station,pangu_hres_init,0.8933840132006488
371,era5_station,ifs_hres,1.1726471742497828
371,era5_station,graphcast_hres_init,0.9510967224010176
371,era5_station,pangu_hres_init,0.9190633969946578
372,era5_station,ifs_hres,1.172603411837896
372,era5_station,graphcast_hres_init,0.9501399451104637
372,era5_station,pangu_hres_init,0.9006481197920159
373,era5_station,ifs_hres,1.176507895496773
373,era5_station,graphcast_hres_init,0.9395631861042607
373,era5_station,pangu_hres_init,0.8864986049538631
374,era5_station,ifs_hres,1.1833548072207654
374,era5_station,graphcast_hres_init,0.9655133329479695
374,era5_station,pangu_hres_init,0.9259593564488442
375,era5_station,ifs_hres,1.1564674720534234
375,era5_station,graphcast_hres_init,0.9451237536387745
375,era5_station,pangu_hres_init,0.9058099771971648
376,era5_station,ifs_hres,1.1772551354972836
376,era5_station,graphcast_hres_init,0.944805885617292
376,era5_station,pangu_hres_init,0.9147324505916143
377,era5_station,ifs_hres,1.1625933191516749
377,era5_station,graphcast_hres_init,0.9505322990490037
377,era5_station,pangu_hres_init,0.8780776561029631
378,era5_station,ifs_hres,1.1746431358897846
378,era5_station,graphcast_hres_init,0.9601255827601674
378,era5_station,pangu_hres_init,0.9060916466320883
379,era5_station,ifs_hres,1.1803760715188374
379,era5_station,graphcast_hres_init,0.9639419736435338
379,era5_station,pangu_hres_init,0.8869254067651368
380,era5_station,ifs_hres,1.1826768576491962
380,era5_station,graphcast_hres_init,0.9770278708285917
380,era5_station,pangu_hres_init,0.9038627349527285
381,era5_station,ifs_hres,1.1783952913034021
381,era5_station,graphcast_hres_init,0.9526538951440179
381,era5_station,pangu_hres_init,0.9118946469090031
382,era5_station,ifs_hres,1.1976286831706662
382,era5_station,graphcast_hres_init,0.9621223920408327
382,era5_station,pangu_hres_init,0.9130900223846359
383,era5_station,ifs_hres,1.174427185960839
383,era5_station,graphcast_hres_init,0.9574883897159624
383,era5_station,pangu_hres_init,0.9131454082573007
384,era5_station,ifs_hres,1.1865817029559482
384,era5_station,graphcast_hres_init,0.9642690260251188
384,era5_station,pangu_hres_init,0.905105396207857
385,era5_station,ifs_hres,1.1588702864623013
385,era5_station,graphcast_hres_init,0.9395583485420247
385,era5_station,pangu_hres_init,0.8819674270692024
386,era5_station,ifs_hres,1.1769533868075932
386,era5_station,graphcast_hres_init,0.9485668983673706
386,era5_station,pangu_hres_init,0.904689162466686
387,era5_station,ifs_hres,1.1864849729567264
387,era5_station,graphcast_hres_init,0.9552730731642981
387,era5_station,pangu_hres_init,0.8889528112573842
388,era5_station,ifs_hres,1.1903597457662347
388,era5_station,graphcast_hres_init,0.9569161544226539
388,era5_station,pangu_hres_init,0.8961484622343852
389,era5_station,ifs_hres,1.1886524089562467
389,era5_station,graphcast_hres_init,0.9744004811969982
389,era5_station,pangu_hres_init,0.898732639417696
390,era5_station,ifs_hres,1.1903775341808027
390,era5_station,graphcast_hres_init,0.9636120791719122
390,era5_station,pangu_hres_init,0.8966825938607655
391,era5_station,ifs_hres,1.1826991360502022
391,era5_station,graphcast_hres_init,0.9542319970322326
391,era5_station,pangu_hres_init,0.9024569047883102
392,era5_station,ifs_hres,1.1565228339695777
392,era5_station,graphcast_hres_init,0.9363493577061689
392,era5_station,pangu_hres_init,0.8909012667745038
393,era5_station,ifs_hres,1.201604445462002
393,era5_station,graphcast_hres_init,0.9624576187417127
393,era5_station,pangu_hres_init,0.9072059274188818
394,era5_station,ifs_hres,1.2002310066161013
394,era5_station,graphcast_hres_init,0.9599283612235876
394,era5_station,pangu_hres_init,0.8937908825938673
395,era5_station,ifs_hres,1.1852271170849435
395,era5_station,graphcast_hres_init,0.9809497011951888
395,era5_station,pangu_hres_init,0.9169578710906461
396,era5_station,ifs_hres,1.1899368326296258
396,era5_station,graphcast_hres_init,0.9586616601728313
396,era5_station,pangu_hres_init,0.9234973134854066
397,era5_station,ifs_hres,1.1612211133198693
397,era5_station,graphcast_hres_init,0.9537157804554794
397,era5_station,pangu_hres_init,0.8874471846498052
398,era5_station,ifs_hres,1.1812154480291155
398,era5_station,graphcast_hres_init,0.9536454122841533
398,era5_station,pangu_hres_init,0.8948440636330824
399,era5_station,ifs_hres,1.1861036158926026
399,era5_station,graphcast_hres_init,0.9660544986956707
399,era5_station,pangu_hres_init,0.9031961953248734
400,era5_station,ifs_hres,1.196506414932749
400,era5_station,graphcast_hres_init,0.9586211466266714
400,era5_station,pangu_hres_init,0.8978609076812972
401,era5_station,ifs_hres,1.184124913177206
401,era5_station,graphcast_hres_init,0.9482550746684743
401,era5_station,pangu_hres_init,0.9151116644481178
402,era5_station,ifs_hres,1.1789104991828756
402,era5_station,graphcast_hres_init,0.946907463448863
402,era5_station,pangu_hres_init,0.9108610784871334
403,era5_station,ifs_hres,1.1742499312792913
403,era5_station,graphcast_hres_init,0.9524366505754338
403,era5_station,pangu_hres_init,0.8936267163996765
404,era5_station,ifs_hres,1.1721841104574986
404,era5_station,graphcast_hres_init,0.9538690931006849
404,era5_station,pangu_hres_init,0.909920707984888
405,era5_station,ifs_hres,1.1885095690636989
405,era5_station,graphcast_hres_init,0.9569303259520263
405,era5_station,pangu_hres_init,0.8915169890064437
406,era5_station,ifs_hres,1.1724415828911494
406,era5_station,graphcast_hres_init,0.9551775741233737
406,era5_station,pangu_hres_init,0.9186587880674701
407,era5_station,ifs_hres,1.1581512279164423
407,era5_station,graphcast_hres_init,0.9454082815912054
407,era5_station,pangu_hres_init,0.8840630714102706
408,era5_station,ifs_hres,1.174751659410674
408,era5_station,graphcast_hres_init,0.9644031606486421
408,era5_station,pangu_hres_init,0.9166940465274876
409,era5_station,ifs_hres,1.169788112007814
409,era5_station,graphcast_hres_init,0.9260331781450073
409,era5_station,pangu_hres_init,0.8704464333861348
410,era5_station,ifs_hres,1.1599867276417708
410,era5_station,graphcast_hres_init,0.9404965784149384
410,era5_station,pangu_hres_init,0.8870332275388196
411,era5_station,ifs_hres,1.1888731791260896
411,era5_station,graphcast_hres_init,0.9575900392095815
411,era5_station,pangu_hres_init,0.9108173100279664
412,era5_station,ifs_hres,1.1920461921640169
412,era5_station,graphcast_hres_init,0.9552419106754411
412,era5_station,pangu_hres_init,0.8859037413903935
413,era5_station,ifs_hres,1.1599938063941173
413,era5_station,graphcast_hres_init,0.9321850433537108
413,era5_station,pangu_hres_init,0.9104887607495871
414,era5_station,ifs_hres,1.170268076359849
414,era5_station,graphcast_hres_init,0.950698856901337
414,era5_station,pangu_hres_init,0.8885464430818872
415,era5_station,ifs_hres,1.1595978942991452
415,era5_station,graphcast_hres_init,0.9522438549788931
415,era5_station,pangu_hres_init,0.886980990070716
416,era5_station,ifs_hres,1.1872616825629434
416,era5_station,graphcast_hres_init,0.9653016350698967
416,era5_station,pangu_hres_init,0.9051302485482137
417,era5_station,ifs_hres,1.163981343564774
417,era5_station,graphcast_hres_init,0.9467056217955958
417,era5_station,pangu_hres_init,0.885154578552623
418,era5_station,ifs_hres,1.189263411998416
418,era5_station,graphcast_hres_init,0.9656402633674632
418,era5_station,pangu_hres_init,0.9131546766241421
419,era5_station,ifs_hres,1.1764914424242279
419,era5_station,graphcast_hres_init,0.950479221327412
419,era5_station,pangu_hres_init,0.8913901189455136
420,era5_station,ifs_hres,1.1859227599829103
420,era5_station,graphcast_hres_init,0.9505732336563272
420,era5_station,pangu_hres_init,0.8992906396944013
421,era5_station,ifs_hres,1.1798960123442552
421,era5_station,graphcast_hres_init,0.9410753382579395
421,era5_station,pangu_hres_init,0.901235018063327
422,era5_station,ifs_hres,1.2097627946604934
422,era5_station,graphcast_hres_init,0.9615496690343297
422,era5_station,pangu_hres_init,0.9173376777545901
423,era5_station,ifs_hres,1.1601313638807478
423,era5_station,graphcast_hres_init,0.9570513826513305
423,era5_station,pangu_hres_init,0.8888054461987133
424,era5_station,ifs_hres,1.1772087614861815
424,era5_station,graphcast_hres_init,0.9630279025182517
424,era5_station,pangu_hres_init,0.9259215451445798
425,era5_station,ifs_hres,1.1810064903821889
425,era5_station,graphcast_hres_init,0.9507605766919606
425,era5_station,pangu_hres_init,0.905062661983882
426,era5_station,ifs_hres,1.1733087794292452
426,era5_station,graphcast_hres_init,0.9501088692686267
426,era5_station,pangu_hres_init,0.9034462220958974
427,era5_station,ifs_hres,1.166935313347943
427,era5_station,graphcast_hres_init,0.9489220519868559
427,era5_station,pangu_hres_init,0.8939235632955093
428,era5_station,ifs_hres,1.1464429004985057
428,era5_station,graphcast_hres_init,0.9436961792947368
428,era5_station,pangu_hres_init,0.8997154937163898
429,era5_station,ifs_hres,1.1847731318164074
429,era5_station,graphcast_hres_init,0.9458944233982431
429,era5_station,pangu_hres_init,0.8956291707407659
430,era5_station,ifs_hres,1.1765093572819025
430,era5_station,graphcast_hres_init,0.9587634735508249
430,era5_station,pangu_hres_init,0.9031936193660447
431,era5_station,ifs_hres,1.1776636760477912
431,era5_station,graphcast_hres_init,0.963334961504926
431,era5_station,pangu_hres_init,0.8987469540106178
432,era5_station,ifs_hres,1.1725137743685174
432,era5_station,graphcast_hres_init,0.9495200107526376
432,era5_station,pangu_hres_init,0.8962782851629786
433,era5_station,ifs_hres,1.212064787931691
433,era5_station,graphcast_hres_init,0.9617375262045248
433,era5_station,pangu_hres_init,0.8939927805997894
434,era5_station,ifs_hres,1.1590112872133895
434,era5_station,graphcast_hres_init,0.9328282569130434
434,era5_station,pangu_hres_init,0.8676790178582074
435,era5_station,ifs_hres,1.1632009250406343
435,era5_station,graphcast_hres_init,0.9531509155710673
435,era5_station,pangu_hres_init,0.9086957189946693
436,era5_station,ifs_hres,1.154140457712231
436,era5_station,graphcast_hres_init,0.9281031909431762
436,era5_station,pangu_hres_init,0.8721288220264828
437,era5_station,ifs_hres,1.182138305381227
437,era5_station,graphcast_hres_init,0.966074204386991
437,era5_station,pangu_hres_init,0.9206846734002201
438,era5_station,ifs_hres,1.1821189445822555
438,era5_station,graphcast_hres_init,0.9558088473970672
438,era5_station,pangu_hres_init,0.8987141481902768
439,era5_station,ifs_hres,1.1712441258164994
439,era5_station,graphcast_hres_init,0.934367119618743
439,era5_station,pangu_hres_init,0.8824398747467157
440,era5_station,ifs_hres,1.180056030247155
440,era5_station,graphcast_hres_init,0.9393633220164413
440,era5_station,pangu_hres_init,0.9115449114772661
441,era5_station,ifs_hres,1.1975609924012744
441,era5_station,graphcast_hres_init,0.9344253528327987
441,era5_station,pangu_hres_init,0.8903702480996999
442,era5_station,ifs_hres,1.1329897924355612
442,era5_station,graphcast_hres_init,0.9354224727564874
442,era5_station,pangu_hres_init,0.8711925204938009
443,era5_station,ifs_hres,1.1642569032478691
443,era5_station,graphcast_hres_init,0.9369016032791834
443,era5_station,pangu_hres_init,0.9054912315461763
444,era5_station,ifs_hres,1.1939790841050593
444,era5_station,graphcast_hres_init,0.972937940833375
444,era5_station,pangu_hres_init,0.9005385961163231
445,era5_station,ifs_hres,1.1724625417386771
445,era5_station,graphcast_hres_init,0.9736384636334501
445,era5_station,pangu_hres_init,0.9020459085117053
446,era5_station,ifs_hres,1.1811587921256983
446,era5_station,graphcast_hres_init,0.9563331833926036
446,era5_station,pangu_hres_init,0.8944873159705541
447,era5_station,ifs_hres,1.1742775735737399
447,era5_station,graphcast_hres_init,0.9523326293033778
447,era5_station,pangu_hres_init,0.898440330861387
448,era5_station,ifs_hres,1.1677006852920597
448,era5_station,graphcast_hres_init,0.9640661464733579
448,era5_station,pangu_hres_init,0.8933651738373798
449,era5_station,ifs_hres,1.1639732122926982
449,era5_station,graphcast_hres_init,0.9351705852038277
449,era5_station,pangu_hres_init,0.9212503212357049
450,era5_station,ifs_hres,1.1778163789432694
450,era5_station,graphcast_hres_init,0.9596179151559209
450,era5_station,pangu_hres_init,0.8989383766656166
451,era5_station,ifs_hres,1.1792201579935373
451,era5_station,graphcast_hres_init,0.9703559966562032
451,era5_station,pangu_hres_init,0.8957808527765416
452,era5_station,ifs_hres,1.1915788414558652
452,era5_station,graphcast_hres_init,0.9573030801846566
452,era5_station,pangu_hres_init,0.9003023591858723
453,era5_station,ifs_hres,1.1743824866195154
453,era5_station,graphcast_hres_init,0.9567187359805323
453,era5_station,pangu_hres_init,0.9006859255575839
454,era5_station,ifs_hres,1.1689015954105553
454,era5_station,graphcast_hres_init,0.9412480663553086
454,era5_station,pangu_hres_init,0.8985517429800018
455,era5_station,ifs_hres,1.1855275800161333
455,era5_station,graphcast_hres_init,0.9503946968277002
455,era5_station,pangu_hres_init,0.9034376501603152
456,era5_station,ifs_hres,1.1701651015050532
456,era5_station,graphcast_hres_init,0.9583964589188116
456,era5_station,pangu_hres_init,0.9026814294125186
457,era5_station,ifs_hres,1.189618789539225
457,era5_station,graphcast_hres_init,0.9656319458619288
457,era5_station,pangu_hres_init,0.9112615869812816
458,era5_station,ifs_hres,1.1892651522214854
458,era5_station,graphcast_hres_init,0.9625802576360529
458,era5_station,pangu_hres_init,0.8988827770478585
459,era5_station,ifs_hres,1.1731947704265007
459,era5_station,graphcast_hres_init,0.9499739567826249
459,era5_station,pangu_hres_init,0.9059734718369437
460,era5_station,ifs_hres,1.159121160701
460,era5_station,graphcast_hres_init,0.9541818315866475
460,era5_station,pangu_hres_init,0.90645706388345
461,era5_station,ifs_hres,1.1771678358194473
461,era5_station,graphcast_hres_init,0.9640671874287985
461,era5_station,pangu_hres_init,0.8994401297922777
462,era5_station,ifs_hres,1.1787023958083782
462,era5_station,graphcast_hres_init,0.9535808507067853
462,era5_station,pangu_hres_init,0.895385287623399
463,era5_station,ifs_hres,1.1975572453089036
463,era5_station,graphcast_hres_init,0.9435484554796333
463,era5_station,pangu_hres_init,0.9020981866467563
464,era5_station,ifs_hres,1.1873187271699603
464,era5_station,graphcast_hres_init,0.9488052628077285
464,era5_station,pangu_hres_init,0.9083307088856272
465,era5_station,ifs_hres,1.1767201613141725
465,era5_station,graphcast_hres_init,0.9491258932868236
465,era5_station,pangu_hres_init,0.9050403290928171
466,era5_station,ifs_hres,1.1903848485788768
466,era5_station,graphcast_hres_init,0.9610215893019419
466,era5_station,pangu_hres_init,0.9088607371531762
467,era5_station,ifs_hres,1.1612061376474676
467,era5_station,graphcast_hres_init,0.9339447326644019
467,era5_station,pangu_hres_init,0.8995630212838831
468,era5_station,ifs_hres,1.1914785548843043
468,era5_station,graphcast_hres_init,0.9716202324413686
468,era5_station,pangu_hres_init,0.9189052607008814
469,era5_station,ifs_hres,1.1776147159832633
469,era5_station,graphcast_hres_init,0.9490561163893148
469,era5_station,pangu_hres_init,0.8735679374901685
470,era5_station,ifs_hres,1.1890574895902468
470,era5_station,graphcast_hres_init,0.9552135185564198
470,era5_station,pangu_hres_init,0.8930221835018896
471,era5_station,ifs_hres,1.1845221763542697
471,era5_station,graphcast_hres_init,0.9560874629125248
471,era5_station,pangu_hres_init,0.9145539507988486
472,era5_station,ifs_hres,1.1669220517194387
472,era5_station,graphcast_hres_init,0.9411052650468736
472,era5_station,pangu_hres_init,0.9021890570307277
473,era5_station,ifs_hres,1.1745505343779827
473,era5_station,graphcast_hres_init,0.9430932934535314
473,era5_station,pangu_hres_init,0.88881907736662
474,era5_station,ifs_hres,1.1599482692411442
474,era5_station,graphcast_hres_init,0.93944492769664
474,era5_station,pangu_hres_init,0.8989793073310348
475,era5_station,ifs_hres,1.1889332893481233
475,era5_station,graphcast_hres_init,0.9810208169327708
475,era5_station,pangu_hres_init,0.9153691254980589
476,era5_station,ifs_hres,1.182864551043529
476,era5_station,graphcast_hres_init,0.9542948250846985
476,era5_station,pangu_hres_init,0.8823308283993585
477,era5_station,ifs_hres,1.171191982457289
477,era5_station,graphcast_hres_init,0.9551905036437041
477,era5_station,pangu_hres_init,0.9095668563521461
478,era5_station,ifs_hres,1.1831255249555133
478,era5_station,graphcast_hres_init,0.9549342649600662
478,era5_station,pangu_hres_init,0.9036391765348285
479,era5_station,ifs_hres,1.1703323579716787
479,era5_station,graphcast_hres_init,0.9470176780215643
479,era5_station,pangu_hres_init,0.8842654330407466
480,era5_station,ifs_hres,1.1878811864361336
480,era5_station,graphcast_hres_init,0.9644710261758158
480,era5_station,pangu_hres_init,0.9217132867048804
481,era5_station,ifs_hres,1.1688948042254255
481,era5_station,graphcast_hres_init,0.9419253182042979
481,era5_station,pangu_hres_init,0.8836604735917684
482,era5_station,ifs_hres,1.1796863971877871
482,era5_station,graphcast_hres_init,0.9693199758973708
482,era5_station,pangu_hres_init,0.9051912811525371
483,era5_station,ifs_hres,1.1814371367394991
483,era5_station,graphcast_hres_init,0.9423285043945469
483,era5_station,pangu_hres_init,0.8693873144632206
484,era5_station,ifs_hres,1.22506153145485
484,era5_station,graphcast_hres_init,0.9667211927959378
484,era5_station,pangu_hres_init,0.906089096243433
485,era5_station,ifs_hres,1.1687478410057521
485,era5_station,graphcast_hres_init,0.9485468961759128
485,era5_station,pangu_hres_init,0.8930601616933789
486,era5_station,ifs_hres,1.1890836480853646
486,era5_station,graphcast_hres_init,0.9557763397820862
486,era5_station,pangu_hres_init,0.9009483216624126
487,era5_station,ifs_hres,1.1677262078911523
487,era5_station,graphcast_hres_init,0.9545226751303592
487,era5_station,pangu_hres_init,0.902026745234913
488,era5_station,ifs_hres,1.1801681773502222
488,era5_station,graphcast_hres_init,0.9496366406929956
488,era5_station,pangu_hres_init,0.8858780855214987
489,era5_station,ifs_hres,1.1606647939645758
489,era5_station,graphcast_hres_init,0.9450972478835122
489,era5_station,pangu_hres_init,0.881894529900124
490,era5_station,ifs_hres,1.1787243414325568
490,era5_station,graphcast_hres_init,0.9445924730504351
490,era5_station,pangu_hres_init,0.8781415933416555
491,era5_station,ifs_hres,1.1646158224338352
491,era5_station,graphcast_hres_init,0.9499238699332887
491,era5_station,pangu_hres_init,0.8952618428021359
492,era5_station,ifs_hres,1.1783572504763908
492,era5_station,graphcast_hres_init,0.960226743810297
492,era5_station,pangu_hres_init,0.8958895535348751
493,era5_station,ifs_hres,1.1766736064295562
493,era5_station,graphcast_hres_init,0.9549117914277484
493,era5_station,pangu_hres_init,0.9004467637869609
494,era5_station,ifs_hres,1.1855346100665223
494,era5_station,graphcast_hres_init,0.9664006733430441
494,era5_station,pangu_hres_init,0.8779970823183578
495,era5_station,ifs_hres,1.201207754157763
495,era5_station,graphcast_hres_init,0.9802863377968135
495,era5_station,pangu_hres_init,0.9033249142517485
496,era5_station,ifs_hres,1.1965567385974039
496,era5_station,graphcast_hres_init,0.9562142418197422
496,era5_station,pangu_hres_init,0.8891148080775308
497,era5_station,ifs_hres,1.1814360051408406
497,era5_station,graphcast_hres_init,0.9723231180673895
497,era5_station,pangu_hres_init,0.9136168006581288
498,era5_station,ifs_hres,1.1709372164530174
498,era5_station,graphcast_hres_init,0.9727319978945603
498,era5_station,pangu_hres_init,0.8926801667338987
499,era5_station,ifs_hres,1.1881593257366652
499,era5_station,graphcast_hres_init,0.9739835732669069
499,era5_station,pangu_hres_init,0.9131195257870627
500,era5_station,ifs_hres,1.163876461789846
500,era5_station,graphcast_hres_init,0.9287787924795232
500,era5_station,pangu_hres_init,0.8773318050447707
501,era5_station,ifs_hres,1.1569671719443386
501,era5_station,graphcast_hres_init,0.945791452391228
501,era5_station,pangu_hres_init,0.8887821867765148
502,era5_station,ifs_hres,1.1877768407730196
502,era5_station,graphcast_hres_init,0.9536499234959375
502,era5_station,pangu_hres_init,0.8820450591966431
503,era5_station,ifs_hres,1.18850584314948
503,era5_station,graphcast_hres_init,0.9569082303479646
503,era5_station,pangu_hres_init,0.9113357402478122
504,era5_station,ifs_hres,1.1497752925554174
504,era5_station,graphcast_hres_init,0.9497797101740949
504,era5_station,pangu_hres_init,0.9139992391528066
505,era5_station,ifs_hres,1.1898295595623023
505,era5_station,graphcast_hres_init,0.9623420083603312
505,era5_station,pangu_hres_init,0.9135611256294608
506,era5_station,ifs_hres,1.1715444469227692
506,era5_station,graphcast_hres_init,0.9440467811684556
506,era5_station,pangu_hres_init,0.9110468518979731
507,era5_station,ifs_hres,1.2005882389943585
507,era5_station,graphcast_hres_init,0.9650987765145967
507,era5_station,pangu_hres_init,0.9111727797870391
508,era5_station,ifs_hres,1.1873975855697558
508,era5_station,graphcast_hres_init,0.9578519250667533
508,era5_station,pangu_hres_init,0.9052049826391247
509,era5_station,ifs_hres,1.1659380553097314
509,era5_station,graphcast_hres_init,0.9509396336500154
509,era5_station,pangu_hres_init,0.8977047016533755
510,era5_station,ifs_hres,1.1919943945226434
510,era5_station,graphcast_hres_init,0.96809478494871
510,era5_station,pangu_hres_init,0.9290119260041494
511,era5_station,ifs_hres,1.170684311471291
511,era5_station,graphcast_hres_init,0.9572943865927169
511,era5_station,pangu_hres_init,0.9037480469756372
512,era5_station,ifs_hres,1.1965190220307749
512,era5_station,graphcast_hres_init,0.9608215399356876
512,era5_station,pangu_hres_init,0.8952151393913925
513,era5_station,ifs_hres,1.2235552553211848
513,era5_station,graphcast_hres_init,0.9746236195000656
513,era5_station,pangu_hres_init,0.9216504455298864
514,era5_station,ifs_hres,1.146771791160924
514,era5_station,graphcast_hres_init,0.9406329253233257
514,era5_station,pangu_hres_init,0.8816788118788944
515,era5_station,ifs_hres,1.2034226611194712
515,era5_station,graphcast_hres_init,0.9730822614631186
515,era5_station,pangu_hres_init,0.9082078744283155
516,era5_station,ifs_hres,1.1834556857474225
516,era5_station,graphcast_hres_init,0.9682919683898552
516,era5_station,pangu_hres_init,0.9153063566222325
517,era5_station,ifs_hres,1.1609378943881254
517,era5_station,graphcast_hres_init,0.940855184479107
517,era5_station,pangu_hres_init,0.8878188291286363
518,era5_station,ifs_hres,1.1871219634624846
518,era5_station,graphcast_hres_init,0.9525106612640399
518,era5_station,pangu_hres_init,0.8952363451091623
519,era5_station,ifs_hres,1.1835567787224097
519,era5_station,graphcast_hres_init,0.9520844396836572
519,era5_station,pangu_hres_init,0.9188739006679395
520,era5_station,ifs_hres,1.189961767052956
520,era5_station,graphcast_hres_init,0.9656488156913985
520,era5_station,pangu_hres_init,0.9074365883553525
521,era5_station,ifs_hres,1.1645222466430931
521,era5_station,graphcast_hres_init,0.9347433803370357
521,era5_station,pangu_hres_init,0.9050640979627188
522,era5_station,ifs_hres,1.1525136437802532
522,era5_station,graphcast_hres_init,0.956329960692662
522,era5_station,pangu_hres_init,0.9103951419699421
523,era5_station,ifs_hres,1.1840541306400871
523,era5_station,graphcast_hres_init,0.929866024110677
523,era5_station,pangu_hres_init,0.894492298895952
524,era5_station,ifs_hres,1.1923041796687444
524,era5_station,graphcast_hres_init,0.94298775944602
524,era5_station,pangu_hres_init,0.8957115272389432
525,era5_station,ifs_hres,1.172068580666732
525,era5_station,graphcast_hres_init,0.9454575142507315
525,era5_station,pangu_hres_init,0.9023349813925614
526,era5_station,ifs_hres,1.1779115918068634
526,era5_station,graphcast_hres_init,0.9615113504567233
526,era5_station,pangu_hres_init,0.8873904061215458
527,era5_station,ifs_hres,1.1505639361911306
527,era5_station,graphcast_hres_init,0.9431833188263115
527,era5_station,pangu_hres_init,0.8731583688466554
528,era5_station,ifs_hres,1.1824664107543588
528,era5_station,graphcast_hres_init,0.9497946461165001
528,era5_station,pangu_hres_init,0.9014226591421887
529,era5_station,ifs_hres,1.1563837131077495
529,era5_station,graphcast_hres_init,0.9611734961588522
529,era5_station,pangu_hres_init,0.8936943054449339
530,era5_station,ifs_hres,1.1755971316040872
530,era5_station,graphcast_hres_init,0.9454486636172046
530,era5_station,pangu_hres_init,0.9087473815663287
531,era5_station,ifs_hres,1.1729530704647626
531,era5_station,graphcast_hres_init,0.9387145176331102
531,era5_station,pangu_hres_init,0.8825498013413924
532,era5_station,ifs_hres,1.1747753309918696
532,era5_station,graphcast_hres_init,0.949029072591849
532,era5_station,pangu_hres_init,0.9011027520277252
533,era5_station,ifs_hres,1.1579425356747841
533,era5_station,graphcast_hres_init,0.952081807599469
533,era5_station,pangu_hres_init,0.880946070695477
534,era5_station,ifs_hres,1.2044731862349776
534,era5_station,graphcast_hres_init,0.966784842713454
534,era5_station,pangu_hres_init,0.9297074066913805
535,era5_station,ifs_hres,1.1747677307365874
535,era5_station,graphcast_hres_init,0.9534056698888335
535,era5_station,pangu_hres_init,0.9151418150984377
536,era5_station,ifs_hres,1.1738196281730648
536,era5_station,graphcast_hres_init,0.9543963426357955
536,era5_station,pangu_hres_init,0.8960918011797854
537,era5_station,ifs_hres,1.2157711392188302
537,era5_station,graphcast_hres_init,0.974569466736479
537,era5_station,pangu_hres_init,0.8756018369641545
538,era5_station,ifs_hres,1.1607705230738976
538,era5_station,graphcast_hres_init,0.9494698035265985
538,era5_station,pangu_hres_init,0.886849753683018
539,era5_station,ifs_hres,1.1764306026695872
539,era5_station,graphcast_hres_init,0.9307805437320305
539,era5_station,pangu_hres_init,0.8806550743661145
540,era5_station,ifs_hres,1.1633362319043559
540,era5_station,graphcast_hres_init,0.9617374338724443
540,era5_station,pangu_hres_init,0.8996350225219605
541,era5_station,ifs_hres,1.1861915821760258
541,era5_station,graphcast_hres_init,0.966242394391672
541,era5_station,pangu_hres_init,0.9075509011331935
542,era5_station,ifs_hres,1.190250205376834
542,era5_station,graphcast_hres_init,0.9464007287421311
542,era5_station,pangu_hres_init,0.8968167479562068
543,era5_station,ifs_hres,1.1716796548116741
543,era5_station,graphcast_hres_init,0.9536475125552288
543,era5_station,pangu_hres_init,0.9108744419152132
544,era5_station,ifs_hres,1.1742604997867585
544,era5_station,graphcast_hres_init,0.9643962906533668
544,era5_station,pangu_hres_init,0.900618400004939
545,era5_station,ifs_hres,1.1654289345323006
545,era5_station,graphcast_hres_init,0.9502945272701931
545,era5_station,pangu_hres_init,0.8863194457012609
546,era5_station,ifs_hres,1.1765569746197413
546,era5_station,graphcast_hres_init,0.9443972980589105
546,era5_station,pangu_hres_init,0.8898504663175819
547,era5_station,ifs_hres,1.1767159393550486
547,era5_station,graphcast_hres_init,0.947403241732725
547,era5_station,pangu_hres_init,0.895946139243742
548,era5_station,ifs_hres,1.2001647224143865
548,era5_station,graphcast_hres_init,0.9549004559653668
548,era5_station,pangu_hres_init,0.9035977420114503
549,era5_station,ifs_hres,1.1832228873854091
549,era5_station,graphcast_hres_init,0.9477208117580557
549,era5_station,pangu_hres_init,0.8873811654342582
550,era5_station,ifs_hres,1.1735846493005317
550,era5_station,graphcast_hres_init,0.9418150171101972
550,era5_station,pangu_hres_init,0.8905717211796014
551,era5_station,ifs_hres,1.189306877853691
551,era5_station,graphcast_hres_init,0.9640486778571293
551,era5_station,pangu_hres_init,0.9148648881734343
552,era5_station,ifs_hres,1.1803833500168581
552,era5_station,graphcast_hres_init,0.9465169887035081
552,era5_station,pangu_hres_init,0.8909340075559709
553,era5_station,ifs_hres,1.156506000648242
553,era5_station,graphcast_hres_init,0.9497897672273443
553,era5_station,pangu_hres_init,0.8742487343487939
554,era5_station,ifs_hres,1.1791054135683758
554,era5_station,graphcast_hres_init,0.9646778383791991
554,era5_station,pangu_hres_init,0.9018651162681115
555,era5_station,ifs_hres,1.1743453490017757
555,era5_station,graphcast_hres_init,0.9543351767483873
555,era5_station,pangu_hres_init,0.8992122377401954
556,era5_station,ifs_hres,1.1560282878812034
556,era5_station,graphcast_hres_init,0.9382585045615632
556,era5_station,pangu_hres_init,0.9017501420134957
557,era5_station,ifs_hres,1.1909171113196029
557,era5_station,graphcast_hres_init,0.9477047876787902
557,era5_station,pangu_hres_init,0.8938596868897005
558,era5_station,ifs_hres,1.1751068205943473
558,era5_station,graphcast_hres_init,0.9570018819723818
558,era5_station,pangu_hres_init,0.9041816542307466
559,era5_station,ifs_hres,1.1799542995884236
559,era5_station,graphcast_hres_init,0.9623049387496101
559,era5_station,pangu_hres_init,0.9204056500944512
560,era5_station,ifs_hres,1.20421512117472
560,era5_station,graphcast_hres_init,0.9579276408089182
560,era5_station,pangu_hres_init,0.9158189913388735
561,era5_station,ifs_hres,1.161555295723476
561,era5_station,graphcast_hres_init,0.9392565789696858
561,era5_station,pangu_hres_init,0.8906307634764806
562,era5_station,ifs_hres,1.1600445278466978
562,era5_station,graphcast_hres_init,0.9414756842215107
562,era5_station,pangu_hres_init,0.8974845375482987
563,era5_station,ifs_hres,1.152447380059328
563,era5_station,graphcast_hres_init,0.9369507899054897
563,era5_station,pangu_hres_init,0.8741437361578084
564,era5_station,ifs_hres,1.180981567985222
564,era5_station,graphcast_hres_init,0.9475360266227099
564,era5_station,pangu_hres_init,0.9214854156115813
565,era5_station,ifs_hres,1.1830010374580453
565,era5_station,graphcast_hres_init,0.943769573881055
565,era5_station,pangu_hres_init,0.8953825310987729
566,era5_station,ifs_hres,1.1517339918882687
566,era5_station,graphcast_hres_init,0.9518449713685335
566,era5_station,pangu_hres_init,0.8994984004204647
567,era5_station,ifs_hres,1.1810709936873949
567,era5_station,graphcast_hres_init,0.9680186114478135
567,era5_station,pangu_hres_init,0.9206882323352849
568,era5_station,ifs_hres,1.1860378895923829
568,era5_station,graphcast_hres_init,0.9432190955324775
568,era5_station,pangu_hres_init,0.8820854584660762
569,era5_station,ifs_hres,1.1424247374522354
569,era5_station,graphcast_hres_init,0.9297836911308128
569,era5_station,pangu_hres_init,0.9064691108700861
570,era5_station,ifs_hres,1.1912814041258268
570,era5_station,graphcast_hres_init,0.9430569745920556
570,era5_station,pangu_hres_init,0.8882588445203674
571,era5_station,ifs_hres,1.1679003705238653
571,era5_station,graphcast_hres_init,0.946212462576979
571,era5_station,pangu_hres_init,0.9158450596872789
572,era5_station,ifs_hres,1.2008927337988324
572,era5_station,graphcast_hres_init,0.9559201049180913
572,era5_station,pangu_hres_init,0.904291670135214
573,era5_station,ifs_hres,1.1706341335108863
573,era5_station,graphcast_hres_init,0.9583733811955849
573,era5_station,pangu_hres_init,0.9050617409445211
574,era5_station,ifs_hres,1.1870516424854807
574,era5_station,graphcast_hres_init,0.9662234283810708
574,era5_station,pangu_hres_init,0.9054376621653123
575,era5_station,ifs_hres,1.2047801977170167
575,era5_station,graphcast_hres_init,0.9626498608179973
575,era5_station,pangu_hres_init,0.9040611227809778
576,era5_station,ifs_hres,1.1924340487221805
576,era5_station,graphcast_hres_init,0.9539966874448916
576,era5_station,pangu_hres_init,0.9016486550769682
577,era5_station,ifs_hres,1.1636517656998167
577,era5_station,graphcast_hres_init,0.9526623629877536
577,era5_station,pangu_hres_init,0.9064753106401983
578,era5_station,ifs_hres,1.1524513913029568
578,era5_station,graphcast_hres_init,0.9273717784864897
578,era5_station,pangu_hres_init,0.8786322770656297
579,era5_station,ifs_hres,1.1825267842251372
579,era5_station,graphcast_hres_init,0.9496013551907302
579,era5_station,pangu_hres_init,0.9003473186371873
580,era5_station,ifs_hres,1.1841898915579985
580,era5_station,graphcast_hres_init,0.9542747883254191
580,era5_station,pangu_hres_init,0.8908011279792858
581,era5_station,ifs_hres,1.181098226202591
581,era5_station,graphcast_hres_init,0.9472017548980554
581,era5_station,pangu_hres_init,0.8987212555383908
582,era5_station,ifs_hres,1.1506864988439185
582,era5_station,graphcast_hres_init,0.9422602825346363
582,era5_station,pangu_hres_init,0.8932064477735755
583,era5_station,ifs_hres,1.136156157481535
583,era5_station,graphcast_hres_init,0.9387822069574855
583,era5_station,pangu_hres_init,0.8998922672667102
584,era5_station,ifs_hres,1.173252626986793
584,era5_station,graphcast_hres_init,0.9416717829984702
584,era5_station,pangu_hres_init,0.8977707407020441
585,era5_station,ifs_hres,1.1773206886796324
585,era5_station,graphcast_hres_init,0.9349046709325489
585,era5_station,pangu_hres_init,0.8775638486403265
586,era5_station,ifs_hres,1.184368405876671
586,era5_station,graphcast_hres_init,0.9659000550709308
586,era5_station,pangu_hres_init,0.8886669544954686
587,era5_station,ifs_hres,1.1959027837390899
587,era5_station,graphcast_hres_init,0.9822774964882709
587,era5_station,pangu_hres_init,0.9068400009201119
588,era5_station,ifs_hres,1.1600057306226155
588,era5_station,graphcast_hres_init,0.9413444484802334
588,era5_station,pangu_hres_init,0.906691391384185
589,era5_station,ifs_hres,1.1822762980303967
589,era5_station,graphcast_hres_init,0.9665043399310052
589,era5_station,pangu_hres_init,0.8860170990310341
590,era5_station,ifs_hres,1.1757257995185333
590,era5_station,graphcast_hres_init,0.948806131663575
590,era5_station,pangu_hres_init,0.9009707238953143
591,era5_station,ifs_hres,1.1710146915553554
591,era5_station,graphcast_hres_init,0.9498419293814069
591,era5_station,pangu_hres_init,0.8942132999386748
592,era5_station,ifs_hres,1.1696187670308678
592,era5_station,graphcast_hres_init,0.9422375419626546
592,era5_station,pangu_hres_init,0.9094632568366732
593,era5_station,ifs_hres,1.1892697742731828
593,era5_station,graphcast_hres_init,0.9482757985877511
593,era5_station,pangu_hres_init,0.9031792009208989
594,era5_station,ifs_hres,1.1667592025522497
594,era5_station,graphcast_hres_init,0.9594229223949321
594,era5_station,pangu_hres_init,0.8810826083291269
595,era5_station,ifs_hres,1.2039423886234746
595,era5_station,graphcast_hres_init,0.9548551279436032
595,era5_station,pangu_hres_init,0.9068149695143957
596,era5_station,ifs_hres,1.1990204150868828
596,era5_station,graphcast_hres_init,0.9444724880898088
596,era5_station,pangu_hres_init,0.8856414402121489
597,era5_station,ifs_hres,1.1419513758299977
597,era5_station,graphcast_hres_init,0.9494836135831188
597,era5_station,pangu_hres_init,0.8981132185424859
598,era5_station,ifs_hres,1.1590524839549534
598,era5_station,graphcast_hres_init,0.9341165797966137
598,era5_station,pangu_hres_init,0.9071593267874982
599,era5_station,ifs_hres,1.1875646706610226
599,era5_station,graphcast_hres_init,0.9459845635449026
599,era5_station,pangu_hres_init,0.8990731809173667
600,era5_station,ifs_hres,1.147601792694484
600,era5_station,graphcast_hres_init,0.9562834712171719
600,era5_station,pangu_hres_init,0.9162294943962274
601,era5_station,ifs_hres,1.1605073654053324
601,era5_station,graphcast_hres_init,0.9468685219675369
601,era5_station,pangu_hres_init,0.8897994974102956
602,era5_station,ifs_hres,1.1909163005891952
602,era5_station,graphcast_hres_init,0.9547505645092833
602,era5_station,pangu_hres_init,0.8908579705276124
603,era5_station,ifs_hres,1.1832981232935713
603,era5_station,graphcast_hres_init,0.9526746813639002
603,era5_station,pangu_hres_init,0.8934686650506016
604,era5_station,ifs_hres,1.1779235165687383
604,era5_station,graphcast_hres_init,0.9762603812797509
604,era5_station,pangu_hres_init,0.9355092151119234
605,era5_station,ifs_hres,1.155835739196417
605,era5_station,graphcast_hres_init,0.943200610229714
605,era5_station,pangu_hres_init,0.884132618393848
606,era5_station,ifs_hres,1.1833839055293196
606,era5_station,graphcast_hres_init,0.9602405767591118
606,era5_station,pangu_hres_init,0.8956674728175987
607,era5_station,ifs_hres,1.173195127144361
607,era5_station,graphcast_hres_init,0.945274807819287
607,era5_station,pangu_hres_init,0.8885880376272685
608,era5_station,ifs_hres,1.1711197073604136
608,era5_station,graphcast_hres_init,0.9405891411765102
608,era5_station,pangu_hres_init,0.8827779388164825
609,era5_station,ifs_hres,1.1857594282810195
609,era5_station,graphcast_hres_init,0.9583868487987147
609,era5_station,pangu_hres_init,0.8998537346303791
610,era5_station,ifs_hres,1.1926721212623588
610,era5_station,graphcast_hres_init,0.9504857045190533
610,era5_station,pangu_hres_init,0.8923378317202436
611,era5_station,ifs_hres,1.201448860066323
611,era5_station,graphcast_hres_init,0.9571905306510269
611,era5_station,pangu_hres_init,0.9123014368631851
612,era5_station,ifs_hres,1.160776990344819
612,era5_station,graphcast_hres_init,0.953353655062312
612,era5_station,pangu_hres_init,0.9043594615258335
613,era5_station,ifs_hres,1.1716597971851168
613,era5_station,graphcast_hres_init,0.9483405964900137
613,era5_station,pangu_hres_init,0.8810532202868188
614,era5_station,ifs_hres,1.1660291886438863
614,era5_station,graphcast_hres_init,0.953809771423169
614,era5_station,pangu_hres_init,0.8958635999967475
615,era5_station,ifs_hres,1.1618911275726502
615,era5_station,graphcast_hres_init,0.9527525100587856
615,era5_station,pangu_hres_init,0.8890782889185016
616,era5_station,ifs_hres,1.1717525174279824
616,era5_station,graphcast_hres_init,0.94222078784805
616,era5_station,pangu_hres_init,0.9109417801306379
617,era5_station,ifs_hres,1.1738289657674807
617,era5_station,graphcast_hres_init,0.9504058374594426
617,era5_station,pangu_hres_init,0.8846577027231494
618,era5_station,ifs_hres,1.1953717399533619
618,era5_station,graphcast_hres_init,0.950182842317042
618,era5_station,pangu_hres_init,0.8884738006967372
619,era5_station,ifs_hres,1.1934346144019348
619,era5_station,graphcast_hres_init,0.9610095044283516
619,era5_station,pangu_hres_init,0.9350080418363375
620,era5_station,ifs_hres,1.201518635923623
620,era5_station,graphcast_hres_init,0.9515943398059434
620,era5_station,pangu_hres_init,0.9067396234754986
621,era5_station,ifs_hres,1.175289112286204
621,era5_station,graphcast_hres_init,0.9516616980885414
621,era5_station,pangu_hres_init,0.9082404959622769
622,era5_station,ifs_hres,1.1843187200168603
622,era5_station,graphcast_hres_init,0.9492560069202813
622,era5_station,pangu_hres_init,0.8873247644481048
623,era5_station,ifs_hres,1.201011215616706
623,era5_station,graphcast_hres_init,0.9549035257956731
623,era5_station,pangu_hres_init,0.8793372031915687
624,era5_station,ifs_hres,1.1897019499979506
624,era5_station,graphcast_hres_init,0.9691009133074869
624,era5_station,pangu_hres_init,0.9126227994217391
625,era5_station,ifs_hres,1.161897980520957
625,era5_station,graphcast_hres_init,0.9591700863453932
625,era5_station,pangu_hres_init,0.9115070220190842
626,era5_station,ifs_hres,1.1836765574567014
626,era5_station,graphcast_hres_init,0.960288993093006
626,era5_station,pangu_hres_init,0.9205047563451861
627,era5_station,ifs_hres,1.1853601902658468
627,era5_station,graphcast_hres_init,0.9537337345991571
627,era5_station,pangu_hres_init,0.8939600703279783
628,era5_station,ifs_hres,1.1733573346600012
628,era5_station,graphcast_hres_init,0.9447815762303603
628,era5_station,pangu_hres_init,0.9074525669098401
629,era5_station,ifs_hres,1.1521772283248033
629,era5_station,graphcast_hres_init,0.930120943393862
629,era5_station,pangu_hres_init,0.8828282006029532
630,era5_station,ifs_hres,1.1691390501033923
630,era5_station,graphcast_hres_init,0.9475477968432647
630,era5_station,pangu_hres_init,0.9051803871301921
631,era5_station,ifs_hres,1.1820924588173194
631,era5_station,graphcast_hres_init,0.9647134142810994
631,era5_station,pangu_hres_init,0.9221916831145154
632,era5_station,ifs_hres,1.1640150838971046
632,era5_station,graphcast_hres_init,0.9568514485298575
632,era5_station,pangu_hres_init,0.9055460283818557
633,era5_station,ifs_hres,1.172035276393398
633,era5_station,graphcast_hres_init,0.9548767879301966
633,era5_station,pangu_hres_init,0.89866696350598
634,era5_station,ifs_hres,1.1650782254675618
634,era5_station,graphcast_hres_init,0.9397433623961453
634,era5_station,pangu_hres_init,0.8931082658378836
635,era5_station,ifs_hres,1.1547727084942
635,era5_station,graphcast_hres_init,0.9456018664075867
635,era5_station,pangu_hres_init,0.9024951162726947
636,era5_station,ifs_hres,1.1878529301289131
636,era5_station,graphcast_hres_init,0.960979055200724
636,era5_station,pangu_hres_init,0.8919070615825572
637,era5_station,ifs_hres,1.1758493118913065
637,era5_station,graphcast_hres_init,0.9403986424652995
637,era5_station,pangu_hres_init,0.8996948612821601
638,era5_station,ifs_hres,1.167953577291385
638,era5_station,graphcast_hres_init,0.9385861693340766
638,era5_station,pangu_hres_init,0.8859771099248062
639,era5_station,ifs_hres,1.1645879399627321
639,era5_station,graphcast_hres_init,0.9254525879478105
639,era5_station,pangu_hres_init,0.9001689058873747
640,era5_station,ifs_hres,1.1604217074928362
640,era5_station,graphcast_hres_init,0.951356308964082
640,era5_station,pangu_hres_init,0.8929588551817452
641,era5_station,ifs_hres,1.1803629480000406
641,era5_station,graphcast_hres_init,0.9706233029976813
641,era5_station,pangu_hres_init,0.8828971969322217
642,era5_station,ifs_hres,1.1698122646633942
642,era5_station,graphcast_hres_init,0.9344355756187969
642,era5_station,pangu_hres_init,0.9047463034562105
643,era5_station,ifs_hres,1.199223006494971
643,era5_station,graphcast_hres_init,0.9692426611969764
643,era5_station,pangu_hres_init,0.8955159341832385
644,era5_station,ifs_hres,1.1676349445008036
644,era5_station,graphcast_hres_init,0.9478971362018332
644,era5_station,pangu_hres_init,0.8962851485891625
645,era5_station,ifs_hres,1.14929766934101
645,era5_station,graphcast_hres_init,0.9448920662032366
645,era5_station,pangu_hres_init,0.903613612770548
646,era5_station,ifs_hres,1.1568064144371997
646,era5_station,graphcast_hres_init,0.9286876574706661
646,era5_station,pangu_hres_init,0.8792907631841936
647,era5_station,ifs_hres,1.1789844966062082
647,era5_station,graphcast_hres_init,0.9699385096527433
647,era5_station,pangu_hres_init,0.893348033539969
648,era5_station,ifs_hres,1.1801400734732317
648,era5_station,graphcast_hres_init,0.9584595064997482
648,era5_station,pangu_hres_init,0.8927997782390291
649,era5_station,ifs_hres,1.182961763924678
649,era5_station,graphcast_hres_init,0.9664405293530749
649,era5_station,pangu_hres_init,0.89990848723933
650,era5_station,ifs_hres,1.1615302509191006
650,era5_station,graphcast_hres_init,0.936059347916149
650,era5_station,pangu_hres_init,0.8925145913629611
651,era5_station,ifs_hres,1.1762432252060726
651,era5_station,graphcast_hres_init,0.957479802478887
651,era5_station,pangu_hres_init,0.8943954266255989
652,era5_station,ifs_hres,1.135939042824019
652,era5_station,graphcast_hres_init,0.9404002482807143
652,era5_station,pangu_hres_init,0.873252951053089
653,era5_station,ifs_hres,1.1871100494437075
653,era5_station,graphcast_hres_init,0.9546815457604075
653,era5_station,pangu_hres_init,0.8867696164496096
654,era5_station,ifs_hres,1.1867619852439335
654,era5_station,graphcast_hres_init,0.9705063896283938
654,era5_station,pangu_hres_init,0.9037220447217292
655,era5_station,ifs_hres,1.1812150113542015
655,era5_station,graphcast_hres_init,0.9533742926115973
655,era5_station,pangu_hres_init,0.9046736805281884
656,era5_station,ifs_hres,1.1639452881791847
656,era5_station,graphcast_hres_init,0.945031090804362
656,era5_station,pangu_hres_init,0.8849032158807264
657,era5_station,ifs_hres,1.1894824775094452
657,era5_station,graphcast_hres_init,0.9600790051952004
657,era5_station,pangu_hres_init,0.9075264439970858
658,era5_station,ifs_hres,1.1849422585793443
658,era5_station,graphcast_hres_init,0.9561023619757578
658,era5_station,pangu_hres_init,0.9160680465262019
659,era5_station,ifs_hres,1.1440592484295053
659,era5_station,graphcast_hres_init,0.947423706064827
659,era5_station,pangu_hres_init,0.8934940700743724
660,era5_station,ifs_hres,1.178294192385214
660,era5_station,graphcast_hres_init,0.9447109856585018
660,era5_station,pangu_hres_init,0.8716241223970702
661,era5_station,ifs_hres,1.1987257538820735
661,era5_station,graphcast_hres_init,0.96211559759947
661,era5_station,pangu_hres_init,0.9101333019480005
662,era5_station,ifs_hres,1.1778853402376552
662,era5_station,graphcast_hres_init,0.9606852069484808
662,era5_station,pangu_hres_init,0.8912711770384457
663,era5_station,ifs_hres,1.1536558510911332
663,era5_station,graphcast_hres_init,0.9239744650889088
663,era5_station,pangu_hres_init,0.9112563151463657
664,era5_station,ifs_hres,1.184606401714356
664,era5_station,graphcast_hres_init,0.9670726991615953
664,era5_station,pangu_hres_init,0.9135759512316662
665,era5_station,ifs_hres,1.1870514057911659
665,era5_station,graphcast_hres_init,0.9421859088751076
665,era5_station,pangu_hres_init,0.8745745422125917
666,era5_station,ifs_hres,1.202611758256931
666,era5_station,graphcast_hres_init,0.9834882474853848
666,era5_station,pangu_hres_init,0.9222715087652422
667,era5_station,ifs_hres,1.1710481650600744
667,era5_station,graphcast_hres_init,0.9460999640666002
667,era5_station,pangu_hres_init,0.9103486649380106
668,era5_station,ifs_hres,1.1649011062733095
668,era5_station,graphcast_hres_init,0.9443461734585126
668,era5_station,pangu_hres_init,0.9119369802068825
669,era5_station,ifs_hres,1.194500993258388
669,era5_station,graphcast_hres_init,0.9416806389873018
669,era5_station,pangu_hres_init,0.9016696768531047
670,era5_station,ifs_hres,1.1398232834661224
670,era5_station,graphcast_hres_init,0.9480141493090849
670,era5_station,pangu_hres_init,0.896336843404192
671,era5_station,ifs_hres,1.1860328949104784
671,era5_station,graphcast_hres_init,0.9492876827061575
671,era5_station,pangu_hres_init,0.8941461451909534
672,era5_station,ifs_hres,1.1617815833499068
672,era5_station,graphcast_hres_init,0.9468582302754458
672,era5_station,pangu_hres_init,0.9006424891207249
673,era5_station,ifs_hres,1.182173255560989
673,era5_station,graphcast_hres_init,0.960263001066278
673,era5_station,pangu_hres_init,0.9028222022005294
674,era5_station,ifs_hres,1.1693102029831337
674,era5_station,graphcast_hres_init,0.9435623833365069
674,era5_station,pangu_hres_init,0.8803478771865836
675,era5_station,ifs_hres,1.1681153181619193
675,era5_station,graphcast_hres_init,0.9465685952661879
675,era5_station,pangu_hres_init,0.8945167353991788
676,era5_station,ifs_hres,1.1901913710193166
676,era5_station,graphcast_hres_init,0.959351683768675
676,era5_station,pangu_hres_init,0.8861035269867213
677,era5_station,ifs_hres,1.1765507201712424
677,era5_station,graphcast_hres_init,0.9677613372387043
677,era5_station,pangu_hres_init,0.9195770931344145
678,era5_station,ifs_hres,1.1426916488772996
678,era5_station,graphcast_hres_init,0.9542958179669071
678,era5_station,pangu_hres_init,0.8997878611131042
679,era5_station,ifs_hres,1.1822963125580992
679,era5_station,graphcast_hres_init,0.9400591177813996
679,era5_station,pangu_hres_init,0.8846555245477081
680,era5_station,ifs_hres,1.1665561725379494
680,era5_station,graphcast_hres_init,0.9549964578258666
680,era5_station,pangu_hres_init,0.8991074701046752
681,era5_station,ifs_hres,1.1900240070897505
681,era5_station,graphcast_hres_init,0.9691656502044627
681,era5_station,pangu_hres_init,0.8957435056284982
682,era5_station,ifs_hres,1.2026182549257625
682,era5_station,graphcast_hres_init,0.9760115934409626
682,era5_station,pangu_hres_init,0.8891086899859759
683,era5_station,ifs_hres,1.199285517604407
683,era5_station,graphcast_hres_init,0.9783022479210426
683,era5_station,pangu_hres_init,0.9058152385500837
684,era5_station,ifs_hres,1.1930982835496384
684,era5_station,graphcast_hres_init,0.9477113291231974
684,era5_station,pangu_hres_init,0.9042346804169458
685,era5_station,ifs_hres,1.1541037144367006
685,era5_station,graphcast_hres_init,0.9330053416513933
685,era5_station,pangu_hres_init,0.8987106336368437
686,era5_station,ifs_hres,1.1459121414757674
686,era5_station,graphcast_hres_init,0.9439221907592562
686,era5_station,pangu_hres_init,0.9115067526226902
687,era5_station,ifs_hres,1.184881804887561
687,era5_station,graphcast_hres_init,0.9332561819376445
687,era5_station,pangu_hres_init,0.8988257796688255
688,era5_station,ifs_hres,1.1639271703593574
688,era5_station,graphcast_hres_init,0.9492931924512572
688,era5_station,pangu_hres_init,0.8898434001782678
689,era5_station,ifs_hres,1.1876944853296472
689,era5_station,graphcast_hres_init,0.94502776077817
689,era5_station,pangu_hres_init,0.9027733085076056
690,era5_station,ifs_hres,1.188897642148506
690,era5_station,graphcast_hres_init,0.9342879280643639
690,era5_station,pangu_hres_init,0.8848822492242928
691,era5_station,ifs_hres,1.1605202049548289
691,era5_station,graphcast_hres_init,0.9583657485307268
691,era5_station,pangu_hres_init,0.9049229360304515
692,era5_station,ifs_hres,1.183442321367744
692,era5_station,graphcast_hres_init,0.9380541136196044
692,era5_station,pangu_hres_init,0.8981427797838177
693,era5_station,ifs_hres,1.181246152907491
693,era5_station,graphcast_hres_init,0.9681826368683111
693,era5_station,pangu_hres_init,0.9040539441934081
694,era5_station,ifs_hres,1.158370178726157
694,era5_station,graphcast_hres_init,0.9310582236340251
694,era5_station,pangu_hres_init,0.8733626488114729
695,era5_station,ifs_hres,1.1776359268246002
695,era5_station,graphcast_hres_init,0.9563924266116002
695,era5_station,pangu_hres_init,0.8969578489433712
696,era5_station,ifs_hres,1.2021729232857121
696,era5_station,graphcast_hres_init,0.9507796494020662
696,era5_station,pangu_hres_init,0.9021934258625494
697,era5_station,ifs_hres,1.195933979866232
697,era5_station,graphcast_hres_init,0.9717564001823659
697,era5_station,pangu_hres_init,0.906782159221336
698,era5_station,ifs_hres,1.1464772320769274
698,era5_station,graphcast_hres_init,0.9388066216591534
698,era5_station,pangu_hres_init,0.9002932889605717
699,era5_station,ifs_hres,1.1661967052493747
699,era5_station,graphcast_hres_init,0.9587717414113839
699,era5_station,pangu_hres_init,0.9068433783505077
700,era5_station,ifs_hres,1.2004797486782857
700,era5_station,graphcast_hres_init,0.9724343399815591
700,era5_station,pangu_hres_init,0.920211816092654
701,era5_station,ifs_hres,1.1841774811661894
701,era5_station,graphcast_hres_init,0.9630634583011309
701,era5_station,pangu_hres_init,0.9119401413553825
702,era5_station,ifs_hres,1.1579551793264518
702,era5_station,graphcast_hres_init,0.94050595926477
702,era5_station,pangu_hres_init,0.8901965294379026
703,era5_station,ifs_hres,1.180303633512786
703,era5_station,graphcast_hres_init,0.9608346408501126
703,era5_station,pangu_hres_init,0.9136124694004707
704,era5_station,ifs_hres,1.17386919168402
704,era5_station,graphcast_hres_init,0.9503432341513854
704,era5_station,pangu_hres_init,0.8921083530334559
705,era5_station,ifs_hres,1.1706605588066372
705,era5_station,graphcast_hres_init,0.9356450844161545
705,era5_station,pangu_hres_init,0.8826568717405396
706,era5_station,ifs_hres,1.1964619604689244
706,era5_station,graphcast_hres_init,0.9378099836166373
706,era5_station,pangu_hres_init,0.90726630394844
707,era5_station,ifs_hres,1.1913349020575041
707,era5_station,graphcast_hres_init,0.9626588492873873
707,era5_station,pangu_hres_init,0.9044999910632441
708,era5_station,ifs_hres,1.1641542789136718
708,era5_station,graphcast_hres_init,0.9471220415450227
708,era5_station,pangu_hres_init,0.8940271182706283
709,era5_station,ifs_hres,1.1501758621814884
709,era5_station,graphcast_hres_init,0.9503021514898784
709,era5_station,pangu_hres_init,0.8778266308341824
710,era5_station,ifs_hres,1.1612665157145095
710,era5_station,graphcast_hres_init,0.9521466772604371
710,era5_station,pangu_hres_init,0.8931457399145787
711,era5_station,ifs_hres,1.1877888212640093
711,era5_station,graphcast_hres_init,0.9631987335041041
711,era5_station,pangu_hres_init,0.907262684347334
712,era5_station,ifs_hres,1.1721003881495164
712,era5_station,graphcast_hres_init,0.9607381268515233
712,era5_station,pangu_hres_init,0.9087717283085104
713,era5_station,ifs_hres,1.1868987229145673
713,era5_station,graphcast_hres_init,0.9530662995494485
713,era5_station,pangu_hres_init,0.9037993047106521
714,era5_station,ifs_hres,1.2255845193557886
714,era5_station,graphcast_hres_init,0.9654375624629922
714,era5_station,pangu_hres_init,0.9074033022382879
715,era5_station,ifs_hres,1.1492378197069781
715,era5_station,graphcast_hres_init,0.9457564597494995
715,era5_station,pangu_hres_init,0.8977413996322158
716,era5_station,ifs_hres,1.1669246660378767
716,era5_station,graphcast_hres_init,0.9678685537872809
716,era5_station,pangu_hres_init,0.9090640071496119
717,era5_station,ifs_hres,1.1624994512383482
717,era5_station,graphcast_hres_init,0.9246545825445096
717,era5_station,pangu_hres_init,0.9043055105208241
718,era5_station,ifs_hres,1.1619126495178254
718,era5_station,graphcast_hres_init,0.9381779092101661
718,era5_station,pangu_hres_init,0.8834542508284658
719,era5_station,ifs_hres,1.1487027277595712
719,era5_station,graphcast_hres_init,0.9637256979483876
719,era5_station,pangu_hres_init,0.893784553615818
720,era5_station,ifs_hres,1.1953262934073658
720,era5_station,graphcast_hres_init,0.9407826126078126
720,era5_station,pangu_hres_init,0.8792643780050707
721,era5_station,ifs_hres,1.198857331378632
721,era5_station,graphcast_hres_init,0.9477899001930701
721,era5_station,pangu_hres_init,0.8930440013173271
722,era5_station,ifs_hres,1.1797574855935722
722,era5_station,graphcast_hres_init,0.9593531262498435
722,era5_station,pangu_hres_init,0.8994798947893174
723,era5_station,ifs_hres,1.167078627516882
723,era5_station,graphcast_hres_init,0.9485424152225301
723,era5_station,pangu_hres_init,0.8900615541218982
724,era5_station,ifs_hres,1.200277353082496
724,era5_station,graphcast_hres_init,0.9674542015648545
724,era5_station,pangu_hres_init,0.9268771555873341
725,era5_station,ifs_hres,1.2200647822004724
725,era5_station,graphcast_hres_init,0.9701364500320857
725,era5_station,pangu_hres_init,0.902588124458198
726,era5_station,ifs_hres,1.1756172022760567
726,era5_station,graphcast_hres_init,0.9574880550704402
726,era5_station,pangu_hres_init,0.9061819399453472
727,era5_station,ifs_hres,1.1668540813526591
727,era5_station,graphcast_hres_init,0.9361562295118638
727,era5_station,pangu_hres_init,0.9081518557763418
728,era5_station,ifs_hres,1.1696729894300206
728,era5_station,graphcast_hres_init,0.9589742401418956
728,era5_station,pangu_hres_init,0.8835195118419139
729,era5_station,ifs_hres,1.1687903938881774
729,era5_station,graphcast_hres_init,0.9298157820280932
729,era5_station,pangu_hres_init,0.8827774164325888
730,era5_station,ifs_hres,1.1857102177843521
730,era5_station,graphcast_hres_init,0.9603309750540514
730,era5_station,pangu_hres_init,0.8775270538919737
731,era5_station,ifs_hres,1.176523068464739
731,era5_station,graphcast_hres_init,0.9635856970283952
731,era5_station,pangu_hres_init,0.9171605416621754
732,era5_station,ifs_hres,1.1773249677011322
732,era5_station,graphcast_hres_init,0.9597017157282778
732,era5_station,pangu_hres_init,0.8981094699454006
733,era5_station,ifs_hres,1.183632777686736
733,era5_station,graphcast_hres_init,0.9757352765056938
733,era5_station,pangu_hres_init,0.9075200968132924
734,era5_station,ifs_hres,1.1720922889669347
734,era5_station,graphcast_hres_init,0.957279946510396
734,era5_station,pangu_hres_init,0.8943716838134026
735,era5_station,ifs_hres,1.1518547288720187
735,era5_station,graphcast_hres_init,0.9388920887099936
735,era5_station,pangu_hres_init,0.8689560187043873
736,era5_station,ifs_hres,1.2024587010422785
736,era5_station,graphcast_hres_init,0.9622652712148938
736,era5_station,pangu_hres_init,0.9127958584900047
737,era5_station,ifs_hres,1.1733851625984146
737,era5_station,graphcast_hres_init,0.9589381967297997
737,era5_station,pangu_hres_init,0.8849479327447964
738,era5_station,ifs_hres,1.1645555081414776
738,era5_station,graphcast_hres_init,0.9549965504281729
738,era5_station,pangu_hres_init,0.8811364232956869
739,era5_station,ifs_hres,1.1803627317044696
739,era5_station,graphcast_hres_init,0.9607211056018048
739,era5_station,pangu_hres_init,0.8919847722983895
740,era5_station,ifs_hres,1.1759452961550563
740,era5_station,graphcast_hres_init,0.952814883934359
740,era5_station,pangu_hres_init,0.9079721778518443
741,era5_station,ifs_hres,1.180413141761264
741,era5_station,graphcast_hres_init,0.9551628490394845
741,era5_station,pangu_hres_init,0.8874980247359747
742,era5_station,ifs_hres,1.1814092855288196
742,era5_station,graphcast_hres_init,0.9521044848729955
742,era5_station,pangu_hres_init,0.9071041215655649
743,era5_station,ifs_hres,1.1665221500451726
743,era5_station,graphcast_hres_init,0.9535007736547431
743,era5_station,pangu_hres_init,0.897826199810334
744,era5_station,ifs_hres,1.1885714072158438
744,era5_station,graphcast_hres_init,0.951255283450627
744,era5_station,pangu_hres_init,0.907050867692729
745,era5_station,ifs_hres,1.1888986528411662
745,era5_station,graphcast_hres_init,0.9530214356804306
745,era5_station,pangu_hres_init,0.9084232497317146
746,era5_station,ifs_hres,1.1985982648404248
746,era5_station,graphcast_hres_init,0.9645800225160316
746,era5_station,pangu_hres_init,0.9114139119214595
747,era5_station,ifs_hres,1.1550817311245665
747,era5_station,graphcast_hres_init,0.9269027453178278
747,era5_station,pangu_hres_init,0.8942800988045125
748,era5_station,ifs_hres,1.1753004993828478
748,era5_station,graphcast_hres_init,0.9520940449329512
748,era5_station,pangu_hres_init,0.8927365287405409
749,era5_station,ifs_hres,1.1666695932877351
749,era5_station,graphcast_hres_init,0.9446245211096598
749,era5_station,pangu_hres_init,0.9031357076925814
750,era5_station,ifs_hres,1.166719924458727
750,era5_station,graphcast_hres_init,0.9428896372485278
750,era5_station,pangu_hres_init,0.8988739382112285
751,era5_station,ifs_hres,1.181370051746673
751,era5_station,graphcast_hres_init,0.9668352990895176
751,era5_station,pangu_hres_init,0.897195278382495
752,era5_station,ifs_hres,1.1781012949916834
752,era5_station,graphcast_hres_init,0.9451137813624239
752,era5_station,pangu_hres_init,0.8940211934449735
753,era5_station,ifs_hres,1.1741196120727362
753,era5_station,graphcast_hres_init,0.9454408498271281
753,era5_station,pangu_hres_init,0.9046616808693724
754,era5_station,ifs_hres,1.1650057002296494
754,era5_station,graphcast_hres_init,0.9358335067089811
754,era5_station,pangu_hres_init,0.8946474096748122
755,era5_station,ifs_hres,1.1773942173949823
755,era5_station,graphcast_hres_init,0.9651731778893886
755,era5_station,pangu_hres_init,0.9011850798801563
756,era5_station,ifs_hres,1.1973327807650211
756,era5_station,graphcast_hres_init,0.9864980056287707
756,era5_station,pangu_hres_init,0.897934665507192
757,era5_station,ifs_hres,1.1618321390477804
757,era5_station,graphcast_hres_init,0.9598272062779353
757,era5_station,pangu_hres_init,0.9020682507585934
758,era5_station,ifs_hres,1.1610672107468711
758,era5_station,graphcast_hres_init,0.9419290895830082
758,era5_station,pangu_hres_init,0.8765215432799643
759,era5_station,ifs_hres,1.170076508638648
759,era5_station,graphcast_hres_init,0.9628065828877186
759,era5_station,pangu_hres_init,0.89924773464067
760,era5_station,ifs_hres,1.1843469074905697
760,era5_station,graphcast_hres_init,0.9561280663144068
760,era5_station,pangu_hres_init,0.8726652463756169
761,era5_station,ifs_hres,1.1905223248897854
761,era5_station,graphcast_hres_init,0.9413943474755248
761,era5_station,pangu_hres_init,0.9022454309199152
762,era5_station,ifs_hres,1.1930575671053079
762,era5_station,graphcast_hres_init,0.9766181390716794
762,era5_station,pangu_hres_init,0.9237948059734191
763,era5_station,ifs_hres,1.1772519265106411
763,era5_station,graphcast_hres_init,0.9618034202858563
763,era5_station,pangu_hres_init,0.9005371427575848
764,era5_station,ifs_hres,1.1894664993231507
764,era5_station,graphcast_hres_init,0.9631954031532101
764,era5_station,pangu_hres_init,0.9007730732191017
765,era5_station,ifs_hres,1.1982595535091711
765,era5_station,graphcast_hres_init,0.9570112085016267
765,era5_station,pangu_hres_init,0.8966485524066025
766,era5_station,ifs_hres,1.193273842445067
766,era5_station,graphcast_hres_init,0.9483197171586082
766,era5_station,pangu_hres_init,0.8978379533783885
767,era5_station,ifs_hres,1.1583691421661604
767,era5_station,graphcast_hres_init,0.9481162242278494
767,era5_station,pangu_hres_init,0.8941854661068103
768,era5_station,ifs_hres,1.1861430923434577
768,era5_station,graphcast_hres_init,0.9518079618305255
768,era5_station,pangu_hres_init,0.8972388818145155
769,era5_station,ifs_hres,1.182000688907726
769,era5_station,graphcast_hres_init,0.9439516604733449
769,era5_station,pangu_hres_init,0.8808516623323595
770,era5_station,ifs_hres,1.1662302742271367
770,era5_station,graphcast_hres_init,0.9412230489390306
770,era5_station,pangu_hres_init,0.8884164606124756
771,era5_station,ifs_hres,1.1564788334486038
771,era5_station,graphcast_hres_init,0.9233746836894198
771,era5_station,pangu_hres_init,0.8788021336605233
772,era5_station,ifs_hres,1.1834832393980463
772,era5_station,graphcast_hres_init,0.949294134935798
772,era5_station,pangu_hres_init,0.8931956528918571
773,era5_station,ifs_hres,1.1709828684075136
773,era5_station,graphcast_hres_init,0.9591333288518837
773,era5_station,pangu_hres_init,0.8950336050258897
774,era5_station,ifs_hres,1.178629095765787
774,era5_station,graphcast_hres_init,0.9443168861077439
774,era5_station,pangu_hres_init,0.9053917774472989
775,era5_station,ifs_hres,1.1706709267929172
775,era5_station,graphcast_hres_init,0.9626107188987578
775,era5_station,pangu_hres_init,0.8791908746778456
776,era5_station,ifs_hres,1.1618126825404744
776,era5_station,graphcast_hres_init,0.9482978211729054
776,era5_station,pangu_hres_init,0.913559853796374
777,era5_station,ifs_hres,1.1655027042019712
777,era5_station,graphcast_hres_init,0.9445609491434014
777,era5_station,pangu_hres_init,0.901978716262733
778,era5_station,ifs_hres,1.1825031554738226
778,era5_station,graphcast_hres_init,0.9467391905422937
778,era5_station,pangu_hres_init,0.9015638333925134
779,era5_station,ifs_hres,1.1766437452921457
779,era5_station,graphcast_hres_init,0.9465490659727459
779,era5_station,pangu_hres_init,0.8977351622790642
780,era5_station,ifs_hres,1.1860564412053711
780,era5_station,graphcast_hres_init,0.9516515951074761
780,era5_station,pangu_hres_init,0.8885041552061742
781,era5_station,ifs_hres,1.190084602302609
781,era5_station,graphcast_hres_init,0.9715929889925213
781,era5_station,pangu_hres_init,0.8937351821127228
782,era5_station,ifs_hres,1.1810452672875258
782,era5_station,graphcast_hres_init,0.962501566363451
782,era5_station,pangu_hres_init,0.8752970012648382
783,era5_station,ifs_hres,1.17163249995708
783,era5_station,graphcast_hres_init,0.9537152133980423
783,era5_station,pangu_hres_init,0.8846138909443673
784,era5_station,ifs_hres,1.198649317093908
784,era5_station,graphcast_hres_init,0.9428940083097223
784,era5_station,pangu_hres_init,0.884561181429769
785,era5_station,ifs_hres,1.1831038933324438
785,era5_station,graphcast_hres_init,0.9406717098940914
785,era5_station,pangu_hres_init,0.8849112075512102
786,era5_station,ifs_hres,1.1717572768065543
786,era5_station,graphcast_hres_init,0.9468179303049736
786,era5_station,pangu_hres_init,0.8966953052455343
787,era5_station,ifs_hres,1.1694399609694932
787,era5_station,graphcast_hres_init,0.9608684110788912
787,era5_station,pangu_hres_init,0.9018255991823835
788,era5_station,ifs_hres,1.163073477297309
788,era5_station,graphcast_hres_init,0.9439341463506918
788,era5_station,pangu_hres_init,0.8952380596891343
789,era5_station,ifs_hres,1.1846792995807316
789,era5_station,graphcast_hres_init,0.9700064362955604
789,era5_station,pangu_hres_init,0.9090816460340168
790,era5_station,ifs_hres,1.190803025645632
790,era5_station,graphcast_hres_init,0.9544564758809135
790,era5_station,pangu_hres_init,0.8910561817603614
791,era5_station,ifs_hres,1.168309698529167
791,era5_station,graphcast_hres_init,0.9600393550505848
791,era5_station,pangu_hres_init,0.8915365620105703
792,era5_station,ifs_hres,1.149223421295441
792,era5_station,graphcast_hres_init,0.9310586861285184
792,era5_station,pangu_hres_init,0.882759318552956
793,era5_station,ifs_hres,1.179269379395788
793,era5_station,graphcast_hres_init,0.9497787366691351
793,era5_station,pangu_hres_init,0.8853577241826002
794,era5_station,ifs_hres,1.1664095406422474
794,era5_station,graphcast_hres_init,0.9502841945889092
794,era5_station,pangu_hres_init,0.8870210045627897
795,era5_station,ifs_hres,1.1860142036741923
795,era5_station,graphcast_hres_init,0.9550516093333228
795,era5_station,pangu_hres_init,0.9128130196667766
796,era5_station,ifs_hres,1.1807715678852144
796,era5_station,graphcast_hres_init,0.9612754944630902
796,era5_station,pangu_hres_init,0.9034355802727789
797,era5_station,ifs_hres,1.1619889896747475
797,era5_station,graphcast_hres_init,0.9716368084393116
797,era5_station,pangu_hres_init,0.9325192113279802
798,era5_station,ifs_hres,1.1445393161133088
798,era5_station,graphcast_hres_init,0.9404224887762413
798,era5_station,pangu_hres_init,0.9084229044347489
799,era5_station,ifs_hres,1.18492141311414
799,era5_station,graphcast_hres_init,0.963401365844869
799,era5_station,pangu_hres_init,0.8926726049026623
800,era5_station,ifs_hres,1.1926380389345514
800,era5_station,graphcast_hres_init,0.9683308694651697
800,era5_station,pangu_hres_init,0.9044313910559012
801,era5_station,ifs_hres,1.173930947599764
801,era5_station,graphcast_hres_init,0.9855153649203836
801,era5_station,pangu_hres_init,0.9141505969524517
802,era5_station,ifs_hres,1.174219973598765
802,era5_station,graphcast_hres_init,0.9568648147171661
802,era5_station,pangu_hres_init,0.8912339985629466
803,era5_station,ifs_hres,1.1921108441272874
803,era5_station,graphcast_hres_init,0.9518420513738958
803,era5_station,pangu_hres_init,0.8817836301901721
804,era5_station,ifs_hres,1.1755646673100868
804,era5_station,graphcast_hres_init,0.9352475888701586
804,era5_station,pangu_hres_init,0.8958590128875855
805,era5_station,ifs_hres,1.1716369737000447
805,era5_station,graphcast_hres_init,0.9556364784533364
805,era5_station,pangu_hres_init,0.8974749549726845
806,era5_station,ifs_hres,1.2001839255545295
806,era5_station,graphcast_hres_init,0.9575824214477463
806,era5_station,pangu_hres_init,0.8769308014901842
807,era5_station,ifs_hres,1.183539692732016
807,era5_station,graphcast_hres_init,0.9612902381121299
807,era5_station,pangu_hres_init,0.8992800318225599
808,era5_station,ifs_hres,1.1547243687502233
808,era5_station,graphcast_hres_init,0.9385871921038471
808,era5_station,pangu_hres_init,0.9015557101214736
809,era5_station,ifs_hres,1.1552021074067784
809,era5_station,graphcast_hres_init,0.9509314514309097
809,era5_station,pangu_hres_init,0.9178642117070561
810,era5_station,ifs_hres,1.17502622104202
810,era5_station,graphcast_hres_init,0.9634562175872922
810,era5_station,pangu_hres_init,0.9056904685900067
811,era5_station,ifs_hres,1.1908351346142574
811,era5_station,graphcast_hres_init,0.9687069973273836
811,era5_station,pangu_hres_init,0.8941271969699335
812,era5_station,ifs_hres,1.1663689588508477
812,era5_station,graphcast_hres_init,0.9540017607174224
812,era5_station,pangu_hres_init,0.9109908571504478
813,era5_station,ifs_hres,1.1992767330537293
813,era5_station,graphcast_hres_init,0.9661348391932916
813,era5_station,pangu_hres_init,0.9208352971017747
814,era5_station,ifs_hres,1.2011184749503905
814,era5_station,graphcast_hres_init,0.9546761533821038
814,era5_station,pangu_hres_init,0.9000636187248334
815,era5_station,ifs_hres,1.17667364082456
815,era5_station,graphcast_hres_init,0.9466048964392032
815,era5_station,pangu_hres_init,0.8938387807565346
816,era5_station,ifs_hres,1.1841519636095637
816,era5_station,graphcast_hres_init,0.9585085453768825
816,era5_station,pangu_hres_init,0.8882573913944624
817,era5_station,ifs_hres,1.1908032746884913
817,era5_station,graphcast_hres_init,0.9479525205954212
817,era5_station,pangu_hres_init,0.8985415394976601
818,era5_station,ifs_hres,1.177068376804671
818,era5_station,graphcast_hres_init,0.9680556678740205
818,era5_station,pangu_hres_init,0.9039652248580512
819,era5_station,ifs_hres,1.1635877199805278
819,era5_station,graphcast_hres_init,0.9585790927834252
819,era5_station,pangu_hres_init,0.8978684629335907
820,era5_station,ifs_hres,1.1581210781393758
820,era5_station,graphcast_hres_init,0.9501982405068101
820,era5_station,pangu_hres_init,0.8984581168255814
821,era5_station,ifs_hres,1.1804194817577613
821,era5_station,graphcast_hres_init,0.953636013968215
821,era5_station,pangu_hres_init,0.8878259192228891
822,era5_station,ifs_hres,1.15928619074366
822,era5_station,graphcast_hres_init,0.9471762805957872
822,era5_station,pangu_hres_init,0.9156671871041641
823,era5_station,ifs_hres,1.2035209381200145
823,era5_station,graphcast_hres_init,0.9594341956279007
823,era5_station,pangu_hres_init,0.904896566783566
824,era5_station,ifs_hres,1.1748009386410216
824,era5_station,graphcast_hres_init,0.9501503807715268
824,era5_station,pangu_hres_init,0.8962618937860483
825,era5_station,ifs_hres,1.191956606651709
825,era5_station,graphcast_hres_init,0.9460160169610343
825,era5_station,pangu_hres_init,0.8782528683741129
826,era5_station,ifs_hres,1.1577056717163088
826,era5_station,graphcast_hres_init,0.9439945238742617
826,era5_station,pangu_hres_init,0.8885413449736931
827,era5_station,ifs_hres,1.1840671289284772
827,era5_station,graphcast_hres_init,0.9648609954088171
827,era5_station,pangu_hres_init,0.9131449351004404
828,era5_station,ifs_hres,1.1734670036088504
828,era5_station,graphcast_hres_init,0.962995622839466
828,era5_station,pangu_hres_init,0.8817776853323559
829,era5_station,ifs_hres,1.1872550205407122
829,era5_station,graphcast_hres_init,0.9763063589032841
829,era5_station,pangu_hres_init,0.9074999501040809
830,era5_station,ifs_hres,1.1953588766105507
830,era5_station,graphcast_hres_init,0.9465755532746637
830,era5_station,pangu_hres_init,0.8760714208765433
831,era5_station,ifs_hres,1.1920886365819316
831,era5_station,graphcast_hres_init,0.9518970041456541
831,era5_station,pangu_hres_init,0.9322553936274136
832,era5_station,ifs_hres,1.1773640775285963
832,era5_station,graphcast_hres_init,0.9606245348822338
832,era5_station,pangu_hres_init,0.8900800116147023
833,era5_station,ifs_hres,1.1948572273059026
833,era5_station,graphcast_hres_init,0.9417233589180636
833,era5_station,pangu_hres_init,0.8818805577380534
834,era5_station,ifs_hres,1.1918966662129953
834,era5_station,graphcast_hres_init,0.9484579858636087
834,era5_station,pangu_hres_init,0.9197985377940336
835,era5_station,ifs_hres,1.1844744761166797
835,era5_station,graphcast_hres_init,0.954218631875397
835,era5_station,pangu_hres_init,0.9129030341392608
836,era5_station,ifs_hres,1.1924893964571608
836,era5_station,graphcast_hres_init,0.9756238386766285
836,era5_station,pangu_hres_init,0.9135446227765297
837,era5_station,ifs_hres,1.1620083004432962
837,era5_station,graphcast_hres_init,0.9385657441039077
837,era5_station,pangu_hres_init,0.9045883318017708
838,era5_station,ifs_hres,1.1851417440882186
838,era5_station,graphcast_hres_init,0.9578671448004937
838,era5_station,pangu_hres_init,0.8890913955909253
839,era5_station,ifs_hres,1.182988846323712
839,era5_station,graphcast_hres_init,0.9481970790181382
839,era5_station,pangu_hres_init,0.8988132609985487
840,era5_station,ifs_hres,1.1798897879800838
840,era5_station,graphcast_hres_init,0.9716829803068162
840,era5_station,pangu_hres_init,0.9148739406616452
841,era5_station,ifs_hres,1.1670644408802908
841,era5_station,graphcast_hres_init,0.9525144050337154
841,era5_station,pangu_hres_init,0.8921061482773177
842,era5_station,ifs_hres,1.1790744050414568
842,era5_station,graphcast_hres_init,0.9595553650262737
842,era5_station,pangu_hres_init,0.9145522976468813
843,era5_station,ifs_hres,1.202528038968895
843,era5_station,graphcast_hres_init,0.9765903286032753
843,era5_station,pangu_hres_init,0.9311418224947385
844,era5_station,ifs_hres,1.16211937689133
844,era5_station,graphcast_hres_init,0.9393824630863536
844,era5_station,pangu_hres_init,0.9012897635023315
845,era5_station,ifs_hres,1.1897575287215367
845,era5_station,graphcast_hres_init,0.9652690260307036
845,era5_station,pangu_hres_init,0.8962353222608713
846,era5_station,ifs_hres,1.2049413713078259
846,era5_station,graphcast_hres_init,0.9656050327342984
846,era5_station,pangu_hres_init,0.9018429371111957
847,era5_station,ifs_hres,1.1540268535246843
847,era5_station,graphcast_hres_init,0.9594463755085875
847,era5_station,pangu_hres_init,0.8820274986372685
848,era5_station,ifs_hres,1.154321534793435
848,era5_station,graphcast_hres_init,0.9647613899777845
848,era5_station,pangu_hres_init,0.8972493171650432
849,era5_station,ifs_hres,1.1961394433003405
849,era5_station,graphcast_hres_init,0.9572918250427588
849,era5_station,pangu_hres_init,0.8965910134356913
850,era5_station,ifs_hres,1.179204448794007
850,era5_station,graphcast_hres_init,0.9711553858909211
850,era5_station,pangu_hres_init,0.9143193248121982
851,era5_station,ifs_hres,1.1813745724084548
851,era5_station,graphcast_hres_init,0.9631709237941363
851,era5_station,pangu_hres_init,0.8938937846658856
852,era5_station,ifs_hres,1.2006495417101701
852,era5_station,graphcast_hres_init,0.9549095649322177
852,era5_station,pangu_hres_init,0.8959510163814456
853,era5_station,ifs_hres,1.1721725292715608
853,era5_station,graphcast_hres_init,0.94812068061499
853,era5_station,pangu_hres_init,0.898258564222987
854,era5_station,ifs_hres,1.1985785001151827
854,era5_station,graphcast_hres_init,0.9636962433426063
854,era5_station,pangu_hres_init,0.9028568497438456
855,era5_station,ifs_hres,1.1937667206666096
855,era5_station,graphcast_hres_init,0.9506377495111245
855,era5_station,pangu_hres_init,0.8975145223124645
856,era5_station,ifs_hres,1.1467614607850485
856,era5_station,graphcast_hres_init,0.9350521286100533
856,era5_station,pangu_hres_init,0.8860047230809458
857,era5_station,ifs_hres,1.1743703169303075
857,era5_station,graphcast_hres_init,0.960955560189824
857,era5_station,pangu_hres_init,0.9193205143881896
858,era5_station,ifs_hres,1.1865912225838178
858,era5_station,graphcast_hres_init,0.9401744673435413
858,era5_station,pangu_hres_init,0.8916401674847864
859,era5_station,ifs_hres,1.203273156016982
859,era5_station,graphcast_hres_init,0.9615736430723636
859,era5_station,pangu_hres_init,0.9024463981806237
860,era5_station,ifs_hres,1.1708777773187469
860,era5_station,graphcast_hres_init,0.9644861953178511
860,era5_station,pangu_hres_init,0.9265245477299793
861,era5_station,ifs_hres,1.187115621997782
861,era5_station,graphcast_hres_init,0.9641316502806818
861,era5_station,pangu_hres_init,0.9043434604188093
862,era5_station,ifs_hres,1.1630478892157894
862,era5_station,graphcast_hres_init,0.9387264631053289
862,era5_station,pangu_hres_init,0.9168262321345534
863,era5_station,ifs_hres,1.1633489452227876
863,era5_station,graphcast_hres_init,0.941294529936125
863,era5_station,pangu_hres_init,0.8945808821328921
864,era5_station,ifs_hres,1.1723836195242094
864,era5_station,graphcast_hres_init,0.9607404854132238
864,era5_station,pangu_hres_init,0.9115019187395211
865,era5_station,ifs_hres,1.176109297093809
865,era5_station,graphcast_hres_init,0.9551896824288615
865,era5_station,pangu_hres_init,0.8896425118418724
866,era5_station,ifs_hres,1.195309683004192
866,era5_station,graphcast_hres_init,0.9500795058687459
866,era5_station,pangu_hres_init,0.900114296505513
867,era5_station,ifs_hres,1.1748415428726497
867,era5_station,graphcast_hres_init,0.9363681343750376
867,era5_station,pangu_hres_init,0.8939497757307966
868,era5_station,ifs_hres,1.184576496291086
868,era5_station,graphcast_hres_init,0.9510349528249713
868,era5_station,pangu_hres_init,0.8952332253429327
869,era5_station,ifs_hres,1.1749669368297413
869,era5_station,graphcast_hres_init,0.9567563932805683
869,era5_station,pangu_hres_init,0.9068290608608668
870,era5_station,ifs_hres,1.1710425284823107
870,era5_station,graphcast_hres_init,0.9405258227345022
870,era5_station,pangu_hres_init,0.8875587768054096
871,era5_station,ifs_hres,1.1576291387570783
871,era5_station,graphcast_hres_init,0.9523728232089992
871,era5_station,pangu_hres_init,0.8881476577685019
872,era5_station,ifs_hres,1.1834074154424248
872,era5_station,graphcast_hres_init,0.9691290540984695
872,era5_station,pangu_hres_init,0.9161803870469758
873,era5_station,ifs_hres,1.2111219709687107
873,era5_station,graphcast_hres_init,0.9803088361986758
873,era5_station,pangu_hres_init,0.9020388837196418
874,era5_station,ifs_hres,1.1984178315406613
874,era5_station,graphcast_hres_init,0.9575512403628555
874,era5_station,pangu_hres_init,0.8987871968709735
875,era5_station,ifs_hres,1.1649426450396636
875,era5_station,graphcast_hres_init,0.9717608506751546
875,era5_station,pangu_hres_init,0.908137889212271
876,era5_station,ifs_hres,1.2026927499353703
876,era5_station,graphcast_hres_init,0.9757629439220638
876,era5_station,pangu_hres_init,0.9258236235461009
877,era5_station,ifs_hres,1.1729074182077555
877,era5_station,graphcast_hres_init,0.9603080913244132
877,era5_station,pangu_hres_init,0.9184735620302509
878,era5_station,ifs_hres,1.1908197390663706
878,era5_station,graphcast_hres_init,0.9641519750705134
878,era5_station,pangu_hres_init,0.9180307011384137
879,era5_station,ifs_hres,1.1769023067663267
879,era5_station,graphcast_hres_init,0.9484933655905544
879,era5_station,pangu_hres_init,0.8929872073756576
880,era5_station,ifs_hres,1.1457638828741166
880,era5_station,graphcast_hres_init,0.9411934690302924
880,era5_station,pangu_hres_init,0.8949601928471533
881,era5_station,ifs_hres,1.1672687803023853
881,era5_station,graphcast_hres_init,0.9417538716855812
881,era5_station,pangu_hres_init,0.8904515286655867
882,era5_station,ifs_hres,1.168813973119712
882,era5_station,graphcast_hres_init,0.9491062490907882
882,era5_station,pangu_hres_init,0.8879960736592093
883,era5_station,ifs_hres,1.1536720691792433
883,era5_station,graphcast_hres_init,0.9693063663509074
883,era5_station,pangu_hres_init,0.8974707901959132
884,era5_station,ifs_hres,1.1837830047493996
884,era5_station,graphcast_hres_init,0.9465016128659139
884,era5_station,pangu_hres_init,0.8808461977412482
885,era5_station,ifs_hres,1.1694750524505517
885,era5_station,graphcast_hres_init,0.949293310438378
885,era5_station,pangu_hres_init,0.9013789835202757
886,era5_station,ifs_hres,1.1694944479746292
886,era5_station,graphcast_hres_init,0.9760891609130742
886,era5_station,pangu_hres_init,0.9192739841137294
887,era5_station,ifs_hres,1.1636214069983144
887,era5_station,graphcast_hres_init,0.9465160755152493
887,era5_station,pangu_hres_init,0.8810024657630862
888,era5_station,ifs_hres,1.1413757969206877
888,era5_station,graphcast_hres_init,0.9172843597364503
888,era5_station,pangu_hres_init,0.8685151292910825
889,era5_station,ifs_hres,1.1939634982646268
889,era5_station,graphcast_hres_init,0.9790442809283917
889,era5_station,pangu_hres_init,0.9079395192923514
890,era5_station,ifs_hres,1.1821870002075712
890,era5_station,graphcast_hres_init,0.9663207059325325
890,era5_station,pangu_hres_init,0.9287636619498618
891,era5_station,ifs_hres,1.1844295509226381
891,era5_station,graphcast_hres_init,0.9573617965920658
891,era5_station,pangu_hres_init,0.901263234704491
892,era5_station,ifs_hres,1.173274789185577
892,era5_station,graphcast_hres_init,0.9465856534303071
892,era5_station,pangu_hres_init,0.8758839004102605
893,era5_station,ifs_hres,1.1520568469180104
893,era5_station,graphcast_hres_init,0.9405141502164752
893,era5_station,pangu_hres_init,0.9064902738917004
894,era5_station,ifs_hres,1.1793798017655572
894,era5_station,graphcast_hres_init,0.950864283796409
894,era5_station,pangu_hres_init,0.9158867122583267
895,era5_station,ifs_hres,1.155579237334635
895,era5_station,graphcast_hres_init,0.9451493413925378
895,era5_station,pangu_hres_init,0.8946178161883586
896,era5_station,ifs_hres,1.1863241145146333
896,era5_station,graphcast_hres_init,0.9440141132054595
896,era5_station,pangu_hres_init,0.862671271251075
897,era5_station,ifs_hres,1.1699799480183943
897,era5_station,graphcast_hres_init,0.9703215944484207
897,era5_station,pangu_hres_init,0.9063445353763828
898,era5_station,ifs_hres,1.1732499148999567
898,era5_station,graphcast_hres_init,0.9406649130255501
898,era5_station,pangu_hres_init,0.8916624284393468
899,era5_station,ifs_hres,1.1646895588837483
899,era5_station,graphcast_hres_init,0.9346311725522293
899,era5_station,pangu_hres_init,0.8703328916452081
900,era5_station,ifs_hres,1.189385414273108
900,era5_station,graphcast_hres_init,0.9527908989683906
900,era5_station,pangu_hres_init,0.9029470998008357
901,era5_station,ifs_hres,1.173242502051495
901,era5_station,graphcast_hres_init,0.9386828793897379
901,era5_station,pangu_hres_init,0.8871200808190485
902,era5_station,ifs_hres,1.1809094462339973
902,era5_station,graphcast_hres_init,0.9466319132626877
902,era5_station,pangu_hres_init,0.8993506683421381
903,era5_station,ifs_hres,1.1880836749499246
903,era5_station,graphcast_hres_init,0.9588101154680009
903,era5_station,pangu_hres_init,0.8974410443641231
904,era5_station,ifs_hres,1.1834631376426452
904,era5_station,graphcast_hres_init,0.9481947761448218
904,era5_station,pangu_hres_init,0.886962340099194
905,era5_station,ifs_hres,1.1623783184658512
905,era5_station,graphcast_hres_init,0.9412370840239886
905,era5_station,pangu_hres_init,0.9023552350100319
906,era5_station,ifs_hres,1.1646813772004179
906,era5_station,graphcast_hres_init,0.945604082587991
906,era5_station,pangu_hres_init,0.9177379013945883
907,era5_station,ifs_hres,1.222324138903361
907,era5_station,graphcast_hres_init,0.9616333552395985
907,era5_station,pangu_hres_init,0.9190603007732508
908,era5_station,ifs_hres,1.186312635307786
908,era5_station,graphcast_hres_init,0.9324982014235801
908,era5_station,pangu_hres_init,0.9079367610368942
909,era5_station,ifs_hres,1.185033515182198
909,era5_station,graphcast_hres_init,0.9713979292342485
909,era5_station,pangu_hres_init,0.9089425567486532
910,era5_station,ifs_hres,1.1922430279533986
910,era5_station,graphcast_hres_init,0.9698824180132983
910,era5_station,pangu_hres_init,0.9071077885348467
911,era5_station,ifs_hres,1.1710545706621325
911,era5_station,graphcast_hres_init,0.933453532906264
911,era5_station,pangu_hres_init,0.9005921429327823
912,era5_station,ifs_hres,1.1936680548001588
912,era5_station,graphcast_hres_init,0.9538332204480547
912,era5_station,pangu_hres_init,0.9053658517228612
913,era5_station,ifs_hres,1.1746375100349067
913,era5_station,graphcast_hres_init,0.9526227989667508
913,era5_station,pangu_hres_init,0.9178485968624327
914,era5_station,ifs_hres,1.1770297216981171
914,era5_station,graphcast_hres_init,0.9512280283786679
914,era5_station,pangu_hres_init,0.9024183274389249
915,era5_station,ifs_hres,1.199626972696615
915,era5_station,graphcast_hres_init,0.982250435330826
915,era5_station,pangu_hres_init,0.9021845201737823
916,era5_station,ifs_hres,1.2019035228939166
916,era5_station,graphcast_hres_init,0.9491567843602167
916,era5_station,pangu_hres_init,0.8844784248387247
917,era5_station,ifs_hres,1.1640889429422756
917,era5_station,graphcast_hres_init,0.9378521004230526
917,era5_station,pangu_hres_init,0.8937867041131007
918,era5_station,ifs_hres,1.1740847526881641
918,era5_station,graphcast_hres_init,0.9482640194966582
918,era5_station,pangu_hres_init,0.9105282251436292
919,era5_station,ifs_hres,1.1680458046900988
919,era5_station,graphcast_hres_init,0.9546479769921122
919,era5_station,pangu_hres_init,0.9124593672717602
920,era5_station,ifs_hres,1.182333852660653
920,era5_station,graphcast_hres_init,0.9594703303669093
920,era5_station,pangu_hres_init,0.8828958602248117
921,era5_station,ifs_hres,1.1697799347391067
921,era5_station,graphcast_hres_init,0.9497683229238487
921,era5_station,pangu_hres_init,0.9206057050768872
922,era5_station,ifs_hres,1.1593647948999393
922,era5_station,graphcast_hres_init,0.9568238244226476
922,era5_station,pangu_hres_init,0.9057220557605294
923,era5_station,ifs_hres,1.1805098154156326
923,era5_station,graphcast_hres_init,0.9456342530407992
923,era5_station,pangu_hres_init,0.8749809123717762
924,era5_station,ifs_hres,1.1713163597012644
924,era5_station,graphcast_hres_init,0.950788574380102
924,era5_station,pangu_hres_init,0.8716158993088834
925,era5_station,ifs_hres,1.1974187086069839
925,era5_station,graphcast_hres_init,0.9655983527409173
925,era5_station,pangu_hres_init,0.9082211157023481
926,era5_station,ifs_hres,1.175899617072847
926,era5_station,graphcast_hres_init,0.9614684696700021
926,era5_station,pangu_hres_init,0.9157380206205964
927,era5_station,ifs_hres,1.1857592128465697
927,era5_station,graphcast_hres_init,0.9583360533515536
927,era5_station,pangu_hres_init,0.9059609824849519
928,era5_station,ifs_hres,1.1861551752250814
928,era5_station,graphcast_hres_init,0.9359658740715349
928,era5_station,pangu_hres_init,0.8886950289090932
929,era5_station,ifs_hres,1.1997440902565422
929,era5_station,graphcast_hres_init,0.9500475336730085
929,era5_station,pangu_hres_init,0.8928708147882101
930,era5_station,ifs_hres,1.1522394048309168
930,era5_station,graphcast_hres_init,0.943389394178483
930,era5_station,pangu_hres_init,0.8839430369577531
931,era5_station,ifs_hres,1.1842150104547393
931,era5_station,graphcast_hres_init,0.9498227462196269
931,era5_station,pangu_hres_init,0.8945443200400108
932,era5_station,ifs_hres,1.1700183773646655
932,era5_station,graphcast_hres_init,0.9483154862109293
932,era5_station,pangu_hres_init,0.8903058310679298
933,era5_station,ifs_hres,1.1431567980612727
933,era5_station,graphcast_hres_init,0.9142380869792265
933,era5_station,pangu_hres_init,0.8918629989551357
934,era5_station,ifs_hres,1.1835808292474403
934,era5_station,graphcast_hres_init,0.9666290963938011
934,era5_station,pangu_hres_init,0.905718713513319
935,era5_station,ifs_hres,1.1465568188727788
935,era5_station,graphcast_hres_init,0.9372253248986263
935,era5_station,pangu_hres_init,0.9027013632893642
936,era5_station,ifs_hres,1.1574763463614743
936,era5_station,graphcast_hres_init,0.957920278127592
936,era5_station,pangu_hres_init,0.8891633517299278
937,era5_station,ifs_hres,1.1913768140779541
937,era5_station,graphcast_hres_init,0.9540705540891388
937,era5_station,pangu_hres_init,0.9083620118068172
938,era5_station,ifs_hres,1.1808494970624281
938,era5_station,graphcast_hres_init,0.9598081776716002
938,era5_station,pangu_hres_init,0.9082210852971688
939,era5_station,ifs_hres,1.1976163925488714
939,era5_station,graphcast_hres_init,0.9676714252265213
939,era5_station,pangu_hres_init,0.9111843101691846
940,era5_station,ifs_hres,1.188987009167452
940,era5_station,graphcast_hres_init,0.9514091075058929
940,era5_station,pangu_hres_init,0.9119285194972743
941,era5_station,ifs_hres,1.1971340424135857
941,era5_station,graphcast_hres_init,0.962034561371661
941,era5_station,pangu_hres_init,0.9263995509558731
942,era5_station,ifs_hres,1.170786878879643
942,era5_station,graphcast_hres_init,0.9548885702547085
942,era5_station,pangu_hres_init,0.8993271576029154
943,era5_station,ifs_hres,1.1712112391322165
943,era5_station,graphcast_hres_init,0.9458708105852616
943,era5_station,pangu_hres_init,0.9102391332884314
944,era5_station,ifs_hres,1.1684047692396706
944,era5_station,graphcast_hres_init,0.9630977828619192
944,era5_station,pangu_hres_init,0.9213939672048828
945,era5_station,ifs_hres,1.1747225359784799
945,era5_station,graphcast_hres_init,0.950170338805933
945,era5_station,pangu_hres_init,0.8986019033660158
946,era5_station,ifs_hres,1.174294654687678
946,era5_station,graphcast_hres_init,0.9516334819847845
946,era5_station,pangu_hres_init,0.9079046320842186
947,era5_station,ifs_hres,1.166931357482331
947,era5_station,graphcast_hres_init,0.9703297490044852
947,era5_station,pangu_hres_init,0.9026824750742317
948,era5_station,ifs_hres,1.1576839874686722
948,era5_station,graphcast_hres_init,0.9535336037968368
948,era5_station,pangu_hres_init,0.8908091250022555
949,era5_station,ifs_hres,1.165866392285281
949,era5_station,graphcast_hres_init,0.937190633230864
949,era5_station,pangu_hres_init,0.888813473154054
950,era5_station,ifs_hres,1.1427203786417033
950,era5_station,graphcast_hres_init,0.9467284843998264
950,era5_station,pangu_hres_init,0.9049841080235977
951,era5_station,ifs_hres,1.1574437991561228
951,era5_station,graphcast_hres_init,0.9579796431598054
951,era5_station,pangu_hres_init,0.9009552583852536
952,era5_station,ifs_hres,1.1836320684394148
952,era5_station,graphcast_hres_init,0.9749097906712986
952,era5_station,pangu_hres_init,0.9055559268381916
953,era5_station,ifs_hres,1.169917911147554
953,era5_station,graphcast_hres_init,0.9346816260851819
953,era5_station,pangu_hres_init,0.9033353696834187
954,era5_station,ifs_hres,1.1684688136077601
954,era5_station,graphcast_hres_init,0.948556815844736
954,era5_station,pangu_hres_init,0.9013272912083581
955,era5_station,ifs_hres,1.1819595257477817
955,era5_station,graphcast_hres_init,0.9656818271702103
955,era5_station,pangu_hres_init,0.8998702548414905
956,era5_station,ifs_hres,1.200648145119687
956,era5_station,graphcast_hres_init,0.9656796225146437
956,era5_station,pangu_hres_init,0.8875190750757134
957,era5_station,ifs_hres,1.1929174593907703
957,era5_station,graphcast_hres_init,0.9673941505975358
957,era5_station,pangu_hres_init,0.901179311063465
958,era5_station,ifs_hres,1.17839182750838
958,era5_station,graphcast_hres_init,0.9508641714955175
958,era5_station,pangu_hres_init,0.9125922713243595
959,era5_station,ifs_hres,1.162032905784685
959,era5_station,graphcast_hres_init,0.957675443425924
959,era5_station,pangu_hres_init,0.8863980001754308
960,era5_station,ifs_hres,1.169933202169406
960,era5_station,graphcast_hres_init,0.9476732864012174
960,era5_station,pangu_hres_init,0.8828448632294726
961,era5_station,ifs_hres,1.1712628841560662
961,era5_station,graphcast_hres_init,0.9562478735756847
961,era5_station,pangu_hres_init,0.8921389645085912
962,era5_station,ifs_hres,1.1766487005672785
962,era5_station,graphcast_hres_init,0.9757563130407433
962,era5_station,pangu_hres_init,0.8962624680898202
963,era5_station,ifs_hres,1.1737757303133458
963,era5_station,graphcast_hres_init,0.9459981214166624
963,era5_station,pangu_hres_init,0.902568398271983
964,era5_station,ifs_hres,1.158035142294579
964,era5_station,graphcast_hres_init,0.9466796409078915
964,era5_station,pangu_hres_init,0.8971932596761171
965,era5_station,ifs_hres,1.173167529455669
965,era5_station,graphcast_hres_init,0.9676214422885479
965,era5_station,pangu_hres_init,0.8974425541092862
966,era5_station,ifs_hres,1.2023835399472866
966,era5_station,graphcast_hres_init,0.9687540071140507
966,era5_station,pangu_hres_init,0.8936074600347255
967,era5_station,ifs_hres,1.1770539220839804
967,era5_station,graphcast_hres_init,0.9538974993590159
967,era5_station,pangu_hres_init,0.885348136294396
968,era5_station,ifs_hres,1.1855795077110587
968,era5_station,graphcast_hres_init,0.9606825876768225
968,era5_station,pangu_hres_init,0.9081216708790163
969,era5_station,ifs_hres,1.1937623444875556
969,era5_station,graphcast_hres_init,0.9673815839256195
969,era5_station,pangu_hres_init,0.9029911012343167
970,era5_station,ifs_hres,1.182617602830822
970,era5_station,graphcast_hres_init,0.9750900196384154
970,era5_station,pangu_hres_init,0.9175945871005035
971,era5_station,ifs_hres,1.1431320042724022
971,era5_station,graphcast_hres_init,0.9374643839092645
971,era5_station,pangu_hres_init,0.8828529266544148
972,era5_station,ifs_hres,1.1653597603885588
972,era5_station,graphcast_hres_init,0.9501570432285847
972,era5_station,pangu_hres_init,0.8972365069973326
973,era5_station,ifs_hres,1.194854934301348
973,era5_station,graphcast_hres_init,0.9681305137974779
973,era5_station,pangu_hres_init,0.9215808017610595
974,era5_station,ifs_hres,1.1889843155196713
974,era5_station,graphcast_hres_init,0.952089565762107
974,era5_station,pangu_hres_init,0.9126136366746826
975,era5_station,ifs_hres,1.170861028808253
975,era5_station,graphcast_hres_init,0.9357872775852086
975,era5_station,pangu_hres_init,0.9051140391232048
976,era5_station,ifs_hres,1.1812648332821787
976,era5_station,graphcast_hres_init,0.9589850306661079
976,era5_station,pangu_hres_init,0.9009616602859611
977,era5_station,ifs_hres,1.189537264975082
977,era5_station,graphcast_hres_init,0.9650817795576968
977,era5_station,pangu_hres_init,0.9285771290779421
978,era5_station,ifs_hres,1.163375723145702
978,era5_station,graphcast_hres_init,0.9514390650575394
978,era5_station,pangu_hres_init,0.895549413631609
979,era5_station,ifs_hres,1.1652881549827991
979,era5_station,graphcast_hres_init,0.9412511659007153
979,era5_station,pangu_hres_init,0.8817085670541045
980,era5_station,ifs_hres,1.170879258189253
980,era5_station,graphcast_hres_init,0.9550706448376458
980,era5_station,pangu_hres_init,0.8904940902467036
981,era5_station,ifs_hres,1.1795349596819624
981,era5_station,graphcast_hres_init,0.9453995293188048
981,era5_station,pangu_hres_init,0.8856430122383251
982,era5_station,ifs_hres,1.2205500883437035
982,era5_station,graphcast_hres_init,0.9770147669021
982,era5_station,pangu_hres_init,0.9084625780023365
983,era5_station,ifs_hres,1.1875375897151388
983,era5_station,graphcast_hres_init,0.955047485542125
983,era5_station,pangu_hres_init,0.9043739497378556
984,era5_station,ifs_hres,1.1638342985532315
984,era5_station,graphcast_hres_init,0.9571036422914155
984,era5_station,pangu_hres_init,0.9059276811653318
985,era5_station,ifs_hres,1.1782434372320334
985,era5_station,graphcast_hres_init,0.9309117781013941
985,era5_station,pangu_hres_init,0.8809525799335842
986,era5_station,ifs_hres,1.1840145746954815
986,era5_station,graphcast_hres_init,0.9541621211021927
986,era5_station,pangu_hres_init,0.8949584406562962
987,era5_station,ifs_hres,1.1739505454388406
987,era5_station,graphcast_hres_init,0.9473249323013304
987,era5_station,pangu_hres_init,0.8819418622002636
988,era5_station,ifs_hres,1.1655963271483767
988,era5_station,graphcast_hres_init,0.9363905089373231
988,era5_station,pangu_hres_init,0.8735973205223263
989,era5_station,ifs_hres,1.183724957649237
989,era5_station,graphcast_hres_init,0.9433209724673678
989,era5_station,pangu_hres_init,0.8974478751607881
990,era5_station,ifs_hres,1.190117218240961
990,era5_station,graphcast_hres_init,0.9449611001605532
990,era5_station,pangu_hres_init,0.8992038117669702
991,era5_station,ifs_hres,1.1695215296920174
991,era5_station,graphcast_hres_init,0.9609663993311196
991,era5_station,pangu_hres_init,0.9041663847814971
992,era5_station,ifs_hres,1.1581255941619653
992,era5_station,graphcast_hres_init,0.9456694920676101
992,era5_station,pangu_hres_init,0.8902852860462712
993,era5_station,ifs_hres,1.1892796291035728
993,era5_station,graphcast_hres_init,0.9767360902613308
993,era5_station,pangu_hres_init,0.9099069920038271
994,era5_station,ifs_hres,1.173397334082673
994,era5_station,graphcast_hres_init,0.963177605161771
994,era5_station,pangu_hres_init,0.9216044778286995
995,era5_station,ifs_hres,1.2081019717798485
995,era5_station,graphcast_hres_init,0.9698112507125852
995,era5_station,pangu_hres_init,0.8851963010929508
996,era5_station,ifs_hres,1.206326891708059
996,era5_station,graphcast_hres_init,0.9446212162560689
996,era5_station,pangu_hres_init,0.9076903773714822
997,era5_station,ifs_hres,1.1836899413607673
997,era5_station,graphcast_hres_init,0.9419021158934762
997,era5_station,pangu_hres_init,0.9152543097308922
998,era5_station,ifs_hres,1.18481365962769
998,era5_station,graphcast_hres_init,0.9632996786434175
998,era5_station,pangu_hres_init,0.9119569619564918
999,era5_station,ifs_hres,1.1740621383145315
999,era5_station,graphcast_hres_init,0.9589278661866697
999,era5_station,pangu_hres_init,0.899604158071719
1000,era5_station,ifs_hres,1.1776176102694056
1000,era5_station,graphcast_hres_init,0.9587712822038998
1000,era5_station,pangu_hres_init,0.9070969472969095
1001,era5_station,ifs_hres,1.1907034399551406
1001,era5_station,graphcast_hres_init,0.9609512337083189
1001,era5_station,pangu_hres_init,0.8974920070493905
1002,era5_station,ifs_hres,1.192064634837016
1002,era5_station,graphcast_hres_init,0.9722831904417811
1002,era5_station,pangu_hres_init,0.9072699462764778
1003,era5_station,ifs_hres,1.1927703275480623
1003,era5_station,graphcast_hres_init,0.9575552272673629
1003,era5_station,pangu_hres_init,0.8962414659519164
1004,era5_station,ifs_hres,1.1610899841183548
1004,era5_station,graphcast_hres_init,0.9501416392782476
1004,era5_station,pangu_hres_init,0.8885601879526135
1005,era5_station,ifs_hres,1.1647085317461667
1005,era5_station,graphcast_hres_init,0.9405580085474019
1005,era5_station,pangu_hres_init,0.8867433784252444
1006,era5_station,ifs_hres,1.1807686483081248
1006,era5_station,graphcast_hres_init,0.9533313410037765
1006,era5_station,pangu_hres_init,0.9190770511669187
1007,era5_station,ifs_hres,1.174296557763325
1007,era5_station,graphcast_hres_init,0.9426575457814151
1007,era5_station,pangu_hres_init,0.894589727259842
1008,era5_station,ifs_hres,1.168083416546757
1008,era5_station,graphcast_hres_init,0.9444841619362504
1008,era5_station,pangu_hres_init,0.8835656634012455
1009,era5_station,ifs_hres,1.2028547670873428
1009,era5_station,graphcast_hres_init,0.9759287120422824
1009,era5_station,pangu_hres_init,0.8693571006738635
1010,era5_station,ifs_hres,1.1712457171090929
1010,era5_station,graphcast_hres_init,0.9448218301259191
1010,era5_station,pangu_hres_init,0.8888344161284519
1011,era5_station,ifs_hres,1.1861030293186021
1011,era5_station,graphcast_hres_init,0.9631205424425309
1011,era5_station,pangu_hres_init,0.9086183732615725
1012,era5_station,ifs_hres,1.1901172691106923
1012,era5_station,graphcast_hres_init,0.9513530599772496
1012,era5_station,pangu_hres_init,0.8886771844683868
1013,era5_station,ifs_hres,1.1638801815674158
1013,era5_station,graphcast_hres_init,0.9496344682930089
1013,era5_station,pangu_hres_init,0.9121470166178838
1014,era5_station,ifs_hres,1.1538942475592338
1014,era5_station,graphcast_hres_init,0.942650810072403
1014,era5_station,pangu_hres_init,0.8843717932237214
1015,era5_station,ifs_hres,1.1742964836645067
1015,era5_station,graphcast_hres_init,0.9501106858459716
1015,era5_station,pangu_hres_init,0.9053300109534256
1016,era5_station,ifs_hres,1.1642775246923034
1016,era5_station,graphcast_hres_init,0.9444666935879721
1016,era5_station,pangu_hres_init,0.9117047474294299
1017,era5_station,ifs_hres,1.1775368676580917
1017,era5_station,graphcast_hres_init,0.9614386841536141
1017,era5_station,pangu_hres_init,0.91038836230016
1018,era5_station,ifs_hres,1.1689094803120317
1018,era5_station,graphcast_hres_init,0.9482814076980194
1018,era5_station,pangu_hres_init,0.901197319998014
1019,era5_station,ifs_hres,1.1664268352151077
1019,era5_station,graphcast_hres_init,0.961752279695719
1019,era5_station,pangu_hres_init,0.8809563989864747
1020,era5_station,ifs_hres,1.159308582969769
1020,era5_station,graphcast_hres_init,0.956133960086816
1020,era5_station,pangu_hres_init,0.8824016080115714
1021,era5_station,ifs_hres,1.1727823962728254
1021,era5_station,graphcast_hres_init,0.956741616421643
1021,era5_station,pangu_hres_init,0.9131740440022335
1022,era5_station,ifs_hres,1.1650472089615904
1022,era5_station,graphcast_hres_init,0.9492965332484176
1022,era5_station,pangu_hres_init,0.9053989578644097
1023,era5_station,ifs_hres,1.168085395727576
1023,era5_station,graphcast_hres_init,0.9434224560413265
1023,era5_station,pangu_hres_init,0.8917296679063085
1024,era5_station,ifs_hres,1.169240368851774
1024,era5_station,graphcast_hres_init,0.945587899260465
1024,era5_station,pangu_hres_init,0.8862637467191192
1025,era5_station,ifs_hres,1.154050088172929
1025,era5_station,graphcast_hres_init,0.9524081575379507
1025,era5_station,pangu_hres_init,0.9003261115059498
1026,era5_station,ifs_hres,1.1683244386573006
1026,era5_station,graphcast_hres_init,0.9552729875525446
1026,era5_station,pangu_hres_init,0.8951209295570407
1027,era5_station,ifs_hres,1.17248563455108
1027,era5_station,graphcast_hres_init,0.9382417897531313
1027,era5_station,pangu_hres_init,0.8839777728067623
1028,era5_station,ifs_hres,1.1786137645813246
1028,era5_station,graphcast_hres_init,0.9335154393258294
1028,era5_station,pangu_hres_init,0.8782825311524388
1029,era5_station,ifs_hres,1.1794071513987254
1029,era5_station,graphcast_hres_init,0.9518766361305353
1029,era5_station,pangu_hres_init,0.9136907056499436
1030,era5_station,ifs_hres,1.188865930622016
1030,era5_station,graphcast_hres_init,0.9675491497649837
1030,era5_station,pangu_hres_init,0.8964146167921924
1031,era5_station,ifs_hres,1.1580678781138076
1031,era5_station,graphcast_hres_init,0.9644420866572214
1031,era5_station,pangu_hres_init,0.9106161375543135
1032,era5_station,ifs_hres,1.1998394681201414
1032,era5_station,graphcast_hres_init,0.9660219428776338
1032,era5_station,pangu_hres_init,0.9140890174498895
1033,era5_station,ifs_hres,1.1668978790281792
1033,era5_station,graphcast_hres_init,0.9428961997413456
1033,era5_station,pangu_hres_init,0.8987867587561454
1034,era5_station,ifs_hres,1.186437066774522
1034,era5_station,graphcast_hres_init,0.9551470031522521
1034,era5_station,pangu_hres_init,0.9042030373135466
1035,era5_station,ifs_hres,1.1717193137131192
1035,era5_station,graphcast_hres_init,0.946762058487885
1035,era5_station,pangu_hres_init,0.8834784530470516
1036,era5_station,ifs_hres,1.1819678178371482
1036,era5_station,graphcast_hres_init,0.9690078255058536
1036,era5_station,pangu_hres_init,0.9224308482361799
1037,era5_station,ifs_hres,1.1612972415597582
1037,era5_station,graphcast_hres_init,0.9450754321163922
1037,era5_station,pangu_hres_init,0.8930907604823004
1038,era5_station,ifs_hres,1.1690997521097097
1038,era5_station,graphcast_hres_init,0.9353108169302581
1038,era5_station,pangu_hres_init,0.8895764720631139
1039,era5_station,ifs_hres,1.1693476374940868
1039,era5_station,graphcast_hres_init,0.9490785632190871
1039,era5_station,pangu_hres_init,0.882433575591401
1040,era5_station,ifs_hres,1.2047882300259845
1040,era5_station,graphcast_hres_init,0.9715625398035657
1040,era5_station,pangu_hres_init,0.9187867462384525
1041,era5_station,ifs_hres,1.172105153299531
1041,era5_station,graphcast_hres_init,0.956565256064674
1041,era5_station,pangu_hres_init,0.9127082981573694
1042,era5_station,ifs_hres,1.1563944512817264
1042,era5_station,graphcast_hres_init,0.9425596929415909
1042,era5_station,pangu_hres_init,0.9019718563418869
1043,era5_station,ifs_hres,1.1762409615342029
1043,era5_station,graphcast_hres_init,0.9365034378514229
1043,era5_station,pangu_hres_init,0.8741253432441186
1044,era5_station,ifs_hres,1.1598496506889868
1044,era5_station,graphcast_hres_init,0.9367198416776986
1044,era5_station,pangu_hres_init,0.8854081543046262
1045,era5_station,ifs_hres,1.19027187877376
1045,era5_station,graphcast_hres_init,0.9686481199469984
1045,era5_station,pangu_hres_init,0.8844732637286653
1046,era5_station,ifs_hres,1.178065704526149
1046,era5_station,graphcast_hres_init,0.9401937497940922
1046,era5_station,pangu_hres_init,0.9053768838090097
1047,era5_station,ifs_hres,1.1796582465483412
1047,era5_station,graphcast_hres_init,0.9402445862298758
1047,era5_station,pangu_hres_init,0.8840299569157742
1048,era5_station,ifs_hres,1.1937000964921753
1048,era5_station,graphcast_hres_init,0.9394779633222531
1048,era5_station,pangu_hres_init,0.8874385598370501
1049,era5_station,ifs_hres,1.1694076802344175
1049,era5_station,graphcast_hres_init,0.9459238631352292
1049,era5_station,pangu_hres_init,0.8847672466092009
1050,era5_station,ifs_hres,1.1799272315905966
1050,era5_station,graphcast_hres_init,0.9507988921789049
1050,era5_station,pangu_hres_init,0.8935677966032217
1051,era5_station,ifs_hres,1.1879082897511133
1051,era5_station,graphcast_hres_init,0.9698249372897363
1051,era5_station,pangu_hres_init,0.9091734238059042
1052,era5_station,ifs_hres,1.1965337748619616
1052,era5_station,graphcast_hres_init,0.9684942117587602
1052,era5_station,pangu_hres_init,0.904799465513664
1053,era5_station,ifs_hres,1.1647641131164113
1053,era5_station,graphcast_hres_init,0.950633107438626
1053,era5_station,pangu_hres_init,0.8990877056343612
1054,era5_station,ifs_hres,1.1779453496161154
1054,era5_station,graphcast_hres_init,0.9584065440715192
1054,era5_station,pangu_hres_init,0.8810991164293319
1055,era5_station,ifs_hres,1.1870200315516501
1055,era5_station,graphcast_hres_init,0.9602334525940772
1055,era5_station,pangu_hres_init,0.9086282259632049
1056,era5_station,ifs_hres,1.1962157864268854
1056,era5_station,graphcast_hres_init,0.9705562371743363
1056,era5_station,pangu_hres_init,0.9044077331276092
1057,era5_station,ifs_hres,1.1842308596038138
1057,era5_station,graphcast_hres_init,0.9649665862469415
1057,era5_station,pangu_hres_init,0.911200174932396
1058,era5_station,ifs_hres,1.190786398380438
1058,era5_station,graphcast_hres_init,0.9689559755721837
1058,era5_station,pangu_hres_init,0.9188300791931764
1059,era5_station,ifs_hres,1.1925876442345207
1059,era5_station,graphcast_hres_init,0.9524785998217483
1059,era5_station,pangu_hres_init,0.9095610093437478
1060,era5_station,ifs_hres,1.187362759248723
1060,era5_station,graphcast_hres_init,0.9395633980354982
1060,era5_station,pangu_hres_init,0.8874389970516124
1061,era5_station,ifs_hres,1.186880554126483
1061,era5_station,graphcast_hres_init,0.9534338899520384
1061,era5_station,pangu_hres_init,0.9013185920870598
1062,era5_station,ifs_hres,1.1984519386254961
1062,era5_station,graphcast_hres_init,0.9619362789750996
1062,era5_station,pangu_hres_init,0.9076723826472438
1063,era5_station,ifs_hres,1.1631102361449195
1063,era5_station,graphcast_hres_init,0.9379348884812295
1063,era5_station,pangu_hres_init,0.8907663786702085
1064,era5_station,ifs_hres,1.1925113243862306
1064,era5_station,graphcast_hres_init,0.9886251337656976
1064,era5_station,pangu_hres_init,0.9161524859085224
1065,era5_station,ifs_hres,1.1658378580134332
1065,era5_station,graphcast_hres_init,0.9544548563202518
1065,era5_station,pangu_hres_init,0.9002191133676524
1066,era5_station,ifs_hres,1.179202529782702
1066,era5_station,graphcast_hres_init,0.9439927829640355
1066,era5_station,pangu_hres_init,0.8865596281247379
1067,era5_station,ifs_hres,1.1635473912253231
1067,era5_station,graphcast_hres_init,0.945837873695102
1067,era5_station,pangu_hres_init,0.9004158223510438
1068,era5_station,ifs_hres,1.1786019560864445
1068,era5_station,graphcast_hres_init,0.9525775226775198
1068,era5_station,pangu_hres_init,0.919524245683326
1069,era5_station,ifs_hres,1.1861577693900212
1069,era5_station,graphcast_hres_init,0.9539525833348002
1069,era5_station,pangu_hres_init,0.9030637708797433
1070,era5_station,ifs_hres,1.1997209925459036
1070,era5_station,graphcast_hres_init,0.9742227053969645
1070,era5_station,pangu_hres_init,0.901864780231639
1071,era5_station,ifs_hres,1.1692455565820625
1071,era5_station,graphcast_hres_init,0.9576762925165361
1071,era5_station,pangu_hres_init,0.9129815791380067
1072,era5_station,ifs_hres,1.1963479732533133
1072,era5_station,graphcast_hres_init,0.9578225199053678
1072,era5_station,pangu_hres_init,0.9059073002087701
1073,era5_station,ifs_hres,1.1941527954197086
1073,era5_station,graphcast_hres_init,0.9702882353146947
1073,era5_station,pangu_hres_init,0.916921969357551
1074,era5_station,ifs_hres,1.1948648999385447
1074,era5_station,graphcast_hres_init,0.9681496851016902
1074,era5_station,pangu_hres_init,0.9108982852374127
1075,era5_station,ifs_hres,1.1768094990220057
1075,era5_station,graphcast_hres_init,0.9522449180700907
1075,era5_station,pangu_hres_init,0.8995083462288226
1076,era5_station,ifs_hres,1.1701299045398534
1076,era5_station,graphcast_hres_init,0.9531684975892282
1076,era5_station,pangu_hres_init,0.8996822484962907
1077,era5_station,ifs_hres,1.1509889127172528
1077,era5_station,graphcast_hres_init,0.9360830497945467
1077,era5_station,pangu_hres_init,0.8985543080429305
1078,era5_station,ifs_hres,1.1749628564431653
1078,era5_station,graphcast_hres_init,0.9563291743387068
1078,era5_station,pangu_hres_init,0.9049671250351029
1079,era5_station,ifs_hres,1.1570363419179848
1079,era5_station,graphcast_hres_init,0.9448931261600995
1079,era5_station,pangu_hres_init,0.8698134913365458
1080,era5_station,ifs_hres,1.198792447412816
1080,era5_station,graphcast_hres_init,0.9524551607360866
1080,era5_station,pangu_hres_init,0.9160997159960056
1081,era5_station,ifs_hres,1.2062703109941424
1081,era5_station,graphcast_hres_init,0.9686114619199692
1081,era5_station,pangu_hres_init,0.9100262429021272
1082,era5_station,ifs_hres,1.1835313926488271
1082,era5_station,graphcast_hres_init,0.9455858401621736
1082,era5_station,pangu_hres_init,0.8780151441281026
1083,era5_station,ifs_hres,1.19098960495024
1083,era5_station,graphcast_hres_init,0.9519363434499853
1083,era5_station,pangu_hres_init,0.9041334631462741
1084,era5_station,ifs_hres,1.1914785855231063
1084,era5_station,graphcast_hres_init,0.9433920428019734
1084,era5_station,pangu_hres_init,0.8941627507691002
1085,era5_station,ifs_hres,1.1409070712932037
1085,era5_station,graphcast_hres_init,0.9371991911689163
1085,era5_station,pangu_hres_init,0.8715281611846963
1086,era5_station,ifs_hres,1.1928199595880347
1086,era5_station,graphcast_hres_init,0.9622936196837193
1086,era5_station,pangu_hres_init,0.9152136516604075
1087,era5_station,ifs_hres,1.1955243674273837
1087,era5_station,graphcast_hres_init,0.9392057466868516
1087,era5_station,pangu_hres_init,0.887951474903338
1088,era5_station,ifs_hres,1.1795717517128093
1088,era5_station,graphcast_hres_init,0.9552207978969703
1088,era5_station,pangu_hres_init,0.8907664063457641
1089,era5_station,ifs_hres,1.1660761217721136
1089,era5_station,graphcast_hres_init,0.9541562809795534
1089,era5_station,pangu_hres_init,0.9021721909843247
1090,era5_station,ifs_hres,1.1904846913472882
1090,era5_station,graphcast_hres_init,0.9767500402013337
1090,era5_station,pangu_hres_init,0.8855920336522922
1091,era5_station,ifs_hres,1.1815917329296253
1091,era5_station,graphcast_hres_init,0.9521811804671344
1091,era5_station,pangu_hres_init,0.9024716193626668
1092,era5_station,ifs_hres,1.1657352244937935
1092,era5_station,graphcast_hres_init,0.9376502350420114
1092,era5_station,pangu_hres_init,0.8934028812507496
1093,era5_station,ifs_hres,1.1621936285214596
1093,era5_station,graphcast_hres_init,0.9532240103651388
1093,era5_station,pangu_hres_init,0.8869794937953352
1094,era5_station,ifs_hres,1.1674101097091383
1094,era5_station,graphcast_hres_init,0.9421440017397807
1094,era5_station,pangu_hres_init,0.8943645355151166
1095,era5_station,ifs_hres,1.1754531619577617
1095,era5_station,graphcast_hres_init,0.9571257271782484
1095,era5_station,pangu_hres_init,0.8873678565003135
1096,era5_station,ifs_hres,1.1650505619486098
1096,era5_station,graphcast_hres_init,0.9648853828759926
1096,era5_station,pangu_hres_init,0.9175230774170975
1097,era5_station,ifs_hres,1.1662418105726846
1097,era5_station,graphcast_hres_init,0.9413624886997141
1097,era5_station,pangu_hres_init,0.8857628069590806
1098,era5_station,ifs_hres,1.1727615075796805
1098,era5_station,graphcast_hres_init,0.930737916898804
1098,era5_station,pangu_hres_init,0.9041107082674915
1099,era5_station,ifs_hres,1.164909018012433
1099,era5_station,graphcast_hres_init,0.9449267092164815
1099,era5_station,pangu_hres_init,0.891091200738996
1100,era5_station,ifs_hres,1.1680094264921352
1100,era5_station,graphcast_hres_init,0.9503405318862668
1100,era5_station,pangu_hres_init,0.8791624061054087
1101,era5_station,ifs_hres,1.1514370664497122
1101,era5_station,graphcast_hres_init,0.9375421271759923
1101,era5_station,pangu_hres_init,0.8950450506194869
1102,era5_station,ifs_hres,1.188659128699351
1102,era5_station,graphcast_hres_init,0.9602196202256409
1102,era5_station,pangu_hres_init,0.905998931762565
1103,era5_station,ifs_hres,1.1739499263974
1103,era5_station,graphcast_hres_init,0.9524296081487741
1103,era5_station,pangu_hres_init,0.8886781379083959
1104,era5_station,ifs_hres,1.1854177084403765
1104,era5_station,graphcast_hres_init,0.9495158904640333
1104,era5_station,pangu_hres_init,0.9055226724782416
1105,era5_station,ifs_hres,1.163945882713897
1105,era5_station,graphcast_hres_init,0.9531839128420617
1105,era5_station,pangu_hres_init,0.8916310010368519
1106,era5_station,ifs_hres,1.191048927934855
1106,era5_station,graphcast_hres_init,0.9614608645912031
1106,era5_station,pangu_hres_init,0.9073860839483208
1107,era5_station,ifs_hres,1.1901403978021126
1107,era5_station,graphcast_hres_init,0.9604255027334327
1107,era5_station,pangu_hres_init,0.9213594037895988
1108,era5_station,ifs_hres,1.1972190453361573
1108,era5_station,graphcast_hres_init,0.9697663532713524
1108,era5_station,pangu_hres_init,0.9254361784333984
1109,era5_station,ifs_hres,1.1725245383251182
1109,era5_station,graphcast_hres_init,0.9443100715589864
1109,era5_station,pangu_hres_init,0.8862506849788759
1110,era5_station,ifs_hres,1.1647810471845559
1110,era5_station,graphcast_hres_init,0.9378990749422071
1110,era5_station,pangu_hres_init,0.900737831274791
1111,era5_station,ifs_hres,1.1715755634060439
1111,era5_station,graphcast_hres_init,0.9553578422410322
1111,era5_station,pangu_hres_init,0.8997323829270504
1112,era5_station,ifs_hres,1.1610429965529632
1112,era5_station,graphcast_hres_init,0.9753278004594736
1112,era5_station,pangu_hres_init,0.9216274124459741
1113,era5_station,ifs_hres,1.1722946701621688
1113,era5_station,graphcast_hres_init,0.965679989243877
1113,era5_station,pangu_hres_init,0.9090428828325169
1114,era5_station,ifs_hres,1.1837387525685314
1114,era5_station,graphcast_hres_init,0.9557700709385332
1114,era5_station,pangu_hres_init,0.9039957109117791
1115,era5_station,ifs_hres,1.1646746378596475
1115,era5_station,graphcast_hres_init,0.9453320609405421
1115,era5_station,pangu_hres_init,0.8805248601942699
1116,era5_station,ifs_hres,1.1817685199174508
1116,era5_station,graphcast_hres_init,0.9696146246994765
1116,era5_station,pangu_hres_init,0.8992483907992066
1117,era5_station,ifs_hres,1.1649462264785901
1117,era5_station,graphcast_hres_init,0.9436654240626894
1117,era5_station,pangu_hres_init,0.9058790675166353
1118,era5_station,ifs_hres,1.1718945331894899
1118,era5_station,graphcast_hres_init,0.9589355963787553
1118,era5_station,pangu_hres_init,0.9018863517254655
1119,era5_station,ifs_hres,1.1780571753067084
1119,era5_station,graphcast_hres_init,0.9500549593420146
1119,era5_station,pangu_hres_init,0.8975543742025809
1120,era5_station,ifs_hres,1.180911439496332
1120,era5_station,graphcast_hres_init,0.9497587710996946
1120,era5_station,pangu_hres_init,0.9029059560628871
1121,era5_station,ifs_hres,1.2052875020299565
1121,era5_station,graphcast_hres_init,0.9760446081174725
1121,era5_station,pangu_hres_init,0.9183634860076667
1122,era5_station,ifs_hres,1.1702662374601696
1122,era5_station,graphcast_hres_init,0.9420566091377603
1122,era5_station,pangu_hres_init,0.906241471783806
1123,era5_station,ifs_hres,1.1744999250401453
1123,era5_station,graphcast_hres_init,0.9452018389469088
1123,era5_station,pangu_hres_init,0.8970447928545529
1124,era5_station,ifs_hres,1.1728543223275572
1124,era5_station,graphcast_hres_init,0.9406348654153914
1124,era5_station,pangu_hres_init,0.8998851179792294
1125,era5_station,ifs_hres,1.1603075467045587
1125,era5_station,graphcast_hres_init,0.9505693738677772
1125,era5_station,pangu_hres_init,0.9046104394941192
1126,era5_station,ifs_hres,1.1638454103458227
1126,era5_station,graphcast_hres_init,0.9535340412200056
1126,era5_station,pangu_hres_init,0.8943999281853127
1127,era5_station,ifs_hres,1.1674332888424923
1127,era5_station,graphcast_hres_init,0.9532477753899319
1127,era5_station,pangu_hres_init,0.9096759031488231
1128,era5_station,ifs_hres,1.1915163498006995
1128,era5_station,graphcast_hres_init,0.9469153687254416
1128,era5_station,pangu_hres_init,0.8795952192880871
1129,era5_station,ifs_hres,1.1868591680138425
1129,era5_station,graphcast_hres_init,0.9467510966650611
1129,era5_station,pangu_hres_init,0.9205277674109836
1130,era5_station,ifs_hres,1.1966310955450472
1130,era5_station,graphcast_hres_init,0.9627479982119354
1130,era5_station,pangu_hres_init,0.8929228677240534
1131,era5_station,ifs_hres,1.1690087681390195
1131,era5_station,graphcast_hres_init,0.9628505999427116
1131,era5_station,pangu_hres_init,0.8988857535273994
1132,era5_station,ifs_hres,1.2049105211902722
1132,era5_station,graphcast_hres_init,0.9481296054983851
1132,era5_station,pangu_hres_init,0.8857314083613071
1133,era5_station,ifs_hres,1.1603161573838965
1133,era5_station,graphcast_hres_init,0.9504006178333751
1133,era5_station,pangu_hres_init,0.8689759061019288
1134,era5_station,ifs_hres,1.1921356999601493
1134,era5_station,graphcast_hres_init,0.9593424868027308
1134,era5_station,pangu_hres_init,0.8965226356939837
1135,era5_station,ifs_hres,1.1634495917273557
1135,era5_station,graphcast_hres_init,0.9401436333439209
1135,era5_station,pangu_hres_init,0.8770357666358392
1136,era5_station,ifs_hres,1.1749773638869085
1136,era5_station,graphcast_hres_init,0.9579672864325217
1136,era5_station,pangu_hres_init,0.915176847399775
1137,era5_station,ifs_hres,1.1877622331532558
1137,era5_station,graphcast_hres_init,0.9621557093229927
1137,era5_station,pangu_hres_init,0.8733292707422659
1138,era5_station,ifs_hres,1.1681541147960193
1138,era5_station,graphcast_hres_init,0.9413547126284498
1138,era5_station,pangu_hres_init,0.8899072659431688
1139,era5_station,ifs_hres,1.1882248278545415
1139,era5_station,graphcast_hres_init,0.9457232867493474
1139,era5_station,pangu_hres_init,0.877408992523922
1140,era5_station,ifs_hres,1.1684138543157547
1140,era5_station,graphcast_hres_init,0.9595089682559926
1140,era5_station,pangu_hres_init,0.9166688823034382
1141,era5_station,ifs_hres,1.1791188235037071
1141,era5_station,graphcast_hres_init,0.951633482845714
1141,era5_station,pangu_hres_init,0.8914111224229099
1142,era5_station,ifs_hres,1.1688311729418606
1142,era5_station,graphcast_hres_init,0.9590986577232243
1142,era5_station,pangu_hres_init,0.8784666611669163
1143,era5_station,ifs_hres,1.173148972829848
1143,era5_station,graphcast_hres_init,0.9598871521751554
1143,era5_station,pangu_hres_init,0.9031563932653603
1144,era5_station,ifs_hres,1.2143133014236671
1144,era5_station,graphcast_hres_init,0.9735061049033527
1144,era5_station,pangu_hres_init,0.9128680485488478
1145,era5_station,ifs_hres,1.1745451190707654
1145,era5_station,graphcast_hres_init,0.9638885510109367
1145,era5_station,pangu_hres_init,0.8900248507822397
1146,era5_station,ifs_hres,1.1903156411944504
1146,era5_station,graphcast_hres_init,0.9611060957774925
1146,era5_station,pangu_hres_init,0.9065623078811146
1147,era5_station,ifs_hres,1.1801796841339909
1147,era5_station,graphcast_hres_init,0.9383287850139772
1147,era5_station,pangu_hres_init,0.8671386553093501
1148,era5_station,ifs_hres,1.195747601758338
1148,era5_station,graphcast_hres_init,0.9640730128124789
1148,era5_station,pangu_hres_init,0.9131646556350589
1149,era5_station,ifs_hres,1.177186558397943
1149,era5_station,graphcast_hres_init,0.9591031858873827
1149,era5_station,pangu_hres_init,0.8865558160074154
1150,era5_station,ifs_hres,1.167179994734162
1150,era5_station,graphcast_hres_init,0.9475938152553287
1150,era5_station,pangu_hres_init,0.9125231857868636
1151,era5_station,ifs_hres,1.1729031964061256
1151,era5_station,graphcast_hres_init,0.9337527140827433
1151,era5_station,pangu_hres_init,0.9044734709952896
1152,era5_station,ifs_hres,1.1790310762485219
1152,era5_station,graphcast_hres_init,0.940595622596434
1152,era5_station,pangu_hres_init,0.9024558357987856
1153,era5_station,ifs_hres,1.1406874440015062
1153,era5_station,graphcast_hres_init,0.9348612463088972
1153,era5_station,pangu_hres_init,0.8888446688518609
1154,era5_station,ifs_hres,1.177110886865334
1154,era5_station,graphcast_hres_init,0.9444666350169331
1154,era5_station,pangu_hres_init,0.9072280743796887
1155,era5_station,ifs_hres,1.1691869698224169
1155,era5_station,graphcast_hres_init,0.9430239679464468
1155,era5_station,pangu_hres_init,0.8809984708725825
1156,era5_station,ifs_hres,1.1604357735533128
1156,era5_station,graphcast_hres_init,0.9527113250376951
1156,era5_station,pangu_hres_init,0.9099559397629182
1157,era5_station,ifs_hres,1.1632545783844697
1157,era5_station,graphcast_hres_init,0.9626949615567302
1157,era5_station,pangu_hres_init,0.8937037608299239
1158,era5_station,ifs_hres,1.2024934524974682
1158,era5_station,graphcast_hres_init,0.9748218315493857
1158,era5_station,pangu_hres_init,0.8971203033531917
1159,era5_station,ifs_hres,1.1632410341077297
1159,era5_station,graphcast_hres_init,0.9413470002659088
1159,era5_station,pangu_hres_init,0.886361903682524
1160,era5_station,ifs_hres,1.191959163303285
1160,era5_station,graphcast_hres_init,0.9615371609729445
1160,era5_station,pangu_hres_init,0.9065610894185699
1161,era5_station,ifs_hres,1.1813070469266596
1161,era5_station,graphcast_hres_init,0.952128954949764
1161,era5_station,pangu_hres_init,0.8984717121792195
1162,era5_station,ifs_hres,1.1471456006130394
1162,era5_station,graphcast_hres_init,0.9250532869096267
1162,era5_station,pangu_hres_init,0.9124809605580921
1163,era5_station,ifs_hres,1.1532381041958797
1163,era5_station,graphcast_hres_init,0.9418051576434242
1163,era5_station,pangu_hres_init,0.8834526578420171
1164,era5_station,ifs_hres,1.161796554367452
1164,era5_station,graphcast_hres_init,0.9448544869370559
1164,era5_station,pangu_hres_init,0.891977896153674
1165,era5_station,ifs_hres,1.198353423242529
1165,era5_station,graphcast_hres_init,0.9626252942412011
1165,era5_station,pangu_hres_init,0.9096298235024607
1166,era5_station,ifs_hres,1.1949299196745766
1166,era5_station,graphcast_hres_init,0.9825808620550406
1166,era5_station,pangu_hres_init,0.9177505954655962
1167,era5_station,ifs_hres,1.1853778445102763
1167,era5_station,graphcast_hres_init,0.9606231948164397
1167,era5_station,pangu_hres_init,0.8843936157685257
1168,era5_station,ifs_hres,1.1738642396235492
1168,era5_station,graphcast_hres_init,0.9391672732674511
1168,era5_station,pangu_hres_init,0.9029102150440036
1169,era5_station,ifs_hres,1.1917652513846593
1169,era5_station,graphcast_hres_init,0.9764547211803335
1169,era5_station,pangu_hres_init,0.9281018594858325
1170,era5_station,ifs_hres,1.1911381947948187
1170,era5_station,graphcast_hres_init,0.9482918114672797
1170,era5_station,pangu_hres_init,0.9074572753795696
1171,era5_station,ifs_hres,1.1653299570641786
1171,era5_station,graphcast_hres_init,0.9593642811587223
1171,era5_station,pangu_hres_init,0.8839551841635044
1172,era5_station,ifs_hres,1.1918994599517014
1172,era5_station,graphcast_hres_init,0.9607998315576807
1172,era5_station,pangu_hres_init,0.8867561508256603
1173,era5_station,ifs_hres,1.1799443505139324
1173,era5_station,graphcast_hres_init,0.94833507516012
1173,era5_station,pangu_hres_init,0.8963853299658598
1174,era5_station,ifs_hres,1.1670404532240848
1174,era5_station,graphcast_hres_init,0.9338350527881879
1174,era5_station,pangu_hres_init,0.8984272763901231
1175,era5_station,ifs_hres,1.1686263653999391
1175,era5_station,graphcast_hres_init,0.9389887029602947
1175,era5_station,pangu_hres_init,0.8816353248755173
1176,era5_station,ifs_hres,1.196153870152727
1176,era5_station,graphcast_hres_init,0.9595797056711021
1176,era5_station,pangu_hres_init,0.9044219768561382
1177,era5_station,ifs_hres,1.184759643528531
1177,era5_station,graphcast_hres_init,0.9503211997473789
1177,era5_station,pangu_hres_init,0.8931458907413399
1178,era5_station,ifs_hres,1.1743372289023868
1178,era5_station,graphcast_hres_init,0.949734801777574
1178,era5_station,pangu_hres_init,0.8858430884284947
1179,era5_station,ifs_hres,1.1956693059394037
1179,era5_station,graphcast_hres_init,0.9526109243462163
1179,era5_station,pangu_hres_init,0.9089858230463116
1180,era5_station,ifs_hres,1.1835846634867309
1180,era5_station,graphcast_hres_init,0.9598728313665644
1180,era5_station,pangu_hres_init,0.8861661570816082
1181,era5_station,ifs_hres,1.1921249924630453
1181,era5_station,graphcast_hres_init,0.9504883845467761
1181,era5_station,pangu_hres_init,0.9007623035745055
1182,era5_station,ifs_hres,1.170075969299669
1182,era5_station,graphcast_hres_init,0.9469156944189107
1182,era5_station,pangu_hres_init,0.891601425514997
1183,era5_station,ifs_hres,1.1831968653904466
1183,era5_station,graphcast_hres_init,0.9718152117880919
1183,era5_station,pangu_hres_init,0.9092603321383164
1184,era5_station,ifs_hres,1.1818064144080551
1184,era5_station,graphcast_hres_init,0.9559559749047916
1184,era5_station,pangu_hres_init,0.8858712148289994
1185,era5_station,ifs_hres,1.1903860994819604
1185,era5_station,graphcast_hres_init,0.9682942257762757
1185,era5_station,pangu_hres_init,0.9172822985702286
1186,era5_station,ifs_hres,1.187608407519015
1186,era5_station,graphcast_hres_init,0.9485327992317206
1186,era5_station,pangu_hres_init,0.8955598798354564
1187,era5_station,ifs_hres,1.1605100453058907
1187,era5_station,graphcast_hres_init,0.943160888154741
1187,era5_station,pangu_hres_init,0.9045002320284891
1188,era5_station,ifs_hres,1.1968213694278844
1188,era5_station,graphcast_hres_init,0.9736615304636264
1188,era5_station,pangu_hres_init,0.9214447146498114
1189,era5_station,ifs_hres,1.1715573088779603
1189,era5_station,graphcast_hres_init,0.9591703698579211
1189,era5_station,pangu_hres_init,0.8921227028586431
1190,era5_station,ifs_hres,1.1891758140996074
1190,era5_station,graphcast_hres_init,0.9576427047717068
1190,era5_station,pangu_hres_init,0.9144377879409425
1191,era5_station,ifs_hres,1.1842607743108404
1191,era5_station,graphcast_hres_init,0.9502532262720763
1191,era5_station,pangu_hres_init,0.9138844791676495
1192,era5_station,ifs_hres,1.1740561396870903
1192,era5_station,graphcast_hres_init,0.9581767222053255
1192,era5_station,pangu_hres_init,0.8882727712706527
1193,era5_station,ifs_hres,1.152490570927591
1193,era5_station,graphcast_hres_init,0.9607976818206644
1193,era5_station,pangu_hres_init,0.8873922378598983
1194,era5_station,ifs_hres,1.1979664313532064
1194,era5_station,graphcast_hres_init,0.9689183603127777
1194,era5_station,pangu_hres_init,0.9282809892647846
1195,era5_station,ifs_hres,1.1852513637674753
1195,era5_station,graphcast_hres_init,0.9430732718008448
1195,era5_station,pangu_hres_init,0.8895244411082527
1196,era5_station,ifs_hres,1.1735732737020572
1196,era5_station,graphcast_hres_init,0.9387696265657459
1196,era5_station,pangu_hres_init,0.9069640631928073
1197,era5_station,ifs_hres,1.1803491044150742
1197,era5_station,graphcast_hres_init,0.9603300288903093
1197,era5_station,pangu_hres_init,0.912581920003764
1198,era5_station,ifs_hres,1.1938721862937978
1198,era5_station,graphcast_hres_init,0.9574546150272014
1198,era5_station,pangu_hres_init,0.909063689683562
1199,era5_station,ifs_hres,1.1901682215908636
1199,era5_station,graphcast_hres_init,0.9637995811410496
1199,era5_station,pangu_hres_init,0.907822913049559
1200,era5_station,ifs_hres,1.175281661325667
1200,era5_station,graphcast_hres_init,0.9419291542988191
1200,era5_station,pangu_hres_init,0.904257648253011
1201,era5_station,ifs_hres,1.1792751250565845
1201,era5_station,graphcast_hres_init,0.9635422359619323
1201,era5_station,pangu_hres_init,0.89411333020983
1202,era5_station,ifs_hres,1.172466223117066
1202,era5_station,graphcast_hres_init,0.9511951309433772
1202,era5_station,pangu_hres_init,0.9036864106297614
1203,era5_station,ifs_hres,1.1760066904721314
1203,era5_station,graphcast_hres_init,0.9410441622372068
1203,era5_station,pangu_hres_init,0.8970505847488376
1204,era5_station,ifs_hres,1.1649783885970804
1204,era5_station,graphcast_hres_init,0.9386631349899744
1204,era5_station,pangu_hres_init,0.8822128404884443
1205,era5_station,ifs_hres,1.199975495620549
1205,era5_station,graphcast_hres_init,0.9522492050738723
1205,era5_station,pangu_hres_init,0.9065434324305448
1206,era5_station,ifs_hres,1.162278105931915
1206,era5_station,graphcast_hres_init,0.9473626061774337
1206,era5_station,pangu_hres_init,0.8985064373705253
1207,era5_station,ifs_hres,1.1846472160674522
1207,era5_station,graphcast_hres_init,0.9646763368928577
1207,era5_station,pangu_hres_init,0.9076761005727572
1208,era5_station,ifs_hres,1.1712855534567745
1208,era5_station,graphcast_hres_init,0.9621474568107935
1208,era5_station,pangu_hres_init,0.905431944988603
1209,era5_station,ifs_hres,1.1923071571001325
1209,era5_station,graphcast_hres_init,0.9568072562244655
1209,era5_station,pangu_hres_init,0.899920264367425
1210,era5_station,ifs_hres,1.1828747483450408
1210,era5_station,graphcast_hres_init,0.9579660918416918
1210,era5_station,pangu_hres_init,0.8989809657716461
1211,era5_station,ifs_hres,1.1785126766446654
1211,era5_station,graphcast_hres_init,0.9535936390063712
1211,era5_station,pangu_hres_init,0.9037508773006254
1212,era5_station,ifs_hres,1.1788860344871002
1212,era5_station,graphcast_hres_init,0.9706539313171985
1212,era5_station,pangu_hres_init,0.8956213526719758
1213,era5_station,ifs_hres,1.1595335236418627
1213,era5_station,graphcast_hres_init,0.9501294002270498
1213,era5_station,pangu_hres_init,0.8824191501183767
1214,era5_station,ifs_hres,1.1409817360285046
1214,era5_station,graphcast_hres_init,0.9435303015035117
1214,era5_station,pangu_hres_init,0.8953202681187644
1215,era5_station,ifs_hres,1.1851451455648299
1215,era5_station,graphcast_hres_init,0.9706979361898261
1215,era5_station,pangu_hres_init,0.9178862587475246
1216,era5_station,ifs_hres,1.1747318560035238
1216,era5_station,graphcast_hres_init,0.9486545167928846
1216,era5_station,pangu_hres_init,0.8871360645976379
1217,era5_station,ifs_hres,1.164355519253589
1217,era5_station,graphcast_hres_init,0.950925877434407
1217,era5_station,pangu_hres_init,0.9077073028348498
1218,era5_station,ifs_hres,1.1683665377014445
1218,era5_station,graphcast_hres_init,0.9508181674374186
1218,era5_station,pangu_hres_init,0.8878636909879333
1219,era5_station,ifs_hres,1.179173955184137
1219,era5_station,graphcast_hres_init,0.9477757516514268
1219,era5_station,pangu_hres_init,0.8811392370635056
1220,era5_station,ifs_hres,1.1896424475260206
1220,era5_station,graphcast_hres_init,0.9570492721642553
1220,era5_station,pangu_hres_init,0.9152961927286495
1221,era5_station,ifs_hres,1.1865535203929227
1221,era5_station,graphcast_hres_init,0.9556012516639566
1221,era5_station,pangu_hres_init,0.8632988691927577
1222,era5_station,ifs_hres,1.1776787441264465
1222,era5_station,graphcast_hres_init,0.9604717796225002
1222,era5_station,pangu_hres_init,0.9086913212080954
1223,era5_station,ifs_hres,1.173946203135825
1223,era5_station,graphcast_hres_init,0.9729328012073812
1223,era5_station,pangu_hres_init,0.8972241575553365
1224,era5_station,ifs_hres,1.1734291898954827
1224,era5_station,graphcast_hres_init,0.9418776577870541
1224,era5_station,pangu_hres_init,0.8883757445052531
1225,era5_station,ifs_hres,1.1895821766285049
1225,era5_station,graphcast_hres_init,0.9689798546559593
1225,era5_station,pangu_hres_init,0.9002999524894079
1226,era5_station,ifs_hres,1.1972485748274502
1226,era5_station,graphcast_hres_init,0.9697158339412372
1226,era5_station,pangu_hres_init,0.9038602842647271
1227,era5_station,ifs_hres,1.1746131314894452
1227,era5_station,graphcast_hres_init,0.9589569588931122
1227,era5_station,pangu_hres_init,0.884576224597908
1228,era5_station,ifs_hres,1.181281371507894
1228,era5_station,graphcast_hres_init,0.9415378342204431
1228,era5_station,pangu_hres_init,0.8854745598146639
1229,era5_station,ifs_hres,1.1761295876056426
1229,era5_station,graphcast_hres_init,0.9575465441051766
1229,era5_station,pangu_hres_init,0.9115432921213178
1230,era5_station,ifs_hres,1.1674296796972252
1230,era5_station,graphcast_hres_init,0.9606672731402053
1230,era5_station,pangu_hres_init,0.8997792623296397
1231,era5_station,ifs_hres,1.148676984548142
1231,era5_station,graphcast_hres_init,0.9448132334136755
1231,era5_station,pangu_hres_init,0.8982345426903879
1232,era5_station,ifs_hres,1.1513543274358524
1232,era5_station,graphcast_hres_init,0.9251405843542738
1232,era5_station,pangu_hres_init,0.8800616883598172
1233,era5_station,ifs_hres,1.165603610386935
1233,era5_station,graphcast_hres_init,0.9497315723073513
1233,era5_station,pangu_hres_init,0.9009248864853425
1234,era5_station,ifs_hres,1.174980061127541
1234,era5_station,graphcast_hres_init,0.9399770374648994
1234,era5_station,pangu_hres_init,0.887293274355749
1235,era5_station,ifs_hres,1.2118649782141764
1235,era5_station,graphcast_hres_init,0.9798191218345172
1235,era5_station,pangu_hres_init,0.8999172093737744
1236,era5_station,ifs_hres,1.1911430720569072
1236,era5_station,graphcast_hres_init,0.9553414958646917
1236,era5_station,pangu_hres_init,0.9170291948817769
1237,era5_station,ifs_hres,1.1826560037945175
1237,era5_station,graphcast_hres_init,0.9477538472885567
1237,era5_station,pangu_hres_init,0.8875817724430753
1238,era5_station,ifs_hres,1.159655943324324
1238,era5_station,graphcast_hres_init,0.9358133585768742
1238,era5_station,pangu_hres_init,0.8869461839365493
1239,era5_station,ifs_hres,1.1982483431890651
1239,era5_station,graphcast_hres_init,0.9496287602977642
1239,era5_station,pangu_hres_init,0.9134875443025148
1240,era5_station,ifs_hres,1.1862941911999638
1240,era5_station,graphcast_hres_init,0.9505326257766132
1240,era5_station,pangu_hres_init,0.88512919898329
1241,era5_station,ifs_hres,1.1783507512937592
1241,era5_station,graphcast_hres_init,0.9499330819759945
1241,era5_station,pangu_hres_init,0.9120694925567074
1242,era5_station,ifs_hres,1.132487011138659
1242,era5_station,graphcast_hres_init,0.9373438932431881
1242,era5_station,pangu_hres_init,0.8847211250954449
1243,era5_station,ifs_hres,1.1783834144846324
1243,era5_station,graphcast_hres_init,0.9515826900361929
1243,era5_station,pangu_hres_init,0.8956168992652594
1244,era5_station,ifs_hres,1.1868923116399013
1244,era5_station,graphcast_hres_init,0.9675162373610896
1244,era5_station,pangu_hres_init,0.9004713919170173
1245,era5_station,ifs_hres,1.1808045470200665
1245,era5_station,graphcast_hres_init,0.9540229199602812
1245,era5_station,pangu_hres_init,0.8774608084244899
1246,era5_station,ifs_hres,1.1737691172719507
1246,era5_station,graphcast_hres_init,0.9705006351733557
1246,era5_station,pangu_hres_init,0.897678398119599
1247,era5_station,ifs_hres,1.1857466192966408
1247,era5_station,graphcast_hres_init,0.9501151869048169
1247,era5_station,pangu_hres_init,0.8644742601210659
1248,era5_station,ifs_hres,1.2114059247829054
1248,era5_station,graphcast_hres_init,0.9593313974915881
1248,era5_station,pangu_hres_init,0.9312557457074462
1249,era5_station,ifs_hres,1.1716172194163836
1249,era5_station,graphcast_hres_init,0.9474623269661454
1249,era5_station,pangu_hres_init,0.889224287729052
1250,era5_station,ifs_hres,1.1702340277355199
1250,era5_station,graphcast_hres_init,0.952213115362747
1250,era5_station,pangu_hres_init,0.8951308463650057
1251,era5_station,ifs_hres,1.1711697307016482
1251,era5_station,graphcast_hres_init,0.936730895885684
1251,era5_station,pangu_hres_init,0.8744064545393182
1252,era5_station,ifs_hres,1.1756739033981656
1252,era5_station,graphcast_hres_init,0.9549665902505795
1252,era5_station,pangu_hres_init,0.8761142870227872
1253,era5_station,ifs_hres,1.197096095083728
1253,era5_station,graphcast_hres_init,0.9565565433506759
1253,era5_station,pangu_hres_init,0.9041140298606456
1254,era5_station,ifs_hres,1.1894145798194968
1254,era5_station,graphcast_hres_init,0.9739903956635448
1254,era5_station,pangu_hres_init,0.8949393342422827
1255,era5_station,ifs_hres,1.1792094739879333
1255,era5_station,graphcast_hres_init,0.9475388291558925
1255,era5_station,pangu_hres_init,0.8920359665800883
1256,era5_station,ifs_hres,1.142388380519402
1256,era5_station,graphcast_hres_init,0.9258372730791421
1256,era5_station,pangu_hres_init,0.8730994211326311
1257,era5_station,ifs_hres,1.1548248434254946
1257,era5_station,graphcast_hres_init,0.9546199153126107
1257,era5_station,pangu_hres_init,0.8704584227750344
1258,era5_station,ifs_hres,1.1535168645238336
1258,era5_station,graphcast_hres_init,0.9504548695688715
1258,era5_station,pangu_hres_init,0.8805498104954198
1259,era5_station,ifs_hres,1.1762228893353655
1259,era5_station,graphcast_hres_init,0.9467862764274804
1259,era5_station,pangu_hres_init,0.9081003104033628
1260,era5_station,ifs_hres,1.1844691068908764
1260,era5_station,graphcast_hres_init,0.9629834461494007
1260,era5_station,pangu_hres_init,0.9042172100918652
1261,era5_station,ifs_hres,1.1866168709538676
1261,era5_station,graphcast_hres_init,0.9511013871123974
1261,era5_station,pangu_hres_init,0.92381813376299
1262,era5_station,ifs_hres,1.230848260143213
1262,era5_station,graphcast_hres_init,0.9775290304409471
1262,era5_station,pangu_hres_init,0.9173510189263638
1263,era5_station,ifs_hres,1.1547652832291113
1263,era5_station,graphcast_hres_init,0.9383231093526473
1263,era5_station,pangu_hres_init,0.8841235939625716
1264,era5_station,ifs_hres,1.1674155166813063
1264,era5_station,graphcast_hres_init,0.9537015846120073
1264,era5_station,pangu_hres_init,0.9189685008574892
1265,era5_station,ifs_hres,1.1973589196659018
1265,era5_station,graphcast_hres_init,0.9535589360281082
1265,era5_station,pangu_hres_init,0.9019799332457277
1266,era5_station,ifs_hres,1.1483902819623781
1266,era5_station,graphcast_hres_init,0.9527785866890476
1266,era5_station,pangu_hres_init,0.9126621825098696
1267,era5_station,ifs_hres,1.1762302404107992
1267,era5_station,graphcast_hres_init,0.9473795736910102
1267,era5_station,pangu_hres_init,0.885718340069279
1268,era5_station,ifs_hres,1.1804199564206372
1268,era5_station,graphcast_hres_init,0.9599575053369169
1268,era5_station,pangu_hres_init,0.8963580726042765
1269,era5_station,ifs_hres,1.1852931369083999
1269,era5_station,graphcast_hres_init,0.9675581386306912
1269,era5_station,pangu_hres_init,0.9166145315342905
1270,era5_station,ifs_hres,1.187500181905121
1270,era5_station,graphcast_hres_init,0.9603854138074748
1270,era5_station,pangu_hres_init,0.9215844044132684
1271,era5_station,ifs_hres,1.1650718745987014
1271,era5_station,graphcast_hres_init,0.9240029976420495
1271,era5_station,pangu_hres_init,0.8734560522468395
1272,era5_station,ifs_hres,1.1771958122590749
1272,era5_station,graphcast_hres_init,0.9372104371250687
1272,era5_station,pangu_hres_init,0.8773057065404649
1273,era5_station,ifs_hres,1.1489039915882757
1273,era5_station,graphcast_hres_init,0.9424734441786076
1273,era5_station,pangu_hres_init,0.873932364835918
1274,era5_station,ifs_hres,1.1875592986940144
1274,era5_station,graphcast_hres_init,0.9583752430504553
1274,era5_station,pangu_hres_init,0.9008543951592034
1275,era5_station,ifs_hres,1.1587921754309
1275,era5_station,graphcast_hres_init,0.9597607329265424
1275,era5_station,pangu_hres_init,0.8915610087914739
1276,era5_station,ifs_hres,1.167859758437015
1276,era5_station,graphcast_hres_init,0.961769618305996
1276,era5_station,pangu_hres_init,0.9053613309096842
1277,era5_station,ifs_hres,1.182982431540085
1277,era5_station,graphcast_hres_init,0.9559331726087498
1277,era5_station,pangu_hres_init,0.9152316675487886
1278,era5_station,ifs_hres,1.1641068444859546
1278,era5_station,graphcast_hres_init,0.9587095227858369
1278,era5_station,pangu_hres_init,0.8982488092953413
1279,era5_station,ifs_hres,1.1882659180276207
1279,era5_station,graphcast_hres_init,0.9595267650621733
1279,era5_station,pangu_hres_init,0.8830692754880121
1280,era5_station,ifs_hres,1.1689689322864698
1280,era5_station,graphcast_hres_init,0.9535427974567187
1280,era5_station,pangu_hres_init,0.9022240740906406
1281,era5_station,ifs_hres,1.17896325635565
1281,era5_station,graphcast_hres_init,0.9461134690115645
1281,era5_station,pangu_hres_init,0.9132694548136359
1282,era5_station,ifs_hres,1.197475798813557
1282,era5_station,graphcast_hres_init,0.9512193269363182
1282,era5_station,pangu_hres_init,0.890991419554861
1283,era5_station,ifs_hres,1.2109891135224407
1283,era5_station,graphcast_hres_init,0.966216276979528
1283,era5_station,pangu_hres_init,0.9002880462312872
1284,era5_station,ifs_hres,1.1781682648147422
1284,era5_station,graphcast_hres_init,0.9469014877425165
1284,era5_station,pangu_hres_init,0.9002963170133125
1285,era5_station,ifs_hres,1.1663565546237953
1285,era5_station,graphcast_hres_init,0.948681517684379
1285,era5_station,pangu_hres_init,0.9137040193696142
1286,era5_station,ifs_hres,1.1656049252708884
1286,era5_station,graphcast_hres_init,0.9485243147038508
1286,era5_station,pangu_hres_init,0.8969901131420259
1287,era5_station,ifs_hres,1.178464684481597
1287,era5_station,graphcast_hres_init,0.9428715587392683
1287,era5_station,pangu_hres_init,0.8824888410689321
1288,era5_station,ifs_hres,1.152552044508553
1288,era5_station,graphcast_hres_init,0.9322735070313602
1288,era5_station,pangu_hres_init,0.886286801116756
1289,era5_station,ifs_hres,1.1715856481024738
1289,era5_station,graphcast_hres_init,0.9527070319564505
1289,era5_station,pangu_hres_init,0.8991492949770077
1290,era5_station,ifs_hres,1.1844536079382053
1290,era5_station,graphcast_hres_init,0.9475104919901307
1290,era5_station,pangu_hres_init,0.9021001227426779
1291,era5_station,ifs_hres,1.1669153027476493
1291,era5_station,graphcast_hres_init,0.9432684311448867
1291,era5_station,pangu_hres_init,0.8773285156713948
1292,era5_station,ifs_hres,1.1997704491965495
1292,era5_station,graphcast_hres_init,0.9568256690152411
1292,era5_station,pangu_hres_init,0.9047108172694729
1293,era5_station,ifs_hres,1.1889253526309878
1293,era5_station,graphcast_hres_init,0.9702041500938199
1293,era5_station,pangu_hres_init,0.9186987966928285
1294,era5_station,ifs_hres,1.164869385047057
1294,era5_station,graphcast_hres_init,0.9341751609070434
1294,era5_station,pangu_hres_init,0.8900449644710836
1295,era5_station,ifs_hres,1.1920978701386677
1295,era5_station,graphcast_hres_init,0.9527346640733529
1295,era5_station,pangu_hres_init,0.903581865625497
1296,era5_station,ifs_hres,1.176155567188074
1296,era5_station,graphcast_hres_init,0.9499188215601061
1296,era5_station,pangu_hres_init,0.86705333736403
1297,era5_station,ifs_hres,1.1726476524785192
1297,era5_station,graphcast_hres_init,0.9408496181235331
1297,era5_station,pangu_hres_init,0.8851840735331759
1298,era5_station,ifs_hres,1.1772349638672415
1298,era5_station,graphcast_hres_init,0.9567991869794288
1298,era5_station,pangu_hres_init,0.9000040096232117
1299,era5_station,ifs_hres,1.1783118945120816
1299,era5_station,graphcast_hres_init,0.9478169463277278
1299,era5_station,pangu_hres_init,0.9001340596902085
1300,era5_station,ifs_hres,1.1982795890148212
1300,era5_station,graphcast_hres_init,0.9469463664317188
1300,era5_station,pangu_hres_init,0.9079695709329424
1301,era5_station,ifs_hres,1.1796880777421503
1301,era5_station,graphcast_hres_init,0.9383906444324759
1301,era5_station,pangu_hres_init,0.9051083165901761
1302,era5_station,ifs_hres,1.1714019110449956
1302,era5_station,graphcast_hres_init,0.9631372392249025
1302,era5_station,pangu_hres_init,0.9114180791423634
1303,era5_station,ifs_hres,1.1651415920653991
1303,era5_station,graphcast_hres_init,0.9399723491476272
1303,era5_station,pangu_hres_init,0.8763458617120837
1304,era5_station,ifs_hres,1.182256315190988
1304,era5_station,graphcast_hres_init,0.9755563732246059
1304,era5_station,pangu_hres_init,0.9170781874085371
1305,era5_station,ifs_hres,1.1675701645643675
1305,era5_station,graphcast_hres_init,0.9451350960827735
1305,era5_station,pangu_hres_init,0.8734815447737666
1306,era5_station,ifs_hres,1.1735398297412736
1306,era5_station,graphcast_hres_init,0.9461460185279947
1306,era5_station,pangu_hres_init,0.8730154338231945
1307,era5_station,ifs_hres,1.1761021482834495
1307,era5_station,graphcast_hres_init,0.9632625579754411
1307,era5_station,pangu_hres_init,0.894211077022536
1308,era5_station,ifs_hres,1.168010834697959
1308,era5_station,graphcast_hres_init,0.9386637464633817
1308,era5_station,pangu_hres_init,0.9113324165035765
1309,era5_station,ifs_hres,1.1960251709206842
1309,era5_station,graphcast_hres_init,0.9636649834926534
1309,era5_station,pangu_hres_init,0.9166159342024742
1310,era5_station,ifs_hres,1.2005758479364068
1310,era5_station,graphcast_hres_init,0.9591997511362946
1310,era5_station,pangu_hres_init,0.8825642512241392
1311,era5_station,ifs_hres,1.1722411181438734
1311,era5_station,graphcast_hres_init,0.9424888276412203
1311,era5_station,pangu_hres_init,0.8949118149331227
1312,era5_station,ifs_hres,1.1728403398607028
1312,era5_station,graphcast_hres_init,0.9443682212895266
1312,era5_station,pangu_hres_init,0.900675537908205
1313,era5_station,ifs_hres,1.1729286214294121
1313,era5_station,graphcast_hres_init,0.9602863527763056
1313,era5_station,pangu_hres_init,0.8969648407204966
1314,era5_station,ifs_hres,1.1743378389296302
1314,era5_station,graphcast_hres_init,0.9637990692441554
1314,era5_station,pangu_hres_init,0.9046222319911801
1315,era5_station,ifs_hres,1.1807564977585099
1315,era5_station,graphcast_hres_init,0.9484516272741359
1315,era5_station,pangu_hres_init,0.9059484062131837
1316,era5_station,ifs_hres,1.1881235696535748
1316,era5_station,graphcast_hres_init,0.968861773364843
1316,era5_station,pangu_hres_init,0.8984288279358918
1317,era5_station,ifs_hres,1.187179543201647
1317,era5_station,graphcast_hres_init,0.974853400285244
1317,era5_station,pangu_hres_init,0.9003267907481752
1318,era5_station,ifs_hres,1.1830280995247344
1318,era5_station,graphcast_hres_init,0.9525932908447079
1318,era5_station,pangu_hres_init,0.9040466539659329
1319,era5_station,ifs_hres,1.2014533156538638
1319,era5_station,graphcast_hres_init,0.9692353401175969
1319,era5_station,pangu_hres_init,0.9001723087978437
1320,era5_station,ifs_hres,1.1709149261256033
1320,era5_station,graphcast_hres_init,0.9157745630045084
1320,era5_station,pangu_hres_init,0.8867902693334736
1321,era5_station,ifs_hres,1.1741825471510912
1321,era5_station,graphcast_hres_init,0.9427506843528568
1321,era5_station,pangu_hres_init,0.8953431670230806
1322,era5_station,ifs_hres,1.2005701777763063
1322,era5_station,graphcast_hres_init,0.9666677641025527
1322,era5_station,pangu_hres_init,0.8986895824668464
1323,era5_station,ifs_hres,1.1656309240159255
1323,era5_station,graphcast_hres_init,0.9412219859103373
1323,era5_station,pangu_hres_init,0.8936836480077716
1324,era5_station,ifs_hres,1.1498024046630835
1324,era5_station,graphcast_hres_init,0.9482356987742562
1324,era5_station,pangu_hres_init,0.9037095596226
1325,era5_station,ifs_hres,1.1671731550050515
1325,era5_station,graphcast_hres_init,0.9548069259194572
1325,era5_station,pangu_hres_init,0.9147036970549618
1326,era5_station,ifs_hres,1.2017866227779577
1326,era5_station,graphcast_hres_init,0.9552399109942756
1326,era5_station,pangu_hres_init,0.9130011895514561
1327,era5_station,ifs_hres,1.1575730061511653
1327,era5_station,graphcast_hres_init,0.9493809223410639
1327,era5_station,pangu_hres_init,0.8979544314029183
1328,era5_station,ifs_hres,1.198293980601859
1328,era5_station,graphcast_hres_init,0.9637095238400243
1328,era5_station,pangu_hres_init,0.8950746572513831
1329,era5_station,ifs_hres,1.182942957239421
1329,era5_station,graphcast_hres_init,0.9441455523038683
1329,era5_station,pangu_hres_init,0.8914102063084837
1330,era5_station,ifs_hres,1.1607711118751771
1330,era5_station,graphcast_hres_init,0.9556693749323165
1330,era5_station,pangu_hres_init,0.8954718851393684
1331,era5_station,ifs_hres,1.2075040626282552
1331,era5_station,graphcast_hres_init,0.9650739585980126
1331,era5_station,pangu_hres_init,0.9086938239154199
1332,era5_station,ifs_hres,1.1697891446859872
1332,era5_station,graphcast_hres_init,0.9628637771832842
1332,era5_station,pangu_hres_init,0.899775850375893
1333,era5_station,ifs_hres,1.161119648847674
1333,era5_station,graphcast_hres_init,0.9505900323120767
1333,era5_station,pangu_hres_init,0.9022643389052584
1334,era5_station,ifs_hres,1.1836721843566214
1334,era5_station,graphcast_hres_init,0.9542135585753049
1334,era5_station,pangu_hres_init,0.8925480350448207
1335,era5_station,ifs_hres,1.1615024666795837
1335,era5_station,graphcast_hres_init,0.9586854258567814
1335,era5_station,pangu_hres_init,0.8977434611635278
1336,era5_station,ifs_hres,1.200893175909072
1336,era5_station,graphcast_hres_init,0.9688650974162645
1336,era5_station,pangu_hres_init,0.9108873029158523
1337,era5_station,ifs_hres,1.1633466525999385
1337,era5_station,graphcast_hres_init,0.9672986606912946
1337,era5_station,pangu_hres_init,0.902893401681855
1338,era5_station,ifs_hres,1.1890675063996807
1338,era5_station,graphcast_hres_init,0.9830468443939369
1338,era5_station,pangu_hres_init,0.8938095943257052
1339,era5_station,ifs_hres,1.174840463345861
1339,era5_station,graphcast_hres_init,0.9586119420085479
1339,era5_station,pangu_hres_init,0.8991044158736308
1340,era5_station,ifs_hres,1.200305712115228
1340,era5_station,graphcast_hres_init,0.9599295040291774
1340,era5_station,pangu_hres_init,0.8913623238413715
1341,era5_station,ifs_hres,1.1615243151875323
1341,era5_station,graphcast_hres_init,0.9388477399763048
1341,era5_station,pangu_hres_init,0.9082177068063294
1342,era5_station,ifs_hres,1.1410433484897855
1342,era5_station,graphcast_hres_init,0.9459659177840614
1342,era5_station,pangu_hres_init,0.9074423384366508
1343,era5_station,ifs_hres,1.1708419433314006
1343,era5_station,graphcast_hres_init,0.946744616727799
1343,era5_station,pangu_hres_init,0.8942056283999461
1344,era5_station,ifs_hres,1.1929131200107272
1344,era5_station,graphcast_hres_init,0.9370001473680618
1344,era5_station,pangu_hres_init,0.8781497530921177
1345,era5_station,ifs_hres,1.176489271374374
1345,era5_station,graphcast_hres_init,0.9483577469707326
1345,era5_station,pangu_hres_init,0.9184434724793565
1346,era5_station,ifs_hres,1.1648981965434464
1346,era5_station,graphcast_hres_init,0.9458847834555356
1346,era5_station,pangu_hres_init,0.8832843469319952
1347,era5_station,ifs_hres,1.1743351035267469
1347,era5_station,graphcast_hres_init,0.942538848076917
1347,era5_station,pangu_hres_init,0.8912003411945211
1348,era5_station,ifs_hres,1.1970229325829072
1348,era5_station,graphcast_hres_init,0.9584466496556739
1348,era5_station,pangu_hres_init,0.897048683008084
1349,era5_station,ifs_hres,1.2248259889508284
1349,era5_station,graphcast_hres_init,0.9821340795750714
1349,era5_station,pangu_hres_init,0.9282518944266067
1350,era5_station,ifs_hres,1.1681487532426142
1350,era5_station,graphcast_hres_init,0.944021306677029
1350,era5_station,pangu_hres_init,0.8826348388019807
1351,era5_station,ifs_hres,1.1741765970627056
1351,era5_station,graphcast_hres_init,0.9498178988036511
1351,era5_station,pangu_hres_init,0.8995008006813874
1352,era5_station,ifs_hres,1.1554720280411497
1352,era5_station,graphcast_hres_init,0.9613056038696041
1352,era5_station,pangu_hres_init,0.905928865851989
1353,era5_station,ifs_hres,1.1798300566567097
1353,era5_station,graphcast_hres_init,0.969304223667854
1353,era5_station,pangu_hres_init,0.9038965512849901
1354,era5_station,ifs_hres,1.173600851639798
1354,era5_station,graphcast_hres_init,0.9632384195076299
1354,era5_station,pangu_hres_init,0.9265922166298378
1355,era5_station,ifs_hres,1.1828556776971637
1355,era5_station,graphcast_hres_init,0.9582296541761206
1355,era5_station,pangu_hres_init,0.900115626083167
1356,era5_station,ifs_hres,1.2222529881539475
1356,era5_station,graphcast_hres_init,0.9753473469945664
1356,era5_station,pangu_hres_init,0.9109204529557231
1357,era5_station,ifs_hres,1.1501215788518757
1357,era5_station,graphcast_hres_init,0.9445952887513547
1357,era5_station,pangu_hres_init,0.8979868167979268
1358,era5_station,ifs_hres,1.1637320241919802
1358,era5_station,graphcast_hres_init,0.9632495479639074
1358,era5_station,pangu_hres_init,0.9094062427248457
1359,era5_station,ifs_hres,1.172446439994135
1359,era5_station,graphcast_hres_init,0.9733137644634092
1359,era5_station,pangu_hres_init,0.9101837169485841
1360,era5_station,ifs_hres,1.1746768255576012
1360,era5_station,graphcast_hres_init,0.9426295943631009
1360,era5_station,pangu_hres_init,0.8877222154606962
1361,era5_station,ifs_hres,1.17982482463356
1361,era5_station,graphcast_hres_init,0.9391920411508292
1361,era5_station,pangu_hres_init,0.908865510608687
1362,era5_station,ifs_hres,1.1646784855084111
1362,era5_station,graphcast_hres_init,0.9628220919212725
1362,era5_station,pangu_hres_init,0.8993610637325176
1363,era5_station,ifs_hres,1.1945158944278247
1363,era5_station,graphcast_hres_init,0.9368571034921023
1363,era5_station,pangu_hres_init,0.8892350413386019
1364,era5_station,ifs_hres,1.1556701158503373
1364,era5_station,graphcast_hres_init,0.9578267964976415
1364,era5_station,pangu_hres_init,0.9160015972800858
1365,era5_station,ifs_hres,1.1719051105159328
1365,era5_station,graphcast_hres_init,0.9561321765340901
1365,era5_station,pangu_hres_init,0.8981930411178617
1366,era5_station,ifs_hres,1.1606817024058969
1366,era5_station,graphcast_hres_init,0.9563993985319065
1366,era5_station,pangu_hres_init,0.9022280497261008
1367,era5_station,ifs_hres,1.1824920005878679
1367,era5_station,graphcast_hres_init,0.9596285170400645
1367,era5_station,pangu_hres_init,0.8998351061157074
1368,era5_station,ifs_hres,1.1683814888557458
1368,era5_station,graphcast_hres_init,0.9612304259082324
1368,era5_station,pangu_hres_init,0.891715746504054
1369,era5_station,ifs_hres,1.1597509552801595
1369,era5_station,graphcast_hres_init,0.9607016176253357
1369,era5_station,pangu_hres_init,0.9001915237311687
1370,era5_station,ifs_hres,1.172814164267364
1370,era5_station,graphcast_hres_init,0.9458093078569515
1370,era5_station,pangu_hres_init,0.8859646591963404
1371,era5_station,ifs_hres,1.2054134972151753
1371,era5_station,graphcast_hres_init,0.9634120481020332
1371,era5_station,pangu_hres_init,0.9107907809554951
1372,era5_station,ifs_hres,1.1801547255100533
1372,era5_station,graphcast_hres_init,0.9386395523699543
1372,era5_station,pangu_hres_init,0.8583007068883411
1373,era5_station,ifs_hres,1.190281189899866
1373,era5_station,graphcast_hres_init,0.9592936804038878
1373,era5_station,pangu_hres_init,0.9159429974144875
1374,era5_station,ifs_hres,1.1895281504831992
1374,era5_station,graphcast_hres_init,0.9448818740798929
1374,era5_station,pangu_hres_init,0.9290327355087068
1375,era5_station,ifs_hres,1.1645714639711189
1375,era5_station,graphcast_hres_init,0.9514575972929543
1375,era5_station,pangu_hres_init,0.8929100920260398
1376,era5_station,ifs_hres,1.1927010071172683
1376,era5_station,graphcast_hres_init,0.9543302782765962
1376,era5_station,pangu_hres_init,0.9035768477030971
1377,era5_station,ifs_hres,1.1739469974327588
1377,era5_station,graphcast_hres_init,0.9578101672802508
1377,era5_station,pangu_hres_init,0.9053266349470446
1378,era5_station,ifs_hres,1.175262929850282
1378,era5_station,graphcast_hres_init,0.9531339349631885
1378,era5_station,pangu_hres_init,0.9022421772365667
1379,era5_station,ifs_hres,1.1855941509447823
1379,era5_station,graphcast_hres_init,0.9643088008263162
1379,era5_station,pangu_hres_init,0.8915631856531991
1380,era5_station,ifs_hres,1.1817383941051876
1380,era5_station,graphcast_hres_init,0.9356322389794858
1380,era5_station,pangu_hres_init,0.8894614399297953
1381,era5_station,ifs_hres,1.1615483839726997
1381,era5_station,graphcast_hres_init,0.9450600388605424
1381,era5_station,pangu_hres_init,0.8940833632821859
1382,era5_station,ifs_hres,1.1761158602169401
1382,era5_station,graphcast_hres_init,0.9366159919979892
1382,era5_station,pangu_hres_init,0.9171350477817771
1383,era5_station,ifs_hres,1.1889405039555945
1383,era5_station,graphcast_hres_init,0.9457842694941685
1383,era5_station,pangu_hres_init,0.8952269906984951
1384,era5_station,ifs_hres,1.1787637441479413
1384,era5_station,graphcast_hres_init,0.9766783808058107
1384,era5_station,pangu_hres_init,0.8895807950129888
1385,era5_station,ifs_hres,1.1871463019642816
1385,era5_station,graphcast_hres_init,0.955494682189837
1385,era5_station,pangu_hres_init,0.8949724546165029
1386,era5_station,ifs_hres,1.1806474866602126
1386,era5_station,graphcast_hres_init,0.9726074704251704
1386,era5_station,pangu_hres_init,0.9315068489438573
1387,era5_station,ifs_hres,1.1783231826045208
1387,era5_station,graphcast_hres_init,0.9644962621072465
1387,era5_station,pangu_hres_init,0.9122096303478384
1388,era5_station,ifs_hres,1.1746298889990237
1388,era5_station,graphcast_hres_init,0.9714558978099985
1388,era5_station,pangu_hres_init,0.920211535569748
1389,era5_station,ifs_hres,1.196714921559624
1389,era5_station,graphcast_hres_init,0.9601804087173693
1389,era5_station,pangu_hres_init,0.9117195167109626
1390,era5_station,ifs_hres,1.1724205049247847
1390,era5_station,graphcast_hres_init,0.9598183514112275
1390,era5_station,pangu_hres_init,0.9034548606215818
1391,era5_station,ifs_hres,1.1699574589272967
1391,era5_station,graphcast_hres_init,0.9608392107189176
1391,era5_station,pangu_hres_init,0.9059536787040774
1392,era5_station,ifs_hres,1.1698527535822922
1392,era5_station,graphcast_hres_init,0.9501051978410314
1392,era5_station,pangu_hres_init,0.9078210099134908
1393,era5_station,ifs_hres,1.2074311896346008
1393,era5_station,graphcast_hres_init,0.9604768988327484
1393,era5_station,pangu_hres_init,0.8968511529227694
1394,era5_station,ifs_hres,1.1856859574816772
1394,era5_station,graphcast_hres_init,0.9413767921601279
1394,era5_station,pangu_hres_init,0.9079954625418558
1395,era5_station,ifs_hres,1.1743599725337426
1395,era5_station,graphcast_hres_init,0.9657117038725535
1395,era5_station,pangu_hres_init,0.9105943357823508
1396,era5_station,ifs_hres,1.187409154649225
1396,era5_station,graphcast_hres_init,0.9481144474839774
1396,era5_station,pangu_hres_init,0.8773957306717861
1397,era5_station,ifs_hres,1.1781833305341918
1397,era5_station,graphcast_hres_init,0.9690045251406506
1397,era5_station,pangu_hres_init,0.8947553109131905
1398,era5_station,ifs_hres,1.1621000999948221
1398,era5_station,graphcast_hres_init,0.9531978299668376
1398,era5_station,pangu_hres_init,0.8977092542929878
1399,era5_station,ifs_hres,1.1854270502044353
1399,era5_station,graphcast_hres_init,0.952525141738395
1399,era5_station,pangu_hres_init,0.8834208383947498
1400,era5_station,ifs_hres,1.1607259155310747
1400,era5_station,graphcast_hres_init,0.9320903090016078
1400,era5_station,pangu_hres_init,0.8905275878930589
1401,era5_station,ifs_hres,1.1751163520287868
1401,era5_station,graphcast_hres_init,0.957462925487384
1401,era5_station,pangu_hres_init,0.9171829591356516
1402,era5_station,ifs_hres,1.1727714775901164
1402,era5_station,graphcast_hres_init,0.9464037402098875
1402,era5_station,pangu_hres_init,0.8994644165644623
1403,era5_station,ifs_hres,1.1620304198395177
1403,era5_station,graphcast_hres_init,0.9416842807233945
1403,era5_station,pangu_hres_init,0.9056460330036133
1404,era5_station,ifs_hres,1.1648219296484355
1404,era5_station,graphcast_hres_init,0.9467919867444393
1404,era5_station,pangu_hres_init,0.8838320603870146
1405,era5_station,ifs_hres,1.1891060725792768
1405,era5_station,graphcast_hres_init,0.9466853598240231
1405,era5_station,pangu_hres_init,0.9088029538920258
1406,era5_station,ifs_hres,1.1847224927960913
1406,era5_station,graphcast_hres_init,0.9557872842002766
1406,era5_station,pangu_hres_init,0.9064097296677733
1407,era5_station,ifs_hres,1.1971785415830245
1407,era5_station,graphcast_hres_init,0.9561842341791654
1407,era5_station,pangu_hres_init,0.8925649298471054
1408,era5_station,ifs_hres,1.1681974661274432
1408,era5_station,graphcast_hres_init,0.9539246894190987
1408,era5_station,pangu_hres_init,0.8949916831934743
1409,era5_station,ifs_hres,1.164960855304835
1409,era5_station,graphcast_hres_init,0.9464691811326212
1409,era5_station,pangu_hres_init,0.8866792349730589
1410,era5_station,ifs_hres,1.1850455403299207
1410,era5_station,graphcast_hres_init,0.9626412213455748
1410,era5_station,pangu_hres_init,0.9047833687814285
1411,era5_station,ifs_hres,1.1879366817380246
1411,era5_station,graphcast_hres_init,0.9652727640893806
1411,era5_station,pangu_hres_init,0.9133548008329794
1412,era5_station,ifs_hres,1.188196040636719
1412,era5_station,graphcast_hres_init,0.9577336617047497
1412,era5_station,pangu_hres_init,0.9088051138355677
1413,era5_station,ifs_hres,1.165934678425572
1413,era5_station,graphcast_hres_init,0.942890664361825
1413,era5_station,pangu_hres_init,0.9034612904127017
1414,era5_station,ifs_hres,1.173770306306131
1414,era5_station,graphcast_hres_init,0.9477041642781759
1414,era5_station,pangu_hres_init,0.8904013064749283
1415,era5_station,ifs_hres,1.2082006412049184
1415,era5_station,graphcast_hres_init,0.9607028643017779
1415,era5_station,pangu_hres_init,0.9068533074219958
1416,era5_station,ifs_hres,1.1760154920050765
1416,era5_station,graphcast_hres_init,0.9570533047011839
1416,era5_station,pangu_hres_init,0.8971904532985541
1417,era5_station,ifs_hres,1.1637968894860897
1417,era5_station,graphcast_hres_init,0.944001772718446
1417,era5_station,pangu_hres_init,0.9001185030694749
1418,era5_station,ifs_hres,1.1816511449339104
1418,era5_station,graphcast_hres_init,0.9617468654332025
1418,era5_station,pangu_hres_init,0.9152067947702555
1419,era5_station,ifs_hres,1.1450259233613662
1419,era5_station,graphcast_hres_init,0.948204697374704
1419,era5_station,pangu_hres_init,0.8779311486817399
1420,era5_station,ifs_hres,1.168710097116416
1420,era5_station,graphcast_hres_init,0.952411927570761
1420,era5_station,pangu_hres_init,0.8846373160822605
1421,era5_station,ifs_hres,1.1932253870483316
1421,era5_station,graphcast_hres_init,0.9681275571618198
1421,era5_station,pangu_hres_init,0.9091167554435582
1422,era5_station,ifs_hres,1.1908953621745182
1422,era5_station,graphcast_hres_init,0.9530254006531987
1422,era5_station,pangu_hres_init,0.8955484480624347
1423,era5_station,ifs_hres,1.19695497494954
1423,era5_station,graphcast_hres_init,0.9655752330122455
1423,era5_station,pangu_hres_init,0.9069282026286286
1424,era5_station,ifs_hres,1.1786027176765037
1424,era5_station,graphcast_hres_init,0.9534018619093467
1424,era5_station,pangu_hres_init,0.8953365100216838
1425,era5_station,ifs_hres,1.196006425758732
1425,era5_station,graphcast_hres_init,0.9476335370800469
1425,era5_station,pangu_hres_init,0.907063139135533
1426,era5_station,ifs_hres,1.1793871923665127
1426,era5_station,graphcast_hres_init,0.9447758224649891
1426,era5_station,pangu_hres_init,0.8931378285502629
1427,era5_station,ifs_hres,1.1621367961584146
1427,era5_station,graphcast_hres_init,0.9549727686899914
1427,era5_station,pangu_hres_init,0.9016319598510063
1428,era5_station,ifs_hres,1.1826392871195934
1428,era5_station,graphcast_hres_init,0.9406135704379319
1428,era5_station,pangu_hres_init,0.9090916044943574
1429,era5_station,ifs_hres,1.1623324614210815
1429,era5_station,graphcast_hres_init,0.9562239798371754
1429,era5_station,pangu_hres_init,0.9057021759311584
1430,era5_station,ifs_hres,1.1883354977999705
1430,era5_station,graphcast_hres_init,0.9333787120625427
1430,era5_station,pangu_hres_init,0.9063656559068407
1431,era5_station,ifs_hres,1.169655387401753
1431,era5_station,graphcast_hres_init,0.9550491599556178
1431,era5_station,pangu_hres_init,0.906827207793498
1432,era5_station,ifs_hres,1.1744498694292238
1432,era5_station,graphcast_hres_init,0.9536707974417661
1432,era5_station,pangu_hres_init,0.8987182622710286
1433,era5_station,ifs_hres,1.1739232494656642
1433,era5_station,graphcast_hres_init,0.9654306727035039
1433,era5_station,pangu_hres_init,0.9077702171188474
1434,era5_station,ifs_hres,1.1743818182443528
1434,era5_station,graphcast_hres_init,0.9537774444859032
1434,era5_station,pangu_hres_init,0.8939668605500208
1435,era5_station,ifs_hres,1.1771018773002253
1435,era5_station,graphcast_hres_init,0.9555169832628669
1435,era5_station,pangu_hres_init,0.8811938637560377
1436,era5_station,ifs_hres,1.1622931079903143
1436,era5_station,graphcast_hres_init,0.9552533801115947
1436,era5_station,pangu_hres_init,0.9031431148770918
1437,era5_station,ifs_hres,1.195490592730193
1437,era5_station,graphcast_hres_init,0.9428926980695915
1437,era5_station,pangu_hres_init,0.8812595081047079
1438,era5_station,ifs_hres,1.178536773924798
1438,era5_station,graphcast_hres_init,0.9654732605888107
1438,era5_station,pangu_hres_init,0.8991608309093861
1439,era5_station,ifs_hres,1.1846190157191754
1439,era5_station,graphcast_hres_init,0.9629376801778712
1439,era5_station,pangu_hres_init,0.9048911778096679
1440,era5_station,ifs_hres,1.1669087215811356
1440,era5_station,graphcast_hres_init,0.9404259962431082
1440,era5_station,pangu_hres_init,0.8948287551011045
1441,era5_station,ifs_hres,1.2040949485369656
1441,era5_station,graphcast_hres_init,0.9862174493719571
1441,era5_station,pangu_hres_init,0.8999405610715138
1442,era5_station,ifs_hres,1.1615640429443799
1442,era5_station,graphcast_hres_init,0.9392809401077031
1442,era5_station,pangu_hres_init,0.8906109590819901
1443,era5_station,ifs_hres,1.1948741215647152
1443,era5_station,graphcast_hres_init,0.9552501286289193
1443,era5_station,pangu_hres_init,0.90581797035541
1444,era5_station,ifs_hres,1.1705226020737831
1444,era5_station,graphcast_hres_init,0.9526838424299878
1444,era5_station,pangu_hres_init,0.8959466559825361
1445,era5_station,ifs_hres,1.1888423128128294
1445,era5_station,graphcast_hres_init,0.9680844592517308
1445,era5_station,pangu_hres_init,0.9166624138135804
1446,era5_station,ifs_hres,1.1446342161147636
1446,era5_station,graphcast_hres_init,0.9410368820091949
1446,era5_station,pangu_hres_init,0.8895888965609015
1447,era5_station,ifs_hres,1.1790025334324739
1447,era5_station,graphcast_hres_init,0.9695945743019715
1447,era5_station,pangu_hres_init,0.8970103093739665
1448,era5_station,ifs_hres,1.179345686869547
1448,era5_station,graphcast_hres_init,0.9478972998944812
1448,era5_station,pangu_hres_init,0.9026258479128182
1449,era5_station,ifs_hres,1.1536225272170915
1449,era5_station,graphcast_hres_init,0.9499486609528885
1449,era5_station,pangu_hres_init,0.8954983555922464
1450,era5_station,ifs_hres,1.1659480620150664
1450,era5_station,graphcast_hres_init,0.9315770560596208
1450,era5_station,pangu_hres_init,0.8770755929355293
1451,era5_station,ifs_hres,1.1697566741852121
1451,era5_station,graphcast_hres_init,0.9544129171321075
1451,era5_station,pangu_hres_init,0.8822951654033415
1452,era5_station,ifs_hres,1.1946411351373085
1452,era5_station,graphcast_hres_init,0.9474639091989511
1452,era5_station,pangu_hres_init,0.8877002903158634
1453,era5_station,ifs_hres,1.1857549507406153
1453,era5_station,graphcast_hres_init,0.9749176048245697
1453,era5_station,pangu_hres_init,0.8874729935078788
1454,era5_station,ifs_hres,1.1631159709587924
1454,era5_station,graphcast_hres_init,0.9418121154067612
1454,era5_station,pangu_hres_init,0.8869400968396105
1455,era5_station,ifs_hres,1.1946708274779987
1455,era5_station,graphcast_hres_init,0.9658533126663169
1455,era5_station,pangu_hres_init,0.917650725532063
1456,era5_station,ifs_hres,1.180088677358025
1456,era5_station,graphcast_hres_init,0.9462233569997319
1456,era5_station,pangu_hres_init,0.8906276647433854
1457,era5_station,ifs_hres,1.204219840041749
1457,era5_station,graphcast_hres_init,0.9570170215397548
1457,era5_station,pangu_hres_init,0.9064770163439432
1458,era5_station,ifs_hres,1.1789689958254042
1458,era5_station,graphcast_hres_init,0.960400920276556
1458,era5_station,pangu_hres_init,0.8995069540857874
1459,era5_station,ifs_hres,1.16452347597623
1459,era5_station,graphcast_hres_init,0.957279445628794
1459,era5_station,pangu_hres_init,0.8970403478485808
1460,era5_station,ifs_hres,1.1899102148059262
1460,era5_station,graphcast_hres_init,0.9537580778795701
1460,era5_station,pangu_hres_init,0.8827209887159997
1461,era5_station,ifs_hres,1.1920855121165976
1461,era5_station,graphcast_hres_init,0.9683827182601623
1461,era5_station,pangu_hres_init,0.9139361441444103
1462,era5_station,ifs_hres,1.1634014276073021
1462,era5_station,graphcast_hres_init,0.9493809024698975
1462,era5_station,pangu_hres_init,0.8908633887336667
1463,era5_station,ifs_hres,1.1840256750218265
1463,era5_station,graphcast_hres_init,0.9681775775263152
1463,era5_station,pangu_hres_init,0.8897726025831599
1464,era5_station,ifs_hres,1.158101312525993
1464,era5_station,graphcast_hres_init,0.9550141534199303
1464,era5_station,pangu_hres_init,0.8965800762515295
1465,era5_station,ifs_hres,1.17551246335452
1465,era5_station,graphcast_hres_init,0.9413802079403252
1465,era5_station,pangu_hres_init,0.8883342434754206
1466,era5_station,ifs_hres,1.1797487526697814
1466,era5_station,graphcast_hres_init,0.9526148450514466
1466,era5_station,pangu_hres_init,0.910058168604377
1467,era5_station,ifs_hres,1.1958081703073509
1467,era5_station,graphcast_hres_init,0.9523307030935076
1467,era5_station,pangu_hres_init,0.9169293813799649
1468,era5_station,ifs_hres,1.1877557298750718
1468,era5_station,graphcast_hres_init,0.9699392608543211
1468,era5_station,pangu_hres_init,0.9174932230704085
1469,era5_station,ifs_hres,1.1765757376200636
1469,era5_station,graphcast_hres_init,0.9398761161780814
1469,era5_station,pangu_hres_init,0.8843042717559343
1470,era5_station,ifs_hres,1.1820189598275983
1470,era5_station,graphcast_hres_init,0.9614449979930522
1470,era5_station,pangu_hres_init,0.9029650739997542
1471,era5_station,ifs_hres,1.158013774890731
1471,era5_station,graphcast_hres_init,0.9421838310679548
1471,era5_station,pangu_hres_init,0.8920248771588613
1472,era5_station,ifs_hres,1.181816387299037
1472,era5_station,graphcast_hres_init,0.9655512053585202
1472,era5_station,pangu_hres_init,0.9034957052196821
1473,era5_station,ifs_hres,1.1817856954275747
1473,era5_station,graphcast_hres_init,0.9482183339301856
1473,era5_station,pangu_hres_init,0.887293336419184
1474,era5_station,ifs_hres,1.178756938614007
1474,era5_station,graphcast_hres_init,0.9368751080700778
1474,era5_station,pangu_hres_init,0.8902923708539993
1475,era5_station,ifs_hres,1.1951930637991166
1475,era5_station,graphcast_hres_init,0.9746441369029664
1475,era5_station,pangu_hres_init,0.8985920569467196
1476,era5_station,ifs_hres,1.1614336508789658
1476,era5_station,graphcast_hres_init,0.9397136946731438
1476,era5_station,pangu_hres_init,0.8755735037800303
1477,era5_station,ifs_hres,1.1674607898037885
1477,era5_station,graphcast_hres_init,0.9652233060947646
1477,era5_station,pangu_hres_init,0.8821877732186582
1478,era5_station,ifs_hres,1.1976136661197867
1478,era5_station,graphcast_hres_init,0.972952680567297
1478,era5_station,pangu_hres_init,0.9082972856787651
1479,era5_station,ifs_hres,1.1817726557931088
1479,era5_station,graphcast_hres_init,0.9578952666666914
1479,era5_station,pangu_hres_init,0.9082561882141683
1480,era5_station,ifs_hres,1.1832417418021912
1480,era5_station,graphcast_hres_init,0.9486236260068761
1480,era5_station,pangu_hres_init,0.9001615938365359
1481,era5_station,ifs_hres,1.1750825014706723
1481,era5_station,graphcast_hres_init,0.9475164039914469
1481,era5_station,pangu_hres_init,0.9054881084215295
1482,era5_station,ifs_hres,1.1796151967531985
1482,era5_station,graphcast_hres_init,0.9484355212576269
1482,era5_station,pangu_hres_init,0.9056244480674729
1483,era5_station,ifs_hres,1.1726458366310337
1483,era5_station,graphcast_hres_init,0.9406744928511692
1483,era5_station,pangu_hres_init,0.8980407824440142
1484,era5_station,ifs_hres,1.2049459341604565
1484,era5_station,graphcast_hres_init,0.9734135166646525
1484,era5_station,pangu_hres_init,0.9068347886082185
1485,era5_station,ifs_hres,1.1813899634134408
1485,era5_station,graphcast_hres_init,0.9607818614776977
1485,era5_station,pangu_hres_init,0.9046320267272254
1486,era5_station,ifs_hres,1.1676886013341503
1486,era5_station,graphcast_hres_init,0.9570545483064918
1486,era5_station,pangu_hres_init,0.8955349776829472
1487,era5_station,ifs_hres,1.153925861365483
1487,era5_station,graphcast_hres_init,0.9337977206958431
1487,era5_station,pangu_hres_init,0.9035616393162853
1488,era5_station,ifs_hres,1.1854220444229482
1488,era5_station,graphcast_hres_init,0.9482638307598291
1488,era5_station,pangu_hres_init,0.868550339221823
1489,era5_station,ifs_hres,1.1812267031869759
1489,era5_station,graphcast_hres_init,0.9474209567078469
1489,era5_station,pangu_hres_init,0.90190492601414
1490,era5_station,ifs_hres,1.1739605815378082
1490,era5_station,graphcast_hres_init,0.9568176169918401
1490,era5_station,pangu_hres_init,0.9019092453393568
1491,era5_station,ifs_hres,1.1628647246247015
1491,era5_station,graphcast_hres_init,0.9434755720970869
1491,era5_station,pangu_hres_init,0.8855762802422279
1492,era5_station,ifs_hres,1.1578331947057738
1492,era5_station,graphcast_hres_init,0.9398694870928261
1492,era5_station,pangu_hres_init,0.8716474563137168
1493,era5_station,ifs_hres,1.1531153832105758
1493,era5_station,graphcast_hres_init,0.9494587490722768
1493,era5_station,pangu_hres_init,0.8971880494262114
1494,era5_station,ifs_hres,1.1716527494224938
1494,era5_station,graphcast_hres_init,0.9391525010750227
1494,era5_station,pangu_hres_init,0.9068552227757514
1495,era5_station,ifs_hres,1.2044502852102827
1495,era5_station,graphcast_hres_init,0.9670513181355949
1495,era5_station,pangu_hres_init,0.9252013516141362
1496,era5_station,ifs_hres,1.1747396333993188
1496,era5_station,graphcast_hres_init,0.9448644033227183
1496,era5_station,pangu_hres_init,0.9010905681806304
1497,era5_station,ifs_hres,1.1688505882006264
1497,era5_station,graphcast_hres_init,0.9401072074720959
1497,era5_station,pangu_hres_init,0.8955642563522253
1498,era5_station,ifs_hres,1.1791361150713031
1498,era5_station,graphcast_hres_init,0.973323272391455
1498,era5_station,pangu_hres_init,0.9205568827699405
1499,era5_station,ifs_hres,1.2016979703069521
1499,era5_station,graphcast_hres_init,0.9719355089106367
1499,era5_station,pangu_hres_init,0.8958323554882823
1500,era5_station,ifs_hres,1.173504357454768
1500,era5_station,graphcast_hres_init,0.949898381264664
1500,era5_station,pangu_hres_init,0.900848280592702
1501,era5_station,ifs_hres,1.1814705586455496
1501,era5_station,graphcast_hres_init,0.9698063124135154
1501,era5_station,pangu_hres_init,0.8950671870161347
1502,era5_station,ifs_hres,1.1738632646730027
1502,era5_station,graphcast_hres_init,0.9471826927162823
1502,era5_station,pangu_hres_init,0.9076558233732039
1503,era5_station,ifs_hres,1.1848934650670861
1503,era5_station,graphcast_hres_init,0.9357729873860572
1503,era5_station,pangu_hres_init,0.8638434296056807
1504,era5_station,ifs_hres,1.1736990699388
1504,era5_station,graphcast_hres_init,0.9575253232979523
1504,era5_station,pangu_hres_init,0.8962733344310864
1505,era5_station,ifs_hres,1.16249055069776
1505,era5_station,graphcast_hres_init,0.9456236495827752
1505,era5_station,pangu_hres_init,0.8832683189656391
1506,era5_station,ifs_hres,1.167187369520616
1506,era5_station,graphcast_hres_init,0.9503645952823665
1506,era5_station,pangu_hres_init,0.9147220610074065
1507,era5_station,ifs_hres,1.1704052849072615
1507,era5_station,graphcast_hres_init,0.9568739751008863
1507,era5_station,pangu_hres_init,0.9003559632146793
1508,era5_station,ifs_hres,1.1871643143086168
1508,era5_station,graphcast_hres_init,0.9519003806156711
1508,era5_station,pangu_hres_init,0.9011439086403759
1509,era5_station,ifs_hres,1.1916273508196624
1509,era5_station,graphcast_hres_init,0.945227560155213
1509,era5_station,pangu_hres_init,0.9101031706488381
1510,era5_station,ifs_hres,1.1950907386754062
1510,era5_station,graphcast_hres_init,0.9503058780870539
1510,era5_station,pangu_hres_init,0.8800461299863513
1511,era5_station,ifs_hres,1.1716243206842838
1511,era5_station,graphcast_hres_init,0.9533996922907343
1511,era5_station,pangu_hres_init,0.9122727389201858
1512,era5_station,ifs_hres,1.1752363721157937
1512,era5_station,graphcast_hres_init,0.9298644097677506
1512,era5_station,pangu_hres_init,0.8731866636709299
1513,era5_station,ifs_hres,1.1700599420815883
1513,era5_station,graphcast_hres_init,0.9420042542455019
1513,era5_station,pangu_hres_init,0.8959229928383925
1514,era5_station,ifs_hres,1.179425265435794
1514,era5_station,graphcast_hres_init,0.9367184293268821
1514,era5_station,pangu_hres_init,0.8986895078339254
1515,era5_station,ifs_hres,1.1781971151652735
1515,era5_station,graphcast_hres_init,0.9660634268374587
1515,era5_station,pangu_hres_init,0.9054760861156604
1516,era5_station,ifs_hres,1.1847243337881248
1516,era5_station,graphcast_hres_init,0.966262633685872
1516,era5_station,pangu_hres_init,0.9117913497962917
1517,era5_station,ifs_hres,1.1642733495798883
1517,era5_station,graphcast_hres_init,0.9401357159754293
1517,era5_station,pangu_hres_init,0.901591130628468
1518,era5_station,ifs_hres,1.142149619264988
1518,era5_station,graphcast_hres_init,0.9275456005582031
1518,era5_station,pangu_hres_init,0.8852874905360516
1519,era5_station,ifs_hres,1.1762115662368418
1519,era5_station,graphcast_hres_init,0.9547647517207111
1519,era5_station,pangu_hres_init,0.8964263876944457
1520,era5_station,ifs_hres,1.165811941817503
1520,era5_station,graphcast_hres_init,0.9364264110120091
1520,era5_station,pangu_hres_init,0.8933080037800828
1521,era5_station,ifs_hres,1.17200761706946
1521,era5_station,graphcast_hres_init,0.937863144666446
1521,era5_station,pangu_hres_init,0.8858639841476615
1522,era5_station,ifs_hres,1.188584252454909
1522,era5_station,graphcast_hres_init,0.9640620151680263
1522,era5_station,pangu_hres_init,0.9070451378204963
1523,era5_station,ifs_hres,1.1847746807031958
1523,era5_station,graphcast_hres_init,0.9543565235390963
1523,era5_station,pangu_hres_init,0.906498392155368
1524,era5_station,ifs_hres,1.1807820788441843
1524,era5_station,graphcast_hres_init,0.9547371118117605
1524,era5_station,pangu_hres_init,0.9125385468762328
1525,era5_station,ifs_hres,1.1757031557223667
1525,era5_station,graphcast_hres_init,0.9310031970823478
1525,era5_station,pangu_hres_init,0.9127190590947349
1526,era5_station,ifs_hres,1.1766843362168473
1526,era5_station,graphcast_hres_init,0.9754597041385045
1526,era5_station,pangu_hres_init,0.9407689329509187
1527,era5_station,ifs_hres,1.1834652341245007
1527,era5_station,graphcast_hres_init,0.9549596147260216
1527,era5_station,pangu_hres_init,0.9099580762780767
1528,era5_station,ifs_hres,1.1813301409995012
1528,era5_station,graphcast_hres_init,0.9478524462430233
1528,era5_station,pangu_hres_init,0.8860119322432448
1529,era5_station,ifs_hres,1.1783134216199285
1529,era5_station,graphcast_hres_init,0.9465073506994965
1529,era5_station,pangu_hres_init,0.8769989335433948
1530,era5_station,ifs_hres,1.1966145020395464
1530,era5_station,graphcast_hres_init,0.956997891729371
1530,era5_station,pangu_hres_init,0.9115155723383257
1531,era5_station,ifs_hres,1.188500118889323
1531,era5_station,graphcast_hres_init,0.9508339611379741
1531,era5_station,pangu_hres_init,0.8917375777938248
1532,era5_station,ifs_hres,1.157896335763667
1532,era5_station,graphcast_hres_init,0.9540316842947016
1532,era5_station,pangu_hres_init,0.8937979798690028
1533,era5_station,ifs_hres,1.2128772719652838
1533,era5_station,graphcast_hres_init,0.9590996531581956
1533,era5_station,pangu_hres_init,0.8924319123926779
1534,era5_station,ifs_hres,1.1792515465997213
1534,era5_station,graphcast_hres_init,0.9560942979381875
1534,era5_station,pangu_hres_init,0.9140409612812667
1535,era5_station,ifs_hres,1.1837715841936098
1535,era5_station,graphcast_hres_init,0.9606940528535864
1535,era5_station,pangu_hres_init,0.9213518850520298
1536,era5_station,ifs_hres,1.1549783987283848
1536,era5_station,graphcast_hres_init,0.9542649550373555
1536,era5_station,pangu_hres_init,0.8812780769831879
1537,era5_station,ifs_hres,1.168410339614306
1537,era5_station,graphcast_hres_init,0.9515773443808149
1537,era5_station,pangu_hres_init,0.9028701561376531
1538,era5_station,ifs_hres,1.1998543795770826
1538,era5_station,graphcast_hres_init,0.9703211773834648
1538,era5_station,pangu_hres_init,0.9067066418640374
1539,era5_station,ifs_hres,1.1438069605409167
1539,era5_station,graphcast_hres_init,0.9317089046318799
1539,era5_station,pangu_hres_init,0.8888145157061291
1540,era5_station,ifs_hres,1.1617369360322403
1540,era5_station,graphcast_hres_init,0.9499587029853471
1540,era5_station,pangu_hres_init,0.8872605655551059
1541,era5_station,ifs_hres,1.1845338329383763
1541,era5_station,graphcast_hres_init,0.949440711226617
1541,era5_station,pangu_hres_init,0.8857458267876959
1542,era5_station,ifs_hres,1.1650187560760963
1542,era5_station,graphcast_hres_init,0.9461139414907197
1542,era5_station,pangu_hres_init,0.9036751459977512
1543,era5_station,ifs_hres,1.1711125830388538
1543,era5_station,graphcast_hres_init,0.9658365482280699
1543,era5_station,pangu_hres_init,0.9088661113540091
1544,era5_station,ifs_hres,1.1768182522074995
1544,era5_station,graphcast_hres_init,0.9503040040735213
1544,era5_station,pangu_hres_init,0.893931912791272
1545,era5_station,ifs_hres,1.1563398261162088
1545,era5_station,graphcast_hres_init,0.9584525200896681
1545,era5_station,pangu_hres_init,0.9060208805465201
1546,era5_station,ifs_hres,1.1620613285017432
1546,era5_station,graphcast_hres_init,0.9490617929958517
1546,era5_station,pangu_hres_init,0.8774171033734418
1547,era5_station,ifs_hres,1.1584148573985762
1547,era5_station,graphcast_hres_init,0.931580918681752
1547,era5_station,pangu_hres_init,0.897263028589993
1548,era5_station,ifs_hres,1.1752309998703434
1548,era5_station,graphcast_hres_init,0.9601068992803953
1548,era5_station,pangu_hres_init,0.903102459764222
1549,era5_station,ifs_hres,1.1769690130712027
1549,era5_station,graphcast_hres_init,0.9653223862599756
1549,era5_station,pangu_hres_init,0.9010826032439254
1550,era5_station,ifs_hres,1.2042257975424322
1550,era5_station,graphcast_hres_init,0.9629863337422614
1550,era5_station,pangu_hres_init,0.9030877708856607
1551,era5_station,ifs_hres,1.159870076749314
1551,era5_station,graphcast_hres_init,0.9674850960561587
1551,era5_station,pangu_hres_init,0.8987462334171527
1552,era5_station,ifs_hres,1.176131379407065
1552,era5_station,graphcast_hres_init,0.941375871766332
1552,era5_station,pangu_hres_init,0.917225231265594
1553,era5_station,ifs_hres,1.1880723781118452
1553,era5_station,graphcast_hres_init,0.9742295599942621
1553,era5_station,pangu_hres_init,0.9273279614454073
1554,era5_station,ifs_hres,1.21161450742652
1554,era5_station,graphcast_hres_init,0.9653264054643037
1554,era5_station,pangu_hres_init,0.9050023126729828
1555,era5_station,ifs_hres,1.171850371887198
1555,era5_station,graphcast_hres_init,0.960099454171816
1555,era5_station,pangu_hres_init,0.90509604298979
1556,era5_station,ifs_hres,1.16871136498705
1556,era5_station,graphcast_hres_init,0.9455106575670232
1556,era5_station,pangu_hres_init,0.9025013533081117
1557,era5_station,ifs_hres,1.1798861677365955
1557,era5_station,graphcast_hres_init,0.949111560241519
1557,era5_station,pangu_hres_init,0.8866038051701942
1558,era5_station,ifs_hres,1.1867078865866523
1558,era5_station,graphcast_hres_init,0.9666701509635803
1558,era5_station,pangu_hres_init,0.9149416390693491
1559,era5_station,ifs_hres,1.1782365044075342
1559,era5_station,graphcast_hres_init,0.951512671003135
1559,era5_station,pangu_hres_init,0.9089608737694039
1560,era5_station,ifs_hres,1.1509773508348466
1560,era5_station,graphcast_hres_init,0.9488560379500156
1560,era5_station,pangu_hres_init,0.901929974783156
1561,era5_station,ifs_hres,1.171560424900701
1561,era5_station,graphcast_hres_init,0.9618748108259766
1561,era5_station,pangu_hres_init,0.9180305034774068
1562,era5_station,ifs_hres,1.1685632812213504
1562,era5_station,graphcast_hres_init,0.9489447891529782
1562,era5_station,pangu_hres_init,0.8981229657824209
1563,era5_station,ifs_hres,1.162379389178398
1563,era5_station,graphcast_hres_init,0.938644097608828
1563,era5_station,pangu_hres_init,0.8892890863080367
1564,era5_station,ifs_hres,1.1767771801751061
1564,era5_station,graphcast_hres_init,0.941855043697559
1564,era5_station,pangu_hres_init,0.8803642287103702
1565,era5_station,ifs_hres,1.1671911976008387
1565,era5_station,graphcast_hres_init,0.941551547095349
1565,era5_station,pangu_hres_init,0.880137061616276
1566,era5_station,ifs_hres,1.1718784043546684
1566,era5_station,graphcast_hres_init,0.9429016505099503
1566,era5_station,pangu_hres_init,0.9201003253258122
1567,era5_station,ifs_hres,1.1741371209174987
1567,era5_station,graphcast_hres_init,0.9658667618325588
1567,era5_station,pangu_hres_init,0.9044351297314864
1568,era5_station,ifs_hres,1.1787279454021833
1568,era5_station,graphcast_hres_init,0.9431744950919062
1568,era5_station,pangu_hres_init,0.8886833344208871
1569,era5_station,ifs_hres,1.1857425883527553
1569,era5_station,graphcast_hres_init,0.9467768722837423
1569,era5_station,pangu_hres_init,0.8986666627855118
1570,era5_station,ifs_hres,1.1854090949699543
1570,era5_station,graphcast_hres_init,0.934368449494419
1570,era5_station,pangu_hres_init,0.8873663321667544
1571,era5_station,ifs_hres,1.1796270679326248
1571,era5_station,graphcast_hres_init,0.952435707178455
1571,era5_station,pangu_hres_init,0.890962238796946
1572,era5_station,ifs_hres,1.1736128428113577
1572,era5_station,graphcast_hres_init,0.9562478714685606
1572,era5_station,pangu_hres_init,0.9042451614084016
1573,era5_station,ifs_hres,1.1643008447766239
1573,era5_station,graphcast_hres_init,0.9524191858773977
1573,era5_station,pangu_hres_init,0.8980331087845097
1574,era5_station,ifs_hres,1.1751006963669621
1574,era5_station,graphcast_hres_init,0.950096388435638
1574,era5_station,pangu_hres_init,0.9023358056968367
1575,era5_station,ifs_hres,1.129783752283001
1575,era5_station,graphcast_hres_init,0.9469267927712045
1575,era5_station,pangu_hres_init,0.9125732330723648
1576,era5_station,ifs_hres,1.2036145340013318
1576,era5_station,graphcast_hres_init,0.9556170828501314
1576,era5_station,pangu_hres_init,0.9013280344853858
1577,era5_station,ifs_hres,1.1662960760571732
1577,era5_station,graphcast_hres_init,0.9301159620476709
1577,era5_station,pangu_hres_init,0.885643850261442
1578,era5_station,ifs_hres,1.176001584417814
1578,era5_station,graphcast_hres_init,0.9503579688253944
1578,era5_station,pangu_hres_init,0.8939493913692483
1579,era5_station,ifs_hres,1.1910002596022695
1579,era5_station,graphcast_hres_init,0.9735304585019895
1579,era5_station,pangu_hres_init,0.9160969674694754
1580,era5_station,ifs_hres,1.1849429765240078
1580,era5_station,graphcast_hres_init,0.9597253854848293
1580,era5_station,pangu_hres_init,0.8923994600719711
1581,era5_station,ifs_hres,1.1616122510239018
1581,era5_station,graphcast_hres_init,0.9470905295660503
1581,era5_station,pangu_hres_init,0.901457872646712
1582,era5_station,ifs_hres,1.2151945439650178
1582,era5_station,graphcast_hres_init,0.9770371062088069
1582,era5_station,pangu_hres_init,0.9137683539713417
1583,era5_station,ifs_hres,1.1860587054908598
1583,era5_station,graphcast_hres_init,0.9437422372875691
1583,era5_station,pangu_hres_init,0.9020663606044181
1584,era5_station,ifs_hres,1.1898289044756831
1584,era5_station,graphcast_hres_init,0.9463673541825648
1584,era5_station,pangu_hres_init,0.9102911141283714
1585,era5_station,ifs_hres,1.1623454134244358
1585,era5_station,graphcast_hres_init,0.9602528957043952
1585,era5_station,pangu_hres_init,0.8997182549567193
1586,era5_station,ifs_hres,1.1795165474880411
1586,era5_station,graphcast_hres_init,0.9471839231676693
1586,era5_station,pangu_hres_init,0.8893988344378054
1587,era5_station,ifs_hres,1.1660662730128002
1587,era5_station,graphcast_hres_init,0.9490510399133656
1587,era5_station,pangu_hres_init,0.8912192421772556
1588,era5_station,ifs_hres,1.195500818578061
1588,era5_station,graphcast_hres_init,0.9509704227251445
1588,era5_station,pangu_hres_init,0.8900428867137317
1589,era5_station,ifs_hres,1.1751161996639372
1589,era5_station,graphcast_hres_init,0.9555510298932427
1589,era5_station,pangu_hres_init,0.919310494277782
1590,era5_station,ifs_hres,1.184107778513164
1590,era5_station,graphcast_hres_init,0.9541532027421129
1590,era5_station,pangu_hres_init,0.917391756963216
1591,era5_station,ifs_hres,1.1861161102242561
1591,era5_station,graphcast_hres_init,0.9636896450067487
1591,era5_station,pangu_hres_init,0.9015870565905711
1592,era5_station,ifs_hres,1.1817091721362902
1592,era5_station,graphcast_hres_init,0.9349435044084693
1592,era5_station,pangu_hres_init,0.89196804194119
1593,era5_station,ifs_hres,1.1851761139563892
1593,era5_station,graphcast_hres_init,0.9623590532157391
1593,era5_station,pangu_hres_init,0.8888140045220725
1594,era5_station,ifs_hres,1.1558728701308407
1594,era5_station,graphcast_hres_init,0.9288638682641153
1594,era5_station,pangu_hres_init,0.869854540483779
1595,era5_station,ifs_hres,1.159776301323816
1595,era5_station,graphcast_hres_init,0.9421151910884894
1595,era5_station,pangu_hres_init,0.8943885941262211
1596,era5_station,ifs_hres,1.152936196487808
1596,era5_station,graphcast_hres_init,0.9631485400825096
1596,era5_station,pangu_hres_init,0.8921722934160449
1597,era5_station,ifs_hres,1.1801296662635417
1597,era5_station,graphcast_hres_init,0.9526780151109749
1597,era5_station,pangu_hres_init,0.8884059236310291
1598,era5_station,ifs_hres,1.1819154211662408
1598,era5_station,graphcast_hres_init,0.9604939994707473
1598,era5_station,pangu_hres_init,0.9049185434675604
1599,era5_station,ifs_hres,1.188686432191393
1599,era5_station,graphcast_hres_init,0.9634144594603763
1599,era5_station,pangu_hres_init,0.9052690050169954
1600,era5_station,ifs_hres,1.2027225133285664
1600,era5_station,graphcast_hres_init,0.9610781183818143
1600,era5_station,pangu_hres_init,0.9126092893991452
1601,era5_station,ifs_hres,1.1768566135203395
1601,era5_station,graphcast_hres_init,0.9515364770425757
1601,era5_station,pangu_hres_init,0.8856907753609352
1602,era5_station,ifs_hres,1.1684071133681908
1602,era5_station,graphcast_hres_init,0.951020933523491
1602,era5_station,pangu_hres_init,0.8970075126767526
1603,era5_station,ifs_hres,1.188975228577352
1603,era5_station,graphcast_hres_init,0.9432148089560634
1603,era5_station,pangu_hres_init,0.9211433100780171
1604,era5_station,ifs_hres,1.1730067000005675
1604,era5_station,graphcast_hres_init,0.9630979721682583
1604,era5_station,pangu_hres_init,0.8986311495843591
1605,era5_station,ifs_hres,1.1761837588012811
1605,era5_station,graphcast_hres_init,0.9516009823506686
1605,era5_station,pangu_hres_init,0.9113962268518663
1606,era5_station,ifs_hres,1.1708646579435649
1606,era5_station,graphcast_hres_init,0.9383502223881778
1606,era5_station,pangu_hres_init,0.9034749792032508
1607,era5_station,ifs_hres,1.1646777923220821
1607,era5_station,graphcast_hres_init,0.9630655808258147
1607,era5_station,pangu_hres_init,0.8833084144806513
1608,era5_station,ifs_hres,1.1750438333597626
1608,era5_station,graphcast_hres_init,0.9280360292796276
1608,era5_station,pangu_hres_init,0.8851377021188681
1609,era5_station,ifs_hres,1.1527296940906406
1609,era5_station,graphcast_hres_init,0.9293392058749924
1609,era5_station,pangu_hres_init,0.8958565068252867
1610,era5_station,ifs_hres,1.1822594948174887
1610,era5_station,graphcast_hres_init,0.9564649225445845
1610,era5_station,pangu_hres_init,0.8929505622953825
1611,era5_station,ifs_hres,1.1577333720779928
1611,era5_station,graphcast_hres_init,0.934851755351113
1611,era5_station,pangu_hres_init,0.9035118431747614
1612,era5_station,ifs_hres,1.1724943808207935
1612,era5_station,graphcast_hres_init,0.9495496137716083
1612,era5_station,pangu_hres_init,0.894037401522695
1613,era5_station,ifs_hres,1.1810180988199541
1613,era5_station,graphcast_hres_init,0.9776301689802644
1613,era5_station,pangu_hres_init,0.9032796602859978
1614,era5_station,ifs_hres,1.1563563303662123
1614,era5_station,graphcast_hres_init,0.9484688494634554
1614,era5_station,pangu_hres_init,0.9103872598082576
1615,era5_station,ifs_hres,1.1945547770180829
1615,era5_station,graphcast_hres_init,0.9649230047702821
1615,era5_station,pangu_hres_init,0.9153368224650675
1616,era5_station,ifs_hres,1.1739919846486901
1616,era5_station,graphcast_hres_init,0.9687785835185466
1616,era5_station,pangu_hres_init,0.9039100605299855
1617,era5_station,ifs_hres,1.1993957083026654
1617,era5_station,graphcast_hres_init,0.9602853945890044
1617,era5_station,pangu_hres_init,0.8957542642226775
1618,era5_station,ifs_hres,1.1655462198974218
1618,era5_station,graphcast_hres_init,0.943668736833188
1618,era5_station,pangu_hres_init,0.8936415360802201
1619,era5_station,ifs_hres,1.1804490591994985
1619,era5_station,graphcast_hres_init,0.9626952643617781
1619,era5_station,pangu_hres_init,0.916103413750392
1620,era5_station,ifs_hres,1.1700828228003566
1620,era5_station,graphcast_hres_init,0.9588584917057729
1620,era5_station,pangu_hres_init,0.9019152016521784
1621,era5_station,ifs_hres,1.1769519460482414
1621,era5_station,graphcast_hres_init,0.9428902425842091
1621,era5_station,pangu_hres_init,0.8749326751692436
1622,era5_station,ifs_hres,1.1985399960849132
1622,era5_station,graphcast_hres_init,0.9776029837705705
1622,era5_station,pangu_hres_init,0.9277913724135767
1623,era5_station,ifs_hres,1.2053638768628205
1623,era5_station,graphcast_hres_init,0.9760736942596021
1623,era5_station,pangu_hres_init,0.9140364301632687
1624,era5_station,ifs_hres,1.1699845787295577
1624,era5_station,graphcast_hres_init,0.9274231634997014
1624,era5_station,pangu_hres_init,0.9017535093161381
1625,era5_station,ifs_hres,1.1718541049680968
1625,era5_station,graphcast_hres_init,0.9404465543424032
1625,era5_station,pangu_hres_init,0.8896752439169541
1626,era5_station,ifs_hres,1.1744182441800346
1626,era5_station,graphcast_hres_init,0.9566142582421774
1626,era5_station,pangu_hres_init,0.8771987930103193
1627,era5_station,ifs_hres,1.1687758014238194
1627,era5_station,graphcast_hres_init,0.9565563650238772
1627,era5_station,pangu_hres_init,0.88861629720241
1628,era5_station,ifs_hres,1.1424274620448627
1628,era5_station,graphcast_hres_init,0.9340563509820792
1628,era5_station,pangu_hres_init,0.8828564064027538
1629,era5_station,ifs_hres,1.1829122431839685
1629,era5_station,graphcast_hres_init,0.9545388962846807
1629,era5_station,pangu_hres_init,0.9000537155958419
1630,era5_station,ifs_hres,1.1891961188802609
1630,era5_station,graphcast_hres_init,0.961543933640759
1630,era5_station,pangu_hres_init,0.9015791055188201
1631,era5_station,ifs_hres,1.1742241330911964
1631,era5_station,graphcast_hres_init,0.9591908647977277
1631,era5_station,pangu_hres_init,0.9118405641860721
1632,era5_station,ifs_hres,1.1638520189424828
1632,era5_station,graphcast_hres_init,0.9495021317788341
1632,era5_station,pangu_hres_init,0.8692870724149352
1633,era5_station,ifs_hres,1.1836099322429023
1633,era5_station,graphcast_hres_init,0.9481058785647595
1633,era5_station,pangu_hres_init,0.8880802326868137
1634,era5_station,ifs_hres,1.2059302831480079
1634,era5_station,graphcast_hres_init,0.9486867508764972
1634,era5_station,pangu_hres_init,0.9117875408122075
1635,era5_station,ifs_hres,1.185816721454248
1635,era5_station,graphcast_hres_init,0.9633260954054244
1635,era5_station,pangu_hres_init,0.9032467648371818
1636,era5_station,ifs_hres,1.1837785537268133
1636,era5_station,graphcast_hres_init,0.9556207447748813
1636,era5_station,pangu_hres_init,0.8859250903238871
1637,era5_station,ifs_hres,1.168018854404176
1637,era5_station,graphcast_hres_init,0.9675390754394921
1637,era5_station,pangu_hres_init,0.9026097046412292
1638,era5_station,ifs_hres,1.1752064929963353
1638,era5_station,graphcast_hres_init,0.9404478262656448
1638,era5_station,pangu_hres_init,0.8736536854171453
1639,era5_station,ifs_hres,1.1703130100480073
1639,era5_station,graphcast_hres_init,0.9626586117750285
1639,era5_station,pangu_hres_init,0.8999070759274935
1640,era5_station,ifs_hres,1.1843201345060865
1640,era5_station,graphcast_hres_init,0.9477699045488363
1640,era5_station,pangu_hres_init,0.8984249824990698
1641,era5_station,ifs_hres,1.185860320800709
1641,era5_station,graphcast_hres_init,0.9597210564184036
1641,era5_station,pangu_hres_init,0.9123743274989825
1642,era5_station,ifs_hres,1.155580239615112
1642,era5_station,graphcast_hres_init,0.9279167108090184
1642,era5_station,pangu_hres_init,0.8847576430592529
1643,era5_station,ifs_hres,1.1759462622563237
1643,era5_station,graphcast_hres_init,0.9549363256814536
1643,era5_station,pangu_hres_init,0.8885281703189627
1644,era5_station,ifs_hres,1.1580531232950981
1644,era5_station,graphcast_hres_init,0.9544483823105269
1644,era5_station,pangu_hres_init,0.9021547971356765
1645,era5_station,ifs_hres,1.1711168368822644
1645,era5_station,graphcast_hres_init,0.9422087658304482
1645,era5_station,pangu_hres_init,0.8739645364229104
1646,era5_station,ifs_hres,1.1679899376176581
1646,era5_station,graphcast_hres_init,0.9609108336793477
1646,era5_station,pangu_hres_init,0.9125963578459151
1647,era5_station,ifs_hres,1.2059878700476432
1647,era5_station,graphcast_hres_init,0.9800540678317956
1647,era5_station,pangu_hres_init,0.9003760098190514
1648,era5_station,ifs_hres,1.2041099554424928
1648,era5_station,graphcast_hres_init,0.9582648267506769
1648,era5_station,pangu_hres_init,0.9254268936588961
1649,era5_station,ifs_hres,1.1942189298941717
1649,era5_station,graphcast_hres_init,0.9673935354260716
1649,era5_station,pangu_hres_init,0.9151187866086157
1650,era5_station,ifs_hres,1.1810963294527317
1650,era5_station,graphcast_hres_init,0.9512498545043763
1650,era5_station,pangu_hres_init,0.8941061680693546
1651,era5_station,ifs_hres,1.1865352820910966
1651,era5_station,graphcast_hres_init,0.9512861801266111
1651,era5_station,pangu_hres_init,0.8960870917852083
1652,era5_station,ifs_hres,1.1779331428019844
1652,era5_station,graphcast_hres_init,0.9588468675851723
1652,era5_station,pangu_hres_init,0.9100739309876967
1653,era5_station,ifs_hres,1.1842250900759317
1653,era5_station,graphcast_hres_init,0.9479208256492526
1653,era5_station,pangu_hres_init,0.8973385867635606
1654,era5_station,ifs_hres,1.1596188907365867
1654,era5_station,graphcast_hres_init,0.9525663234714827
1654,era5_station,pangu_hres_init,0.8997488424378038
1655,era5_station,ifs_hres,1.1718979186061345
1655,era5_station,graphcast_hres_init,0.928283819137162
1655,era5_station,pangu_hres_init,0.8912706839197908
1656,era5_station,ifs_hres,1.1977133336698853
1656,era5_station,graphcast_hres_init,0.9535594328926139
1656,era5_station,pangu_hres_init,0.9053194023204818
1657,era5_station,ifs_hres,1.1477236304098681
1657,era5_station,graphcast_hres_init,0.9181582374934429
1657,era5_station,pangu_hres_init,0.8900437700109863
1658,era5_station,ifs_hres,1.1507970864779156
1658,era5_station,graphcast_hres_init,0.948801665015406
1658,era5_station,pangu_hres_init,0.8938884923545083
1659,era5_station,ifs_hres,1.1943496830201321
1659,era5_station,graphcast_hres_init,0.9615029035685938
1659,era5_station,pangu_hres_init,0.8979074421615706
1660,era5_station,ifs_hres,1.1729761211432477
1660,era5_station,graphcast_hres_init,0.9451651163536304
1660,era5_station,pangu_hres_init,0.9049766348110532
1661,era5_station,ifs_hres,1.1514257058102402
1661,era5_station,graphcast_hres_init,0.9509175160185557
1661,era5_station,pangu_hres_init,0.8953992239996834
1662,era5_station,ifs_hres,1.189358263548716
1662,era5_station,graphcast_hres_init,0.941760240348237
1662,era5_station,pangu_hres_init,0.892510068616161
1663,era5_station,ifs_hres,1.175063834000738
1663,era5_station,graphcast_hres_init,0.9646912716338644
1663,era5_station,pangu_hres_init,0.9204720585166487
1664,era5_station,ifs_hres,1.1643477830907047
1664,era5_station,graphcast_hres_init,0.9503270517858377
1664,era5_station,pangu_hres_init,0.8816807910709354
1665,era5_station,ifs_hres,1.2233614726106667
1665,era5_station,graphcast_hres_init,0.9859316355531191
1665,era5_station,pangu_hres_init,0.9290953214180321
1666,era5_station,ifs_hres,1.1797317543096761
1666,era5_station,graphcast_hres_init,0.9550134841493942
1666,era5_station,pangu_hres_init,0.9305037757892463
1667,era5_station,ifs_hres,1.1902610711861588
1667,era5_station,graphcast_hres_init,0.9480970051780307
1667,era5_station,pangu_hres_init,0.8907605441184058
1668,era5_station,ifs_hres,1.1784062270740243
1668,era5_station,graphcast_hres_init,0.9353529449626312
1668,era5_station,pangu_hres_init,0.8764633636770214
1669,era5_station,ifs_hres,1.19801744284852
1669,era5_station,graphcast_hres_init,0.9434271711833646
1669,era5_station,pangu_hres_init,0.9023948137808012
1670,era5_station,ifs_hres,1.180604044775272
1670,era5_station,graphcast_hres_init,0.9646225640518065
1670,era5_station,pangu_hres_init,0.9066020181035807
1671,era5_station,ifs_hres,1.1693991119907048
1671,era5_station,graphcast_hres_init,0.9464695810303131
1671,era5_station,pangu_hres_init,0.8859431082490521
1672,era5_station,ifs_hres,1.1689632859898902
1672,era5_station,graphcast_hres_init,0.937385454093919
1672,era5_station,pangu_hres_init,0.8887449816982342
1673,era5_station,ifs_hres,1.1626742895201707
1673,era5_station,graphcast_hres_init,0.9586250834058605
1673,era5_station,pangu_hres_init,0.8978439699040743
1674,era5_station,ifs_hres,1.1710700312032336
1674,era5_station,graphcast_hres_init,0.9308590320663774
1674,era5_station,pangu_hres_init,0.8908921785856981
1675,era5_station,ifs_hres,1.1727367038389669
1675,era5_station,graphcast_hres_init,0.9634448191122484
1675,era5_station,pangu_hres_init,0.9102460694183794
1676,era5_station,ifs_hres,1.1571972357920561
1676,era5_station,graphcast_hres_init,0.9424739674764441
1676,era5_station,pangu_hres_init,0.8900592324040317
1677,era5_station,ifs_hres,1.1604167429543832
1677,era5_station,graphcast_hres_init,0.9516358832773324
1677,era5_station,pangu_hres_init,0.9012571758016195
1678,era5_station,ifs_hres,1.1788491855321575
1678,era5_station,graphcast_hres_init,0.9393663513037219
1678,era5_station,pangu_hres_init,0.8886362830416298
1679,era5_station,ifs_hres,1.1919463078370371
1679,era5_station,graphcast_hres_init,0.9438834886062185
1679,era5_station,pangu_hres_init,0.8763975510853687
1680,era5_station,ifs_hres,1.1722737843538864
1680,era5_station,graphcast_hres_init,0.9516584612201855
1680,era5_station,pangu_hres_init,0.9210109611947022
1681,era5_station,ifs_hres,1.1914106147735615
1681,era5_station,graphcast_hres_init,0.9484864055208336
1681,era5_station,pangu_hres_init,0.8998923405736226
1682,era5_station,ifs_hres,1.1511731035448174
1682,era5_station,graphcast_hres_init,0.9410823529280674
1682,era5_station,pangu_hres_init,0.882827548647798
1683,era5_station,ifs_hres,1.1555627310521013
1683,era5_station,graphcast_hres_init,0.9461812037112385
1683,era5_station,pangu_hres_init,0.8842247105999335
1684,era5_station,ifs_hres,1.204252923921841
1684,era5_station,graphcast_hres_init,0.9715183814765677
1684,era5_station,pangu_hres_init,0.923684407415324
1685,era5_station,ifs_hres,1.170616259338365
1685,era5_station,graphcast_hres_init,0.9504975537234712
1685,era5_station,pangu_hres_init,0.9152303814691345
1686,era5_station,ifs_hres,1.1851447341674928
1686,era5_station,graphcast_hres_init,0.9631878302462522
1686,era5_station,pangu_hres_init,0.9285863082210847
1687,era5_station,ifs_hres,1.1717498075437554
1687,era5_station,graphcast_hres_init,0.9426181609505109
1687,era5_station,pangu_hres_init,0.884727359323293
1688,era5_station,ifs_hres,1.198069896063147
1688,era5_station,graphcast_hres_init,0.9487615196200005
1688,era5_station,pangu_hres_init,0.893559678950201
1689,era5_station,ifs_hres,1.1809472496662523
1689,era5_station,graphcast_hres_init,0.9492820328088389
1689,era5_station,pangu_hres_init,0.8932358497937213
1690,era5_station,ifs_hres,1.1959357914795818
1690,era5_station,graphcast_hres_init,0.9566535641987782
1690,era5_station,pangu_hres_init,0.8883170579418623
1691,era5_station,ifs_hres,1.1696248869575958
1691,era5_station,graphcast_hres_init,0.9456858327001734
1691,era5_station,pangu_hres_init,0.9058107641522714
1692,era5_station,ifs_hres,1.1812303394001362
1692,era5_station,graphcast_hres_init,0.9612213591566475
1692,era5_station,pangu_hres_init,0.9047960865867061
1693,era5_station,ifs_hres,1.17799629090934
1693,era5_station,graphcast_hres_init,0.9394921810958871
1693,era5_station,pangu_hres_init,0.9068736220969421
1694,era5_station,ifs_hres,1.1790555775898321
1694,era5_station,graphcast_hres_init,0.9451380805690178
1694,era5_station,pangu_hres_init,0.891532453034318
1695,era5_station,ifs_hres,1.1957738702859297
1695,era5_station,graphcast_hres_init,0.9651891331235718
1695,era5_station,pangu_hres_init,0.8992779965631182
1696,era5_station,ifs_hres,1.1709213233941742
1696,era5_station,graphcast_hres_init,0.9646179575690506
1696,era5_station,pangu_hres_init,0.9367335352288965
1697,era5_station,ifs_hres,1.1722192682040014
1697,era5_station,graphcast_hres_init,0.9526559460037051
1697,era5_station,pangu_hres_init,0.8918212776636905
1698,era5_station,ifs_hres,1.1936148719485418
1698,era5_station,graphcast_hres_init,0.9558622931191196
1698,era5_station,pangu_hres_init,0.9173035797353899
1699,era5_station,ifs_hres,1.1594612738467989
1699,era5_station,graphcast_hres_init,0.9519218829258951
1699,era5_station,pangu_hres_init,0.9234925837307486
1700,era5_station,ifs_hres,1.1757143577493419
1700,era5_station,graphcast_hres_init,0.9382564442591286
1700,era5_station,pangu_hres_init,0.8952600686143205
1701,era5_station,ifs_hres,1.1638258202863994
1701,era5_station,graphcast_hres_init,0.944564425537096
1701,era5_station,pangu_hres_init,0.8869568590615334
1702,era5_station,ifs_hres,1.190352926333695
1702,era5_station,graphcast_hres_init,0.9446099291388771
1702,era5_station,pangu_hres_init,0.9092205222242941
1703,era5_station,ifs_hres,1.1566530466896219
1703,era5_station,graphcast_hres_init,0.9525039812556685
1703,era5_station,pangu_hres_init,0.8912297159100897
1704,era5_station,ifs_hres,1.2016545946959005
1704,era5_station,graphcast_hres_init,0.9422441726612143
1704,era5_station,pangu_hres_init,0.897431889649416
1705,era5_station,ifs_hres,1.1849899460707474
1705,era5_station,graphcast_hres_init,0.9540008424008812
1705,era5_station,pangu_hres_init,0.9069577668250786
1706,era5_station,ifs_hres,1.1789153813045423
1706,era5_station,graphcast_hres_init,0.9518941871446813
1706,era5_station,pangu_hres_init,0.8993591694782322
1707,era5_station,ifs_hres,1.1485548903408054
1707,era5_station,graphcast_hres_init,0.9464973651191659
1707,era5_station,pangu_hres_init,0.9119061482681812
1708,era5_station,ifs_hres,1.1616180872943804
1708,era5_station,graphcast_hres_init,0.9402157398922908
1708,era5_station,pangu_hres_init,0.8922013367376733
1709,era5_station,ifs_hres,1.1691275423272989
1709,era5_station,graphcast_hres_init,0.9375576216431868
1709,era5_station,pangu_hres_init,0.8913596477844256
1710,era5_station,ifs_hres,1.1861011034078877
1710,era5_station,graphcast_hres_init,0.9449606644342693
1710,era5_station,pangu_hres_init,0.9025964549522821
1711,era5_station,ifs_hres,1.205656689630202
1711,era5_station,graphcast_hres_init,0.9656171890872047
1711,era5_station,pangu_hres_init,0.9176750731256487
1712,era5_station,ifs_hres,1.1606512628865822
1712,era5_station,graphcast_hres_init,0.9329878057901729
1712,era5_station,pangu_hres_init,0.8922127435834332
1713,era5_station,ifs_hres,1.1563227171322326
1713,era5_station,graphcast_hres_init,0.9353094659350428
1713,era5_station,pangu_hres_init,0.8891250751420939
1714,era5_station,ifs_hres,1.2001683429674062
1714,era5_station,graphcast_hres_init,0.9812436392136908
1714,era5_station,pangu_hres_init,0.8973713435352553
1715,era5_station,ifs_hres,1.1798192262932736
1715,era5_station,graphcast_hres_init,0.9310108553799838
1715,era5_station,pangu_hres_init,0.8730244493828315
1716,era5_station,ifs_hres,1.1604144650934325
1716,era5_station,graphcast_hres_init,0.9486839497234393
1716,era5_station,pangu_hres_init,0.9133633631962538
1717,era5_station,ifs_hres,1.1947521592227477
1717,era5_station,graphcast_hres_init,0.9503424117546794
1717,era5_station,pangu_hres_init,0.868584071466931
1718,era5_station,ifs_hres,1.2043976738780457
1718,era5_station,graphcast_hres_init,0.9612710429598438
1718,era5_station,pangu_hres_init,0.9120352888316774
1719,era5_station,ifs_hres,1.1756763915966735
1719,era5_station,graphcast_hres_init,0.9603122950475967
1719,era5_station,pangu_hres_init,0.8879799334293983
1720,era5_station,ifs_hres,1.1994923215409043
1720,era5_station,graphcast_hres_init,0.9587233635407892
1720,era5_station,pangu_hres_init,0.912877528581229
1721,era5_station,ifs_hres,1.1963388943892437
1721,era5_station,graphcast_hres_init,0.9653671330744916
1721,era5_station,pangu_hres_init,0.9105604043946465
1722,era5_station,ifs_hres,1.204525264060682
1722,era5_station,graphcast_hres_init,0.9607194964786406
1722,era5_station,pangu_hres_init,0.8872689842377086
1723,era5_station,ifs_hres,1.1676116946064399
1723,era5_station,graphcast_hres_init,0.9408832273109895
1723,era5_station,pangu_hres_init,0.9127394608577871
1724,era5_station,ifs_hres,1.1666122300033128
1724,era5_station,graphcast_hres_init,0.9550470782291748
1724,era5_station,pangu_hres_init,0.894116889246906
1725,era5_station,ifs_hres,1.148287953759776
1725,era5_station,graphcast_hres_init,0.9448085826710679
1725,era5_station,pangu_hres_init,0.8866822272955717
1726,era5_station,ifs_hres,1.18355744543949
1726,era5_station,graphcast_hres_init,0.9627955689951981
1726,era5_station,pangu_hres_init,0.9004939818208529
1727,era5_station,ifs_hres,1.1682268716622928
1727,era5_station,graphcast_hres_init,0.9630977528822806
1727,era5_station,pangu_hres_init,0.9227676867609028
1728,era5_station,ifs_hres,1.1712710990800592
1728,era5_station,graphcast_hres_init,0.9600917561863088
1728,era5_station,pangu_hres_init,0.9172372994033969
1729,era5_station,ifs_hres,1.1613237678144004
1729,era5_station,graphcast_hres_init,0.9529006013431485
1729,era5_station,pangu_hres_init,0.9120683554359778
1730,era5_station,ifs_hres,1.1819226845407729
1730,era5_station,graphcast_hres_init,0.9741380853789308
1730,era5_station,pangu_hres_init,0.9197630014308046
1731,era5_station,ifs_hres,1.1603251394947427
1731,era5_station,graphcast_hres_init,0.9217803758382113
1731,era5_station,pangu_hres_init,0.8835398183052776
1732,era5_station,ifs_hres,1.177673760334322
1732,era5_station,graphcast_hres_init,0.9608923887225048
1732,era5_station,pangu_hres_init,0.8982842115089974
1733,era5_station,ifs_hres,1.1917679472448761
1733,era5_station,graphcast_hres_init,0.9650252631517984
1733,era5_station,pangu_hres_init,0.8920900924092392
1734,era5_station,ifs_hres,1.1925237736160403
1734,era5_station,graphcast_hres_init,0.9638171598537817
1734,era5_station,pangu_hres_init,0.9012101855220963
1735,era5_station,ifs_hres,1.18269297861014
1735,era5_station,graphcast_hres_init,0.9580291133547713
1735,era5_station,pangu_hres_init,0.8845882589496818
1736,era5_station,ifs_hres,1.184530121895894
1736,era5_station,graphcast_hres_init,0.9574820674538005
1736,era5_station,pangu_hres_init,0.8996364335734193
1737,era5_station,ifs_hres,1.1766244318155012
1737,era5_station,graphcast_hres_init,0.9426780978129928
1737,era5_station,pangu_hres_init,0.8750745094818408
1738,era5_station,ifs_hres,1.1968550983394208
1738,era5_station,graphcast_hres_init,0.9712272318332466
1738,era5_station,pangu_hres_init,0.9068198121480237
1739,era5_station,ifs_hres,1.1827129643404306
1739,era5_station,graphcast_hres_init,0.941084110269371
1739,era5_station,pangu_hres_init,0.8982142159397585
1740,era5_station,ifs_hres,1.1785907111436191
1740,era5_station,graphcast_hres_init,0.9706925001231728
1740,era5_station,pangu_hres_init,0.9065623800539361
1741,era5_station,ifs_hres,1.1986037410394677
1741,era5_station,graphcast_hres_init,0.9664006340218354
1741,era5_station,pangu_hres_init,0.8996588528748851
1742,era5_station,ifs_hres,1.1543829244820194
1742,era5_station,graphcast_hres_init,0.9495395960613366
1742,era5_station,pangu_hres_init,0.9056853968745298
1743,era5_station,ifs_hres,1.1619108415383235
1743,era5_station,graphcast_hres_init,0.93248475691971
1743,era5_station,pangu_hres_init,0.903701209879914
1744,era5_station,ifs_hres,1.1627356025981663
1744,era5_station,graphcast_hres_init,0.9501931222183836
1744,era5_station,pangu_hres_init,0.897168217008939
1745,era5_station,ifs_hres,1.1776548644384426
1745,era5_station,graphcast_hres_init,0.9654911246313292
1745,era5_station,pangu_hres_init,0.8922701252815537
1746,era5_station,ifs_hres,1.18316637082931
1746,era5_station,graphcast_hres_init,0.9529026963078523
1746,era5_station,pangu_hres_init,0.9172816991935752
1747,era5_station,ifs_hres,1.207393128123714
1747,era5_station,graphcast_hres_init,0.951863426138944
1747,era5_station,pangu_hres_init,0.9137288111720537
1748,era5_station,ifs_hres,1.1801673114448774
1748,era5_station,graphcast_hres_init,0.9558469831999965
1748,era5_station,pangu_hres_init,0.8887953077430619
1749,era5_station,ifs_hres,1.1965442531604185
1749,era5_station,graphcast_hres_init,0.9455756670346716
1749,era5_station,pangu_hres_init,0.9008424138114544
1750,era5_station,ifs_hres,1.1895623652530067
1750,era5_station,graphcast_hres_init,0.9447150923596778
1750,era5_station,pangu_hres_init,0.9023434990312902
1751,era5_station,ifs_hres,1.1774613249436654
1751,era5_station,graphcast_hres_init,0.9571180227906638
1751,era5_station,pangu_hres_init,0.9145822770400234
1752,era5_station,ifs_hres,1.192849891022481
1752,era5_station,graphcast_hres_init,0.9446200281690592
1752,era5_station,pangu_hres_init,0.9048516541249955
1753,era5_station,ifs_hres,1.1924102743664986
1753,era5_station,graphcast_hres_init,0.9554587229440659
1753,era5_station,pangu_hres_init,0.9009056111861267
1754,era5_station,ifs_hres,1.1933776491324595
1754,era5_station,graphcast_hres_init,0.9567193530519014
1754,era5_station,pangu_hres_init,0.8820591159131899
1755,era5_station,ifs_hres,1.1779854223915651
1755,era5_station,graphcast_hres_init,0.9506590438658897
1755,era5_station,pangu_hres_init,0.9118691209491798
1756,era5_station,ifs_hres,1.1828461857252512
1756,era5_station,graphcast_hres_init,0.931347035343108
1756,era5_station,pangu_hres_init,0.8986618044696695
1757,era5_station,ifs_hres,1.1461946486281571
1757,era5_station,graphcast_hres_init,0.9461160207075221
1757,era5_station,pangu_hres_init,0.8906880984343766
1758,era5_station,ifs_hres,1.1726984395223776
1758,era5_station,graphcast_hres_init,0.9372002301949479
1758,era5_station,pangu_hres_init,0.9014962637737044
1759,era5_station,ifs_hres,1.1588880157252561
1759,era5_station,graphcast_hres_init,0.9459568934683185
1759,era5_station,pangu_hres_init,0.8903188232524158
1760,era5_station,ifs_hres,1.1699489669436989
1760,era5_station,graphcast_hres_init,0.9446769718233999
1760,era5_station,pangu_hres_init,0.8961618381511505
1761,era5_station,ifs_hres,1.1868197840619443
1761,era5_station,graphcast_hres_init,0.9514342591064374
1761,era5_station,pangu_hres_init,0.8785761754584686
1762,era5_station,ifs_hres,1.1741824662522615
1762,era5_station,graphcast_hres_init,0.9432972457967692
1762,era5_station,pangu_hres_init,0.8979907677274175
1763,era5_station,ifs_hres,1.175595434533653
1763,era5_station,graphcast_hres_init,0.9488214983919457
1763,era5_station,pangu_hres_init,0.8948055238107447
1764,era5_station,ifs_hres,1.2141534349479077
1764,era5_station,graphcast_hres_init,0.954540069371068
1764,era5_station,pangu_hres_init,0.9114792367717428
1765,era5_station,ifs_hres,1.1919274266885116
1765,era5_station,graphcast_hres_init,0.9512734200264459
1765,era5_station,pangu_hres_init,0.8769052266961262
1766,era5_station,ifs_hres,1.1873035962325147
1766,era5_station,graphcast_hres_init,0.9625333608125147
1766,era5_station,pangu_hres_init,0.8992904746232829
1767,era5_station,ifs_hres,1.197999901044017
1767,era5_station,graphcast_hres_init,0.973451986973956
1767,era5_station,pangu_hres_init,0.9060115123133283
1768,era5_station,ifs_hres,1.1640466084779846
1768,era5_station,graphcast_hres_init,0.9402392098894566
1768,era5_station,pangu_hres_init,0.8943932611793358
1769,era5_station,ifs_hres,1.176569393334803
1769,era5_station,graphcast_hres_init,0.9448085996385626
1769,era5_station,pangu_hres_init,0.9116305058802213
1770,era5_station,ifs_hres,1.1753081840454727
1770,era5_station,graphcast_hres_init,0.9631825246653039
1770,era5_station,pangu_hres_init,0.9266976344044018
1771,era5_station,ifs_hres,1.188463588932886
1771,era5_station,graphcast_hres_init,0.9570713476767247
1771,era5_station,pangu_hres_init,0.8954695302481054
1772,era5_station,ifs_hres,1.1830321317352785
1772,era5_station,graphcast_hres_init,0.9483110376216696
1772,era5_station,pangu_hres_init,0.8913438360852768
1773,era5_station,ifs_hres,1.1705484855095465
1773,era5_station,graphcast_hres_init,0.969361028573306
1773,era5_station,pangu_hres_init,0.8987224015651072
1774,era5_station,ifs_hres,1.1482483759830082
1774,era5_station,graphcast_hres_init,0.9401211298689964
1774,era5_station,pangu_hres_init,0.888173161772512
1775,era5_station,ifs_hres,1.1646767001571026
1775,era5_station,graphcast_hres_init,0.9424582357338183
1775,era5_station,pangu_hres_init,0.8863888503154282
1776,era5_station,ifs_hres,1.1954843251328349
1776,era5_station,graphcast_hres_init,0.9498423489216795
1776,era5_station,pangu_hres_init,0.8937493472930069
1777,era5_station,ifs_hres,1.1872668032657951
1777,era5_station,graphcast_hres_init,0.941531342525747
1777,era5_station,pangu_hres_init,0.8922079431348646
1778,era5_station,ifs_hres,1.158671690695566
1778,era5_station,graphcast_hres_init,0.9354097349623356
1778,era5_station,pangu_hres_init,0.8787768158465348
1779,era5_station,ifs_hres,1.155615477169742
1779,era5_station,graphcast_hres_init,0.9320552308765867
1779,era5_station,pangu_hres_init,0.8766556780792426
1780,era5_station,ifs_hres,1.1852029445070869
1780,era5_station,graphcast_hres_init,0.9514443005857515
1780,era5_station,pangu_hres_init,0.8993785474392794
1781,era5_station,ifs_hres,1.1921560994865026
1781,era5_station,graphcast_hres_init,0.9606246478556023
1781,era5_station,pangu_hres_init,0.9062130476820585
1782,era5_station,ifs_hres,1.1710525616732737
1782,era5_station,graphcast_hres_init,0.9474426389353177
1782,era5_station,pangu_hres_init,0.8901036572762735
1783,era5_station,ifs_hres,1.182258594973746
1783,era5_station,graphcast_hres_init,0.9395386311446233
1783,era5_station,pangu_hres_init,0.9124787964223384
1784,era5_station,ifs_hres,1.1664969471621374
1784,era5_station,graphcast_hres_init,0.9487078586805203
1784,era5_station,pangu_hres_init,0.8854768456227148
1785,era5_station,ifs_hres,1.1829025307093506
1785,era5_station,graphcast_hres_init,0.9648054177363833
1785,era5_station,pangu_hres_init,0.8886837436671756
1786,era5_station,ifs_hres,1.1775698648224167
1786,era5_station,graphcast_hres_init,0.9472988587443667
1786,era5_station,pangu_hres_init,0.8957248515488835
1787,era5_station,ifs_hres,1.1552868882009115
1787,era5_station,graphcast_hres_init,0.9469939728260418
1787,era5_station,pangu_hres_init,0.9053701690360821
1788,era5_station,ifs_hres,1.1664625899954737
1788,era5_station,graphcast_hres_init,0.9550102051812613
1788,era5_station,pangu_hres_init,0.9090195458674725
1789,era5_station,ifs_hres,1.181588760597264
1789,era5_station,graphcast_hres_init,0.9520019089080741
1789,era5_station,pangu_hres_init,0.8952403877822515
1790,era5_station,ifs_hres,1.1863121330453266
1790,era5_station,graphcast_hres_init,0.9506577552707844
1790,era5_station,pangu_hres_init,0.8829919108533519
1791,era5_station,ifs_hres,1.1891120534810748
1791,era5_station,graphcast_hres_init,0.9574125195712618
1791,era5_station,pangu_hres_init,0.908803029712613
1792,era5_station,ifs_hres,1.203220123794827
1792,era5_station,graphcast_hres_init,0.9799958211473848
1792,era5_station,pangu_hres_init,0.9231743497163987
1793,era5_station,ifs_hres,1.1467796082310537
1793,era5_station,graphcast_hres_init,0.9347244213979563
1793,era5_station,pangu_hres_init,0.8870945066336434
1794,era5_station,ifs_hres,1.1818530725449163
1794,era5_station,graphcast_hres_init,0.958308744101134
1794,era5_station,pangu_hres_init,0.8942659179726489
1795,era5_station,ifs_hres,1.15013517841683
1795,era5_station,graphcast_hres_init,0.9381850390354675
1795,era5_station,pangu_hres_init,0.87341483817537
1796,era5_station,ifs_hres,1.1815087257381252
1796,era5_station,graphcast_hres_init,0.9610595189176042
1796,era5_station,pangu_hres_init,0.9097149795373968
1797,era5_station,ifs_hres,1.1567043289283883
1797,era5_station,graphcast_hres_init,0.9325906660573692
1797,era5_station,pangu_hres_init,0.8861938494958689
1798,era5_station,ifs_hres,1.1840793702187964
1798,era5_station,graphcast_hres_init,0.957157003446968
1798,era5_station,pangu_hres_init,0.910013702198766
1799,era5_station,ifs_hres,1.175008055951975
1799,era5_station,graphcast_hres_init,0.9661351339820212
1799,era5_station,pangu_hres_init,0.9161677936638541
1800,era5_station,ifs_hres,1.1902670509363766
1800,era5_station,graphcast_hres_init,0.9601923839836737
1800,era5_station,pangu_hres_init,0.8656190922718991
1801,era5_station,ifs_hres,1.177445808314594
1801,era5_station,graphcast_hres_init,0.952660844720281
1801,era5_station,pangu_hres_init,0.8888670768363616
1802,era5_station,ifs_hres,1.1638863790016256
1802,era5_station,graphcast_hres_init,0.9531994121793823
1802,era5_station,pangu_hres_init,0.9047330750150061
1803,era5_station,ifs_hres,1.1463504077181488
1803,era5_station,graphcast_hres_init,0.9528690251496383
1803,era5_station,pangu_hres_init,0.9012666265453585
1804,era5_station,ifs_hres,1.178920677445212
1804,era5_station,graphcast_hres_init,0.9574339531343663
1804,era5_station,pangu_hres_init,0.9142249269328222
1805,era5_station,ifs_hres,1.1912161608065297
1805,era5_station,graphcast_hres_init,0.9500291763488078
1805,era5_station,pangu_hres_init,0.9077147745181876
1806,era5_station,ifs_hres,1.1748703157016782
1806,era5_station,graphcast_hres_init,0.96042564626678
1806,era5_station,pangu_hres_init,0.8968186620627269
1807,era5_station,ifs_hres,1.1752028366193754
1807,era5_station,graphcast_hres_init,0.9335395110891891
1807,era5_station,pangu_hres_init,0.8898640030217585
1808,era5_station,ifs_hres,1.1983951615609612
1808,era5_station,graphcast_hres_init,0.9662483599733416
1808,era5_station,pangu_hres_init,0.8940085543319236
1809,era5_station,ifs_hres,1.1684159656273474
1809,era5_station,graphcast_hres_init,0.946355756974343
1809,era5_station,pangu_hres_init,0.8888325144125415
1810,era5_station,ifs_hres,1.1848060667607365
1810,era5_station,graphcast_hres_init,0.9574862914535709
1810,era5_station,pangu_hres_init,0.8779360284520118
1811,era5_station,ifs_hres,1.174309331480031
1811,era5_station,graphcast_hres_init,0.9472961643354556
1811,era5_station,pangu_hres_init,0.9069444037231604
1812,era5_station,ifs_hres,1.1690900055331843
1812,era5_station,graphcast_hres_init,0.9462959130714936
1812,era5_station,pangu_hres_init,0.907889776482968
1813,era5_station,ifs_hres,1.1730506116451873
1813,era5_station,graphcast_hres_init,0.9552312552962118
1813,era5_station,pangu_hres_init,0.9133016760045298
1814,era5_station,ifs_hres,1.1549523895428548
1814,era5_station,graphcast_hres_init,0.950556860992287
1814,era5_station,pangu_hres_init,0.9089919857694772
1815,era5_station,ifs_hres,1.1550822981297604
1815,era5_station,graphcast_hres_init,0.9616224913166118
1815,era5_station,pangu_hres_init,0.8938851546816702
1816,era5_station,ifs_hres,1.199252037872998
1816,era5_station,graphcast_hres_init,0.9717929240954801
1816,era5_station,pangu_hres_init,0.9005213866414726
1817,era5_station,ifs_hres,1.1747920662241766
1817,era5_station,graphcast_hres_init,0.9534374081664414
1817,era5_station,pangu_hres_init,0.9148207955168529
1818,era5_station,ifs_hres,1.185411228748123
1818,era5_station,graphcast_hres_init,0.9740276898816405
1818,era5_station,pangu_hres_init,0.9048336669240156
1819,era5_station,ifs_hres,1.1642846334624652
1819,era5_station,graphcast_hres_init,0.9295278025836874
1819,era5_station,pangu_hres_init,0.8858565281261187
1820,era5_station,ifs_hres,1.173204570320544
1820,era5_station,graphcast_hres_init,0.9486820537770654
1820,era5_station,pangu_hres_init,0.9069552007788484
1821,era5_station,ifs_hres,1.1961785797575286
1821,era5_station,graphcast_hres_init,0.9689144523528892
1821,era5_station,pangu_hres_init,0.9167769369171215
1822,era5_station,ifs_hres,1.1716738746674322
1822,era5_station,graphcast_hres_init,0.9527039772249754
1822,era5_station,pangu_hres_init,0.8995293232903946
1823,era5_station,ifs_hres,1.1579220118068685
1823,era5_station,graphcast_hres_init,0.9531832008194815
1823,era5_station,pangu_hres_init,0.8934623095762897
1824,era5_station,ifs_hres,1.1785672802532274
1824,era5_station,graphcast_hres_init,0.9383470325279797
1824,era5_station,pangu_hres_init,0.8605673778274017
1825,era5_station,ifs_hres,1.1680623279963234
1825,era5_station,graphcast_hres_init,0.9506131059522684
1825,era5_station,pangu_hres_init,0.9083204287471439
1826,era5_station,ifs_hres,1.176196613572627
1826,era5_station,graphcast_hres_init,0.9658122962395181
1826,era5_station,pangu_hres_init,0.911613532143809
1827,era5_station,ifs_hres,1.1979410762536074
1827,era5_station,graphcast_hres_init,0.9636306479312668
1827,era5_station,pangu_hres_init,0.9155738189859274
1828,era5_station,ifs_hres,1.1722829359397409
1828,era5_station,graphcast_hres_init,0.9616735071613389
1828,era5_station,pangu_hres_init,0.9251660482764145
1829,era5_station,ifs_hres,1.1730280016987282
1829,era5_station,graphcast_hres_init,0.9552397728121746
1829,era5_station,pangu_hres_init,0.8995202930225398
1830,era5_station,ifs_hres,1.179217757306913
1830,era5_station,graphcast_hres_init,0.9455168500392025
1830,era5_station,pangu_hres_init,0.8995760019671845
1831,era5_station,ifs_hres,1.1821123902114703
1831,era5_station,graphcast_hres_init,0.9649493957424868
1831,era5_station,pangu_hres_init,0.8936110588414848
1832,era5_station,ifs_hres,1.184709386841181
1832,era5_station,graphcast_hres_init,0.9722015538631772
1832,era5_station,pangu_hres_init,0.911824653023224
1833,era5_station,ifs_hres,1.1643051839490937
1833,era5_station,graphcast_hres_init,0.9616691369803074
1833,era5_station,pangu_hres_init,0.8898335782650449
1834,era5_station,ifs_hres,1.177934086787938
1834,era5_station,graphcast_hres_init,0.9759894115868668
1834,era5_station,pangu_hres_init,0.8958754965147011
1835,era5_station,ifs_hres,1.1918130563081797
1835,era5_station,graphcast_hres_init,0.9705858839911596
1835,era5_station,pangu_hres_init,0.8969675347006723
1836,era5_station,ifs_hres,1.1713852883127087
1836,era5_station,graphcast_hres_init,0.9685056262280329
1836,era5_station,pangu_hres_init,0.8943715725502176
1837,era5_station,ifs_hres,1.1783812888121543
1837,era5_station,graphcast_hres_init,0.9494502672254971
1837,era5_station,pangu_hres_init,0.8869959022318914
1838,era5_station,ifs_hres,1.174726036970288
1838,era5_station,graphcast_hres_init,0.9469054223018621
1838,era5_station,pangu_hres_init,0.8919987880775935
1839,era5_station,ifs_hres,1.210059293650384
1839,era5_station,graphcast_hres_init,0.9652526398960793
1839,era5_station,pangu_hres_init,0.9121391771750544
1840,era5_station,ifs_hres,1.1714329771101577
1840,era5_station,graphcast_hres_init,0.9481413728727404
1840,era5_station,pangu_hres_init,0.8918050494840862
1841,era5_station,ifs_hres,1.193115644625078
1841,era5_station,graphcast_hres_init,0.9612237345590241
1841,era5_station,pangu_hres_init,0.892759693883907
1842,era5_station,ifs_hres,1.1747562963131104
1842,era5_station,graphcast_hres_init,0.9503293883172627
1842,era5_station,pangu_hres_init,0.8965024940833981
1843,era5_station,ifs_hres,1.1591343265855776
1843,era5_station,graphcast_hres_init,0.9405839971199798
1843,era5_station,pangu_hres_init,0.8949877462193843
1844,era5_station,ifs_hres,1.19002639442021
1844,era5_station,graphcast_hres_init,0.9631651135087382
1844,era5_station,pangu_hres_init,0.8993625281236155
1845,era5_station,ifs_hres,1.1423878597096238
1845,era5_station,graphcast_hres_init,0.9456537520733063
1845,era5_station,pangu_hres_init,0.8925628849066312
1846,era5_station,ifs_hres,1.18274852012218
1846,era5_station,graphcast_hres_init,0.9690030243608501
1846,era5_station,pangu_hres_init,0.9222086875423987
1847,era5_station,ifs_hres,1.2029102622897951
1847,era5_station,graphcast_hres_init,0.9767147312152041
1847,era5_station,pangu_hres_init,0.905426693286793
1848,era5_station,ifs_hres,1.1557160185459419
1848,era5_station,graphcast_hres_init,0.9349642097488194
1848,era5_station,pangu_hres_init,0.9023088792131605
1849,era5_station,ifs_hres,1.1731575056776409
1849,era5_station,graphcast_hres_init,0.9418608706022276
1849,era5_station,pangu_hres_init,0.896726960025007
1850,era5_station,ifs_hres,1.1696458914659038
1850,era5_station,graphcast_hres_init,0.9340069310291471
1850,era5_station,pangu_hres_init,0.893936676793862
1851,era5_station,ifs_hres,1.1547519518270868
1851,era5_station,graphcast_hres_init,0.9453821743330746
1851,era5_station,pangu_hres_init,0.9116465416823764
1852,era5_station,ifs_hres,1.2029408965306463
1852,era5_station,graphcast_hres_init,0.9644078770303807
1852,era5_station,pangu_hres_init,0.9164519841139604
1853,era5_station,ifs_hres,1.1710750074320204
1853,era5_station,graphcast_hres_init,0.9503812989304017
1853,era5_station,pangu_hres_init,0.8959385944976002
1854,era5_station,ifs_hres,1.198862986672885
1854,era5_station,graphcast_hres_init,0.9621170994219016
1854,era5_station,pangu_hres_init,0.913908795868894
1855,era5_station,ifs_hres,1.178192494510906
1855,era5_station,graphcast_hres_init,0.9635372321188761
1855,era5_station,pangu_hres_init,0.9066641819909429
1856,era5_station,ifs_hres,1.1726590861380177
1856,era5_station,graphcast_hres_init,0.9353978848415938
1856,era5_station,pangu_hres_init,0.8722665475575687
1857,era5_station,ifs_hres,1.1728696105829286
1857,era5_station,graphcast_hres_init,0.9305787633108832
1857,era5_station,pangu_hres_init,0.8867232048069593
1858,era5_station,ifs_hres,1.1755688496523338
1858,era5_station,graphcast_hres_init,0.9461265800580544
1858,era5_station,pangu_hres_init,0.8918408443812433
1859,era5_station,ifs_hres,1.1709736625283171
1859,era5_station,graphcast_hres_init,0.9621635829881863
1859,era5_station,pangu_hres_init,0.8902080256406462
1860,era5_station,ifs_hres,1.1699722722346277
1860,era5_station,graphcast_hres_init,0.949083423138221
1860,era5_station,pangu_hres_init,0.8883899297201062
1861,era5_station,ifs_hres,1.1527675363465415
1861,era5_station,graphcast_hres_init,0.9413147541604657
1861,era5_station,pangu_hres_init,0.9037178152407636
1862,era5_station,ifs_hres,1.1804219366271396
1862,era5_station,graphcast_hres_init,0.9630256506475715
1862,era5_station,pangu_hres_init,0.908867867719263
1863,era5_station,ifs_hres,1.1846081607149412
1863,era5_station,graphcast_hres_init,0.9602401178970025
1863,era5_station,pangu_hres_init,0.9153517909702296
1864,era5_station,ifs_hres,1.1908822383750797
1864,era5_station,graphcast_hres_init,0.9922078060708506
1864,era5_station,pangu_hres_init,0.914288320439356
1865,era5_station,ifs_hres,1.2199216299168683
1865,era5_station,graphcast_hres_init,0.9746732329081734
1865,era5_station,pangu_hres_init,0.9203445537807398
1866,era5_station,ifs_hres,1.1721524234213652
1866,era5_station,graphcast_hres_init,0.967429304761298
1866,era5_station,pangu_hres_init,0.8991681411592459
1867,era5_station,ifs_hres,1.160815601846506
1867,era5_station,graphcast_hres_init,0.9495184641634861
1867,era5_station,pangu_hres_init,0.8928174562204608
1868,era5_station,ifs_hres,1.1682713921111196
1868,era5_station,graphcast_hres_init,0.9403958764010633
1868,era5_station,pangu_hres_init,0.8859370477897697
1869,era5_station,ifs_hres,1.1676116851515812
1869,era5_station,graphcast_hres_init,0.9570959662283024
1869,era5_station,pangu_hres_init,0.8775596499214268
1870,era5_station,ifs_hres,1.1709211595895912
1870,era5_station,graphcast_hres_init,0.9542832715669536
1870,era5_station,pangu_hres_init,0.9052842937040859
1871,era5_station,ifs_hres,1.1860940523819465
1871,era5_station,graphcast_hres_init,0.9512028828975689
1871,era5_station,pangu_hres_init,0.9030875230731441
1872,era5_station,ifs_hres,1.1822120866791854
1872,era5_station,graphcast_hres_init,0.9472916946243847
1872,era5_station,pangu_hres_init,0.8845116146853469
1873,era5_station,ifs_hres,1.1896932699384277
1873,era5_station,graphcast_hres_init,0.9741492943074893
1873,era5_station,pangu_hres_init,0.9182537562443166
1874,era5_station,ifs_hres,1.163077422316369
1874,era5_station,graphcast_hres_init,0.9465955178432671
1874,era5_station,pangu_hres_init,0.9013794962300398
1875,era5_station,ifs_hres,1.1745282664126517
1875,era5_station,graphcast_hres_init,0.9662633790612956
1875,era5_station,pangu_hres_init,0.89463305490671
1876,era5_station,ifs_hres,1.1588306501539267
1876,era5_station,graphcast_hres_init,0.9397648538291694
1876,era5_station,pangu_hres_init,0.8880907583952973
1877,era5_station,ifs_hres,1.1912614464048255
1877,era5_station,graphcast_hres_init,0.9528014491443628
1877,era5_station,pangu_hres_init,0.9204076846262864
1878,era5_station,ifs_hres,1.1718691241808372
1878,era5_station,graphcast_hres_init,0.9568491180715843
1878,era5_station,pangu_hres_init,0.9159830494288005
1879,era5_station,ifs_hres,1.1794720174111533
1879,era5_station,graphcast_hres_init,0.957620657079073
1879,era5_station,pangu_hres_init,0.9107661901360543
1880,era5_station,ifs_hres,1.17386964954957
1880,era5_station,graphcast_hres_init,0.9664304260735125
1880,era5_station,pangu_hres_init,0.9055954051331323
1881,era5_station,ifs_hres,1.1691497847584589
1881,era5_station,graphcast_hres_init,0.9555448913565867
1881,era5_station,pangu_hres_init,0.9075989540628199
1882,era5_station,ifs_hres,1.185779043782602
1882,era5_station,graphcast_hres_init,0.9440400357764201
1882,era5_station,pangu_hres_init,0.8880408164833763
1883,era5_station,ifs_hres,1.1927087916760093
1883,era5_station,graphcast_hres_init,0.9628279408357432
1883,era5_station,pangu_hres_init,0.8944883017972263
1884,era5_station,ifs_hres,1.1922327486489745
1884,era5_station,graphcast_hres_init,0.9649396504190418
1884,era5_station,pangu_hres_init,0.9048758228378213
1885,era5_station,ifs_hres,1.1713026489436413
1885,era5_station,graphcast_hres_init,0.9365585908593301
1885,era5_station,pangu_hres_init,0.8939406329523145
1886,era5_station,ifs_hres,1.1947664071649085
1886,era5_station,graphcast_hres_init,0.9676987676060013
1886,era5_station,pangu_hres_init,0.9307541642899445
1887,era5_station,ifs_hres,1.1722257207874807
1887,era5_station,graphcast_hres_init,0.9430991452633068
1887,era5_station,pangu_hres_init,0.8878825125300334
1888,era5_station,ifs_hres,1.1834934899781715
1888,era5_station,graphcast_hres_init,0.955565208438301
1888,era5_station,pangu_hres_init,0.8990338074578575
1889,era5_station,ifs_hres,1.151802119829293
1889,era5_station,graphcast_hres_init,0.9507150466595466
1889,era5_station,pangu_hres_init,0.8770226588727216
1890,era5_station,ifs_hres,1.1944640367692316
1890,era5_station,graphcast_hres_init,0.9787425954489785
1890,era5_station,pangu_hres_init,0.9082059997802014
1891,era5_station,ifs_hres,1.174689035699346
1891,era5_station,graphcast_hres_init,0.9602970953341233
1891,era5_station,pangu_hres_init,0.9288023221717691
1892,era5_station,ifs_hres,1.1646068453784004
1892,era5_station,graphcast_hres_init,0.9451174717865609
1892,era5_station,pangu_hres_init,0.8610544887530251
1893,era5_station,ifs_hres,1.1698388373791953
1893,era5_station,graphcast_hres_init,0.9473566951953629
1893,era5_station,pangu_hres_init,0.8901842643906093
1894,era5_station,ifs_hres,1.185164950153744
1894,era5_station,graphcast_hres_init,0.9367830664105138
1894,era5_station,pangu_hres_init,0.9100339773762021
1895,era5_station,ifs_hres,1.1900732210155094
1895,era5_station,graphcast_hres_init,0.9570000400090761
1895,era5_station,pangu_hres_init,0.8910978804609118
1896,era5_station,ifs_hres,1.172117052294581
1896,era5_station,graphcast_hres_init,0.9611098128703566
1896,era5_station,pangu_hres_init,0.9016371039253896
1897,era5_station,ifs_hres,1.1700540747095995
1897,era5_station,graphcast_hres_init,0.967575176587174
1897,era5_station,pangu_hres_init,0.9198379888233011
1898,era5_station,ifs_hres,1.1645446736768503
1898,era5_station,graphcast_hres_init,0.9560197271834736
1898,era5_station,pangu_hres_init,0.9016115401022535
1899,era5_station,ifs_hres,1.167940385391853
1899,era5_station,graphcast_hres_init,0.9522500160462581
1899,era5_station,pangu_hres_init,0.8891116312502854
1900,era5_station,ifs_hres,1.1599787950727178
1900,era5_station,graphcast_hres_init,0.9532933586485831
1900,era5_station,pangu_hres_init,0.8988331300421432
1901,era5_station,ifs_hres,1.1708595707194374
1901,era5_station,graphcast_hres_init,0.9650966305081162
1901,era5_station,pangu_hres_init,0.9018940822757303
1902,era5_station,ifs_hres,1.1808044552269719
1902,era5_station,graphcast_hres_init,0.9549058835239035
1902,era5_station,pangu_hres_init,0.8978639537632987
1903,era5_station,ifs_hres,1.1858660524144622
1903,era5_station,graphcast_hres_init,0.9395026033068252
1903,era5_station,pangu_hres_init,0.8856870009732275
1904,era5_station,ifs_hres,1.1580565825996114
1904,era5_station,graphcast_hres_init,0.9465019591210034
1904,era5_station,pangu_hres_init,0.8775598769159638
1905,era5_station,ifs_hres,1.1753185559423494
1905,era5_station,graphcast_hres_init,0.9575585429250714
1905,era5_station,pangu_hres_init,0.9173373843943238
1906,era5_station,ifs_hres,1.1747279629642442
1906,era5_station,graphcast_hres_init,0.9495387168744885
1906,era5_station,pangu_hres_init,0.8902587200993078
1907,era5_station,ifs_hres,1.1883501150349414
1907,era5_station,graphcast_hres_init,0.9456872008018673
1907,era5_station,pangu_hres_init,0.8983854550134056
1908,era5_station,ifs_hres,1.1801790016843057
1908,era5_station,graphcast_hres_init,0.9710765717445822
1908,era5_station,pangu_hres_init,0.8841445427288346
1909,era5_station,ifs_hres,1.157606942889055
1909,era5_station,graphcast_hres_init,0.9469874874794022
1909,era5_station,pangu_hres_init,0.9094304894206644
1910,era5_station,ifs_hres,1.1962730355612134
1910,era5_station,graphcast_hres_init,0.9580409778393626
1910,era5_station,pangu_hres_init,0.9250574850980289
1911,era5_station,ifs_hres,1.1593917674207945
1911,era5_station,graphcast_hres_init,0.9487192250078785
1911,era5_station,pangu_hres_init,0.9094454424560957
1912,era5_station,ifs_hres,1.1771381715119886
1912,era5_station,graphcast_hres_init,0.9460534231804943
1912,era5_station,pangu_hres_init,0.8989243222650922
1913,era5_station,ifs_hres,1.1658816732393074
1913,era5_station,graphcast_hres_init,0.9423180230505812
1913,era5_station,pangu_hres_init,0.894788104418721
1914,era5_station,ifs_hres,1.1640708873369845
1914,era5_station,graphcast_hres_init,0.9448579144625024
1914,era5_station,pangu_hres_init,0.894136422273124
1915,era5_station,ifs_hres,1.1781933810550036
1915,era5_station,graphcast_hres_init,0.9502354152134578
1915,era5_station,pangu_hres_init,0.9319624053628417
1916,era5_station,ifs_hres,1.1786652364613477
1916,era5_station,graphcast_hres_init,0.9529701824925362
1916,era5_station,pangu_hres_init,0.90543358540198
1917,era5_station,ifs_hres,1.192756222837457
1917,era5_station,graphcast_hres_init,0.9608566581475099
1917,era5_station,pangu_hres_init,0.9056218187396493
1918,era5_station,ifs_hres,1.1802734774226686
1918,era5_station,graphcast_hres_init,0.9396635606934088
1918,era5_station,pangu_hres_init,0.883023797899959
1919,era5_station,ifs_hres,1.1861813464685151
1919,era5_station,graphcast_hres_init,0.963132058743919
1919,era5_station,pangu_hres_init,0.8849996431893337
1920,era5_station,ifs_hres,1.173395802495747
1920,era5_station,graphcast_hres_init,0.9619872630940552
1920,era5_station,pangu_hres_init,0.8969634891425716
1921,era5_station,ifs_hres,1.2004125538457777
1921,era5_station,graphcast_hres_init,0.9559857479826852
1921,era5_station,pangu_hres_init,0.8994761545357713
1922,era5_station,ifs_hres,1.1756517338772396
1922,era5_station,graphcast_hres_init,0.9561994834847464
1922,era5_station,pangu_hres_init,0.906849071004233
1923,era5_station,ifs_hres,1.1645592933701092
1923,era5_station,graphcast_hres_init,0.9594269147238876
1923,era5_station,pangu_hres_init,0.8992348408993995
1924,era5_station,ifs_hres,1.172173784116029
1924,era5_station,graphcast_hres_init,0.9459335903563756
1924,era5_station,pangu_hres_init,0.8874663232272686
1925,era5_station,ifs_hres,1.1921278759248104
1925,era5_station,graphcast_hres_init,0.9562839449951797
1925,era5_station,pangu_hres_init,0.8963037965874292
1926,era5_station,ifs_hres,1.2177097768238985
1926,era5_station,graphcast_hres_init,0.9734045308805374
1926,era5_station,pangu_hres_init,0.9135037193038562
1927,era5_station,ifs_hres,1.1674317225991668
1927,era5_station,graphcast_hres_init,0.9385001975302365
1927,era5_station,pangu_hres_init,0.8856686541510562
1928,era5_station,ifs_hres,1.149487568289462
1928,era5_station,graphcast_hres_init,0.9434836429749108
1928,era5_station,pangu_hres_init,0.8771106216430546
1929,era5_station,ifs_hres,1.1997844684340218
1929,era5_station,graphcast_hres_init,0.9534342751356321
1929,era5_station,pangu_hres_init,0.9241462150899113
1930,era5_station,ifs_hres,1.1691616863705165
1930,era5_station,graphcast_hres_init,0.9561881623268772
1930,era5_station,pangu_hres_init,0.9183222132525729
1931,era5_station,ifs_hres,1.1680439494457808
1931,era5_station,graphcast_hres_init,0.9431688407156978
1931,era5_station,pangu_hres_init,0.9038248402891453
1932,era5_station,ifs_hres,1.1675121800324377
1932,era5_station,graphcast_hres_init,0.9432578761898375
1932,era5_station,pangu_hres_init,0.8887663661273725
1933,era5_station,ifs_hres,1.1660969165675135
1933,era5_station,graphcast_hres_init,0.9307767522182048
1933,era5_station,pangu_hres_init,0.8908907329218835
1934,era5_station,ifs_hres,1.17348895455082
1934,era5_station,graphcast_hres_init,0.9483464522790613
1934,era5_station,pangu_hres_init,0.8944287416154669
1935,era5_station,ifs_hres,1.1620480566042888
1935,era5_station,graphcast_hres_init,0.9492423467658541
1935,era5_station,pangu_hres_init,0.88351403400915
1936,era5_station,ifs_hres,1.1669943573197903
1936,era5_station,graphcast_hres_init,0.9542272624002717
1936,era5_station,pangu_hres_init,0.8838423142310429
1937,era5_station,ifs_hres,1.1838389681844987
1937,era5_station,graphcast_hres_init,0.953460883547429
1937,era5_station,pangu_hres_init,0.9017138109274911
1938,era5_station,ifs_hres,1.1769053890330403
1938,era5_station,graphcast_hres_init,0.963902562124281
1938,era5_station,pangu_hres_init,0.8962064069350824
1939,era5_station,ifs_hres,1.1940209180268873
1939,era5_station,graphcast_hres_init,0.9710132576125245
1939,era5_station,pangu_hres_init,0.9060890457693318
1940,era5_station,ifs_hres,1.1728539136262195
1940,era5_station,graphcast_hres_init,0.9510905706708869
1940,era5_station,pangu_hres_init,0.8965111053851262
1941,era5_station,ifs_hres,1.188326150414387
1941,era5_station,graphcast_hres_init,0.9665918250044725
1941,era5_station,pangu_hres_init,0.9029056208664471
1942,era5_station,ifs_hres,1.1619698889950163
1942,era5_station,graphcast_hres_init,0.9537628771165848
1942,era5_station,pangu_hres_init,0.9071329127703391
1943,era5_station,ifs_hres,1.166943158963078
1943,era5_station,graphcast_hres_init,0.9479935489093783
1943,era5_station,pangu_hres_init,0.8927529593636396
1944,era5_station,ifs_hres,1.1411169713721985
1944,era5_station,graphcast_hres_init,0.9391032440997166
1944,era5_station,pangu_hres_init,0.8750002155853511
1945,era5_station,ifs_hres,1.1644793288287891
1945,era5_station,graphcast_hres_init,0.938440005560265
1945,era5_station,pangu_hres_init,0.9026230963224393
1946,era5_station,ifs_hres,1.1654653916959745
1946,era5_station,graphcast_hres_init,0.9549483486765231
1946,era5_station,pangu_hres_init,0.9071350456489583
1947,era5_station,ifs_hres,1.1749356507768762
1947,era5_station,graphcast_hres_init,0.9651868559920295
1947,era5_station,pangu_hres_init,0.888939250062105
1948,era5_station,ifs_hres,1.1654583438005568
1948,era5_station,graphcast_hres_init,0.952019557995244
1948,era5_station,pangu_hres_init,0.9029630268149933
1949,era5_station,ifs_hres,1.1910217792138693
1949,era5_station,graphcast_hres_init,0.9431487567902241
1949,era5_station,pangu_hres_init,0.8803132711616678
1950,era5_station,ifs_hres,1.1791650177358641
1950,era5_station,graphcast_hres_init,0.9454019531685403
1950,era5_station,pangu_hres_init,0.8856231998698698
1951,era5_station,ifs_hres,1.199660232447691
1951,era5_station,graphcast_hres_init,0.9854122774291681
1951,era5_station,pangu_hres_init,0.8952640962687253
1952,era5_station,ifs_hres,1.1603638917537558
1952,era5_station,graphcast_hres_init,0.9522676861245507
1952,era5_station,pangu_hres_init,0.8936143763542131
1953,era5_station,ifs_hres,1.1934724498960738
1953,era5_station,graphcast_hres_init,0.9618080583121258
1953,era5_station,pangu_hres_init,0.8965089666861719
1954,era5_station,ifs_hres,1.19457751150948
1954,era5_station,graphcast_hres_init,0.9595761932552455
1954,era5_station,pangu_hres_init,0.9162629196991525
1955,era5_station,ifs_hres,1.1472166230158805
1955,era5_station,graphcast_hres_init,0.9373034578375592
1955,era5_station,pangu_hres_init,0.9034314349449332
1956,era5_station,ifs_hres,1.1777373346616982
1956,era5_station,graphcast_hres_init,0.9478773675214699
1956,era5_station,pangu_hres_init,0.8960006917761989
1957,era5_station,ifs_hres,1.1754245526682257
1957,era5_station,graphcast_hres_init,0.9390190310368932
1957,era5_station,pangu_hres_init,0.883686500060551
1958,era5_station,ifs_hres,1.14674244928065
1958,era5_station,graphcast_hres_init,0.9470866221570304
1958,era5_station,pangu_hres_init,0.8798715959247551
1959,era5_station,ifs_hres,1.1806873051546638
1959,era5_station,graphcast_hres_init,0.9526670142432082
1959,era5_station,pangu_hres_init,0.8858536517520825
1960,era5_station,ifs_hres,1.1859696013379772
1960,era5_station,graphcast_hres_init,0.9453185775480761
1960,era5_station,pangu_hres_init,0.8702009361163069
1961,era5_station,ifs_hres,1.167366368066883
1961,era5_station,graphcast_hres_init,0.9510017436626914
1961,era5_station,pangu_hres_init,0.9092860630702132
1962,era5_station,ifs_hres,1.1589966149948532
1962,era5_station,graphcast_hres_init,0.9487602784694626
1962,era5_station,pangu_hres_init,0.9055963084786793
1963,era5_station,ifs_hres,1.1843581176756908
1963,era5_station,graphcast_hres_init,0.9500604719678899
1963,era5_station,pangu_hres_init,0.9117168452334972
1964,era5_station,ifs_hres,1.1693008954919262
1964,era5_station,graphcast_hres_init,0.9446137630354079
1964,era5_station,pangu_hres_init,0.8947865972040977
1965,era5_station,ifs_hres,1.2136314369404952
1965,era5_station,graphcast_hres_init,0.9654103888957453
1965,era5_station,pangu_hres_init,0.9231794548082627
1966,era5_station,ifs_hres,1.1931760124380069
1966,era5_station,graphcast_hres_init,0.9658141398331095
1966,era5_station,pangu_hres_init,0.911858889061648
1967,era5_station,ifs_hres,1.1860175961788075
1967,era5_station,graphcast_hres_init,0.9715959714779673
1967,era5_station,pangu_hres_init,0.9060580759918622
1968,era5_station,ifs_hres,1.1872989672012066
1968,era5_station,graphcast_hres_init,0.9488132610872423
1968,era5_station,pangu_hres_init,0.9037529265877698
1969,era5_station,ifs_hres,1.1895420663408427
1969,era5_station,graphcast_hres_init,0.9522375928680917
1969,era5_station,pangu_hres_init,0.8989586800731713
1970,era5_station,ifs_hres,1.1784490762310087
1970,era5_station,graphcast_hres_init,0.9486897581347499
1970,era5_station,pangu_hres_init,0.8926374541854284
1971,era5_station,ifs_hres,1.1438236737756304
1971,era5_station,graphcast_hres_init,0.9195888313156306
1971,era5_station,pangu_hres_init,0.8653838664558372
1972,era5_station,ifs_hres,1.1828391764129906
1972,era5_station,graphcast_hres_init,0.9436424427314909
1972,era5_station,pangu_hres_init,0.8911656268758862
1973,era5_station,ifs_hres,1.1549758111816693
1973,era5_station,graphcast_hres_init,0.9429519923499656
1973,era5_station,pangu_hres_init,0.890863525509391
1974,era5_station,ifs_hres,1.2104800968315985
1974,era5_station,graphcast_hres_init,0.9759786705450072
1974,era5_station,pangu_hres_init,0.9063728511390458
1975,era5_station,ifs_hres,1.1631643373770109
1975,era5_station,graphcast_hres_init,0.948061387414298
1975,era5_station,pangu_hres_init,0.9017837935534189
1976,era5_station,ifs_hres,1.158793516243559
1976,era5_station,graphcast_hres_init,0.9346707260902943
1976,era5_station,pangu_hres_init,0.8891668038391837
1977,era5_station,ifs_hres,1.1781883302998568
1977,era5_station,graphcast_hres_init,0.9664051368037012
1977,era5_station,pangu_hres_init,0.9135206530352432
1978,era5_station,ifs_hres,1.1377245842016166
1978,era5_station,graphcast_hres_init,0.9192575442018528
1978,era5_station,pangu_hres_init,0.8704041720379712
1979,era5_station,ifs_hres,1.176206871458614
1979,era5_station,graphcast_hres_init,0.9581320856655269
1979,era5_station,pangu_hres_init,0.8946347129810286
1980,era5_station,ifs_hres,1.1880026313349923
1980,era5_station,graphcast_hres_init,0.946308734108916
1980,era5_station,pangu_hres_init,0.8705539633763961
1981,era5_station,ifs_hres,1.1833412457216463
1981,era5_station,graphcast_hres_init,0.9528851362144024
1981,era5_station,pangu_hres_init,0.8801518810082868
1982,era5_station,ifs_hres,1.1703465915498397
1982,era5_station,graphcast_hres_init,0.9575327239369353
1982,era5_station,pangu_hres_init,0.9193542791169875
1983,era5_station,ifs_hres,1.1782038077709123
1983,era5_station,graphcast_hres_init,0.9571803052625171
1983,era5_station,pangu_hres_init,0.8938815979154321
1984,era5_station,ifs_hres,1.202426714505831
1984,era5_station,graphcast_hres_init,0.9610474564425133
1984,era5_station,pangu_hres_init,0.9112788725101626
1985,era5_station,ifs_hres,1.1598052862607702
1985,era5_station,graphcast_hres_init,0.967580894185126
1985,era5_station,pangu_hres_init,0.8991405772170893
1986,era5_station,ifs_hres,1.1543886632452462
1986,era5_station,graphcast_hres_init,0.9476058657553906
1986,era5_station,pangu_hres_init,0.8899773871084928
1987,era5_station,ifs_hres,1.1675270957341586
1987,era5_station,graphcast_hres_init,0.9425733877605151
1987,era5_station,pangu_hres_init,0.911547924283686
1988,era5_station,ifs_hres,1.203043016082168
1988,era5_station,graphcast_hres_init,0.9579433523191144
1988,era5_station,pangu_hres_init,0.8913903263919104
1989,era5_station,ifs_hres,1.180533736812466
1989,era5_station,graphcast_hres_init,0.9489397016845685
1989,era5_station,pangu_hres_init,0.9075808060350534
1990,era5_station,ifs_hres,1.1620599051501395
1990,era5_station,graphcast_hres_init,0.955029475686192
1990,era5_station,pangu_hres_init,0.8954713793944136
1991,era5_station,ifs_hres,1.1903446049540378
1991,era5_station,graphcast_hres_init,0.9584418754287091
1991,era5_station,pangu_hres_init,0.9119085421537373
1992,era5_station,ifs_hres,1.180577812599112
1992,era5_station,graphcast_hres_init,0.9525958673989664
1992,era5_station,pangu_hres_init,0.9184507402461725
1993,era5_station,ifs_hres,1.1707656324653597
1993,era5_station,graphcast_hres_init,0.95126215692247
1993,era5_station,pangu_hres_init,0.8929263597017159
1994,era5_station,ifs_hres,1.1708225741353242
1994,era5_station,graphcast_hres_init,0.95871434099894
1994,era5_station,pangu_hres_init,0.8968935060693568
1995,era5_station,ifs_hres,1.1925174071045677
1995,era5_station,graphcast_hres_init,0.9617472244921309
1995,era5_station,pangu_hres_init,0.8894597056167696
1996,era5_station,ifs_hres,1.1498444120218876
1996,era5_station,graphcast_hres_init,0.9408230723979203
1996,era5_station,pangu_hres_init,0.8880997867429159
1997,era5_station,ifs_hres,1.1902674145890326
1997,era5_station,graphcast_hres_init,0.9578047745513283
1997,era5_station,pangu_hres_init,0.9078747741757929
1998,era5_station,ifs_hres,1.1613592891285072
1998,era5_station,graphcast_hres_init,0.9441665721937571
1998,era5_station,pangu_hres_init,0.9007595531642488
1999,era5_station,ifs_hres,1.1671625822483551
1999,era5_station,graphcast_hres_init,0.9399610552771992
1999,era5_station,pangu_hres_init,0.8878213488867734
0,avamet,ifs_hres,1.7507040484497103
0,avamet,graphcast_hres_init,1.693166400369784
0,avamet,pangu_hres_init,1.8125816261378118
1,avamet,ifs_hres,1.7621341712241414
1,avamet,graphcast_hres_init,1.6957429711846685
1,avamet,pangu_hres_init,1.7996888322164202
2,avamet,ifs_hres,1.7587099746247405
2,avamet,graphcast_hres_init,1.6889768800734966
2,avamet,pangu_hres_init,1.8021941375329218
3,avamet,ifs_hres,1.7318227348430257
3,avamet,graphcast_hres_init,1.673876706130983
3,avamet,pangu_hres_init,1.7763166313957497
4,avamet,ifs_hres,1.7468620509522592
4,avamet,graphcast_hres_init,1.670993813454019
4,avamet,pangu_hres_init,1.787423776001176
5,avamet,ifs_hres,1.7509814778045645
5,avamet,graphcast_hres_init,1.6936308097784984
5,avamet,pangu_hres_init,1.7934384501279663
6,avamet,ifs_hres,1.7605371895795174
6,avamet,graphcast_hres_init,1.6875947077195301
6,avamet,pangu_hres_init,1.7804471648496656
7,avamet,ifs_hres,1.7459822543317869
7,avamet,graphcast_hres_init,1.6851452077416216
7,avamet,pangu_hres_init,1.7969406098925265
8,avamet,ifs_hres,1.7275237140962285
8,avamet,graphcast_hres_init,1.6677852238961957
8,avamet,pangu_hres_init,1.7803464372664148
9,avamet,ifs_hres,1.7550605951641038
9,avamet,graphcast_hres_init,1.6853424595795565
9,avamet,pangu_hres_init,1.7876327375513317
10,avamet,ifs_hres,1.7457361534386524
10,avamet,graphcast_hres_init,1.6835245079488468
10,avamet,pangu_hres_init,1.7951323425600618
11,avamet,ifs_hres,1.7546852971012836
11,avamet,graphcast_hres_init,1.6832501734548546
11,avamet,pangu_hres_init,1.7969651294297662
12,avamet,ifs_hres,1.7416406587919477
12,avamet,graphcast_hres_init,1.6729234089844076
12,avamet,pangu_hres_init,1.7811242443785649
13,avamet,ifs_hres,1.7464019292026327
13,avamet,graphcast_hres_init,1.6747953415726693
13,avamet,pangu_hres_init,1.7735732973562457
14,avamet,ifs_hres,1.7533786757924787
14,avamet,graphcast_hres_init,1.6831514998302501
14,avamet,pangu_hres_init,1.7926193836370128
15,avamet,ifs_hres,1.7521612619134455
15,avamet,graphcast_hres_init,1.6750372428726317
15,avamet,pangu_hres_init,1.781904582542846
16,avamet,ifs_hres,1.7456009372471637
16,avamet,graphcast_hres_init,1.6958329810441577
16,avamet,pangu_hres_init,1.805623268171287
17,avamet,ifs_hres,1.7617365874087765
17,avamet,graphcast_hres_init,1.6849331429410654
17,avamet,pangu_hres_init,1.788361470426948
18,avamet,ifs_hres,1.7598060750930962
18,avamet,graphcast_hres_init,1.6976044042062601
18,avamet,pangu_hres_init,1.8061545123343463
19,avamet,ifs_hres,1.7529718488422252
19,avamet,graphcast_hres_init,1.6838331948213554
19,avamet,pangu_hres_init,1.7960893340331054
20,avamet,ifs_hres,1.7423504063521946
20,avamet,graphcast_hres_init,1.678791497862061
20,avamet,pangu_hres_init,1.7751492750241293
21,avamet,ifs_hres,1.7685514963045426
21,avamet,graphcast_hres_init,1.696513726764947
21,avamet,pangu_hres_init,1.794222599389594
22,avamet,ifs_hres,1.7241929029707137
22,avamet,graphcast_hres_init,1.6761554763676023
22,avamet,pangu_hres_init,1.7910106543277555
23,avamet,ifs_hres,1.7419340301297286
23,avamet,graphcast_hres_init,1.6757018625142477
23,avamet,pangu_hres_init,1.7877223540234926
24,avamet,ifs_hres,1.763026473353624
24,avamet,graphcast_hres_init,1.690797663494709
24,avamet,pangu_hres_init,1.8062872198156597
25,avamet,ifs_hres,1.7667040095196866
25,avamet,graphcast_hres_init,1.7042629748668756
25,avamet,pangu_hres_init,1.8066215539593735
26,avamet,ifs_hres,1.7742360705531577
26,avamet,graphcast_hres_init,1.7060377162849274
26,avamet,pangu_hres_init,1.8162243178184159
27,avamet,ifs_hres,1.736870957318386
27,avamet,graphcast_hres_init,1.6639171284476484
27,avamet,pangu_hres_init,1.7674091207353284
28,avamet,ifs_hres,1.7249883580474226
28,avamet,graphcast_hres_init,1.6606993127257192
28,avamet,pangu_hres_init,1.772425171375226
29,avamet,ifs_hres,1.7301024520161723
29,avamet,graphcast_hres_init,1.6721737859767927
29,avamet,pangu_hres_init,1.7750837779610664
30,avamet,ifs_hres,1.767669839165376
30,avamet,graphcast_hres_init,1.7048758460438698
30,avamet,pangu_hres_init,1.8042089017746505
31,avamet,ifs_hres,1.765396091285134
31,avamet,graphcast_hres_init,1.6988987951835333
31,avamet,pangu_hres_init,1.8208233406718568
32,avamet,ifs_hres,1.7438715407802854
32,avamet,graphcast_hres_init,1.6776319406662739
32,avamet,pangu_hres_init,1.7911517150112803
33,avamet,ifs_hres,1.758761250387769
33,avamet,graphcast_hres_init,1.697571223001176
33,avamet,pangu_hres_init,1.8130971946416352
34,avamet,ifs_hres,1.7702504194872744
34,avamet,graphcast_hres_init,1.6885454848750925
34,avamet,pangu_hres_init,1.797651549090596
35,avamet,ifs_hres,1.7351775701171395
35,avamet,graphcast_hres_init,1.6749245554508159
35,avamet,pangu_hres_init,1.7907150428754637
36,avamet,ifs_hres,1.7463769264923243
36,avamet,graphcast_hres_init,1.6885268463966283
36,avamet,pangu_hres_init,1.7968524348887984
37,avamet,ifs_hres,1.7619246959110824
37,avamet,graphcast_hres_init,1.6939521677134153
37,avamet,pangu_hres_init,1.7935164010155344
38,avamet,ifs_hres,1.7527984175216362
38,avamet,graphcast_hres_init,1.6988277313556386
38,avamet,pangu_hres_init,1.8005575553616193
39,avamet,ifs_hres,1.7251461124038678
39,avamet,graphcast_hres_init,1.6596059736237327
39,avamet,pangu_hres_init,1.7688966887705428
40,avamet,ifs_hres,1.7409569982328528
40,avamet,graphcast_hres_init,1.6716222723040306
40,avamet,pangu_hres_init,1.7718776135428231
41,avamet,ifs_hres,1.7524970443287784
41,avamet,graphcast_hres_init,1.6822142915675578
41,avamet,pangu_hres_init,1.7846145564756897
42,avamet,ifs_hres,1.752936495248205
42,avamet,graphcast_hres_init,1.6767765450093044
42,avamet,pangu_hres_init,1.7895780479214953
43,avamet,ifs_hres,1.7499046081740144
43,avamet,graphcast_hres_init,1.6897399010029408
43,avamet,pangu_hres_init,1.813265994996125
44,avamet,ifs_hres,1.7373254797326205
44,avamet,graphcast_hres_init,1.6751395324606313
44,avamet,pangu_hres_init,1.7849293561446686
45,avamet,ifs_hres,1.7590954435860096
45,avamet,graphcast_hres_init,1.682471160487999
45,avamet,pangu_hres_init,1.797164039570004
46,avamet,ifs_hres,1.7424883046706168
46,avamet,graphcast_hres_init,1.6712191296565075
46,avamet,pangu_hres_init,1.7813442087246236
47,avamet,ifs_hres,1.72375040195779
47,avamet,graphcast_hres_init,1.6631574649271317
47,avamet,pangu_hres_init,1.7805520282842429
48,avamet,ifs_hres,1.7478599087669784
48,avamet,graphcast_hres_init,1.6795315746013075
48,avamet,pangu_hres_init,1.7860590702633408
49,avamet,ifs_hres,1.7759896262016812
49,avamet,graphcast_hres_init,1.6954123840540738
49,avamet,pangu_hres_init,1.8118107449297571
50,avamet,ifs_hres,1.7418719077171063
50,avamet,graphcast_hres_init,1.682770231320772
50,avamet,pangu_hres_init,1.8077260012201521
51,avamet,ifs_hres,1.7532989424436691
51,avamet,graphcast_hres_init,1.6896886029454776
51,avamet,pangu_hres_init,1.79690248763895
52,avamet,ifs_hres,1.7712497141626098
52,avamet,graphcast_hres_init,1.7072041437978838
52,avamet,pangu_hres_init,1.8142315361665335
53,avamet,ifs_hres,1.7313868839104904
53,avamet,graphcast_hres_init,1.6845320674347937
53,avamet,pangu_hres_init,1.7990758561946287
54,avamet,ifs_hres,1.7263576569984473
54,avamet,graphcast_hres_init,1.671530775427968
54,avamet,pangu_hres_init,1.7818290174560332
55,avamet,ifs_hres,1.7226105133836307
55,avamet,graphcast_hres_init,1.670366151536361
55,avamet,pangu_hres_init,1.7737189605634642
56,avamet,ifs_hres,1.7394653203924737
56,avamet,graphcast_hres_init,1.6732491329268828
56,avamet,pangu_hres_init,1.7881306017000616
57,avamet,ifs_hres,1.7379091294168716
57,avamet,graphcast_hres_init,1.6823769816823058
57,avamet,pangu_hres_init,1.7980106324646399
58,avamet,ifs_hres,1.7444391835243465
58,avamet,graphcast_hres_init,1.6826844079657248
58,avamet,pangu_hres_init,1.7882849043559352
59,avamet,ifs_hres,1.7782451411893194
59,avamet,graphcast_hres_init,1.712674634759115
59,avamet,pangu_hres_init,1.8219764121141597
60,avamet,ifs_hres,1.746427885902786
60,avamet,graphcast_hres_init,1.6887046622925461
60,avamet,pangu_hres_init,1.8074151509344663
61,avamet,ifs_hres,1.7531579379789912
61,avamet,graphcast_hres_init,1.6993506151622808
61,avamet,pangu_hres_init,1.8102758373895043
62,avamet,ifs_hres,1.7508569676093497
62,avamet,graphcast_hres_init,1.6785793818504469
62,avamet,pangu_hres_init,1.777588376057817
63,avamet,ifs_hres,1.7262547349704325
63,avamet,graphcast_hres_init,1.6571901795975337
63,avamet,pangu_hres_init,1.7733605439638862
64,avamet,ifs_hres,1.7500891004717174
64,avamet,graphcast_hres_init,1.6827378862060811
64,avamet,pangu_hres_init,1.7956362981045364
65,avamet,ifs_hres,1.7326589786483837
65,avamet,graphcast_hres_init,1.6696045743793262
65,avamet,pangu_hres_init,1.786365001662076
66,avamet,ifs_hres,1.7460875375486693
66,avamet,graphcast_hres_init,1.6681673228948455
66,avamet,pangu_hres_init,1.7595311447517354
67,avamet,ifs_hres,1.775016178841348
67,avamet,graphcast_hres_init,1.6988371367406496
67,avamet,pangu_hres_init,1.8142138235875753
68,avamet,ifs_hres,1.7489210642278743
68,avamet,graphcast_hres_init,1.6870831067671133
68,avamet,pangu_hres_init,1.8021534685826324
69,avamet,ifs_hres,1.760149332316136
69,avamet,graphcast_hres_init,1.692918662287476
69,avamet,pangu_hres_init,1.8169635889924083
70,avamet,ifs_hres,1.7582104314224407
70,avamet,graphcast_hres_init,1.6967243252454423
70,avamet,pangu_hres_init,1.8218742115382998
71,avamet,ifs_hres,1.7327811686509897
71,avamet,graphcast_hres_init,1.6823551107715056
71,avamet,pangu_hres_init,1.8034564490404565
72,avamet,ifs_hres,1.7560149206529447
72,avamet,graphcast_hres_init,1.6758696469618197
72,avamet,pangu_hres_init,1.7875888793233234
73,avamet,ifs_hres,1.7420481850373157
73,avamet,graphcast_hres_init,1.6811790992510394
73,avamet,pangu_hres_init,1.7991240927124417
74,avamet,ifs_hres,1.7542564325432164
74,avamet,graphcast_hres_init,1.678145466033121
74,avamet,pangu_hres_init,1.815116442885637
75,avamet,ifs_hres,1.7570589258316482
75,avamet,graphcast_hres_init,1.6847196047495425
75,avamet,pangu_hres_init,1.7908853290250695
76,avamet,ifs_hres,1.7327101876681
76,avamet,graphcast_hres_init,1.6812720836396724
76,avamet,pangu_hres_init,1.7829116881882037
77,avamet,ifs_hres,1.7408574273966728
77,avamet,graphcast_hres_init,1.6743441532253573
77,avamet,pangu_hres_init,1.7809925197183667
78,avamet,ifs_hres,1.737619044792352
78,avamet,graphcast_hres_init,1.6729688657144455
78,avamet,pangu_hres_init,1.782991062936303
79,avamet,ifs_hres,1.7323041820909064
79,avamet,graphcast_hres_init,1.6680018815380164
79,avamet,pangu_hres_init,1.770066412895379
80,avamet,ifs_hres,1.731634881276377
80,avamet,graphcast_hres_init,1.6629949213875164
80,avamet,pangu_hres_init,1.7778420341554535
81,avamet,ifs_hres,1.7533332708455285
81,avamet,graphcast_hres_init,1.689341219098426
81,avamet,pangu_hres_init,1.7913778974590024
82,avamet,ifs_hres,1.7450491680741187
82,avamet,graphcast_hres_init,1.6807997686022242
82,avamet,pangu_hres_init,1.805915624415532
83,avamet,ifs_hres,1.7174641949499898
83,avamet,graphcast_hres_init,1.6606175513948045
83,avamet,pangu_hres_init,1.7634422567013373
84,avamet,ifs_hres,1.7462928858764404
84,avamet,graphcast_hres_init,1.686368027859873
84,avamet,pangu_hres_init,1.803840993048251
85,avamet,ifs_hres,1.7691008572743288
85,avamet,graphcast_hres_init,1.7033320027826107
85,avamet,pangu_hres_init,1.8096178414387045
86,avamet,ifs_hres,1.7692310856551343
86,avamet,graphcast_hres_init,1.701246493563365
86,avamet,pangu_hres_init,1.8055849960849388
87,avamet,ifs_hres,1.7828225741181696
87,avamet,graphcast_hres_init,1.6955441941958735
87,avamet,pangu_hres_init,1.7997419377847033
88,avamet,ifs_hres,1.725943072271132
88,avamet,graphcast_hres_init,1.6762466918271604
88,avamet,pangu_hres_init,1.7929067088882356
89,avamet,ifs_hres,1.7381419445309498
89,avamet,graphcast_hres_init,1.674714348674636
89,avamet,pangu_hres_init,1.7923045970888623
90,avamet,ifs_hres,1.768383833930588
90,avamet,graphcast_hres_init,1.6958597827184292
90,avamet,pangu_hres_init,1.815056933019363
91,avamet,ifs_hres,1.768863570296828
91,avamet,graphcast_hres_init,1.6787628391838592
91,avamet,pangu_hres_init,1.7835306888545122
92,avamet,ifs_hres,1.7626805452948273
92,avamet,graphcast_hres_init,1.6802721061418988
92,avamet,pangu_hres_init,1.7869855213404757
93,avamet,ifs_hres,1.7516027444283049
93,avamet,graphcast_hres_init,1.693442514548209
93,avamet,pangu_hres_init,1.7962801610321113
94,avamet,ifs_hres,1.748073622020643
94,avamet,graphcast_hres_init,1.6851918863414506
94,avamet,pangu_hres_init,1.804859981042483
95,avamet,ifs_hres,1.7429232999165176
95,avamet,graphcast_hres_init,1.6766409558378321
95,avamet,pangu_hres_init,1.8041785473654703
96,avamet,ifs_hres,1.7499188257681533
96,avamet,graphcast_hres_init,1.6737051354857
96,avamet,pangu_hres_init,1.7780881253684433
97,avamet,ifs_hres,1.7684954161801352
97,avamet,graphcast_hres_init,1.7124419184653683
97,avamet,pangu_hres_init,1.8210439982775026
98,avamet,ifs_hres,1.7503948969717364
98,avamet,graphcast_hres_init,1.6951519053188435
98,avamet,pangu_hres_init,1.8199865157536068
99,avamet,ifs_hres,1.7556124564510251
99,avamet,graphcast_hres_init,1.6864917942434063
99,avamet,pangu_hres_init,1.7920524285016914
100,avamet,ifs_hres,1.7288535778877276
100,avamet,graphcast_hres_init,1.6703657615778646
100,avamet,pangu_hres_init,1.7752339485656217
101,avamet,ifs_hres,1.7350648842682748
101,avamet,graphcast_hres_init,1.6575243589522917
101,avamet,pangu_hres_init,1.7802437110379976
102,avamet,ifs_hres,1.7359646830178073
102,avamet,graphcast_hres_init,1.6814874032113423
102,avamet,pangu_hres_init,1.7960780337810733
103,avamet,ifs_hres,1.7332853774724606
103,avamet,graphcast_hres_init,1.6763558620135517
103,avamet,pangu_hres_init,1.7896392186212273
104,avamet,ifs_hres,1.7238507073020573
104,avamet,graphcast_hres_init,1.6593603118493205
104,avamet,pangu_hres_init,1.7665304495758947
105,avamet,ifs_hres,1.747468645021688
105,avamet,graphcast_hres_init,1.6791098513459497
105,avamet,pangu_hres_init,1.781688707995079
106,avamet,ifs_hres,1.723695559034986
106,avamet,graphcast_hres_init,1.6568867325184384
106,avamet,pangu_hres_init,1.7670671232455943
107,avamet,ifs_hres,1.72768572261839
107,avamet,graphcast_hres_init,1.6600630209120097
107,avamet,pangu_hres_init,1.764471000862741
108,avamet,ifs_hres,1.7553538618559135
108,avamet,graphcast_hres_init,1.6879737321575121
108,avamet,pangu_hres_init,1.8041401227733889
109,avamet,ifs_hres,1.7635966031309809
109,avamet,graphcast_hres_init,1.7006266433166797
109,avamet,pangu_hres_init,1.8156666388102085
110,avamet,ifs_hres,1.745980786369364
110,avamet,graphcast_hres_init,1.696176297738706
110,avamet,pangu_hres_init,1.7949458977704127
111,avamet,ifs_hres,1.7404095630026803
111,avamet,graphcast_hres_init,1.6734513239962507
111,avamet,pangu_hres_init,1.7957912896127302
112,avamet,ifs_hres,1.7735169028755777
112,avamet,graphcast_hres_init,1.6933655180666787
112,avamet,pangu_hres_init,1.8114808616369775
113,avamet,ifs_hres,1.743217337912065
113,avamet,graphcast_hres_init,1.6768027301046082
113,avamet,pangu_hres_init,1.7904026264349253
114,avamet,ifs_hres,1.7665022848646423
114,avamet,graphcast_hres_init,1.69889831173619
114,avamet,pangu_hres_init,1.822292964943115
115,avamet,ifs_hres,1.7595583215470683
115,avamet,graphcast_hres_init,1.6963940505756756
115,avamet,pangu_hres_init,1.8019040990138413
116,avamet,ifs_hres,1.7396501611344906
116,avamet,graphcast_hres_init,1.681810413318643
116,avamet,pangu_hres_init,1.7961499638594416
117,avamet,ifs_hres,1.7521067449163716
117,avamet,graphcast_hres_init,1.6737394056795591
117,avamet,pangu_hres_init,1.7753352052451512
118,avamet,ifs_hres,1.743818461769797
118,avamet,graphcast_hres_init,1.684115907558737
118,avamet,pangu_hres_init,1.790426865564009
119,avamet,ifs_hres,1.745041801670091
119,avamet,graphcast_hres_init,1.691460200794158
119,avamet,pangu_hres_init,1.7893472009002656
120,avamet,ifs_hres,1.7440073012564317
120,avamet,graphcast_hres_init,1.681819380426584
120,avamet,pangu_hres_init,1.78012940720533
121,avamet,ifs_hres,1.7686829945932199
121,avamet,graphcast_hres_init,1.6820854267097065
121,avamet,pangu_hres_init,1.7951363626941128
122,avamet,ifs_hres,1.7491858379484646
122,avamet,graphcast_hres_init,1.684400130487902
122,avamet,pangu_hres_init,1.798460925242035
123,avamet,ifs_hres,1.7382117149590206
123,avamet,graphcast_hres_init,1.6745962967129695
123,avamet,pangu_hres_init,1.7727322243978074
124,avamet,ifs_hres,1.7409990430272433
124,avamet,graphcast_hres_init,1.6777251851250619
124,avamet,pangu_hres_init,1.7860186835078902
125,avamet,ifs_hres,1.7525496454443459
125,avamet,graphcast_hres_init,1.6780580454118583
125,avamet,pangu_hres_init,1.7875225360988798
126,avamet,ifs_hres,1.7503020159061826
126,avamet,graphcast_hres_init,1.6772687426586048
126,avamet,pangu_hres_init,1.7913562018056828
127,avamet,ifs_hres,1.7327173454262292
127,avamet,graphcast_hres_init,1.6794577030998046
127,avamet,pangu_hres_init,1.8007095184479078
128,avamet,ifs_hres,1.7438939906591167
128,avamet,graphcast_hres_init,1.6633096446978728
128,avamet,pangu_hres_init,1.7795386946814504
129,avamet,ifs_hres,1.7536781482518373
129,avamet,graphcast_hres_init,1.677189813733849
129,avamet,pangu_hres_init,1.7932543157972511
130,avamet,ifs_hres,1.7523036473274403
130,avamet,graphcast_hres_init,1.6886004797738738
130,avamet,pangu_hres_init,1.7978202859553316
131,avamet,ifs_hres,1.7583243381602787
131,avamet,graphcast_hres_init,1.692010537940154
131,avamet,pangu_hres_init,1.8025423189405498
132,avamet,ifs_hres,1.7307286580950345
132,avamet,graphcast_hres_init,1.6717128206904421
132,avamet,pangu_hres_init,1.7711138536096862
133,avamet,ifs_hres,1.7504763719424394
133,avamet,graphcast_hres_init,1.6959186668799604
133,avamet,pangu_hres_init,1.7982411629409008
134,avamet,ifs_hres,1.7238239449486514
134,avamet,graphcast_hres_init,1.657702520405859
134,avamet,pangu_hres_init,1.7640650608407147
135,avamet,ifs_hres,1.7276272899152147
135,avamet,graphcast_hres_init,1.6559703781531716
135,avamet,pangu_hres_init,1.7550285131760972
136,avamet,ifs_hres,1.7451781040937995
136,avamet,graphcast_hres_init,1.6763623363518858
136,avamet,pangu_hres_init,1.7844261923060658
137,avamet,ifs_hres,1.7458079539260654
137,avamet,graphcast_hres_init,1.6732256575031954
137,avamet,pangu_hres_init,1.7654376670402667
138,avamet,ifs_hres,1.7554865135783309
138,avamet,graphcast_hres_init,1.6933312401735165
138,avamet,pangu_hres_init,1.80534025311646
139,avamet,ifs_hres,1.7875224960259124
139,avamet,graphcast_hres_init,1.711660362355276
139,avamet,pangu_hres_init,1.833662447542058
140,avamet,ifs_hres,1.7363631294543131
140,avamet,graphcast_hres_init,1.6807649467565262
140,avamet,pangu_hres_init,1.801725146969355
141,avamet,ifs_hres,1.731645386243075
141,avamet,graphcast_hres_init,1.670138494209226
141,avamet,pangu_hres_init,1.7808608383634474
142,avamet,ifs_hres,1.7547733493234616
142,avamet,graphcast_hres_init,1.6751035642650447
142,avamet,pangu_hres_init,1.780731997069926
143,avamet,ifs_hres,1.7349059775768834
143,avamet,graphcast_hres_init,1.668586720126402
143,avamet,pangu_hres_init,1.7871055309105401
144,avamet,ifs_hres,1.7204855165488342
144,avamet,graphcast_hres_init,1.6586466774133395
144,avamet,pangu_hres_init,1.7788214893187588
145,avamet,ifs_hres,1.7416637503922612
145,avamet,graphcast_hres_init,1.6851728605045166
145,avamet,pangu_hres_init,1.796643594145847
146,avamet,ifs_hres,1.7576408093873086
146,avamet,graphcast_hres_init,1.691326281231844
146,avamet,pangu_hres_init,1.8087943020007762
147,avamet,ifs_hres,1.75990882730916
147,avamet,graphcast_hres_init,1.697282946029655
147,avamet,pangu_hres_init,1.8085179976838943
148,avamet,ifs_hres,1.7583032053859151
148,avamet,graphcast_hres_init,1.6900837372539135
148,avamet,pangu_hres_init,1.7996099745727392
149,avamet,ifs_hres,1.730586832856287
149,avamet,graphcast_hres_init,1.6657662693954325
149,avamet,pangu_hres_init,1.7681491351574328
150,avamet,ifs_hres,1.731853457112843
150,avamet,graphcast_hres_init,1.6672295942416073
150,avamet,pangu_hres_init,1.7760570656462171
151,avamet,ifs_hres,1.7581415137544205
151,avamet,graphcast_hres_init,1.6890426273278354
151,avamet,pangu_hres_init,1.797009991937712
152,avamet,ifs_hres,1.7810140864760935
152,avamet,graphcast_hres_init,1.7108512549305412
152,avamet,pangu_hres_init,1.823183812799747
153,avamet,ifs_hres,1.7575497891845655
153,avamet,graphcast_hres_init,1.6824373831158559
153,avamet,pangu_hres_init,1.7759491810598484
154,avamet,ifs_hres,1.7416680529563693
154,avamet,graphcast_hres_init,1.6789528864665366
154,avamet,pangu_hres_init,1.7916262305527972
155,avamet,ifs_hres,1.7469565915220537
155,avamet,graphcast_hres_init,1.677427245593481
155,avamet,pangu_hres_init,1.7764220133007123
156,avamet,ifs_hres,1.7548790345139327
156,avamet,graphcast_hres_init,1.687468115022526
156,avamet,pangu_hres_init,1.7982144543303349
157,avamet,ifs_hres,1.7223186129003334
157,avamet,graphcast_hres_init,1.6537839853533844
157,avamet,pangu_hres_init,1.7830525392117096
158,avamet,ifs_hres,1.7329303257550288
158,avamet,graphcast_hres_init,1.6688587865230395
158,avamet,pangu_hres_init,1.7785737941163442
159,avamet,ifs_hres,1.744351415939226
159,avamet,graphcast_hres_init,1.6818858749835932
159,avamet,pangu_hres_init,1.7830293729214732
160,avamet,ifs_hres,1.7561446393762352
160,avamet,graphcast_hres_init,1.6844435023026108
160,avamet,pangu_hres_init,1.7963135799950958
161,avamet,ifs_hres,1.7104486173937903
161,avamet,graphcast_hres_init,1.643411449108277
161,avamet,pangu_hres_init,1.7506460385214964
162,avamet,ifs_hres,1.763008550514312
162,avamet,graphcast_hres_init,1.6811602207226244
162,avamet,pangu_hres_init,1.7831800344706739
163,avamet,ifs_hres,1.737469959313788
163,avamet,graphcast_hres_init,1.666737423788895
163,avamet,pangu_hres_init,1.7772767281885395
164,avamet,ifs_hres,1.736329240562372
164,avamet,graphcast_hres_init,1.6829253072521717
164,avamet,pangu_hres_init,1.8007794023169694
165,avamet,ifs_hres,1.750439904976526
165,avamet,graphcast_hres_init,1.6912401531330659
165,avamet,pangu_hres_init,1.781817003651973
166,avamet,ifs_hres,1.7290010508379634
166,avamet,graphcast_hres_init,1.6706462090237162
166,avamet,pangu_hres_init,1.7715245719264083
167,avamet,ifs_hres,1.7736747306084846
167,avamet,graphcast_hres_init,1.7006551359667028
167,avamet,pangu_hres_init,1.823428390189499
168,avamet,ifs_hres,1.7600827723807009
168,avamet,graphcast_hres_init,1.6849766056295827
168,avamet,pangu_hres_init,1.8079995632986527
169,avamet,ifs_hres,1.7565351944801626
169,avamet,graphcast_hres_init,1.6785360662788973
169,avamet,pangu_hres_init,1.784431283567718
170,avamet,ifs_hres,1.7563408939530123
170,avamet,graphcast_hres_init,1.684697602080818
170,avamet,pangu_hres_init,1.8077533678947406
171,avamet,ifs_hres,1.7546874649313087
171,avamet,graphcast_hres_init,1.6977531136227444
171,avamet,pangu_hres_init,1.7986037812168603
172,avamet,ifs_hres,1.7368414898972266
172,avamet,graphcast_hres_init,1.6688836707248957
172,avamet,pangu_hres_init,1.7870363955791086
173,avamet,ifs_hres,1.7859851415247971
173,avamet,graphcast_hres_init,1.7083786674384895
173,avamet,pangu_hres_init,1.8247990362934208
174,avamet,ifs_hres,1.7320870730863291
174,avamet,graphcast_hres_init,1.6639743788048298
174,avamet,pangu_hres_init,1.7727355162882654
175,avamet,ifs_hres,1.7777234779676232
175,avamet,graphcast_hres_init,1.7127356575044144
175,avamet,pangu_hres_init,1.8244674989094662
176,avamet,ifs_hres,1.7295269340692687
176,avamet,graphcast_hres_init,1.6730615835219034
176,avamet,pangu_hres_init,1.783875248044438
177,avamet,ifs_hres,1.71896573890296
177,avamet,graphcast_hres_init,1.6620429331467186
177,avamet,pangu_hres_init,1.764238788023417
178,avamet,ifs_hres,1.7446351949795669
178,avamet,graphcast_hres_init,1.6764530284327999
178,avamet,pangu_hres_init,1.7982902757340335
179,avamet,ifs_hres,1.7401998795907443
179,avamet,graphcast_hres_init,1.672447759625075
179,avamet,pangu_hres_init,1.7905867201192864
180,avamet,ifs_hres,1.725591957059179
180,avamet,graphcast_hres_init,1.6743696006305075
180,avamet,pangu_hres_init,1.7826886859850533
181,avamet,ifs_hres,1.7431134247864888
181,avamet,graphcast_hres_init,1.6794775579373762
181,avamet,pangu_hres_init,1.7928511004226841
182,avamet,ifs_hres,1.727763935095209
182,avamet,graphcast_hres_init,1.6629098441166656
182,avamet,pangu_hres_init,1.771139826861865
183,avamet,ifs_hres,1.736624831985427
183,avamet,graphcast_hres_init,1.6808196369382098
183,avamet,pangu_hres_init,1.7712045090422885
184,avamet,ifs_hres,1.763393114598721
184,avamet,graphcast_hres_init,1.6979938039507163
184,avamet,pangu_hres_init,1.791780047529576
185,avamet,ifs_hres,1.7157529827264488
185,avamet,graphcast_hres_init,1.6674098165820894
185,avamet,pangu_hres_init,1.7620499063355737
186,avamet,ifs_hres,1.7292977879476117
186,avamet,graphcast_hres_init,1.6717720827521052
186,avamet,pangu_hres_init,1.7786453963704774
187,avamet,ifs_hres,1.7442653785815556
187,avamet,graphcast_hres_init,1.6789209136019378
187,avamet,pangu_hres_init,1.7958827179111734
188,avamet,ifs_hres,1.7215796726558228
188,avamet,graphcast_hres_init,1.654210268010782
188,avamet,pangu_hres_init,1.7703443311115052
189,avamet,ifs_hres,1.7581461105066771
189,avamet,graphcast_hres_init,1.6776203120734159
189,avamet,pangu_hres_init,1.7984361513247222
190,avamet,ifs_hres,1.7548804468107417
190,avamet,graphcast_hres_init,1.6871737712799297
190,avamet,pangu_hres_init,1.8016256700522668
191,avamet,ifs_hres,1.7795313522089988
191,avamet,graphcast_hres_init,1.6895635638142763
191,avamet,pangu_hres_init,1.8085266453248448
192,avamet,ifs_hres,1.7178828376004294
192,avamet,graphcast_hres_init,1.6602472064334062
192,avamet,pangu_hres_init,1.7813402329709265
193,avamet,ifs_hres,1.7381136781586586
193,avamet,graphcast_hres_init,1.6802658968990154
193,avamet,pangu_hres_init,1.7933877471572757
194,avamet,ifs_hres,1.7346982916764924
194,avamet,graphcast_hres_init,1.671478815487841
194,avamet,pangu_hres_init,1.789397228959828
195,avamet,ifs_hres,1.7534680248947414
195,avamet,graphcast_hres_init,1.6835749049503506
195,avamet,pangu_hres_init,1.7922152150851438
196,avamet,ifs_hres,1.7358837809121301
196,avamet,graphcast_hres_init,1.6691419204710094
196,avamet,pangu_hres_init,1.7794055766367343
197,avamet,ifs_hres,1.77014309307823
197,avamet,graphcast_hres_init,1.6883133288524685
197,avamet,pangu_hres_init,1.7923109718042345
198,avamet,ifs_hres,1.748192425607682
198,avamet,graphcast_hres_init,1.6645684901370272
198,avamet,pangu_hres_init,1.7722238919033872
199,avamet,ifs_hres,1.7308069964370763
199,avamet,graphcast_hres_init,1.670720434074025
199,avamet,pangu_hres_init,1.7680059957171057
200,avamet,ifs_hres,1.7163360024313061
200,avamet,graphcast_hres_init,1.6616424757691688
200,avamet,pangu_hres_init,1.774489924554122
201,avamet,ifs_hres,1.717456104087005
201,avamet,graphcast_hres_init,1.6498025723484746
201,avamet,pangu_hres_init,1.7629014185438023
202,avamet,ifs_hres,1.7552825601763085
202,avamet,graphcast_hres_init,1.7000333108648422
202,avamet,pangu_hres_init,1.809319306070507
203,avamet,ifs_hres,1.7456994595212854
203,avamet,graphcast_hres_init,1.6811843102133215
203,avamet,pangu_hres_init,1.7893366746325294
204,avamet,ifs_hres,1.7588229972217857
204,avamet,graphcast_hres_init,1.6887647463283624
204,avamet,pangu_hres_init,1.8048643194638057
205,avamet,ifs_hres,1.7726067408362876
205,avamet,graphcast_hres_init,1.694653310015392
205,avamet,pangu_hres_init,1.7918441296143528
206,avamet,ifs_hres,1.7348623101815226
206,avamet,graphcast_hres_init,1.6878543608881003
206,avamet,pangu_hres_init,1.789842797969743
207,avamet,ifs_hres,1.7565998524617439
207,avamet,graphcast_hres_init,1.688359908906764
207,avamet,pangu_hres_init,1.8052730734635145
208,avamet,ifs_hres,1.770537811027714
208,avamet,graphcast_hres_init,1.6981544162925881
208,avamet,pangu_hres_init,1.809825702961834
209,avamet,ifs_hres,1.7276719408303767
209,avamet,graphcast_hres_init,1.661691600309199
209,avamet,pangu_hres_init,1.7650218284866175
210,avamet,ifs_hres,1.7563148932930381
210,avamet,graphcast_hres_init,1.690866886339729
210,avamet,pangu_hres_init,1.7996820393338637
211,avamet,ifs_hres,1.7548834484825548
211,avamet,graphcast_hres_init,1.6868121206546463
211,avamet,pangu_hres_init,1.7962905236410187
212,avamet,ifs_hres,1.7684786970428719
212,avamet,graphcast_hres_init,1.6901637689553903
212,avamet,pangu_hres_init,1.803099959884299
213,avamet,ifs_hres,1.7573826039020726
213,avamet,graphcast_hres_init,1.6934417288543564
213,avamet,pangu_hres_init,1.8214769999328142
214,avamet,ifs_hres,1.728057660389036
214,avamet,graphcast_hres_init,1.6782118536551365
214,avamet,pangu_hres_init,1.7777602457828738
215,avamet,ifs_hres,1.7542286479738316
215,avamet,graphcast_hres_init,1.6832610402223322
215,avamet,pangu_hres_init,1.7934810645082424
216,avamet,ifs_hres,1.7309985443193214
216,avamet,graphcast_hres_init,1.6713206041122661
216,avamet,pangu_hres_init,1.787023383428284
217,avamet,ifs_hres,1.764374937975145
217,avamet,graphcast_hres_init,1.7034705265202401
217,avamet,pangu_hres_init,1.8156674917393574
218,avamet,ifs_hres,1.7456580125026373
218,avamet,graphcast_hres_init,1.6770428159588817
218,avamet,pangu_hres_init,1.7848728209923603
219,avamet,ifs_hres,1.7613467878863456
219,avamet,graphcast_hres_init,1.6955846909148171
219,avamet,pangu_hres_init,1.810452161502
220,avamet,ifs_hres,1.7519815260724805
220,avamet,graphcast_hres_init,1.694296771108199
220,avamet,pangu_hres_init,1.8148493139897204
221,avamet,ifs_hres,1.749582921348221
221,avamet,graphcast_hres_init,1.685835606447754
221,avamet,pangu_hres_init,1.8089701804316825
222,avamet,ifs_hres,1.7546347461494216
222,avamet,graphcast_hres_init,1.68869382274048
222,avamet,pangu_hres_init,1.8047729361282896
223,avamet,ifs_hres,1.751003670950855
223,avamet,graphcast_hres_init,1.6821115214523685
223,avamet,pangu_hres_init,1.7965179104545517
224,avamet,ifs_hres,1.7451107957871121
224,avamet,graphcast_hres_init,1.685050078908873
224,avamet,pangu_hres_init,1.80658374776925
225,avamet,ifs_hres,1.7508376691545102
225,avamet,graphcast_hres_init,1.6797329228257258
225,avamet,pangu_hres_init,1.7933414903512523
226,avamet,ifs_hres,1.708132790578859
226,avamet,graphcast_hres_init,1.6634633416342361
226,avamet,pangu_hres_init,1.7711554516357453
227,avamet,ifs_hres,1.758542010486835
227,avamet,graphcast_hres_init,1.6891322450408592
227,avamet,pangu_hres_init,1.809059487668624
228,avamet,ifs_hres,1.7079658026974898
228,avamet,graphcast_hres_init,1.6500542615754872
228,avamet,pangu_hres_init,1.7560314092683222
229,avamet,ifs_hres,1.7409275356787581
229,avamet,graphcast_hres_init,1.6803214136020175
229,avamet,pangu_hres_init,1.8002252505342684
230,avamet,ifs_hres,1.7512731918814823
230,avamet,graphcast_hres_init,1.692207664865223
230,avamet,pangu_hres_init,1.7987977571945883
231,avamet,ifs_hres,1.749736963453615
231,avamet,graphcast_hres_init,1.6778288889422583
231,avamet,pangu_hres_init,1.7878202169129755
232,avamet,ifs_hres,1.7318950280178134
232,avamet,graphcast_hres_init,1.6672854865218358
232,avamet,pangu_hres_init,1.778230625448169
233,avamet,ifs_hres,1.761236042677156
233,avamet,graphcast_hres_init,1.696724764513606
233,avamet,pangu_hres_init,1.8017948425921302
234,avamet,ifs_hres,1.7486015832770574
234,avamet,graphcast_hres_init,1.6814305340551243
234,avamet,pangu_hres_init,1.7891642907913987
235,avamet,ifs_hres,1.7413653358126275
235,avamet,graphcast_hres_init,1.6804342084260568
235,avamet,pangu_hres_init,1.8006670251643622
236,avamet,ifs_hres,1.7668816585579812
236,avamet,graphcast_hres_init,1.70012864678071
236,avamet,pangu_hres_init,1.8024997107048544
237,avamet,ifs_hres,1.728349326756867
237,avamet,graphcast_hres_init,1.6672440825375185
237,avamet,pangu_hres_init,1.7644957852716388
238,avamet,ifs_hres,1.736038606547039
238,avamet,graphcast_hres_init,1.6792338846594277
238,avamet,pangu_hres_init,1.795330569170173
239,avamet,ifs_hres,1.7556039147527351
239,avamet,graphcast_hres_init,1.687937133136558
239,avamet,pangu_hres_init,1.795430478144748
240,avamet,ifs_hres,1.7389138279417937
240,avamet,graphcast_hres_init,1.666944045050518
240,avamet,pangu_hres_init,1.7753105269004261
241,avamet,ifs_hres,1.7611357778195114
241,avamet,graphcast_hres_init,1.7019712165521248
241,avamet,pangu_hres_init,1.8042062803867855
242,avamet,ifs_hres,1.7480006230303458
242,avamet,graphcast_hres_init,1.6853502758556298
242,avamet,pangu_hres_init,1.8052002001072756
243,avamet,ifs_hres,1.739133158913377
243,avamet,graphcast_hres_init,1.6730937989584456
243,avamet,pangu_hres_init,1.7884683809683108
244,avamet,ifs_hres,1.7591800049807862
244,avamet,graphcast_hres_init,1.6953612473616553
244,avamet,pangu_hres_init,1.7984834017144227
245,avamet,ifs_hres,1.7364040401471745
245,avamet,graphcast_hres_init,1.6735794605143663
245,avamet,pangu_hres_init,1.781423224174108
246,avamet,ifs_hres,1.752955161767445
246,avamet,graphcast_hres_init,1.6818119280876367
246,avamet,pangu_hres_init,1.7944036585711556
247,avamet,ifs_hres,1.7420126766542212
247,avamet,graphcast_hres_init,1.6836325879179206
247,avamet,pangu_hres_init,1.780560662835296
248,avamet,ifs_hres,1.7336354810708923
248,avamet,graphcast_hres_init,1.6822716597404364
248,avamet,pangu_hres_init,1.7809933613760212
249,avamet,ifs_hres,1.7671360490932453
249,avamet,graphcast_hres_init,1.7015246027702169
249,avamet,pangu_hres_init,1.8051915308675333
250,avamet,ifs_hres,1.7363840898908183
250,avamet,graphcast_hres_init,1.6915712180995175
250,avamet,pangu_hres_init,1.8023860775261997
251,avamet,ifs_hres,1.751090680271364
251,avamet,graphcast_hres_init,1.6803654951392724
251,avamet,pangu_hres_init,1.7992676722419918
252,avamet,ifs_hres,1.7711000194873607
252,avamet,graphcast_hres_init,1.701675491298899
252,avamet,pangu_hres_init,1.812755511384253
253,avamet,ifs_hres,1.7477635657425188
253,avamet,graphcast_hres_init,1.683034669194983
253,avamet,pangu_hres_init,1.8112781590552403
254,avamet,ifs_hres,1.7418333656779295
254,avamet,graphcast_hres_init,1.6827168508375017
254,avamet,pangu_hres_init,1.7881164789411874
255,avamet,ifs_hres,1.748518546269535
255,avamet,graphcast_hres_init,1.6692049243769613
255,avamet,pangu_hres_init,1.7830707574782845
256,avamet,ifs_hres,1.7572224111383234
256,avamet,graphcast_hres_init,1.6909121004768246
256,avamet,pangu_hres_init,1.7976870912662413
257,avamet,ifs_hres,1.7319977142864789
257,avamet,graphcast_hres_init,1.683139663470469
257,avamet,pangu_hres_init,1.7861112616527939
258,avamet,ifs_hres,1.7531272779759295
258,avamet,graphcast_hres_init,1.6788526001160986
258,avamet,pangu_hres_init,1.7904003377738469
259,avamet,ifs_hres,1.7277253045411824
259,avamet,graphcast_hres_init,1.6716697559514264
259,avamet,pangu_hres_init,1.7817474776670346
260,avamet,ifs_hres,1.7291695681749855
260,avamet,graphcast_hres_init,1.68158174555453
260,avamet,pangu_hres_init,1.7914792403536843
261,avamet,ifs_hres,1.7449196598056744
261,avamet,graphcast_hres_init,1.6700937314766584
261,avamet,pangu_hres_init,1.7701368422480517
262,avamet,ifs_hres,1.7616263531062812
262,avamet,graphcast_hres_init,1.6971442546870728
262,avamet,pangu_hres_init,1.8004486812831297
263,avamet,ifs_hres,1.7387888311738091
263,avamet,graphcast_hres_init,1.672311064993923
263,avamet,pangu_hres_init,1.780762393706261
264,avamet,ifs_hres,1.748936878805999
264,avamet,graphcast_hres_init,1.6792445488067367
264,avamet,pangu_hres_init,1.7773926767874313
265,avamet,ifs_hres,1.7313490232137145
265,avamet,graphcast_hres_init,1.6707957929880288
265,avamet,pangu_hres_init,1.7760215516943252
266,avamet,ifs_hres,1.7690560208838348
266,avamet,graphcast_hres_init,1.6909695103575506
266,avamet,pangu_hres_init,1.8052251134453159
267,avamet,ifs_hres,1.7520989033972216
267,avamet,graphcast_hres_init,1.6771374446749503
267,avamet,pangu_hres_init,1.7926368750649764
268,avamet,ifs_hres,1.7393335060661401
268,avamet,graphcast_hres_init,1.6739832126219392
268,avamet,pangu_hres_init,1.77946838391961
269,avamet,ifs_hres,1.7589109335616917
269,avamet,graphcast_hres_init,1.684372962762457
269,avamet,pangu_hres_init,1.7945115189054104
270,avamet,ifs_hres,1.7628613392265753
270,avamet,graphcast_hres_init,1.6870031746637009
270,avamet,pangu_hres_init,1.8050759946829642
271,avamet,ifs_hres,1.7507687214370753
271,avamet,graphcast_hres_init,1.6886033687314157
271,avamet,pangu_hres_init,1.7832916117944961
272,avamet,ifs_hres,1.7643659280766044
272,avamet,graphcast_hres_init,1.6958488166698389
272,avamet,pangu_hres_init,1.8010039956429138
273,avamet,ifs_hres,1.7175096238088225
273,avamet,graphcast_hres_init,1.6663593728465
273,avamet,pangu_hres_init,1.7827456776887307
274,avamet,ifs_hres,1.747124153581721
274,avamet,graphcast_hres_init,1.681047376372339
274,avamet,pangu_hres_init,1.8005940614321947
275,avamet,ifs_hres,1.756651297814765
275,avamet,graphcast_hres_init,1.6920779220619864
275,avamet,pangu_hres_init,1.8142433644736087
276,avamet,ifs_hres,1.759366171287987
276,avamet,graphcast_hres_init,1.6861366081513047
276,avamet,pangu_hres_init,1.797996719041059
277,avamet,ifs_hres,1.7385543066096936
277,avamet,graphcast_hres_init,1.6833313539230703
277,avamet,pangu_hres_init,1.7861881687502574
278,avamet,ifs_hres,1.7392719994589712
278,avamet,graphcast_hres_init,1.676698793151802
278,avamet,pangu_hres_init,1.7948933993351681
279,avamet,ifs_hres,1.7336645096406915
279,avamet,graphcast_hres_init,1.6644405589549078
279,avamet,pangu_hres_init,1.7812829404341466
280,avamet,ifs_hres,1.7443779051821238
280,avamet,graphcast_hres_init,1.6717952146456563
280,avamet,pangu_hres_init,1.7697842094450909
281,avamet,ifs_hres,1.7503996161057316
281,avamet,graphcast_hres_init,1.669001190428825
281,avamet,pangu_hres_init,1.781186015688022
282,avamet,ifs_hres,1.7406184073345892
282,avamet,graphcast_hres_init,1.6642147983628202
282,avamet,pangu_hres_init,1.772332191732095
283,avamet,ifs_hres,1.7493856265767704
283,avamet,graphcast_hres_init,1.681013731744905
283,avamet,pangu_hres_init,1.7847611712777842
284,avamet,ifs_hres,1.7646805363798885
284,avamet,graphcast_hres_init,1.6812685838438983
284,avamet,pangu_hres_init,1.7754385294984716
285,avamet,ifs_hres,1.7373095364802975
285,avamet,graphcast_hres_init,1.684294406590782
285,avamet,pangu_hres_init,1.7878829585972524
286,avamet,ifs_hres,1.7342395155012547
286,avamet,graphcast_hres_init,1.6828674041451719
286,avamet,pangu_hres_init,1.7899922263423405
287,avamet,ifs_hres,1.7544488224776142
287,avamet,graphcast_hres_init,1.6842588955477475
287,avamet,pangu_hres_init,1.790609607544176
288,avamet,ifs_hres,1.7769176780715263
288,avamet,graphcast_hres_init,1.7161175405984015
288,avamet,pangu_hres_init,1.8273670852238089
289,avamet,ifs_hres,1.751534502357824
289,avamet,graphcast_hres_init,1.6811660016764292
289,avamet,pangu_hres_init,1.7937199831864759
290,avamet,ifs_hres,1.7427518238113868
290,avamet,graphcast_hres_init,1.6829683525320835
290,avamet,pangu_hres_init,1.7908396694558009
291,avamet,ifs_hres,1.7459884586472492
291,avamet,graphcast_hres_init,1.6716161992182272
291,avamet,pangu_hres_init,1.7893332600044998
292,avamet,ifs_hres,1.7541355991073289
292,avamet,graphcast_hres_init,1.688921263996303
292,avamet,pangu_hres_init,1.7991298824014585
293,avamet,ifs_hres,1.766563755810372
293,avamet,graphcast_hres_init,1.6849074797757069
293,avamet,pangu_hres_init,1.7865358852368394
294,avamet,ifs_hres,1.7681062207021376
294,avamet,graphcast_hres_init,1.7231801921389216
294,avamet,pangu_hres_init,1.8344999823146324
295,avamet,ifs_hres,1.7311015608179143
295,avamet,graphcast_hres_init,1.67213479776854
295,avamet,pangu_hres_init,1.7659875892413919
296,avamet,ifs_hres,1.729481033944513
296,avamet,graphcast_hres_init,1.6705278868313969
296,avamet,pangu_hres_init,1.7701219207277812
297,avamet,ifs_hres,1.7518346885613667
297,avamet,graphcast_hres_init,1.6922424347146405
297,avamet,pangu_hres_init,1.7975399410169266
298,avamet,ifs_hres,1.7425215832435268
298,avamet,graphcast_hres_init,1.6801377558727102
298,avamet,pangu_hres_init,1.788427229583034
299,avamet,ifs_hres,1.7537381801780443
299,avamet,graphcast_hres_init,1.6792252030591828
299,avamet,pangu_hres_init,1.794707028051035
300,avamet,ifs_hres,1.770348705477204
300,avamet,graphcast_hres_init,1.7032977235485487
300,avamet,pangu_hres_init,1.8255190088103432
301,avamet,ifs_hres,1.7569449631521123
301,avamet,graphcast_hres_init,1.6972072036879717
301,avamet,pangu_hres_init,1.7950291934516989
302,avamet,ifs_hres,1.7507956788700079
302,avamet,graphcast_hres_init,1.676909287172446
302,avamet,pangu_hres_init,1.778149824508635
303,avamet,ifs_hres,1.7212380730403423
303,avamet,graphcast_hres_init,1.6581772241027486
303,avamet,pangu_hres_init,1.7590812259584636
304,avamet,ifs_hres,1.7692215759540149
304,avamet,graphcast_hres_init,1.698153436078959
304,avamet,pangu_hres_init,1.806417754630704
305,avamet,ifs_hres,1.7434178176841792
305,avamet,graphcast_hres_init,1.6754782969636486
305,avamet,pangu_hres_init,1.7839675397533596
306,avamet,ifs_hres,1.7193365200794704
306,avamet,graphcast_hres_init,1.6564652862921452
306,avamet,pangu_hres_init,1.7551239349236838
307,avamet,ifs_hres,1.7417718042067056
307,avamet,graphcast_hres_init,1.6666473373936965
307,avamet,pangu_hres_init,1.7778339601996522
308,avamet,ifs_hres,1.728890841551903
308,avamet,graphcast_hres_init,1.6795720814078967
308,avamet,pangu_hres_init,1.7994245850424853
309,avamet,ifs_hres,1.7186803940462778
309,avamet,graphcast_hres_init,1.6491194174515653
309,avamet,pangu_hres_init,1.7724697415480222
310,avamet,ifs_hres,1.7543924903882215
310,avamet,graphcast_hres_init,1.6976098842945386
310,avamet,pangu_hres_init,1.8099582788284467
311,avamet,ifs_hres,1.7227213280824256
311,avamet,graphcast_hres_init,1.6673091762243737
311,avamet,pangu_hres_init,1.7886684572084122
312,avamet,ifs_hres,1.7402567353143608
312,avamet,graphcast_hres_init,1.6754825947850494
312,avamet,pangu_hres_init,1.7961458708932683
313,avamet,ifs_hres,1.722475935177462
313,avamet,graphcast_hres_init,1.663417158046612
313,avamet,pangu_hres_init,1.7692916443974507
314,avamet,ifs_hres,1.7749874631415437
314,avamet,graphcast_hres_init,1.6873652557843264
314,avamet,pangu_hres_init,1.799753808134604
315,avamet,ifs_hres,1.7708805836544599
315,avamet,graphcast_hres_init,1.6929125943870296
315,avamet,pangu_hres_init,1.7958493774428863
316,avamet,ifs_hres,1.7495879532880008
316,avamet,graphcast_hres_init,1.6803669177252225
316,avamet,pangu_hres_init,1.7990686279996544
317,avamet,ifs_hres,1.7423049522339285
317,avamet,graphcast_hres_init,1.668461626853365
317,avamet,pangu_hres_init,1.7901747206515903
318,avamet,ifs_hres,1.7488216084255752
318,avamet,graphcast_hres_init,1.6866235076241827
318,avamet,pangu_hres_init,1.7966923858636699
319,avamet,ifs_hres,1.7111576343735715
319,avamet,graphcast_hres_init,1.6512301221125045
319,avamet,pangu_hres_init,1.7642586691799522
320,avamet,ifs_hres,1.75083543175786
320,avamet,graphcast_hres_init,1.6848090843947092
320,avamet,pangu_hres_init,1.7962886247381515
321,avamet,ifs_hres,1.7367484041916441
321,avamet,graphcast_hres_init,1.684639247964581
321,avamet,pangu_hres_init,1.795783849648814
322,avamet,ifs_hres,1.7316783309139203
322,avamet,graphcast_hres_init,1.6733128102036308
322,avamet,pangu_hres_init,1.793571716958358
323,avamet,ifs_hres,1.7346085798588666
323,avamet,graphcast_hres_init,1.6606710806202762
323,avamet,pangu_hres_init,1.779851708097687
324,avamet,ifs_hres,1.7633721737764798
324,avamet,graphcast_hres_init,1.6993073530031717
324,avamet,pangu_hres_init,1.8062850117833664
325,avamet,ifs_hres,1.7613749121009248
325,avamet,graphcast_hres_init,1.7040876052016036
325,avamet,pangu_hres_init,1.8145528912588302
326,avamet,ifs_hres,1.779683457381063
326,avamet,graphcast_hres_init,1.712812753745713
326,avamet,pangu_hres_init,1.8277489024421476
327,avamet,ifs_hres,1.7516111237931384
327,avamet,graphcast_hres_init,1.6850725139081955
327,avamet,pangu_hres_init,1.7945968291338412
328,avamet,ifs_hres,1.7469359998446892
328,avamet,graphcast_hres_init,1.6762473707540921
328,avamet,pangu_hres_init,1.7962731505583742
329,avamet,ifs_hres,1.727565084393719
329,avamet,graphcast_hres_init,1.6719188952048458
329,avamet,pangu_hres_init,1.7835012022800425
330,avamet,ifs_hres,1.7463942629649278
330,avamet,graphcast_hres_init,1.6727795666259704
330,avamet,pangu_hres_init,1.7739505842847427
331,avamet,ifs_hres,1.7565906705948737
331,avamet,graphcast_hres_init,1.6921000570329894
331,avamet,pangu_hres_init,1.8094963920333453
332,avamet,ifs_hres,1.770238832993114
332,avamet,graphcast_hres_init,1.7011806891179722
332,avamet,pangu_hres_init,1.820612919828944
333,avamet,ifs_hres,1.7456102119392638
333,avamet,graphcast_hres_init,1.6742679148527875
333,avamet,pangu_hres_init,1.7878018061300258
334,avamet,ifs_hres,1.7332934357657008
334,avamet,graphcast_hres_init,1.6778062192172
334,avamet,pangu_hres_init,1.7844882736404193
335,avamet,ifs_hres,1.7267181891319268
335,avamet,graphcast_hres_init,1.6535464588714572
335,avamet,pangu_hres_init,1.7704615880092724
336,avamet,ifs_hres,1.7561185009667688
336,avamet,graphcast_hres_init,1.6922433778920551
336,avamet,pangu_hres_init,1.819787560447195
337,avamet,ifs_hres,1.7401545570650405
337,avamet,graphcast_hres_init,1.672683822165432
337,avamet,pangu_hres_init,1.7873483938456078
338,avamet,ifs_hres,1.772367789922483
338,avamet,graphcast_hres_init,1.7043633006490506
338,avamet,pangu_hres_init,1.8189659773981182
339,avamet,ifs_hres,1.7397314196188483
339,avamet,graphcast_hres_init,1.67461572822924
339,avamet,pangu_hres_init,1.7834042740023524
340,avamet,ifs_hres,1.7361645587381755
340,avamet,graphcast_hres_init,1.6687359181777484
340,avamet,pangu_hres_init,1.7682292601596568
341,avamet,ifs_hres,1.7373263834790151
341,avamet,graphcast_hres_init,1.676761603752278
341,avamet,pangu_hres_init,1.7851864585217367
342,avamet,ifs_hres,1.760958140271581
342,avamet,graphcast_hres_init,1.6991841423913052
342,avamet,pangu_hres_init,1.7947288972002284
343,avamet,ifs_hres,1.738740395498302
343,avamet,graphcast_hres_init,1.6686360825168662
343,avamet,pangu_hres_init,1.7709505166548802
344,avamet,ifs_hres,1.749768030590612
344,avamet,graphcast_hres_init,1.688545626754125
344,avamet,pangu_hres_init,1.8133178206230178
345,avamet,ifs_hres,1.7499002136287956
345,avamet,graphcast_hres_init,1.6760811690529687
345,avamet,pangu_hres_init,1.7841351624571573
346,avamet,ifs_hres,1.7400692064587848
346,avamet,graphcast_hres_init,1.6817357908045203
346,avamet,pangu_hres_init,1.7894188625180967
347,avamet,ifs_hres,1.7559384866013483
347,avamet,graphcast_hres_init,1.6914764431800735
347,avamet,pangu_hres_init,1.8085773254885211
348,avamet,ifs_hres,1.7528238337706272
348,avamet,graphcast_hres_init,1.6800566995840547
348,avamet,pangu_hres_init,1.7934736802954387
349,avamet,ifs_hres,1.7400172072022373
349,avamet,graphcast_hres_init,1.6732394988080166
349,avamet,pangu_hres_init,1.7806945105215608
350,avamet,ifs_hres,1.7684836222971119
350,avamet,graphcast_hres_init,1.6979221880822286
350,avamet,pangu_hres_init,1.8040223027059226
351,avamet,ifs_hres,1.7669943345396701
351,avamet,graphcast_hres_init,1.6905169393783144
351,avamet,pangu_hres_init,1.8014614798732824
352,avamet,ifs_hres,1.7592136469799033
352,avamet,graphcast_hres_init,1.7115909674239551
352,avamet,pangu_hres_init,1.821792987425524
353,avamet,ifs_hres,1.7125936877878853
353,avamet,graphcast_hres_init,1.646862851846582
353,avamet,pangu_hres_init,1.7455802689711108
354,avamet,ifs_hres,1.7417913807349095
354,avamet,graphcast_hres_init,1.6738805170683744
354,avamet,pangu_hres_init,1.7823021998798199
355,avamet,ifs_hres,1.7810032375821656
355,avamet,graphcast_hres_init,1.7062771866694797
355,avamet,pangu_hres_init,1.8047699323815347
356,avamet,ifs_hres,1.7479433171990297
356,avamet,graphcast_hres_init,1.6938433009878988
356,avamet,pangu_hres_init,1.816646382364575
357,avamet,ifs_hres,1.7545883924544545
357,avamet,graphcast_hres_init,1.688676940237215
357,avamet,pangu_hres_init,1.7953545099935178
358,avamet,ifs_hres,1.7389917412782132
358,avamet,graphcast_hres_init,1.6714942580518326
358,avamet,pangu_hres_init,1.777513876447827
359,avamet,ifs_hres,1.754240299148309
359,avamet,graphcast_hres_init,1.6884496444498143
359,avamet,pangu_hres_init,1.796395398945557
360,avamet,ifs_hres,1.7583247141517764
360,avamet,graphcast_hres_init,1.697450733350229
360,avamet,pangu_hres_init,1.8053383851977645
361,avamet,ifs_hres,1.7671620218393216
361,avamet,graphcast_hres_init,1.696400255802204
361,avamet,pangu_hres_init,1.815152384824006
362,avamet,ifs_hres,1.7576392930576892
362,avamet,graphcast_hres_init,1.6943793237616418
362,avamet,pangu_hres_init,1.8009321270086565
363,avamet,ifs_hres,1.7582403292464643
363,avamet,graphcast_hres_init,1.6804358901586185
363,avamet,pangu_hres_init,1.787115364459602
364,avamet,ifs_hres,1.7511168427518797
364,avamet,graphcast_hres_init,1.700721164023303
364,avamet,pangu_hres_init,1.8018393265547221
365,avamet,ifs_hres,1.7505785806316645
365,avamet,graphcast_hres_init,1.6923818151666237
365,avamet,pangu_hres_init,1.7917928541139243
366,avamet,ifs_hres,1.7612783452414942
366,avamet,graphcast_hres_init,1.687097301933394
366,avamet,pangu_hres_init,1.7881485540682744
367,avamet,ifs_hres,1.7457347506229441
367,avamet,graphcast_hres_init,1.6739573079479175
367,avamet,pangu_hres_init,1.786484411402366
368,avamet,ifs_hres,1.7368568219920946
368,avamet,graphcast_hres_init,1.6639881501145009
368,avamet,pangu_hres_init,1.7769384864459472
369,avamet,ifs_hres,1.7432355372943789
369,avamet,graphcast_hres_init,1.6760332456531724
369,avamet,pangu_hres_init,1.7845089124406286
370,avamet,ifs_hres,1.7563613904976645
370,avamet,graphcast_hres_init,1.695748757355132
370,avamet,pangu_hres_init,1.8038350551862512
371,avamet,ifs_hres,1.7460847821128882
371,avamet,graphcast_hres_init,1.684319907494755
371,avamet,pangu_hres_init,1.8064345037844147
372,avamet,ifs_hres,1.7499201061651597
372,avamet,graphcast_hres_init,1.6908918195685636
372,avamet,pangu_hres_init,1.7957995578628787
373,avamet,ifs_hres,1.7595111440182296
373,avamet,graphcast_hres_init,1.692351778602113
373,avamet,pangu_hres_init,1.7995754718312658
374,avamet,ifs_hres,1.768586560475411
374,avamet,graphcast_hres_init,1.7024274438579758
374,avamet,pangu_hres_init,1.8127443354866515
375,avamet,ifs_hres,1.7197335969911864
375,avamet,graphcast_hres_init,1.6611008652573223
375,avamet,pangu_hres_init,1.7736263550791047
376,avamet,ifs_hres,1.7469736342798634
376,avamet,graphcast_hres_init,1.67153447308313
376,avamet,pangu_hres_init,1.8001147629359657
377,avamet,ifs_hres,1.7292127527728496
377,avamet,graphcast_hres_init,1.6600490489892674
377,avamet,pangu_hres_init,1.769006741667404
378,avamet,ifs_hres,1.7400141230464496
378,avamet,graphcast_hres_init,1.675884132272626
378,avamet,pangu_hres_init,1.7767408547793744
379,avamet,ifs_hres,1.7654203870212897
379,avamet,graphcast_hres_init,1.6962961754501362
379,avamet,pangu_hres_init,1.802453393507228
380,avamet,ifs_hres,1.749577120850162
380,avamet,graphcast_hres_init,1.6794962081001545
380,avamet,pangu_hres_init,1.7872300677042736
381,avamet,ifs_hres,1.7499661853636057
381,avamet,graphcast_hres_init,1.684281390619808
381,avamet,pangu_hres_init,1.7896627131015295
382,avamet,ifs_hres,1.763977320579707
382,avamet,graphcast_hres_init,1.6976282169534247
382,avamet,pangu_hres_init,1.8065036884787982
383,avamet,ifs_hres,1.764397386364009
383,avamet,graphcast_hres_init,1.701922602206127
383,avamet,pangu_hres_init,1.8193678727960596
384,avamet,ifs_hres,1.7432653283731423
384,avamet,graphcast_hres_init,1.6929594188344719
384,avamet,pangu_hres_init,1.8032627807163486
385,avamet,ifs_hres,1.7243192933454776
385,avamet,graphcast_hres_init,1.6738862991134262
385,avamet,pangu_hres_init,1.798674596278644
386,avamet,ifs_hres,1.7424982134762057
386,avamet,graphcast_hres_init,1.6699983047589835
386,avamet,pangu_hres_init,1.780846352516055
387,avamet,ifs_hres,1.7543891969408458
387,avamet,graphcast_hres_init,1.6882362295148665
387,avamet,pangu_hres_init,1.7808803241601943
388,avamet,ifs_hres,1.7367944189785802
388,avamet,graphcast_hres_init,1.6664863955207494
388,avamet,pangu_hres_init,1.7773072927317368
389,avamet,ifs_hres,1.7414531174310068
389,avamet,graphcast_hres_init,1.673174070178078
389,avamet,pangu_hres_init,1.7743641243626902
390,avamet,ifs_hres,1.7476779495737775
390,avamet,graphcast_hres_init,1.6799470049950525
390,avamet,pangu_hres_init,1.7820217824853382
391,avamet,ifs_hres,1.7664155380726323
391,avamet,graphcast_hres_init,1.6878907870375346
391,avamet,pangu_hres_init,1.7872399410934474
392,avamet,ifs_hres,1.7560474122662333
392,avamet,graphcast_hres_init,1.6753184110161083
392,avamet,pangu_hres_init,1.7861099523165054
393,avamet,ifs_hres,1.7702115486371213
393,avamet,graphcast_hres_init,1.6967679417440589
393,avamet,pangu_hres_init,1.8081919017687622
394,avamet,ifs_hres,1.7554624997706458
394,avamet,graphcast_hres_init,1.6738255181705997
394,avamet,pangu_hres_init,1.785637802303828
395,avamet,ifs_hres,1.7759236133779648
395,avamet,graphcast_hres_init,1.710694747465712
395,avamet,pangu_hres_init,1.8102535463155178
396,avamet,ifs_hres,1.7452022834888956
396,avamet,graphcast_hres_init,1.6792679654195808
396,avamet,pangu_hres_init,1.8105075365864551
397,avamet,ifs_hres,1.75256504814182
397,avamet,graphcast_hres_init,1.6905421479805516
397,avamet,pangu_hres_init,1.8041423264811214
398,avamet,ifs_hres,1.7361949455155283
398,avamet,graphcast_hres_init,1.6758751011202226
398,avamet,pangu_hres_init,1.7835076751340018
399,avamet,ifs_hres,1.738467801013993
399,avamet,graphcast_hres_init,1.6817668928727858
399,avamet,pangu_hres_init,1.7973667092001961
400,avamet,ifs_hres,1.7387053855425216
400,avamet,graphcast_hres_init,1.6652380573499301
400,avamet,pangu_hres_init,1.7684539348288102
401,avamet,ifs_hres,1.7265841110831879
401,avamet,graphcast_hres_init,1.6580118347316641
401,avamet,pangu_hres_init,1.7714745772661253
402,avamet,ifs_hres,1.767979433787366
402,avamet,graphcast_hres_init,1.7013139480303583
402,avamet,pangu_hres_init,1.8098616769441231
403,avamet,ifs_hres,1.7494077250452966
403,avamet,graphcast_hres_init,1.6891725434531317
403,avamet,pangu_hres_init,1.8104097192487822
404,avamet,ifs_hres,1.7804567576211154
404,avamet,graphcast_hres_init,1.7119189598405486
404,avamet,pangu_hres_init,1.8285815280070692
405,avamet,ifs_hres,1.7461084638411246
405,avamet,graphcast_hres_init,1.6810190484587977
405,avamet,pangu_hres_init,1.8008784829110691
406,avamet,ifs_hres,1.7606380858497783
406,avamet,graphcast_hres_init,1.6906524954652227
406,avamet,pangu_hres_init,1.794540914915353
407,avamet,ifs_hres,1.7383244458273974
407,avamet,graphcast_hres_init,1.6732654162139058
407,avamet,pangu_hres_init,1.788302686208501
408,avamet,ifs_hres,1.740940907188094
408,avamet,graphcast_hres_init,1.6776481985356473
408,avamet,pangu_hres_init,1.7918537569684205
409,avamet,ifs_hres,1.7320082394819039
409,avamet,graphcast_hres_init,1.6618288312265783
409,avamet,pangu_hres_init,1.77144502145995
410,avamet,ifs_hres,1.7292669109005188
410,avamet,graphcast_hres_init,1.6654730341361204
410,avamet,pangu_hres_init,1.7763515364589069
411,avamet,ifs_hres,1.7428988739676219
411,avamet,graphcast_hres_init,1.6804726173664963
411,avamet,pangu_hres_init,1.7842977886259137
412,avamet,ifs_hres,1.754984598630087
412,avamet,graphcast_hres_init,1.6804065311090266
412,avamet,pangu_hres_init,1.795383499589114
413,avamet,ifs_hres,1.748792782937988
413,avamet,graphcast_hres_init,1.686502600234128
413,avamet,pangu_hres_init,1.8047809603283416
414,avamet,ifs_hres,1.7597051921679072
414,avamet,graphcast_hres_init,1.6828603341316937
414,avamet,pangu_hres_init,1.7986801759758797
415,avamet,ifs_hres,1.7511734487672732
415,avamet,graphcast_hres_init,1.6925693961888364
415,avamet,pangu_hres_init,1.7979984325951448
416,avamet,ifs_hres,1.7409088638071246
416,avamet,graphcast_hres_init,1.6741242727691357
416,avamet,pangu_hres_init,1.784908614187982
417,avamet,ifs_hres,1.7348455722217915
417,avamet,graphcast_hres_init,1.6731514168409252
417,avamet,pangu_hres_init,1.7798852150545597
418,avamet,ifs_hres,1.7321156887171032
418,avamet,graphcast_hres_init,1.6687054589143988
418,avamet,pangu_hres_init,1.7828555630315401
419,avamet,ifs_hres,1.7343673234583834
419,avamet,graphcast_hres_init,1.6586679008201741
419,avamet,pangu_hres_init,1.7730156034071305
420,avamet,ifs_hres,1.752457953935845
420,avamet,graphcast_hres_init,1.688388277947129
420,avamet,pangu_hres_init,1.800124362516083
421,avamet,ifs_hres,1.753709412175948
421,avamet,graphcast_hres_init,1.6800667017987103
421,avamet,pangu_hres_init,1.791814625144707
422,avamet,ifs_hres,1.7716417581807344
422,avamet,graphcast_hres_init,1.695850815710431
422,avamet,pangu_hres_init,1.812356572957535
423,avamet,ifs_hres,1.7386811732563934
423,avamet,graphcast_hres_init,1.687392692814619
423,avamet,pangu_hres_init,1.7760650165397045
424,avamet,ifs_hres,1.7750829939576007
424,avamet,graphcast_hres_init,1.7085347667917308
424,avamet,pangu_hres_init,1.819383110812886
425,avamet,ifs_hres,1.7684061456788758
425,avamet,graphcast_hres_init,1.7035094492299212
425,avamet,pangu_hres_init,1.8168550243386936
426,avamet,ifs_hres,1.7411022745942661
426,avamet,graphcast_hres_init,1.6880967852046498
426,avamet,pangu_hres_init,1.7929732346696476
427,avamet,ifs_hres,1.739007526152561
427,avamet,graphcast_hres_init,1.668305255899385
427,avamet,pangu_hres_init,1.7890805854164449
428,avamet,ifs_hres,1.7585556811451872
428,avamet,graphcast_hres_init,1.7059299497171299
428,avamet,pangu_hres_init,1.8245773788639545
429,avamet,ifs_hres,1.7368328145304164
429,avamet,graphcast_hres_init,1.6607442135359503
429,avamet,pangu_hres_init,1.7750259977500238
430,avamet,ifs_hres,1.7636486003371787
430,avamet,graphcast_hres_init,1.6930793386292478
430,avamet,pangu_hres_init,1.8118826880569412
431,avamet,ifs_hres,1.7269114275661137
431,avamet,graphcast_hres_init,1.658600142863693
431,avamet,pangu_hres_init,1.7608816787949344
432,avamet,ifs_hres,1.744464607389364
432,avamet,graphcast_hres_init,1.684440804148362
432,avamet,pangu_hres_init,1.8019076946993113
433,avamet,ifs_hres,1.759480708179089
433,avamet,graphcast_hres_init,1.6794031607527877
433,avamet,pangu_hres_init,1.7846998666684262
434,avamet,ifs_hres,1.7318977543086649
434,avamet,graphcast_hres_init,1.665030512047028
434,avamet,pangu_hres_init,1.7736845919516737
435,avamet,ifs_hres,1.7466073559109954
435,avamet,graphcast_hres_init,1.6749485647659903
435,avamet,pangu_hres_init,1.780464323828124
436,avamet,ifs_hres,1.7228404323838864
436,avamet,graphcast_hres_init,1.6634219695154182
436,avamet,pangu_hres_init,1.7797640714245668
437,avamet,ifs_hres,1.7338980280664102
437,avamet,graphcast_hres_init,1.674201205782833
437,avamet,pangu_hres_init,1.8058190553249285
438,avamet,ifs_hres,1.7526749050743398
438,avamet,graphcast_hres_init,1.6815883059635544
438,avamet,pangu_hres_init,1.790056341998089
439,avamet,ifs_hres,1.743527550289143
439,avamet,graphcast_hres_init,1.665452551709362
439,avamet,pangu_hres_init,1.7829813030365127
440,avamet,ifs_hres,1.7357266172329875
440,avamet,graphcast_hres_init,1.6696078999387032
440,avamet,pangu_hres_init,1.791104800245304
441,avamet,ifs_hres,1.758959559012175
441,avamet,graphcast_hres_init,1.682737361986922
441,avamet,pangu_hres_init,1.7948492085074212
442,avamet,ifs_hres,1.7104602216235123
442,avamet,graphcast_hres_init,1.6581609451568768
442,avamet,pangu_hres_init,1.7510799644306352
443,avamet,ifs_hres,1.7592417093515957
443,avamet,graphcast_hres_init,1.6900905788805105
443,avamet,pangu_hres_init,1.792661825401981
444,avamet,ifs_hres,1.7686580684917959
444,avamet,graphcast_hres_init,1.7086194517175184
444,avamet,pangu_hres_init,1.810332143197705
445,avamet,ifs_hres,1.73375746788436
445,avamet,graphcast_hres_init,1.6776908279022782
445,avamet,pangu_hres_init,1.7873795131166912
446,avamet,ifs_hres,1.736179734115259
446,avamet,graphcast_hres_init,1.680508721682569
446,avamet,pangu_hres_init,1.774260539716774
447,avamet,ifs_hres,1.7530062305644514
447,avamet,graphcast_hres_init,1.6872601200360087
447,avamet,pangu_hres_init,1.80718965741968
448,avamet,ifs_hres,1.7494008463169943
448,avamet,graphcast_hres_init,1.6889021453994
448,avamet,pangu_hres_init,1.7868288437557256
449,avamet,ifs_hres,1.7250752794122366
449,avamet,graphcast_hres_init,1.6486869632267263
449,avamet,pangu_hres_init,1.7690421595262131
450,avamet,ifs_hres,1.7382638203032543
450,avamet,graphcast_hres_init,1.6713384525152244
450,avamet,pangu_hres_init,1.7729299036483706
451,avamet,ifs_hres,1.762329775974191
451,avamet,graphcast_hres_init,1.690279167341116
451,avamet,pangu_hres_init,1.7928616814959306
452,avamet,ifs_hres,1.7286274366584893
452,avamet,graphcast_hres_init,1.6543874143974817
452,avamet,pangu_hres_init,1.7719099018566686
453,avamet,ifs_hres,1.75269071845921
453,avamet,graphcast_hres_init,1.678593902029769
453,avamet,pangu_hres_init,1.78222762869026
454,avamet,ifs_hres,1.7303263929401282
454,avamet,graphcast_hres_init,1.672369536212452
454,avamet,pangu_hres_init,1.7824646905477863
455,avamet,ifs_hres,1.7658164429303373
455,avamet,graphcast_hres_init,1.6970358486515755
455,avamet,pangu_hres_init,1.8044482882132464
456,avamet,ifs_hres,1.7437347403420411
456,avamet,graphcast_hres_init,1.678324377163622
456,avamet,pangu_hres_init,1.7961445444977322
457,avamet,ifs_hres,1.7606061492814222
457,avamet,graphcast_hres_init,1.692177350210387
457,avamet,pangu_hres_init,1.7986999127044159
458,avamet,ifs_hres,1.7671566401250292
458,avamet,graphcast_hres_init,1.6897299855110062
458,avamet,pangu_hres_init,1.791635114168214
459,avamet,ifs_hres,1.7660959902609294
459,avamet,graphcast_hres_init,1.6961198956561685
459,avamet,pangu_hres_init,1.8003163545692158
460,avamet,ifs_hres,1.7524451754896417
460,avamet,graphcast_hres_init,1.6888157519208653
460,avamet,pangu_hres_init,1.8027829086837162
461,avamet,ifs_hres,1.7534141456535424
461,avamet,graphcast_hres_init,1.6891054368159408
461,avamet,pangu_hres_init,1.7830368669279493
462,avamet,ifs_hres,1.7188642775399503
462,avamet,graphcast_hres_init,1.648125577107238
462,avamet,pangu_hres_init,1.7552049808044166
463,avamet,ifs_hres,1.7333955324772423
463,avamet,graphcast_hres_init,1.648298311684538
463,avamet,pangu_hres_init,1.7628156901211027
464,avamet,ifs_hres,1.753369871273048
464,avamet,graphcast_hres_init,1.6811552621591166
464,avamet,pangu_hres_init,1.7963837684800847
465,avamet,ifs_hres,1.7385743973715095
465,avamet,graphcast_hres_init,1.6775666747198046
465,avamet,pangu_hres_init,1.8056032490811618
466,avamet,ifs_hres,1.7636804290063801
466,avamet,graphcast_hres_init,1.6900809741326943
466,avamet,pangu_hres_init,1.8056420599056937
467,avamet,ifs_hres,1.7437173686271108
467,avamet,graphcast_hres_init,1.6736459612393293
467,avamet,pangu_hres_init,1.7846850852724279
468,avamet,ifs_hres,1.7561168494496167
468,avamet,graphcast_hres_init,1.6832835622213622
468,avamet,pangu_hres_init,1.801461559858318
469,avamet,ifs_hres,1.7382792731754482
469,avamet,graphcast_hres_init,1.6741965696072558
469,avamet,pangu_hres_init,1.7764050238924867
470,avamet,ifs_hres,1.7523421837989896
470,avamet,graphcast_hres_init,1.685790621369009
470,avamet,pangu_hres_init,1.7921096269204333
471,avamet,ifs_hres,1.7608289375670028
471,avamet,graphcast_hres_init,1.69869713423141
471,avamet,pangu_hres_init,1.8211847867802409
472,avamet,ifs_hres,1.752102428038025
472,avamet,graphcast_hres_init,1.6837990798290676
472,avamet,pangu_hres_init,1.800788138874692
473,avamet,ifs_hres,1.7289226609022768
473,avamet,graphcast_hres_init,1.6606526388305511
473,avamet,pangu_hres_init,1.7656709335098317
474,avamet,ifs_hres,1.7270118736942728
474,avamet,graphcast_hres_init,1.6717205180863406
474,avamet,pangu_hres_init,1.7898940507478758
475,avamet,ifs_hres,1.7591016704322011
475,avamet,graphcast_hres_init,1.6955341095708556
475,avamet,pangu_hres_init,1.8028131396600202
476,avamet,ifs_hres,1.7744667538406913
476,avamet,graphcast_hres_init,1.7017455473474572
476,avamet,pangu_hres_init,1.7914992350165047
477,avamet,ifs_hres,1.7400971095585185
477,avamet,graphcast_hres_init,1.6748979204528303
477,avamet,pangu_hres_init,1.7933591883130344
478,avamet,ifs_hres,1.749269352588397
478,avamet,graphcast_hres_init,1.6925252239934647
478,avamet,pangu_hres_init,1.8031965363531828
479,avamet,ifs_hres,1.727586419718186
479,avamet,graphcast_hres_init,1.6624325363888286
479,avamet,pangu_hres_init,1.785373983983431
480,avamet,ifs_hres,1.7504852351072484
480,avamet,graphcast_hres_init,1.6811649518788812
480,avamet,pangu_hres_init,1.8010023776879271
481,avamet,ifs_hres,1.759069720987555
481,avamet,graphcast_hres_init,1.6848997085597799
481,avamet,pangu_hres_init,1.7886477836163213
482,avamet,ifs_hres,1.7410630178863824
482,avamet,graphcast_hres_init,1.6844949182063769
482,avamet,pangu_hres_init,1.7983739729078032
483,avamet,ifs_hres,1.734980431561336
483,avamet,graphcast_hres_init,1.6715672592170432
483,avamet,pangu_hres_init,1.778457028943538
484,avamet,ifs_hres,1.7537020762629936
484,avamet,graphcast_hres_init,1.6730063694398916
484,avamet,pangu_hres_init,1.7803417789737366
485,avamet,ifs_hres,1.7528716842892065
485,avamet,graphcast_hres_init,1.693673872824272
485,avamet,pangu_hres_init,1.800986330054036
486,avamet,ifs_hres,1.7547942118717577
486,avamet,graphcast_hres_init,1.679145720890137
486,avamet,pangu_hres_init,1.7926419073128432
487,avamet,ifs_hres,1.7674151115553058
487,avamet,graphcast_hres_init,1.7073172699798833
487,avamet,pangu_hres_init,1.8275638108881993
488,avamet,ifs_hres,1.7639126083682195
488,avamet,graphcast_hres_init,1.6900093943431058
488,avamet,pangu_hres_init,1.7968709044403297
489,avamet,ifs_hres,1.7243294596437273
489,avamet,graphcast_hres_init,1.6688412041065663
489,avamet,pangu_hres_init,1.7799017603077676
490,avamet,ifs_hres,1.753184337464917
490,avamet,graphcast_hres_init,1.6787711673542793
490,avamet,pangu_hres_init,1.7940461089592195
491,avamet,ifs_hres,1.7348125170835331
491,avamet,graphcast_hres_init,1.6721170726627093
491,avamet,pangu_hres_init,1.7791240379619206
492,avamet,ifs_hres,1.7431821043459315
492,avamet,graphcast_hres_init,1.684249800677397
492,avamet,pangu_hres_init,1.7786519229517983
493,avamet,ifs_hres,1.7472829396066625
493,avamet,graphcast_hres_init,1.6734318144195335
493,avamet,pangu_hres_init,1.7708767811301651
494,avamet,ifs_hres,1.7429287546986443
494,avamet,graphcast_hres_init,1.6882447380277923
494,avamet,pangu_hres_init,1.7862582592196594
495,avamet,ifs_hres,1.7483120319323944
495,avamet,graphcast_hres_init,1.6679291247138037
495,avamet,pangu_hres_init,1.7649692632882583
496,avamet,ifs_hres,1.7376226180641978
496,avamet,graphcast_hres_init,1.671670738155885
496,avamet,pangu_hres_init,1.780947736701171
497,avamet,ifs_hres,1.7420809477320414
497,avamet,graphcast_hres_init,1.6818126198749608
497,avamet,pangu_hres_init,1.7983716587849763
498,avamet,ifs_hres,1.7404357739879315
498,avamet,graphcast_hres_init,1.6724244998282707
498,avamet,pangu_hres_init,1.7807360783952098
499,avamet,ifs_hres,1.745341489532566
499,avamet,graphcast_hres_init,1.6830837699876198
499,avamet,pangu_hres_init,1.7822179666254716
500,avamet,ifs_hres,1.7431275687053038
500,avamet,graphcast_hres_init,1.6819580288703302
500,avamet,pangu_hres_init,1.7900086986246828
501,avamet,ifs_hres,1.7290383880530613
501,avamet,graphcast_hres_init,1.6822069092248273
501,avamet,pangu_hres_init,1.80143506621476
502,avamet,ifs_hres,1.733232178957323
502,avamet,graphcast_hres_init,1.6737390361292064
502,avamet,pangu_hres_init,1.7605533530196422
503,avamet,ifs_hres,1.783021553708111
503,avamet,graphcast_hres_init,1.7141070719296725
503,avamet,pangu_hres_init,1.8289321975824782
504,avamet,ifs_hres,1.7480200137467683
504,avamet,graphcast_hres_init,1.680870399723587
504,avamet,pangu_hres_init,1.7972491283213936
505,avamet,ifs_hres,1.7488096475328747
505,avamet,graphcast_hres_init,1.6855051479777299
505,avamet,pangu_hres_init,1.791572346033234
506,avamet,ifs_hres,1.7472388969833719
506,avamet,graphcast_hres_init,1.6738241031167007
506,avamet,pangu_hres_init,1.7742942709176948
507,avamet,ifs_hres,1.7689760634806257
507,avamet,graphcast_hres_init,1.6987131489575535
507,avamet,pangu_hres_init,1.8125289077938538
508,avamet,ifs_hres,1.7446099504638144
508,avamet,graphcast_hres_init,1.6782086389943502
508,avamet,pangu_hres_init,1.7824814670188447
509,avamet,ifs_hres,1.7374075464439422
509,avamet,graphcast_hres_init,1.6808968181214303
509,avamet,pangu_hres_init,1.7978607331307561
510,avamet,ifs_hres,1.750297762313433
510,avamet,graphcast_hres_init,1.6851159165392775
510,avamet,pangu_hres_init,1.8031761329465097
511,avamet,ifs_hres,1.7380606749204548
511,avamet,graphcast_hres_init,1.6724437931928533
511,avamet,pangu_hres_init,1.7820459331755008
512,avamet,ifs_hres,1.7554841010615392
512,avamet,graphcast_hres_init,1.6813625526147093
512,avamet,pangu_hres_init,1.7929633058193077
513,avamet,ifs_hres,1.7554300208204718
513,avamet,graphcast_hres_init,1.6764680276146837
513,avamet,pangu_hres_init,1.781214731747658
514,avamet,ifs_hres,1.7043154141906287
514,avamet,graphcast_hres_init,1.6507008132239682
514,avamet,pangu_hres_init,1.7721699571037712
515,avamet,ifs_hres,1.7540953736350375
515,avamet,graphcast_hres_init,1.6884262125716676
515,avamet,pangu_hres_init,1.7988633137445276
516,avamet,ifs_hres,1.7589074587826505
516,avamet,graphcast_hres_init,1.6819024015287962
516,avamet,pangu_hres_init,1.8044521966558695
517,avamet,ifs_hres,1.7437891560062941
517,avamet,graphcast_hres_init,1.6815780281492425
517,avamet,pangu_hres_init,1.7778482431844194
518,avamet,ifs_hres,1.7784812874417695
518,avamet,graphcast_hres_init,1.6995016580095381
518,avamet,pangu_hres_init,1.8068146326888248
519,avamet,ifs_hres,1.7582459875427832
519,avamet,graphcast_hres_init,1.686452401078366
519,avamet,pangu_hres_init,1.8051460772891796
520,avamet,ifs_hres,1.7644059078736707
520,avamet,graphcast_hres_init,1.687546739349748
520,avamet,pangu_hres_init,1.794354897078326
521,avamet,ifs_hres,1.7763994512420753
521,avamet,graphcast_hres_init,1.707615334287042
521,avamet,pangu_hres_init,1.8253891101981132
522,avamet,ifs_hres,1.7500550247830362
522,avamet,graphcast_hres_init,1.6969259478082426
522,avamet,pangu_hres_init,1.8036612901090368
523,avamet,ifs_hres,1.7535779440246402
523,avamet,graphcast_hres_init,1.6869319547650268
523,avamet,pangu_hres_init,1.8109158496087994
524,avamet,ifs_hres,1.748184261977406
524,avamet,graphcast_hres_init,1.6792603495427754
524,avamet,pangu_hres_init,1.7766987359025983
525,avamet,ifs_hres,1.7593620549455027
525,avamet,graphcast_hres_init,1.6907580313464163
525,avamet,pangu_hres_init,1.7998248226913738
526,avamet,ifs_hres,1.7373228368187943
526,avamet,graphcast_hres_init,1.6667876304619151
526,avamet,pangu_hres_init,1.7704937250879462
527,avamet,ifs_hres,1.7031361847428252
527,avamet,graphcast_hres_init,1.645472501468454
527,avamet,pangu_hres_init,1.756389136760676
528,avamet,ifs_hres,1.7453419884925248
528,avamet,graphcast_hres_init,1.6774612108999463
528,avamet,pangu_hres_init,1.7857843948634364
529,avamet,ifs_hres,1.7190175676743786
529,avamet,graphcast_hres_init,1.6670403171388883
529,avamet,pangu_hres_init,1.7807029348727201
530,avamet,ifs_hres,1.75315297702932
530,avamet,graphcast_hres_init,1.6893069582730709
530,avamet,pangu_hres_init,1.8102107317445142
531,avamet,ifs_hres,1.7462607020791454
531,avamet,graphcast_hres_init,1.674691433730381
531,avamet,pangu_hres_init,1.781536281321336
532,avamet,ifs_hres,1.724422616775917
532,avamet,graphcast_hres_init,1.6603970597340483
532,avamet,pangu_hres_init,1.7711747463966574
533,avamet,ifs_hres,1.7156442538824404
533,avamet,graphcast_hres_init,1.662754446847633
533,avamet,pangu_hres_init,1.758794623542337
534,avamet,ifs_hres,1.778185199375325
534,avamet,graphcast_hres_init,1.700407077828673
534,avamet,pangu_hres_init,1.816552928419389
535,avamet,ifs_hres,1.7377538546516402
535,avamet,graphcast_hres_init,1.6713497598897868
535,avamet,pangu_hres_init,1.7781378539107047
536,avamet,ifs_hres,1.768247075605147
536,avamet,graphcast_hres_init,1.6949220878347169
536,avamet,pangu_hres_init,1.8100543767511748
537,avamet,ifs_hres,1.770166726018473
537,avamet,graphcast_hres_init,1.681590866820952
537,avamet,pangu_hres_init,1.7844640455791356
538,avamet,ifs_hres,1.7422877423574414
538,avamet,graphcast_hres_init,1.6782889788413649
538,avamet,pangu_hres_init,1.7812678858024156
539,avamet,ifs_hres,1.7335096492027382
539,avamet,graphcast_hres_init,1.6633236109825316
539,avamet,pangu_hres_init,1.7732560099195622
540,avamet,ifs_hres,1.7393636834210588
540,avamet,graphcast_hres_init,1.6716082440194662
540,avamet,pangu_hres_init,1.775274962777802
541,avamet,ifs_hres,1.7517454048661736
541,avamet,graphcast_hres_init,1.6906784445004557
541,avamet,pangu_hres_init,1.811046175170346
542,avamet,ifs_hres,1.7574182751141305
542,avamet,graphcast_hres_init,1.69238620076984
542,avamet,pangu_hres_init,1.8079789419171681
543,avamet,ifs_hres,1.7507895992994633
543,avamet,graphcast_hres_init,1.6925140998562003
543,avamet,pangu_hres_init,1.810978101209851
544,avamet,ifs_hres,1.7336494394508022
544,avamet,graphcast_hres_init,1.6800002967093464
544,avamet,pangu_hres_init,1.8043749256099644
545,avamet,ifs_hres,1.734309475532199
545,avamet,graphcast_hres_init,1.6730334628186037
545,avamet,pangu_hres_init,1.7740194783257732
546,avamet,ifs_hres,1.748321448043993
546,avamet,graphcast_hres_init,1.673370572566951
546,avamet,pangu_hres_init,1.787113212380345
547,avamet,ifs_hres,1.7366403814166196
547,avamet,graphcast_hres_init,1.6766917213890062
547,avamet,pangu_hres_init,1.7745580696468022
548,avamet,ifs_hres,1.7638783519054104
548,avamet,graphcast_hres_init,1.6873243934105493
548,avamet,pangu_hres_init,1.7888997097227488
549,avamet,ifs_hres,1.7676558139864997
549,avamet,graphcast_hres_init,1.6918828962211185
549,avamet,pangu_hres_init,1.7938813613943
550,avamet,ifs_hres,1.7342673113733473
550,avamet,graphcast_hres_init,1.6641746125758559
550,avamet,pangu_hres_init,1.7706108334229318
551,avamet,ifs_hres,1.7352886600167394
551,avamet,graphcast_hres_init,1.6753189658095065
551,avamet,pangu_hres_init,1.7942507734898683
552,avamet,ifs_hres,1.7434451686496697
552,avamet,graphcast_hres_init,1.683782059467948
552,avamet,pangu_hres_init,1.7918173171586937
553,avamet,ifs_hres,1.728224426020069
553,avamet,graphcast_hres_init,1.6651145561273537
553,avamet,pangu_hres_init,1.7659581096521697
554,avamet,ifs_hres,1.746096722327338
554,avamet,graphcast_hres_init,1.6839290274778815
554,avamet,pangu_hres_init,1.7895364141620385
555,avamet,ifs_hres,1.757483015550986
555,avamet,graphcast_hres_init,1.69389464849473
555,avamet,pangu_hres_init,1.7928891570817087
556,avamet,ifs_hres,1.744984626808625
556,avamet,graphcast_hres_init,1.6883047888077767
556,avamet,pangu_hres_init,1.794698830864543
557,avamet,ifs_hres,1.755057455539989
557,avamet,graphcast_hres_init,1.6943595363356359
557,avamet,pangu_hres_init,1.7908505346480963
558,avamet,ifs_hres,1.7743855837775782
558,avamet,graphcast_hres_init,1.6964798808593302
558,avamet,pangu_hres_init,1.7979602905815328
559,avamet,ifs_hres,1.7565416978037613
559,avamet,graphcast_hres_init,1.7040628206120045
559,avamet,pangu_hres_init,1.809611102119867
560,avamet,ifs_hres,1.7717255628797457
560,avamet,graphcast_hres_init,1.7003105495079183
560,avamet,pangu_hres_init,1.8155777239327329
561,avamet,ifs_hres,1.7203049603004574
561,avamet,graphcast_hres_init,1.6611675487740396
561,avamet,pangu_hres_init,1.7671216074237242
562,avamet,ifs_hres,1.727590431948557
562,avamet,graphcast_hres_init,1.6596229577828732
562,avamet,pangu_hres_init,1.7661396449567526
563,avamet,ifs_hres,1.724088801852779
563,avamet,graphcast_hres_init,1.6617258266816333
563,avamet,pangu_hres_init,1.7709288810662667
564,avamet,ifs_hres,1.7553760233723945
564,avamet,graphcast_hres_init,1.6880285891442917
564,avamet,pangu_hres_init,1.803303431611118
565,avamet,ifs_hres,1.7484775251798996
565,avamet,graphcast_hres_init,1.6778090246754043
565,avamet,pangu_hres_init,1.8004171975053884
566,avamet,ifs_hres,1.7203472560987172
566,avamet,graphcast_hres_init,1.6578369063855238
566,avamet,pangu_hres_init,1.7723530270206025
567,avamet,ifs_hres,1.7775273427694769
567,avamet,graphcast_hres_init,1.7076760616564892
567,avamet,pangu_hres_init,1.8212368237503946
568,avamet,ifs_hres,1.7534246366762396
568,avamet,graphcast_hres_init,1.6902414686901936
568,avamet,pangu_hres_init,1.803095184810168
569,avamet,ifs_hres,1.7419431459959303
569,avamet,graphcast_hres_init,1.6836709756094328
569,avamet,pangu_hres_init,1.78363455893108
570,avamet,ifs_hres,1.7472610026266224
570,avamet,graphcast_hres_init,1.660004678730724
570,avamet,pangu_hres_init,1.7640555470699062
571,avamet,ifs_hres,1.7512529752029407
571,avamet,graphcast_hres_init,1.6824214336360535
571,avamet,pangu_hres_init,1.7985277645993079
572,avamet,ifs_hres,1.7672758601676106
572,avamet,graphcast_hres_init,1.7020782288899887
572,avamet,pangu_hres_init,1.8197513511494523
573,avamet,ifs_hres,1.7623252793150708
573,avamet,graphcast_hres_init,1.6826549917087767
573,avamet,pangu_hres_init,1.785960415950363
574,avamet,ifs_hres,1.7425093039125672
574,avamet,graphcast_hres_init,1.6704362531203758
574,avamet,pangu_hres_init,1.782008324944962
575,avamet,ifs_hres,1.7732608568295967
575,avamet,graphcast_hres_init,1.6947782378273506
575,avamet,pangu_hres_init,1.8060739872747662
576,avamet,ifs_hres,1.7565044476483358
576,avamet,graphcast_hres_init,1.6912605065421702
576,avamet,pangu_hres_init,1.8020776426425504
577,avamet,ifs_hres,1.730831148793231
577,avamet,graphcast_hres_init,1.6833297397640212
577,avamet,pangu_hres_init,1.7816759948125467
578,avamet,ifs_hres,1.736279518979455
578,avamet,graphcast_hres_init,1.6707662249350879
578,avamet,pangu_hres_init,1.7754941489705953
579,avamet,ifs_hres,1.7437630128191013
579,avamet,graphcast_hres_init,1.6749105731421867
579,avamet,pangu_hres_init,1.7865448846701464
580,avamet,ifs_hres,1.7468560664167652
580,avamet,graphcast_hres_init,1.6728205260139013
580,avamet,pangu_hres_init,1.7849075045559366
581,avamet,ifs_hres,1.7685242973562156
581,avamet,graphcast_hres_init,1.6928219482698792
581,avamet,pangu_hres_init,1.808827791136221
582,avamet,ifs_hres,1.724535996079689
582,avamet,graphcast_hres_init,1.6695939267157889
582,avamet,pangu_hres_init,1.7925018813959657
583,avamet,ifs_hres,1.7230626876227653
583,avamet,graphcast_hres_init,1.669807514799892
583,avamet,pangu_hres_init,1.7770624000495865
584,avamet,ifs_hres,1.7449819593434712
584,avamet,graphcast_hres_init,1.6772906223087916
584,avamet,pangu_hres_init,1.7935756680638308
585,avamet,ifs_hres,1.7591196395923232
585,avamet,graphcast_hres_init,1.671214241899302
585,avamet,pangu_hres_init,1.789401701047092
586,avamet,ifs_hres,1.7575786979620578
586,avamet,graphcast_hres_init,1.7033923138871636
586,avamet,pangu_hres_init,1.808020603471951
587,avamet,ifs_hres,1.7404728286858322
587,avamet,graphcast_hres_init,1.6761416517317813
587,avamet,pangu_hres_init,1.7889463220777702
588,avamet,ifs_hres,1.7505920298592161
588,avamet,graphcast_hres_init,1.6927451568109786
588,avamet,pangu_hres_init,1.7966094962723849
589,avamet,ifs_hres,1.7382901615008302
589,avamet,graphcast_hres_init,1.682619401129611
589,avamet,pangu_hres_init,1.7881929786040254
590,avamet,ifs_hres,1.740738542500349
590,avamet,graphcast_hres_init,1.6856588880938659
590,avamet,pangu_hres_init,1.7977979025669564
591,avamet,ifs_hres,1.7576376359105979
591,avamet,graphcast_hres_init,1.6956623087996552
591,avamet,pangu_hres_init,1.8132509268394659
592,avamet,ifs_hres,1.7681683127495411
592,avamet,graphcast_hres_init,1.700903883197036
592,avamet,pangu_hres_init,1.8102108710626643
593,avamet,ifs_hres,1.7557088184056304
593,avamet,graphcast_hres_init,1.680168255594752
593,avamet,pangu_hres_init,1.7958765323313215
594,avamet,ifs_hres,1.7506959977635013
594,avamet,graphcast_hres_init,1.6904936754277247
594,avamet,pangu_hres_init,1.7880465068510496
595,avamet,ifs_hres,1.737589081856163
595,avamet,graphcast_hres_init,1.663805714263813
595,avamet,pangu_hres_init,1.773082902515774
596,avamet,ifs_hres,1.7532168686339138
596,avamet,graphcast_hres_init,1.6808691969166403
596,avamet,pangu_hres_init,1.7876326218709249
597,avamet,ifs_hres,1.7329346825835397
597,avamet,graphcast_hres_init,1.6912590292706509
597,avamet,pangu_hres_init,1.7965155913369943
598,avamet,ifs_hres,1.743413666108941
598,avamet,graphcast_hres_init,1.671302024918789
598,avamet,pangu_hres_init,1.7845185067437337
599,avamet,ifs_hres,1.7357619567071818
599,avamet,graphcast_hres_init,1.6636067103274894
599,avamet,pangu_hres_init,1.7863480030304917
600,avamet,ifs_hres,1.7618925801275438
600,avamet,graphcast_hres_init,1.7075296737069035
600,avamet,pangu_hres_init,1.8323937431022246
601,avamet,ifs_hres,1.7435410566315392
601,avamet,graphcast_hres_init,1.6831448267617701
601,avamet,pangu_hres_init,1.7873076355411983
602,avamet,ifs_hres,1.7752928443486895
602,avamet,graphcast_hres_init,1.7077291435251372
602,avamet,pangu_hres_init,1.8130115948207601
603,avamet,ifs_hres,1.7518889314874415
603,avamet,graphcast_hres_init,1.6865615316704865
603,avamet,pangu_hres_init,1.7951961431816086
604,avamet,ifs_hres,1.7616281147908024
604,avamet,graphcast_hres_init,1.7144539814287936
604,avamet,pangu_hres_init,1.816054270000156
605,avamet,ifs_hres,1.749955877316629
605,avamet,graphcast_hres_init,1.6851461763283277
605,avamet,pangu_hres_init,1.7897502958319869
606,avamet,ifs_hres,1.7290117915916774
606,avamet,graphcast_hres_init,1.6656943272826954
606,avamet,pangu_hres_init,1.769939247368041
607,avamet,ifs_hres,1.7666631676141908
607,avamet,graphcast_hres_init,1.6941204433172814
607,avamet,pangu_hres_init,1.8028169938293896
608,avamet,ifs_hres,1.7315013710526652
608,avamet,graphcast_hres_init,1.6665514167910545
608,avamet,pangu_hres_init,1.7675246873660024
609,avamet,ifs_hres,1.748110928684651
609,avamet,graphcast_hres_init,1.6689487183790035
609,avamet,pangu_hres_init,1.7871094866450727
610,avamet,ifs_hres,1.7441197389024954
610,avamet,graphcast_hres_init,1.678188424158086
610,avamet,pangu_hres_init,1.7906369552466024
611,avamet,ifs_hres,1.7760376505975568
611,avamet,graphcast_hres_init,1.7004111766437926
611,avamet,pangu_hres_init,1.8154185528716333
612,avamet,ifs_hres,1.738046789128019
612,avamet,graphcast_hres_init,1.679618314639599
612,avamet,pangu_hres_init,1.7899244753414756
613,avamet,ifs_hres,1.7205456531590146
613,avamet,graphcast_hres_init,1.6635857939053391
613,avamet,pangu_hres_init,1.7703490991073167
614,avamet,ifs_hres,1.7343663435647794
614,avamet,graphcast_hres_init,1.6766396338293503
614,avamet,pangu_hres_init,1.7939273557130833
615,avamet,ifs_hres,1.750052484252479
615,avamet,graphcast_hres_init,1.68916859541908
615,avamet,pangu_hres_init,1.7871116107363352
616,avamet,ifs_hres,1.7547635993064288
616,avamet,graphcast_hres_init,1.6775120117630695
616,avamet,pangu_hres_init,1.8041010841574767
617,avamet,ifs_hres,1.7515300258236914
617,avamet,graphcast_hres_init,1.6936899571572537
617,avamet,pangu_hres_init,1.7930625222529595
618,avamet,ifs_hres,1.7596236902690456
618,avamet,graphcast_hres_init,1.6814843563872606
618,avamet,pangu_hres_init,1.780701949901261
619,avamet,ifs_hres,1.761936731943267
619,avamet,graphcast_hres_init,1.7006054513440307
619,avamet,pangu_hres_init,1.8216055961637836
620,avamet,ifs_hres,1.7577897158458118
620,avamet,graphcast_hres_init,1.692179948780267
620,avamet,pangu_hres_init,1.8051798386900126
621,avamet,ifs_hres,1.7548738512090685
621,avamet,graphcast_hres_init,1.6897370756764356
621,avamet,pangu_hres_init,1.7983405074399696
622,avamet,ifs_hres,1.7505350300243478
622,avamet,graphcast_hres_init,1.6843605705182394
622,avamet,pangu_hres_init,1.7777625863159607
623,avamet,ifs_hres,1.7406695252499491
623,avamet,graphcast_hres_init,1.6623422492052529
623,avamet,pangu_hres_init,1.7601904376107465
624,avamet,ifs_hres,1.770660788668825
624,avamet,graphcast_hres_init,1.697330661674424
624,avamet,pangu_hres_init,1.8143048841645018
625,avamet,ifs_hres,1.7584044556429035
625,avamet,graphcast_hres_init,1.699620439320479
625,avamet,pangu_hres_init,1.8081362636841312
626,avamet,ifs_hres,1.7440711083551832
626,avamet,graphcast_hres_init,1.6820318542879547
626,avamet,pangu_hres_init,1.7922177720679857
627,avamet,ifs_hres,1.7293763164799012
627,avamet,graphcast_hres_init,1.6598780937879087
627,avamet,pangu_hres_init,1.7562900973571978
628,avamet,ifs_hres,1.7723134626184207
628,avamet,graphcast_hres_init,1.7040418822013998
628,avamet,pangu_hres_init,1.8144287097474645
629,avamet,ifs_hres,1.7074271235139211
629,avamet,graphcast_hres_init,1.6591001341754748
629,avamet,pangu_hres_init,1.7664627634943486
630,avamet,ifs_hres,1.7209197926525535
630,avamet,graphcast_hres_init,1.6484033724522613
630,avamet,pangu_hres_init,1.763424267635215
631,avamet,ifs_hres,1.7411612594348997
631,avamet,graphcast_hres_init,1.6721622143366615
631,avamet,pangu_hres_init,1.7922707201225676
632,avamet,ifs_hres,1.7277046217462206
632,avamet,graphcast_hres_init,1.6705997648623767
632,avamet,pangu_hres_init,1.77855776586385
633,avamet,ifs_hres,1.7370351789425784
633,avamet,graphcast_hres_init,1.6725004980011946
633,avamet,pangu_hres_init,1.7851655447408399
634,avamet,ifs_hres,1.7564991561019951
634,avamet,graphcast_hres_init,1.6842744307740134
634,avamet,pangu_hres_init,1.815029295208229
635,avamet,ifs_hres,1.7491023548564135
635,avamet,graphcast_hres_init,1.6853874882418736
635,avamet,pangu_hres_init,1.7983724548077333
636,avamet,ifs_hres,1.7347979983324928
636,avamet,graphcast_hres_init,1.6667941335862795
636,avamet,pangu_hres_init,1.7756493760176892
637,avamet,ifs_hres,1.7583609513021639
637,avamet,graphcast_hres_init,1.694021035396548
637,avamet,pangu_hres_init,1.80571770192953
638,avamet,ifs_hres,1.7590583191409914
638,avamet,graphcast_hres_init,1.7015315353394371
638,avamet,pangu_hres_init,1.8145931777392894
639,avamet,ifs_hres,1.7543266537822773
639,avamet,graphcast_hres_init,1.6853627446060817
639,avamet,pangu_hres_init,1.7953089254039267
640,avamet,ifs_hres,1.7507207642497182
640,avamet,graphcast_hres_init,1.6926025979545873
640,avamet,pangu_hres_init,1.7985265263797652
641,avamet,ifs_hres,1.737738451236331
641,avamet,graphcast_hres_init,1.6720744938352057
641,avamet,pangu_hres_init,1.7702563251286756
642,avamet,ifs_hres,1.7548630982027904
642,avamet,graphcast_hres_init,1.6940083550843408
642,avamet,pangu_hres_init,1.8011107101351138
643,avamet,ifs_hres,1.7515905135337617
643,avamet,graphcast_hres_init,1.686562215507383
643,avamet,pangu_hres_init,1.7940069491412418
644,avamet,ifs_hres,1.7639014608927086
644,avamet,graphcast_hres_init,1.6821848222988183
644,avamet,pangu_hres_init,1.7928577600705817
645,avamet,ifs_hres,1.722353487074614
645,avamet,graphcast_hres_init,1.6584592077597167
645,avamet,pangu_hres_init,1.7640390468636273
646,avamet,ifs_hres,1.7397385527726472
646,avamet,graphcast_hres_init,1.664600709100915
646,avamet,pangu_hres_init,1.7748635381956641
647,avamet,ifs_hres,1.7408068839300699
647,avamet,graphcast_hres_init,1.6799816943990264
647,avamet,pangu_hres_init,1.781813879990818
648,avamet,ifs_hres,1.7460272995396948
648,avamet,graphcast_hres_init,1.686012664925924
648,avamet,pangu_hres_init,1.8005787399439754
649,avamet,ifs_hres,1.7461895201647017
649,avamet,graphcast_hres_init,1.6813841089760382
649,avamet,pangu_hres_init,1.7850455507661558
650,avamet,ifs_hres,1.7309260508691995
650,avamet,graphcast_hres_init,1.6668074300675073
650,avamet,pangu_hres_init,1.802048969790766
651,avamet,ifs_hres,1.7395405244997448
651,avamet,graphcast_hres_init,1.6773307950829206
651,avamet,pangu_hres_init,1.792931849763245
652,avamet,ifs_hres,1.7149121485713446
652,avamet,graphcast_hres_init,1.6668916198019008
652,avamet,pangu_hres_init,1.7701766445768643
653,avamet,ifs_hres,1.7558054005618295
653,avamet,graphcast_hres_init,1.6878171697863005
653,avamet,pangu_hres_init,1.7950243232405714
654,avamet,ifs_hres,1.7735554695250928
654,avamet,graphcast_hres_init,1.704016518418609
654,avamet,pangu_hres_init,1.8136180474402015
655,avamet,ifs_hres,1.763760202823158
655,avamet,graphcast_hres_init,1.700154665412084
655,avamet,pangu_hres_init,1.8028727815732977
656,avamet,ifs_hres,1.7370152368593783
656,avamet,graphcast_hres_init,1.6764768556513692
656,avamet,pangu_hres_init,1.780323457624917
657,avamet,ifs_hres,1.7365635119654839
657,avamet,graphcast_hres_init,1.6723772468512332
657,avamet,pangu_hres_init,1.7913581132614755
658,avamet,ifs_hres,1.7358877104990968
658,avamet,graphcast_hres_init,1.6691986751677008
658,avamet,pangu_hres_init,1.789204861648307
659,avamet,ifs_hres,1.7680429011983376
659,avamet,graphcast_hres_init,1.70612261689981
659,avamet,pangu_hres_init,1.8018489604612384
660,avamet,ifs_hres,1.7428447990478255
660,avamet,graphcast_hres_init,1.6759679291542942
660,avamet,pangu_hres_init,1.7857565058395708
661,avamet,ifs_hres,1.7548983759579693
661,avamet,graphcast_hres_init,1.6810526500096168
661,avamet,pangu_hres_init,1.787166118771716
662,avamet,ifs_hres,1.7274732022675225
662,avamet,graphcast_hres_init,1.6550375213887654
662,avamet,pangu_hres_init,1.7732028968796043
663,avamet,ifs_hres,1.721715836902648
663,avamet,graphcast_hres_init,1.6670036678281999
663,avamet,pangu_hres_init,1.7818001788262194
664,avamet,ifs_hres,1.726665697518678
664,avamet,graphcast_hres_init,1.6701121368920735
664,avamet,pangu_hres_init,1.7920727107392502
665,avamet,ifs_hres,1.7449754022649384
665,avamet,graphcast_hres_init,1.6720710117306845
665,avamet,pangu_hres_init,1.775142656060698
666,avamet,ifs_hres,1.7697231842753787
666,avamet,graphcast_hres_init,1.703986841927524
666,avamet,pangu_hres_init,1.8054545320849613
667,avamet,ifs_hres,1.744415820994924
667,avamet,graphcast_hres_init,1.6741702309593804
667,avamet,pangu_hres_init,1.7879728097019947
668,avamet,ifs_hres,1.7564513153367087
668,avamet,graphcast_hres_init,1.6905724334950787
668,avamet,pangu_hres_init,1.80793864932077
669,avamet,ifs_hres,1.723779549234059
669,avamet,graphcast_hres_init,1.6521963549589576
669,avamet,pangu_hres_init,1.7691207388158634
670,avamet,ifs_hres,1.740979500767887
670,avamet,graphcast_hres_init,1.688959285570768
670,avamet,pangu_hres_init,1.8041686514506505
671,avamet,ifs_hres,1.7900712757678767
671,avamet,graphcast_hres_init,1.7134587350102217
671,avamet,pangu_hres_init,1.8282638592213316
672,avamet,ifs_hres,1.747359816990656
672,avamet,graphcast_hres_init,1.6848965475212738
672,avamet,pangu_hres_init,1.7936950646619194
673,avamet,ifs_hres,1.7517557605313239
673,avamet,graphcast_hres_init,1.683368029126569
673,avamet,pangu_hres_init,1.7930188458653122
674,avamet,ifs_hres,1.7534088261892584
674,avamet,graphcast_hres_init,1.68740139520861
674,avamet,pangu_hres_init,1.7924852125723827
675,avamet,ifs_hres,1.7576014284454855
675,avamet,graphcast_hres_init,1.6910262616815481
675,avamet,pangu_hres_init,1.798411518094963
676,avamet,ifs_hres,1.7645138448204418
676,avamet,graphcast_hres_init,1.6918583481502147
676,avamet,pangu_hres_init,1.798008694585877
677,avamet,ifs_hres,1.7529433500963487
677,avamet,graphcast_hres_init,1.681093413182444
677,avamet,pangu_hres_init,1.7977061829151475
678,avamet,ifs_hres,1.7168306750914601
678,avamet,graphcast_hres_init,1.659395361610388
678,avamet,pangu_hres_init,1.7670907006942518
679,avamet,ifs_hres,1.7457924490824153
679,avamet,graphcast_hres_init,1.669665898848651
679,avamet,pangu_hres_init,1.782705919625907
680,avamet,ifs_hres,1.724441809386365
680,avamet,graphcast_hres_init,1.6558110019787475
680,avamet,pangu_hres_init,1.7717111991946497
681,avamet,ifs_hres,1.7326226599829402
681,avamet,graphcast_hres_init,1.672023727738718
681,avamet,pangu_hres_init,1.7790651246579718
682,avamet,ifs_hres,1.7459041738549728
682,avamet,graphcast_hres_init,1.6732384323999536
682,avamet,pangu_hres_init,1.76764293364563
683,avamet,ifs_hres,1.7612290861463098
683,avamet,graphcast_hres_init,1.6841137886085076
683,avamet,pangu_hres_init,1.7869498614798534
684,avamet,ifs_hres,1.765228245328327
684,avamet,graphcast_hres_init,1.7014761519961121
684,avamet,pangu_hres_init,1.806352190830806
685,avamet,ifs_hres,1.7306112662839013
685,avamet,graphcast_hres_init,1.6777886485103337
685,avamet,pangu_hres_init,1.792266234032197
686,avamet,ifs_hres,1.7612819490574618
686,avamet,graphcast_hres_init,1.701627872519212
686,avamet,pangu_hres_init,1.8190662761769318
687,avamet,ifs_hres,1.7491532160049068
687,avamet,graphcast_hres_init,1.6842552962067088
687,avamet,pangu_hres_init,1.803212812523627
688,avamet,ifs_hres,1.7342108091895305
688,avamet,graphcast_hres_init,1.679626984315704
688,avamet,pangu_hres_init,1.791691912124635
689,avamet,ifs_hres,1.75077807058849
689,avamet,graphcast_hres_init,1.6727266144704078
689,avamet,pangu_hres_init,1.7895907725912163
690,avamet,ifs_hres,1.7540970394581576
690,avamet,graphcast_hres_init,1.6895032921260391
690,avamet,pangu_hres_init,1.8016045529793485
691,avamet,ifs_hres,1.7425591206875755
691,avamet,graphcast_hres_init,1.677214383975845
691,avamet,pangu_hres_init,1.785057691546274
692,avamet,ifs_hres,1.7647665943266055
692,avamet,graphcast_hres_init,1.6956685065982802
692,avamet,pangu_hres_init,1.8258290501616101
693,avamet,ifs_hres,1.7530969686735043
693,avamet,graphcast_hres_init,1.681909108907156
693,avamet,pangu_hres_init,1.775646789718503
694,avamet,ifs_hres,1.7287736624082741
694,avamet,graphcast_hres_init,1.663314845472681
694,avamet,pangu_hres_init,1.7772754867521698
695,avamet,ifs_hres,1.7440708888334446
695,avamet,graphcast_hres_init,1.6729250180657393
695,avamet,pangu_hres_init,1.7825099825543913
696,avamet,ifs_hres,1.7674412943174593
696,avamet,graphcast_hres_init,1.6875681419302755
696,avamet,pangu_hres_init,1.8034136920628945
697,avamet,ifs_hres,1.746285344818184
697,avamet,graphcast_hres_init,1.67507271347484
697,avamet,pangu_hres_init,1.7793372988124478
698,avamet,ifs_hres,1.7271725671618432
698,avamet,graphcast_hres_init,1.6625290633478533
698,avamet,pangu_hres_init,1.7720309410532262
699,avamet,ifs_hres,1.7290945621186138
699,avamet,graphcast_hres_init,1.6696644709331576
699,avamet,pangu_hres_init,1.7721766670548624
700,avamet,ifs_hres,1.788128021798204
700,avamet,graphcast_hres_init,1.7178052614344639
700,avamet,pangu_hres_init,1.8429607060753108
701,avamet,ifs_hres,1.7600367074717653
701,avamet,graphcast_hres_init,1.6876608702740297
701,avamet,pangu_hres_init,1.8060112728263262
702,avamet,ifs_hres,1.7364994029783085
702,avamet,graphcast_hres_init,1.6734703862588038
702,avamet,pangu_hres_init,1.7896320663694234
703,avamet,ifs_hres,1.7550204496433048
703,avamet,graphcast_hres_init,1.6882463171903945
703,avamet,pangu_hres_init,1.8103165166120954
704,avamet,ifs_hres,1.7501541773070424
704,avamet,graphcast_hres_init,1.66979758082445
704,avamet,pangu_hres_init,1.7774888159646163
705,avamet,ifs_hres,1.7502093165929582
705,avamet,graphcast_hres_init,1.678462565317916
705,avamet,pangu_hres_init,1.7957505194129701
706,avamet,ifs_hres,1.7585580066037867
706,avamet,graphcast_hres_init,1.6741835816021482
706,avamet,pangu_hres_init,1.7873519825978263
707,avamet,ifs_hres,1.752723074761753
707,avamet,graphcast_hres_init,1.6891330884595457
707,avamet,pangu_hres_init,1.8004596369505128
708,avamet,ifs_hres,1.7554385619804458
708,avamet,graphcast_hres_init,1.6940313588642857
708,avamet,pangu_hres_init,1.8029817041129188
709,avamet,ifs_hres,1.7519967838090114
709,avamet,graphcast_hres_init,1.6893945740363125
709,avamet,pangu_hres_init,1.792268050090905
710,avamet,ifs_hres,1.73304331790601
710,avamet,graphcast_hres_init,1.669612122881083
710,avamet,pangu_hres_init,1.7823009441088953
711,avamet,ifs_hres,1.7532853019168309
711,avamet,graphcast_hres_init,1.7027676085732337
711,avamet,pangu_hres_init,1.8141948087267934
712,avamet,ifs_hres,1.7462768566069924
712,avamet,graphcast_hres_init,1.6960944302160361
712,avamet,pangu_hres_init,1.7903930682338058
713,avamet,ifs_hres,1.7643552197242127
713,avamet,graphcast_hres_init,1.6946853639468342
713,avamet,pangu_hres_init,1.8096445890080566
714,avamet,ifs_hres,1.7937478274267435
714,avamet,graphcast_hres_init,1.7121086484316606
714,avamet,pangu_hres_init,1.8387078093489664
715,avamet,ifs_hres,1.7378025136501312
715,avamet,graphcast_hres_init,1.6769148583925215
715,avamet,pangu_hres_init,1.7732440671562346
716,avamet,ifs_hres,1.7237249329966762
716,avamet,graphcast_hres_init,1.6617491349556748
716,avamet,pangu_hres_init,1.776380250089277
717,avamet,ifs_hres,1.7413166553414454
717,avamet,graphcast_hres_init,1.6742315808443728
717,avamet,pangu_hres_init,1.7923070078201389
718,avamet,ifs_hres,1.7375348700016233
718,avamet,graphcast_hres_init,1.672484132287672
718,avamet,pangu_hres_init,1.7925689650419485
719,avamet,ifs_hres,1.7371375572759418
719,avamet,graphcast_hres_init,1.6813669193400311
719,avamet,pangu_hres_init,1.7846442859693459
720,avamet,ifs_hres,1.761810367269032
720,avamet,graphcast_hres_init,1.6889720587003243
720,avamet,pangu_hres_init,1.7978977921541244
721,avamet,ifs_hres,1.7467429315859202
721,avamet,graphcast_hres_init,1.6835791177672113
721,avamet,pangu_hres_init,1.786620240151122
722,avamet,ifs_hres,1.7415275159164039
722,avamet,graphcast_hres_init,1.6840438573793317
722,avamet,pangu_hres_init,1.794486815577384
723,avamet,ifs_hres,1.7179900658434504
723,avamet,graphcast_hres_init,1.6672985979573778
723,avamet,pangu_hres_init,1.773561192545115
724,avamet,ifs_hres,1.7593379633908182
724,avamet,graphcast_hres_init,1.6831023225487534
724,avamet,pangu_hres_init,1.8039976092972105
725,avamet,ifs_hres,1.7797716278231308
725,avamet,graphcast_hres_init,1.7049853337399659
725,avamet,pangu_hres_init,1.8134820684595123
726,avamet,ifs_hres,1.7389297888363817
726,avamet,graphcast_hres_init,1.669330530934799
726,avamet,pangu_hres_init,1.7731560335316057
727,avamet,ifs_hres,1.7332434806641308
727,avamet,graphcast_hres_init,1.664820663076034
727,avamet,pangu_hres_init,1.787326516136893
728,avamet,ifs_hres,1.7327626843520891
728,avamet,graphcast_hres_init,1.6789481206579415
728,avamet,pangu_hres_init,1.7969027718191684
729,avamet,ifs_hres,1.7484081469148984
729,avamet,graphcast_hres_init,1.6804131892058647
729,avamet,pangu_hres_init,1.7920476116544664
730,avamet,ifs_hres,1.7345792740459303
730,avamet,graphcast_hres_init,1.6629740132101645
730,avamet,pangu_hres_init,1.767636736785909
731,avamet,ifs_hres,1.7392237421541645
731,avamet,graphcast_hres_init,1.6792092171173805
731,avamet,pangu_hres_init,1.7918484065674425
732,avamet,ifs_hres,1.737783790175639
732,avamet,graphcast_hres_init,1.6802536054491088
732,avamet,pangu_hres_init,1.7860830177724074
733,avamet,ifs_hres,1.7568146598382417
733,avamet,graphcast_hres_init,1.6885473622699245
733,avamet,pangu_hres_init,1.7881698104904171
734,avamet,ifs_hres,1.754574141913795
734,avamet,graphcast_hres_init,1.6905291065261692
734,avamet,pangu_hres_init,1.80310596924832
735,avamet,ifs_hres,1.7357526772824026
735,avamet,graphcast_hres_init,1.6743275715553556
735,avamet,pangu_hres_init,1.7795550492431467
736,avamet,ifs_hres,1.7635202758555726
736,avamet,graphcast_hres_init,1.7077663481442589
736,avamet,pangu_hres_init,1.8297199740083576
737,avamet,ifs_hres,1.7335966661913078
737,avamet,graphcast_hres_init,1.6715431563506526
737,avamet,pangu_hres_init,1.7782045474254287
738,avamet,ifs_hres,1.7333753519734927
738,avamet,graphcast_hres_init,1.6644086513416014
738,avamet,pangu_hres_init,1.7690322216229981
739,avamet,ifs_hres,1.7499298234335445
739,avamet,graphcast_hres_init,1.6920915376635963
739,avamet,pangu_hres_init,1.803597897878236
740,avamet,ifs_hres,1.758074867311265
740,avamet,graphcast_hres_init,1.6860129839431437
740,avamet,pangu_hres_init,1.8089816521426325
741,avamet,ifs_hres,1.7546175934603565
741,avamet,graphcast_hres_init,1.682355543537759
741,avamet,pangu_hres_init,1.7859436162981015
742,avamet,ifs_hres,1.7599215932604781
742,avamet,graphcast_hres_init,1.6885118428004098
742,avamet,pangu_hres_init,1.8123118012899644
743,avamet,ifs_hres,1.7391412147445764
743,avamet,graphcast_hres_init,1.674018812354768
743,avamet,pangu_hres_init,1.776668874266254
744,avamet,ifs_hres,1.7611544930135763
744,avamet,graphcast_hres_init,1.6938760537728585
744,avamet,pangu_hres_init,1.8145697328688872
745,avamet,ifs_hres,1.7410064242105046
745,avamet,graphcast_hres_init,1.6721643356647837
745,avamet,pangu_hres_init,1.772269283515443
746,avamet,ifs_hres,1.762055062736722
746,avamet,graphcast_hres_init,1.6912778101143942
746,avamet,pangu_hres_init,1.8085560300813712
747,avamet,ifs_hres,1.7319145945693435
747,avamet,graphcast_hres_init,1.6635318325540673
747,avamet,pangu_hres_init,1.7706284426388048
748,avamet,ifs_hres,1.7403010006728956
748,avamet,graphcast_hres_init,1.6713539416912615
748,avamet,pangu_hres_init,1.777786393387844
749,avamet,ifs_hres,1.771956111211171
749,avamet,graphcast_hres_init,1.6973922556352468
749,avamet,pangu_hres_init,1.829035931294072
750,avamet,ifs_hres,1.7531502526083635
750,avamet,graphcast_hres_init,1.6898294152592563
750,avamet,pangu_hres_init,1.792732669300925
751,avamet,ifs_hres,1.7553326315657285
751,avamet,graphcast_hres_init,1.6823827335934727
751,avamet,pangu_hres_init,1.801408567166155
752,avamet,ifs_hres,1.7559168537343612
752,avamet,graphcast_hres_init,1.6848050442809606
752,avamet,pangu_hres_init,1.7922919032207947
753,avamet,ifs_hres,1.750045960243052
753,avamet,graphcast_hres_init,1.6836847011971459
753,avamet,pangu_hres_init,1.7930801579896338
754,avamet,ifs_hres,1.7546958318469832
754,avamet,graphcast_hres_init,1.687504432294352
754,avamet,pangu_hres_init,1.7957006933699047
755,avamet,ifs_hres,1.7709450461845822
755,avamet,graphcast_hres_init,1.7062291696353404
755,avamet,pangu_hres_init,1.8031636617637334
756,avamet,ifs_hres,1.7529762489415353
756,avamet,graphcast_hres_init,1.6851883288272245
756,avamet,pangu_hres_init,1.7929110872139111
757,avamet,ifs_hres,1.744840287414513
757,avamet,graphcast_hres_init,1.704139501508946
757,avamet,pangu_hres_init,1.8066161299680228
758,avamet,ifs_hres,1.7454412005532531
758,avamet,graphcast_hres_init,1.6761342308862075
758,avamet,pangu_hres_init,1.7809559793175205
759,avamet,ifs_hres,1.7232691944719503
759,avamet,graphcast_hres_init,1.6562455075848224
759,avamet,pangu_hres_init,1.765491643506188
760,avamet,ifs_hres,1.7312203944338886
760,avamet,graphcast_hres_init,1.6528707252328645
760,avamet,pangu_hres_init,1.7572290034276348
761,avamet,ifs_hres,1.7416380353907412
761,avamet,graphcast_hres_init,1.6730524221362395
761,avamet,pangu_hres_init,1.7979439099998376
762,avamet,ifs_hres,1.7525056026282184
762,avamet,graphcast_hres_init,1.6998787354202027
762,avamet,pangu_hres_init,1.814724855962396
763,avamet,ifs_hres,1.73992458222481
763,avamet,graphcast_hres_init,1.682042963639529
763,avamet,pangu_hres_init,1.7813834968305926
764,avamet,ifs_hres,1.7318250298684232
764,avamet,graphcast_hres_init,1.6663512772155948
764,avamet,pangu_hres_init,1.7748084144567247
765,avamet,ifs_hres,1.7501558989324955
765,avamet,graphcast_hres_init,1.6782454990559943
765,avamet,pangu_hres_init,1.7939176064686992
766,avamet,ifs_hres,1.7759751233793684
766,avamet,graphcast_hres_init,1.6915661767685881
766,avamet,pangu_hres_init,1.8051519717496254
767,avamet,ifs_hres,1.730375927974198
767,avamet,graphcast_hres_init,1.6607258626790395
767,avamet,pangu_hres_init,1.772504045320824
768,avamet,ifs_hres,1.7764457167831185
768,avamet,graphcast_hres_init,1.695140554547726
768,avamet,pangu_hres_init,1.7849643490354599
769,avamet,ifs_hres,1.746918604972489
769,avamet,graphcast_hres_init,1.679751087856328
769,avamet,pangu_hres_init,1.777176783163212
770,avamet,ifs_hres,1.7442779647795614
770,avamet,graphcast_hres_init,1.6824803268470385
770,avamet,pangu_hres_init,1.796322790373756
771,avamet,ifs_hres,1.7190810445173026
771,avamet,graphcast_hres_init,1.6668176414163416
771,avamet,pangu_hres_init,1.7786459918327426
772,avamet,ifs_hres,1.7633028033317273
772,avamet,graphcast_hres_init,1.6906953940198586
772,avamet,pangu_hres_init,1.8043482049723545
773,avamet,ifs_hres,1.7368076079897168
773,avamet,graphcast_hres_init,1.6742920628651805
773,avamet,pangu_hres_init,1.7648338877646756
774,avamet,ifs_hres,1.748466643412827
774,avamet,graphcast_hres_init,1.6841373828086794
774,avamet,pangu_hres_init,1.7978438312091807
775,avamet,ifs_hres,1.7153456708901165
775,avamet,graphcast_hres_init,1.6527243312602073
775,avamet,pangu_hres_init,1.7573944132658672
776,avamet,ifs_hres,1.7432086646367346
776,avamet,graphcast_hres_init,1.688094047034759
776,avamet,pangu_hres_init,1.8007082316092566
777,avamet,ifs_hres,1.751392590299401
777,avamet,graphcast_hres_init,1.6875935287986312
777,avamet,pangu_hres_init,1.7954908296516912
778,avamet,ifs_hres,1.7519916696461189
778,avamet,graphcast_hres_init,1.6748441353190109
778,avamet,pangu_hres_init,1.7861761711152058
779,avamet,ifs_hres,1.7319585676790021
779,avamet,graphcast_hres_init,1.6570541410278283
779,avamet,pangu_hres_init,1.7801425860667586
780,avamet,ifs_hres,1.7612638823899858
780,avamet,graphcast_hres_init,1.6887421919548413
780,avamet,pangu_hres_init,1.8150490099306051
781,avamet,ifs_hres,1.7674027077315557
781,avamet,graphcast_hres_init,1.7117048252741052
781,avamet,pangu_hres_init,1.8259424601048138
782,avamet,ifs_hres,1.7321642960829493
782,avamet,graphcast_hres_init,1.6639849064541108
782,avamet,pangu_hres_init,1.7627081260080033
783,avamet,ifs_hres,1.7647120897671746
783,avamet,graphcast_hres_init,1.691260959880523
783,avamet,pangu_hres_init,1.793904255474807
784,avamet,ifs_hres,1.7482289964468263
784,avamet,graphcast_hres_init,1.6655582137134406
784,avamet,pangu_hres_init,1.7758781512943613
785,avamet,ifs_hres,1.735810286540996
785,avamet,graphcast_hres_init,1.6610944309486695
785,avamet,pangu_hres_init,1.7587629060676013
786,avamet,ifs_hres,1.7019934653462538
786,avamet,graphcast_hres_init,1.6432619000304929
786,avamet,pangu_hres_init,1.7478272766447056
787,avamet,ifs_hres,1.7503679858193364
787,avamet,graphcast_hres_init,1.677752940035282
787,avamet,pangu_hres_init,1.7978523612966735
788,avamet,ifs_hres,1.7424501492730369
788,avamet,graphcast_hres_init,1.6850554716396686
788,avamet,pangu_hres_init,1.788969206980218
789,avamet,ifs_hres,1.7617189934068531
789,avamet,graphcast_hres_init,1.6998580839777826
789,avamet,pangu_hres_init,1.817053902362833
790,avamet,ifs_hres,1.7358294474270577
790,avamet,graphcast_hres_init,1.6663900163154015
790,avamet,pangu_hres_init,1.7709820643121028
791,avamet,ifs_hres,1.7001912819079337
791,avamet,graphcast_hres_init,1.6384663346664918
791,avamet,pangu_hres_init,1.753309293152302
792,avamet,ifs_hres,1.744107373338602
792,avamet,graphcast_hres_init,1.6781415662383676
792,avamet,pangu_hres_init,1.7761140373733284
793,avamet,ifs_hres,1.7549891434823948
793,avamet,graphcast_hres_init,1.6807179402359425
793,avamet,pangu_hres_init,1.78324121282537
794,avamet,ifs_hres,1.7580006695719546
794,avamet,graphcast_hres_init,1.6973375049414636
794,avamet,pangu_hres_init,1.8160424894839322
795,avamet,ifs_hres,1.7480821020333461
795,avamet,graphcast_hres_init,1.6822275690580921
795,avamet,pangu_hres_init,1.7996558229442032
796,avamet,ifs_hres,1.7413035496338196
796,avamet,graphcast_hres_init,1.6719110927715801
796,avamet,pangu_hres_init,1.7824810694640798
797,avamet,ifs_hres,1.7665389419433684
797,avamet,graphcast_hres_init,1.7052648524594332
797,avamet,pangu_hres_init,1.8238671717700836
798,avamet,ifs_hres,1.746299003636824
798,avamet,graphcast_hres_init,1.6840318467824598
798,avamet,pangu_hres_init,1.8040189489948775
799,avamet,ifs_hres,1.7523505655460645
799,avamet,graphcast_hres_init,1.6933337722145059
799,avamet,pangu_hres_init,1.801328903839393
800,avamet,ifs_hres,1.7365925208637976
800,avamet,graphcast_hres_init,1.6715927905141785
800,avamet,pangu_hres_init,1.7785925738513515
801,avamet,ifs_hres,1.75556950586925
801,avamet,graphcast_hres_init,1.7036747312937761
801,avamet,pangu_hres_init,1.820292383560952
802,avamet,ifs_hres,1.7462332154321918
802,avamet,graphcast_hres_init,1.6866397905673356
802,avamet,pangu_hres_init,1.7876677122006066
803,avamet,ifs_hres,1.7360872906834584
803,avamet,graphcast_hres_init,1.6673266016091461
803,avamet,pangu_hres_init,1.7655364732250103
804,avamet,ifs_hres,1.75093557433326
804,avamet,graphcast_hres_init,1.6882619340682665
804,avamet,pangu_hres_init,1.792582600989433
805,avamet,ifs_hres,1.7467332641162685
805,avamet,graphcast_hres_init,1.6765293946005388
805,avamet,pangu_hres_init,1.7826621760771777
806,avamet,ifs_hres,1.778319476594813
806,avamet,graphcast_hres_init,1.700660936282895
806,avamet,pangu_hres_init,1.797214347181968
807,avamet,ifs_hres,1.7513242311713557
807,avamet,graphcast_hres_init,1.6725987766851385
807,avamet,pangu_hres_init,1.7777566836387515
808,avamet,ifs_hres,1.7504608414352774
808,avamet,graphcast_hres_init,1.6915025415370528
808,avamet,pangu_hres_init,1.801097154945914
809,avamet,ifs_hres,1.725405486751547
809,avamet,graphcast_hres_init,1.667437034250557
809,avamet,pangu_hres_init,1.7765118927875696
810,avamet,ifs_hres,1.7297412918610953
810,avamet,graphcast_hres_init,1.6658864561138176
810,avamet,pangu_hres_init,1.7772521730364765
811,avamet,ifs_hres,1.742086123523104
811,avamet,graphcast_hres_init,1.6697516435127768
811,avamet,pangu_hres_init,1.7735232429061918
812,avamet,ifs_hres,1.744487632452334
812,avamet,graphcast_hres_init,1.682269079294611
812,avamet,pangu_hres_init,1.8050496711558126
813,avamet,ifs_hres,1.7675824859689355
813,avamet,graphcast_hres_init,1.6889894374756034
813,avamet,pangu_hres_init,1.8142240096960105
814,avamet,ifs_hres,1.755474134406748
814,avamet,graphcast_hres_init,1.6847949759214749
814,avamet,pangu_hres_init,1.7878928915077315
815,avamet,ifs_hres,1.752435713292047
815,avamet,graphcast_hres_init,1.6808001151972356
815,avamet,pangu_hres_init,1.7914474721795046
816,avamet,ifs_hres,1.7420841115044639
816,avamet,graphcast_hres_init,1.655078927562088
816,avamet,pangu_hres_init,1.7630994871620531
817,avamet,ifs_hres,1.753426256307371
817,avamet,graphcast_hres_init,1.677703494580299
817,avamet,pangu_hres_init,1.7929988003789765
818,avamet,ifs_hres,1.7434293671176428
818,avamet,graphcast_hres_init,1.6836459139274365
818,avamet,pangu_hres_init,1.7913287899599255
819,avamet,ifs_hres,1.745587823554467
819,avamet,graphcast_hres_init,1.6700732279887034
819,avamet,pangu_hres_init,1.781362789014596
820,avamet,ifs_hres,1.744155892131324
820,avamet,graphcast_hres_init,1.6925126040152672
820,avamet,pangu_hres_init,1.79361864777762
821,avamet,ifs_hres,1.747559232546966
821,avamet,graphcast_hres_init,1.6945197212813168
821,avamet,pangu_hres_init,1.80803514128843
822,avamet,ifs_hres,1.7264295835580092
822,avamet,graphcast_hres_init,1.6736236253235226
822,avamet,pangu_hres_init,1.7902705828927867
823,avamet,ifs_hres,1.7622558487548645
823,avamet,graphcast_hres_init,1.6839958687304921
823,avamet,pangu_hres_init,1.7899308329042676
824,avamet,ifs_hres,1.7416870358762861
824,avamet,graphcast_hres_init,1.682809595323699
824,avamet,pangu_hres_init,1.7847820226336848
825,avamet,ifs_hres,1.7713722557488747
825,avamet,graphcast_hres_init,1.7017924536836646
825,avamet,pangu_hres_init,1.8114124501755873
826,avamet,ifs_hres,1.7536273706811205
826,avamet,graphcast_hres_init,1.6858452069202206
826,avamet,pangu_hres_init,1.7924679450340038
827,avamet,ifs_hres,1.7246280282207145
827,avamet,graphcast_hres_init,1.6679567295826647
827,avamet,pangu_hres_init,1.7894045649894006
828,avamet,ifs_hres,1.7277537043256221
828,avamet,graphcast_hres_init,1.6685940356739157
828,avamet,pangu_hres_init,1.761901058332708
829,avamet,ifs_hres,1.7475044875471528
829,avamet,graphcast_hres_init,1.68381323433021
829,avamet,pangu_hres_init,1.7978146752121213
830,avamet,ifs_hres,1.7511887313793006
830,avamet,graphcast_hres_init,1.674951285194112
830,avamet,pangu_hres_init,1.7829222464885046
831,avamet,ifs_hres,1.7698622319058002
831,avamet,graphcast_hres_init,1.7093212143908922
831,avamet,pangu_hres_init,1.8348678879077343
832,avamet,ifs_hres,1.729008537131802
832,avamet,graphcast_hres_init,1.6640010892331947
832,avamet,pangu_hres_init,1.7656343720550542
833,avamet,ifs_hres,1.7587092898266206
833,avamet,graphcast_hres_init,1.6810406061030445
833,avamet,pangu_hres_init,1.7906306088539725
834,avamet,ifs_hres,1.7564121684294753
834,avamet,graphcast_hres_init,1.6811556361428057
834,avamet,pangu_hres_init,1.8042925846447815
835,avamet,ifs_hres,1.753294695886417
835,avamet,graphcast_hres_init,1.6834255158887723
835,avamet,pangu_hres_init,1.8038275288236654
836,avamet,ifs_hres,1.733456357874386
836,avamet,graphcast_hres_init,1.6596706095221698
836,avamet,pangu_hres_init,1.784505985706624
837,avamet,ifs_hres,1.7604206257402089
837,avamet,graphcast_hres_init,1.6942895620693974
837,avamet,pangu_hres_init,1.8065844981011772
838,avamet,ifs_hres,1.7311606001413833
838,avamet,graphcast_hres_init,1.659685223661764
838,avamet,pangu_hres_init,1.7782240801135154
839,avamet,ifs_hres,1.7643757816469203
839,avamet,graphcast_hres_init,1.7000821192326412
839,avamet,pangu_hres_init,1.8078576883506827
840,avamet,ifs_hres,1.7402837464580114
840,avamet,graphcast_hres_init,1.6755475405367193
840,avamet,pangu_hres_init,1.7731591701634264
841,avamet,ifs_hres,1.7543279288382074
841,avamet,graphcast_hres_init,1.6908341875734874
841,avamet,pangu_hres_init,1.8115522492899674
842,avamet,ifs_hres,1.725473400063445
842,avamet,graphcast_hres_init,1.6703042640327788
842,avamet,pangu_hres_init,1.7794801678726557
843,avamet,ifs_hres,1.7674036793154302
843,avamet,graphcast_hres_init,1.6972013339578278
843,avamet,pangu_hres_init,1.814342236564587
844,avamet,ifs_hres,1.741170699193672
844,avamet,graphcast_hres_init,1.6803339941511335
844,avamet,pangu_hres_init,1.8038000808688122
845,avamet,ifs_hres,1.7696610351733753
845,avamet,graphcast_hres_init,1.7055870674161677
845,avamet,pangu_hres_init,1.809146443194593
846,avamet,ifs_hres,1.7791334342763465
846,avamet,graphcast_hres_init,1.7012531927029975
846,avamet,pangu_hres_init,1.8021039062308166
847,avamet,ifs_hres,1.7428694399370632
847,avamet,graphcast_hres_init,1.6787514641709889
847,avamet,pangu_hres_init,1.794670218926115
848,avamet,ifs_hres,1.7444167064893241
848,avamet,graphcast_hres_init,1.697987607235758
848,avamet,pangu_hres_init,1.8083257590506172
849,avamet,ifs_hres,1.7310080487117112
849,avamet,graphcast_hres_init,1.6625449820959113
849,avamet,pangu_hres_init,1.7729029346613325
850,avamet,ifs_hres,1.7680296602763166
850,avamet,graphcast_hres_init,1.7044679332848869
850,avamet,pangu_hres_init,1.8169715964846291
851,avamet,ifs_hres,1.7526808348090461
851,avamet,graphcast_hres_init,1.6944208198237376
851,avamet,pangu_hres_init,1.8073928422596157
852,avamet,ifs_hres,1.7447976075027456
852,avamet,graphcast_hres_init,1.672746827544317
852,avamet,pangu_hres_init,1.7779138444012716
853,avamet,ifs_hres,1.7315037744384587
853,avamet,graphcast_hres_init,1.6714810710501244
853,avamet,pangu_hres_init,1.7850063355032222
854,avamet,ifs_hres,1.7576305329318715
854,avamet,graphcast_hres_init,1.683939843465317
854,avamet,pangu_hres_init,1.8080742408030557
855,avamet,ifs_hres,1.7535607343839572
855,avamet,graphcast_hres_init,1.681582120921593
855,avamet,pangu_hres_init,1.7985449817329247
856,avamet,ifs_hres,1.7090386503738584
856,avamet,graphcast_hres_init,1.6472758281294475
856,avamet,pangu_hres_init,1.7594284888621832
857,avamet,ifs_hres,1.7468338818681015
857,avamet,graphcast_hres_init,1.6868888583734383
857,avamet,pangu_hres_init,1.8010406392413614
858,avamet,ifs_hres,1.7738594932894638
858,avamet,graphcast_hres_init,1.6985668818510848
858,avamet,pangu_hres_init,1.7897438502655156
859,avamet,ifs_hres,1.7562957036371796
859,avamet,graphcast_hres_init,1.6804058420426289
859,avamet,pangu_hres_init,1.7946292413939209
860,avamet,ifs_hres,1.7439209496563852
860,avamet,graphcast_hres_init,1.6758160730923688
860,avamet,pangu_hres_init,1.7854066742585515
861,avamet,ifs_hres,1.7382205682831668
861,avamet,graphcast_hres_init,1.6714190843654853
861,avamet,pangu_hres_init,1.7983457969353063
862,avamet,ifs_hres,1.7606986714799995
862,avamet,graphcast_hres_init,1.7030708150806808
862,avamet,pangu_hres_init,1.8227998558301948
863,avamet,ifs_hres,1.737338141359177
863,avamet,graphcast_hres_init,1.675407320410042
863,avamet,pangu_hres_init,1.7937005193133577
864,avamet,ifs_hres,1.7684050066191284
864,avamet,graphcast_hres_init,1.7133489972767049
864,avamet,pangu_hres_init,1.817062453828606
865,avamet,ifs_hres,1.7313492336903862
865,avamet,graphcast_hres_init,1.6776756702425462
865,avamet,pangu_hres_init,1.7887869871922133
866,avamet,ifs_hres,1.7532742761784545
866,avamet,graphcast_hres_init,1.6716371911889898
866,avamet,pangu_hres_init,1.7899056066437913
867,avamet,ifs_hres,1.749251027399617
867,avamet,graphcast_hres_init,1.6848846339580683
867,avamet,pangu_hres_init,1.7982803339813735
868,avamet,ifs_hres,1.7470612921102429
868,avamet,graphcast_hres_init,1.6828975553954622
868,avamet,pangu_hres_init,1.7801613851523541
869,avamet,ifs_hres,1.738239141350945
869,avamet,graphcast_hres_init,1.6783744967105856
869,avamet,pangu_hres_init,1.7863283299728623
870,avamet,ifs_hres,1.7293002166785891
870,avamet,graphcast_hres_init,1.67566201264302
870,avamet,pangu_hres_init,1.7735114075118388
871,avamet,ifs_hres,1.7333844217265388
871,avamet,graphcast_hres_init,1.6734927575532466
871,avamet,pangu_hres_init,1.7735863522164017
872,avamet,ifs_hres,1.7442167639178565
872,avamet,graphcast_hres_init,1.6831715749952032
872,avamet,pangu_hres_init,1.7844943820656551
873,avamet,ifs_hres,1.745432352964703
873,avamet,graphcast_hres_init,1.6851915554827244
873,avamet,pangu_hres_init,1.7877006864964315
874,avamet,ifs_hres,1.77087384964365
874,avamet,graphcast_hres_init,1.6933615990255886
874,avamet,pangu_hres_init,1.7980395952335777
875,avamet,ifs_hres,1.74220710461218
875,avamet,graphcast_hres_init,1.685441077207979
875,avamet,pangu_hres_init,1.786890391627485
876,avamet,ifs_hres,1.759531005534913
876,avamet,graphcast_hres_init,1.6999490582578523
876,avamet,pangu_hres_init,1.8050593732271605
877,avamet,ifs_hres,1.7326135878339404
877,avamet,graphcast_hres_init,1.6765348941541511
877,avamet,pangu_hres_init,1.7841786791631935
878,avamet,ifs_hres,1.7751802219559596
878,avamet,graphcast_hres_init,1.6961967013140673
878,avamet,pangu_hres_init,1.813694798221587
879,avamet,ifs_hres,1.7447830555029094
879,avamet,graphcast_hres_init,1.67596947995544
879,avamet,pangu_hres_init,1.7854773025844954
880,avamet,ifs_hres,1.7293130993752128
880,avamet,graphcast_hres_init,1.6624125364794051
880,avamet,pangu_hres_init,1.777017440558685
881,avamet,ifs_hres,1.7252746890778683
881,avamet,graphcast_hres_init,1.6773216925505432
881,avamet,pangu_hres_init,1.78778473557417
882,avamet,ifs_hres,1.7363865576941913
882,avamet,graphcast_hres_init,1.67105358774637
882,avamet,pangu_hres_init,1.7721369967504912
883,avamet,ifs_hres,1.7369978934203627
883,avamet,graphcast_hres_init,1.6914928613015723
883,avamet,pangu_hres_init,1.791199951966022
884,avamet,ifs_hres,1.7475976699929139
884,avamet,graphcast_hres_init,1.6759159937701948
884,avamet,pangu_hres_init,1.783940111354687
885,avamet,ifs_hres,1.7396006838384714
885,avamet,graphcast_hres_init,1.6597285236834467
885,avamet,pangu_hres_init,1.7752329672817806
886,avamet,ifs_hres,1.7581204671989552
886,avamet,graphcast_hres_init,1.6919208923824869
886,avamet,pangu_hres_init,1.7967105125585872
887,avamet,ifs_hres,1.7451065891300732
887,avamet,graphcast_hres_init,1.6757970363153263
887,avamet,pangu_hres_init,1.7809662844880403
888,avamet,ifs_hres,1.7512397889452729
888,avamet,graphcast_hres_init,1.685179161724829
888,avamet,pangu_hres_init,1.8076642803083969
889,avamet,ifs_hres,1.7449545285822576
889,avamet,graphcast_hres_init,1.6775166013754617
889,avamet,pangu_hres_init,1.8022900983735983
890,avamet,ifs_hres,1.750568748060672
890,avamet,graphcast_hres_init,1.6873630798006523
890,avamet,pangu_hres_init,1.8036510531110246
891,avamet,ifs_hres,1.7613734345710594
891,avamet,graphcast_hres_init,1.6938476964508582
891,avamet,pangu_hres_init,1.8063174467689411
892,avamet,ifs_hres,1.758238959102916
892,avamet,graphcast_hres_init,1.6881885739048883
892,avamet,pangu_hres_init,1.7853562247859978
893,avamet,ifs_hres,1.7364728937897878
893,avamet,graphcast_hres_init,1.6792275299024315
893,avamet,pangu_hres_init,1.791306550783876
894,avamet,ifs_hres,1.7399008514600278
894,avamet,graphcast_hres_init,1.6678770605381386
894,avamet,pangu_hres_init,1.793287582643134
895,avamet,ifs_hres,1.727763272233637
895,avamet,graphcast_hres_init,1.678589658993769
895,avamet,pangu_hres_init,1.7874957420837623
896,avamet,ifs_hres,1.7490520921250066
896,avamet,graphcast_hres_init,1.6731985060469259
896,avamet,pangu_hres_init,1.780078165622974
897,avamet,ifs_hres,1.7438836709281635
897,avamet,graphcast_hres_init,1.6894450994774295
897,avamet,pangu_hres_init,1.7915791001795338
898,avamet,ifs_hres,1.7551815645900362
898,avamet,graphcast_hres_init,1.6898348781179502
898,avamet,pangu_hres_init,1.802655379030777
899,avamet,ifs_hres,1.7340356383971296
899,avamet,graphcast_hres_init,1.6779153219352532
899,avamet,pangu_hres_init,1.7794040493930963
900,avamet,ifs_hres,1.7772768538897192
900,avamet,graphcast_hres_init,1.7073705844040612
900,avamet,pangu_hres_init,1.826384785196811
901,avamet,ifs_hres,1.7517087187137605
901,avamet,graphcast_hres_init,1.674133920497353
901,avamet,pangu_hres_init,1.789022203284477
902,avamet,ifs_hres,1.746576926697104
902,avamet,graphcast_hres_init,1.6739859198343887
902,avamet,pangu_hres_init,1.7833387257236022
903,avamet,ifs_hres,1.7442329513901162
903,avamet,graphcast_hres_init,1.6692215760418203
903,avamet,pangu_hres_init,1.7907956211483798
904,avamet,ifs_hres,1.733492137465781
904,avamet,graphcast_hres_init,1.6609336996577575
904,avamet,pangu_hres_init,1.7769225581123838
905,avamet,ifs_hres,1.7633197420338496
905,avamet,graphcast_hres_init,1.6977477014779279
905,avamet,pangu_hres_init,1.7973691003888175
906,avamet,ifs_hres,1.7285502102763899
906,avamet,graphcast_hres_init,1.6686081253262575
906,avamet,pangu_hres_init,1.7979542471404153
907,avamet,ifs_hres,1.7934595040710308
907,avamet,graphcast_hres_init,1.6997062456972607
907,avamet,pangu_hres_init,1.8187052138610589
908,avamet,ifs_hres,1.7565462152142048
908,avamet,graphcast_hres_init,1.6934665435028518
908,avamet,pangu_hres_init,1.8276616074310998
909,avamet,ifs_hres,1.7497400426647047
909,avamet,graphcast_hres_init,1.6872945589650676
909,avamet,pangu_hres_init,1.8000220532306124
910,avamet,ifs_hres,1.7528739801493127
910,avamet,graphcast_hres_init,1.6921926086103254
910,avamet,pangu_hres_init,1.8026046249714258
911,avamet,ifs_hres,1.7292571078788743
911,avamet,graphcast_hres_init,1.6613444255624152
911,avamet,pangu_hres_init,1.7667339886029536
912,avamet,ifs_hres,1.7583657714843821
912,avamet,graphcast_hres_init,1.6900204711122775
912,avamet,pangu_hres_init,1.793246730479217
913,avamet,ifs_hres,1.7357206901477522
913,avamet,graphcast_hres_init,1.6742018272352788
913,avamet,pangu_hres_init,1.7934975058219975
914,avamet,ifs_hres,1.777304527438911
914,avamet,graphcast_hres_init,1.6976341848605632
914,avamet,pangu_hres_init,1.8235644939607545
915,avamet,ifs_hres,1.74976905741435
915,avamet,graphcast_hres_init,1.6906653159857448
915,avamet,pangu_hres_init,1.8068203114678467
916,avamet,ifs_hres,1.7461903327255965
916,avamet,graphcast_hres_init,1.6806357436779276
916,avamet,pangu_hres_init,1.7872411839685285
917,avamet,ifs_hres,1.761312376151186
917,avamet,graphcast_hres_init,1.6933273609732784
917,avamet,pangu_hres_init,1.8008945635919735
918,avamet,ifs_hres,1.73684513331232
918,avamet,graphcast_hres_init,1.6747867965580432
918,avamet,pangu_hres_init,1.7990277238297285
919,avamet,ifs_hres,1.7294611481366806
919,avamet,graphcast_hres_init,1.671411124828464
919,avamet,pangu_hres_init,1.7984310257531928
920,avamet,ifs_hres,1.761978547778626
920,avamet,graphcast_hres_init,1.6939592592182549
920,avamet,pangu_hres_init,1.8005759607808263
921,avamet,ifs_hres,1.760300439741939
921,avamet,graphcast_hres_init,1.6891349852423747
921,avamet,pangu_hres_init,1.809859703773815
922,avamet,ifs_hres,1.743871589235382
922,avamet,graphcast_hres_init,1.6847942134728053
922,avamet,pangu_hres_init,1.7940234396784753
923,avamet,ifs_hres,1.757603836533429
923,avamet,graphcast_hres_init,1.6920601206052754
923,avamet,pangu_hres_init,1.7991282341772887
924,avamet,ifs_hres,1.7310966266340477
924,avamet,graphcast_hres_init,1.6520553167210419
924,avamet,pangu_hres_init,1.7465633113161108
925,avamet,ifs_hres,1.734026396157059
925,avamet,graphcast_hres_init,1.6641183520570708
925,avamet,pangu_hres_init,1.7675305176488523
926,avamet,ifs_hres,1.7539217648918037
926,avamet,graphcast_hres_init,1.681219861337527
926,avamet,pangu_hres_init,1.8125728238405994
927,avamet,ifs_hres,1.748393942284974
927,avamet,graphcast_hres_init,1.6712145593184675
927,avamet,pangu_hres_init,1.7886636364881496
928,avamet,ifs_hres,1.7471544989448882
928,avamet,graphcast_hres_init,1.6763695469359436
928,avamet,pangu_hres_init,1.781964207310917
929,avamet,ifs_hres,1.764586375371744
929,avamet,graphcast_hres_init,1.6884684170174415
929,avamet,pangu_hres_init,1.8193420397486915
930,avamet,ifs_hres,1.7453956523685887
930,avamet,graphcast_hres_init,1.6789059344092139
930,avamet,pangu_hres_init,1.7949977231192167
931,avamet,ifs_hres,1.7330046238081507
931,avamet,graphcast_hres_init,1.6626706418734192
931,avamet,pangu_hres_init,1.780740084750661
932,avamet,ifs_hres,1.7700604104622768
932,avamet,graphcast_hres_init,1.6996102065427523
932,avamet,pangu_hres_init,1.8008746799428204
933,avamet,ifs_hres,1.7558402456794082
933,avamet,graphcast_hres_init,1.6884235812025525
933,avamet,pangu_hres_init,1.7929585808774728
934,avamet,ifs_hres,1.740059234018906
934,avamet,graphcast_hres_init,1.674390014687774
934,avamet,pangu_hres_init,1.792156836292195
935,avamet,ifs_hres,1.7389147371768268
935,avamet,graphcast_hres_init,1.6778794338752399
935,avamet,pangu_hres_init,1.7974305998079856
936,avamet,ifs_hres,1.722878976316447
936,avamet,graphcast_hres_init,1.6630219062394445
936,avamet,pangu_hres_init,1.7560159975423797
937,avamet,ifs_hres,1.7595045650314212
937,avamet,graphcast_hres_init,1.6854610486790558
937,avamet,pangu_hres_init,1.8038525119750797
938,avamet,ifs_hres,1.7569733665984222
938,avamet,graphcast_hres_init,1.685713485144328
938,avamet,pangu_hres_init,1.8017579986375565
939,avamet,ifs_hres,1.7569668767412692
939,avamet,graphcast_hres_init,1.704500865654408
939,avamet,pangu_hres_init,1.8201017000602449
940,avamet,ifs_hres,1.7540723215006337
940,avamet,graphcast_hres_init,1.6903016404060387
940,avamet,pangu_hres_init,1.8154716838541793
941,avamet,ifs_hres,1.753753045933645
941,avamet,graphcast_hres_init,1.6889233914245174
941,avamet,pangu_hres_init,1.8287378522984261
942,avamet,ifs_hres,1.7623056823625438
942,avamet,graphcast_hres_init,1.6974536410216297
942,avamet,pangu_hres_init,1.8024717201150255
943,avamet,ifs_hres,1.7467780327249796
943,avamet,graphcast_hres_init,1.686366524587669
943,avamet,pangu_hres_init,1.8112792802381863
944,avamet,ifs_hres,1.7463331509082165
944,avamet,graphcast_hres_init,1.670684271418813
944,avamet,pangu_hres_init,1.7723709718075364
945,avamet,ifs_hres,1.7409435569984084
945,avamet,graphcast_hres_init,1.662349520474242
945,avamet,pangu_hres_init,1.7758392817286786
946,avamet,ifs_hres,1.7673764646693735
946,avamet,graphcast_hres_init,1.7005510186110173
946,avamet,pangu_hres_init,1.8111897027589587
947,avamet,ifs_hres,1.7329794173783226
947,avamet,graphcast_hres_init,1.6839552982431985
947,avamet,pangu_hres_init,1.781044423318966
948,avamet,ifs_hres,1.7417158020620922
948,avamet,graphcast_hres_init,1.6843506497630492
948,avamet,pangu_hres_init,1.7952727444161247
949,avamet,ifs_hres,1.7387791470523815
949,avamet,graphcast_hres_init,1.6704003900591156
949,avamet,pangu_hres_init,1.7837647507161516
950,avamet,ifs_hres,1.731819755124049
950,avamet,graphcast_hres_init,1.6746099500539842
950,avamet,pangu_hres_init,1.7746789594164867
951,avamet,ifs_hres,1.7207438933734225
951,avamet,graphcast_hres_init,1.6644925365533811
951,avamet,pangu_hres_init,1.778144126388829
952,avamet,ifs_hres,1.7520837755144296
952,avamet,graphcast_hres_init,1.6895509967637954
952,avamet,pangu_hres_init,1.8046346546275869
953,avamet,ifs_hres,1.756564288266559
953,avamet,graphcast_hres_init,1.6783499534604398
953,avamet,pangu_hres_init,1.8031334565026347
954,avamet,ifs_hres,1.7382611561556678
954,avamet,graphcast_hres_init,1.6813885087933391
954,avamet,pangu_hres_init,1.7919932536284553
955,avamet,ifs_hres,1.7395832646408564
955,avamet,graphcast_hres_init,1.675822132250694
955,avamet,pangu_hres_init,1.7834026929965123
956,avamet,ifs_hres,1.7346697093807937
956,avamet,graphcast_hres_init,1.674434639019274
956,avamet,pangu_hres_init,1.7813582620900639
957,avamet,ifs_hres,1.7475430081071006
957,avamet,graphcast_hres_init,1.6804611580753943
957,avamet,pangu_hres_init,1.7734367943040095
958,avamet,ifs_hres,1.7513364351146559
958,avamet,graphcast_hres_init,1.6822003203486817
958,avamet,pangu_hres_init,1.794229748714525
959,avamet,ifs_hres,1.7333202146606423
959,avamet,graphcast_hres_init,1.676808149141367
959,avamet,pangu_hres_init,1.7873428448223103
960,avamet,ifs_hres,1.7371225978002605
960,avamet,graphcast_hres_init,1.67195843132987
960,avamet,pangu_hres_init,1.7651346162091963
961,avamet,ifs_hres,1.7590454785653578
961,avamet,graphcast_hres_init,1.6891865869311042
961,avamet,pangu_hres_init,1.8010589171060765
962,avamet,ifs_hres,1.7551786821082802
962,avamet,graphcast_hres_init,1.6895147367383911
962,avamet,pangu_hres_init,1.7907059458780854
963,avamet,ifs_hres,1.7459216585469286
963,avamet,graphcast_hres_init,1.6824770894148584
963,avamet,pangu_hres_init,1.804806792809374
964,avamet,ifs_hres,1.7399301976483759
964,avamet,graphcast_hres_init,1.6799785285005966
964,avamet,pangu_hres_init,1.784148382842238
965,avamet,ifs_hres,1.736401700667228
965,avamet,graphcast_hres_init,1.6796994261444258
965,avamet,pangu_hres_init,1.7789119596030154
966,avamet,ifs_hres,1.7451183278265363
966,avamet,graphcast_hres_init,1.684068708632147
966,avamet,pangu_hres_init,1.8040122250093233
967,avamet,ifs_hres,1.7576242211271065
967,avamet,graphcast_hres_init,1.6899808172651238
967,avamet,pangu_hres_init,1.776218791810054
968,avamet,ifs_hres,1.7666360973744009
968,avamet,graphcast_hres_init,1.6830165957297782
968,avamet,pangu_hres_init,1.7967028448421671
969,avamet,ifs_hres,1.7511954393937814
969,avamet,graphcast_hres_init,1.6856246481192994
969,avamet,pangu_hres_init,1.7996285396907585
970,avamet,ifs_hres,1.74257659023123
970,avamet,graphcast_hres_init,1.6848114808594252
970,avamet,pangu_hres_init,1.7853393740792738
971,avamet,ifs_hres,1.7289897662105298
971,avamet,graphcast_hres_init,1.663701724901959
971,avamet,pangu_hres_init,1.760752078037185
972,avamet,ifs_hres,1.7447012156413801
972,avamet,graphcast_hres_init,1.672937032033025
972,avamet,pangu_hres_init,1.7872609944532067
973,avamet,ifs_hres,1.7495385759148716
973,avamet,graphcast_hres_init,1.6943501708138606
973,avamet,pangu_hres_init,1.8041934199405565
974,avamet,ifs_hres,1.7312433328724772
974,avamet,graphcast_hres_init,1.668090450711144
974,avamet,pangu_hres_init,1.7839044405350617
975,avamet,ifs_hres,1.759929347561778
975,avamet,graphcast_hres_init,1.68759914286374
975,avamet,pangu_hres_init,1.809085797702115
976,avamet,ifs_hres,1.7690819123055708
976,avamet,graphcast_hres_init,1.6888430035074025
976,avamet,pangu_hres_init,1.7909352776252052
977,avamet,ifs_hres,1.7513738212820629
977,avamet,graphcast_hres_init,1.6812630467860654
977,avamet,pangu_hres_init,1.8044506364810395
978,avamet,ifs_hres,1.7196130037039337
978,avamet,graphcast_hres_init,1.6554816096190796
978,avamet,pangu_hres_init,1.7742236622842464
979,avamet,ifs_hres,1.7528688077943289
979,avamet,graphcast_hres_init,1.6845594239412442
979,avamet,pangu_hres_init,1.802006589533624
980,avamet,ifs_hres,1.741476373930127
980,avamet,graphcast_hres_init,1.6840973143074398
980,avamet,pangu_hres_init,1.792973130345115
981,avamet,ifs_hres,1.7714370099167265
981,avamet,graphcast_hres_init,1.6917381070792898
981,avamet,pangu_hres_init,1.7937619416830697
982,avamet,ifs_hres,1.755917283169821
982,avamet,graphcast_hres_init,1.6897445734418608
982,avamet,pangu_hres_init,1.8147523256456777
983,avamet,ifs_hres,1.7306872678027028
983,avamet,graphcast_hres_init,1.6701715009357014
983,avamet,pangu_hres_init,1.7864163640862825
984,avamet,ifs_hres,1.747890883425321
984,avamet,graphcast_hres_init,1.686523980075673
984,avamet,pangu_hres_init,1.7910033512056451
985,avamet,ifs_hres,1.7366646785362383
985,avamet,graphcast_hres_init,1.6705739578641907
985,avamet,pangu_hres_init,1.7933920715436855
986,avamet,ifs_hres,1.754494423297532
986,avamet,graphcast_hres_init,1.6915380948331944
986,avamet,pangu_hres_init,1.7988860485197076
987,avamet,ifs_hres,1.7302606646439262
987,avamet,graphcast_hres_init,1.6739706225614654
987,avamet,pangu_hres_init,1.7800036051366424
988,avamet,ifs_hres,1.7414027462127537
988,avamet,graphcast_hres_init,1.6727613860626735
988,avamet,pangu_hres_init,1.7836074476590014
989,avamet,ifs_hres,1.761824401806061
989,avamet,graphcast_hres_init,1.69810752315388
989,avamet,pangu_hres_init,1.8011064809514792
990,avamet,ifs_hres,1.7595195525746288
990,avamet,graphcast_hres_init,1.6919407792678718
990,avamet,pangu_hres_init,1.8122694051313557
991,avamet,ifs_hres,1.7580492971808157
991,avamet,graphcast_hres_init,1.688115376120876
991,avamet,pangu_hres_init,1.799110600527214
992,avamet,ifs_hres,1.7466511683402726
992,avamet,graphcast_hres_init,1.6846400032774616
992,avamet,pangu_hres_init,1.7900768620478462
993,avamet,ifs_hres,1.765298862788616
993,avamet,graphcast_hres_init,1.6912356589142565
993,avamet,pangu_hres_init,1.7918768930453692
994,avamet,ifs_hres,1.7600360888966575
994,avamet,graphcast_hres_init,1.691959174795723
994,avamet,pangu_hres_init,1.8010865848550293
995,avamet,ifs_hres,1.755779766663832
995,avamet,graphcast_hres_init,1.6850097059511127
995,avamet,pangu_hres_init,1.7926513456652309
996,avamet,ifs_hres,1.772313494250555
996,avamet,graphcast_hres_init,1.6959476839504
996,avamet,pangu_hres_init,1.8049359342419768
997,avamet,ifs_hres,1.7656599073640729
997,avamet,graphcast_hres_init,1.6947344024566142
997,avamet,pangu_hres_init,1.8113792805095263
998,avamet,ifs_hres,1.7577615228080345
998,avamet,graphcast_hres_init,1.6874412706032809
998,avamet,pangu_hres_init,1.7898536516325083
999,avamet,ifs_hres,1.740095430091025
999,avamet,graphcast_hres_init,1.6783071040240263
999,avamet,pangu_hres_init,1.7935740081754046
1000,avamet,ifs_hres,1.7514663288861512
1000,avamet,graphcast_hres_init,1.690462264386306
1000,avamet,pangu_hres_init,1.7923090397564367
1001,avamet,ifs_hres,1.756592360897921
1001,avamet,graphcast_hres_init,1.6844530404147429
1001,avamet,pangu_hres_init,1.7826567596495368
1002,avamet,ifs_hres,1.7272193046081905
1002,avamet,graphcast_hres_init,1.6706006966129707
1002,avamet,pangu_hres_init,1.7698254987688558
1003,avamet,ifs_hres,1.7500756747130017
1003,avamet,graphcast_hres_init,1.679411964676234
1003,avamet,pangu_hres_init,1.7712047784653575
1004,avamet,ifs_hres,1.7304816659417033
1004,avamet,graphcast_hres_init,1.6823217642913664
1004,avamet,pangu_hres_init,1.7839915252438334
1005,avamet,ifs_hres,1.7411811606428484
1005,avamet,graphcast_hres_init,1.6770550675002087
1005,avamet,pangu_hres_init,1.7935529466628466
1006,avamet,ifs_hres,1.759793610077868
1006,avamet,graphcast_hres_init,1.686629729713506
1006,avamet,pangu_hres_init,1.8011473318359046
1007,avamet,ifs_hres,1.7432672986638058
1007,avamet,graphcast_hres_init,1.6801639108999622
1007,avamet,pangu_hres_init,1.7989476461260137
1008,avamet,ifs_hres,1.7325007855260877
1008,avamet,graphcast_hres_init,1.6737260712731503
1008,avamet,pangu_hres_init,1.7801047379279995
1009,avamet,ifs_hres,1.7465761560361728
1009,avamet,graphcast_hres_init,1.675071649220277
1009,avamet,pangu_hres_init,1.774519485589317
1010,avamet,ifs_hres,1.753388202687859
1010,avamet,graphcast_hres_init,1.6844095070793517
1010,avamet,pangu_hres_init,1.794383266232179
1011,avamet,ifs_hres,1.7451376963313237
1011,avamet,graphcast_hres_init,1.6648153437901996
1011,avamet,pangu_hres_init,1.780009537742302
1012,avamet,ifs_hres,1.7358703014674826
1012,avamet,graphcast_hres_init,1.6579056376921788
1012,avamet,pangu_hres_init,1.7699467389712356
1013,avamet,ifs_hres,1.7518265081150457
1013,avamet,graphcast_hres_init,1.6830358777141519
1013,avamet,pangu_hres_init,1.8006738435769525
1014,avamet,ifs_hres,1.7475493902409998
1014,avamet,graphcast_hres_init,1.682694169829078
1014,avamet,pangu_hres_init,1.785308192001687
1015,avamet,ifs_hres,1.7605688023024868
1015,avamet,graphcast_hres_init,1.706015906264192
1015,avamet,pangu_hres_init,1.8137838914453006
1016,avamet,ifs_hres,1.7425121156776777
1016,avamet,graphcast_hres_init,1.6812406464668888
1016,avamet,pangu_hres_init,1.7967586920736016
1017,avamet,ifs_hres,1.757582666257635
1017,avamet,graphcast_hres_init,1.69094467153858
1017,avamet,pangu_hres_init,1.79916173861263
1018,avamet,ifs_hres,1.7422071308995735
1018,avamet,graphcast_hres_init,1.6878343761017647
1018,avamet,pangu_hres_init,1.8075899703867635
1019,avamet,ifs_hres,1.7429355420819408
1019,avamet,graphcast_hres_init,1.6819597610433716
1019,avamet,pangu_hres_init,1.795638120638387
1020,avamet,ifs_hres,1.7761610969281467
1020,avamet,graphcast_hres_init,1.7094011824612285
1020,avamet,pangu_hres_init,1.7994824049357578
1021,avamet,ifs_hres,1.7448910495818555
1021,avamet,graphcast_hres_init,1.6884916228523748
1021,avamet,pangu_hres_init,1.796152406746402
1022,avamet,ifs_hres,1.7469727813936837
1022,avamet,graphcast_hres_init,1.6774563005373901
1022,avamet,pangu_hres_init,1.7803931408756406
1023,avamet,ifs_hres,1.7415122245921286
1023,avamet,graphcast_hres_init,1.6793564035947879
1023,avamet,pangu_hres_init,1.7903142200297029
1024,avamet,ifs_hres,1.7151402664788395
1024,avamet,graphcast_hres_init,1.6555975434758754
1024,avamet,pangu_hres_init,1.7654849803248267
1025,avamet,ifs_hres,1.725613406248913
1025,avamet,graphcast_hres_init,1.667004815242739
1025,avamet,pangu_hres_init,1.7842967440899193
1026,avamet,ifs_hres,1.7413129264185347
1026,avamet,graphcast_hres_init,1.6853226761318876
1026,avamet,pangu_hres_init,1.789112678059145
1027,avamet,ifs_hres,1.7400809607604706
1027,avamet,graphcast_hres_init,1.6701128945347596
1027,avamet,pangu_hres_init,1.7730573746252394
1028,avamet,ifs_hres,1.7400491351287983
1028,avamet,graphcast_hres_init,1.6620839173349329
1028,avamet,pangu_hres_init,1.7754839084536995
1029,avamet,ifs_hres,1.730951282402374
1029,avamet,graphcast_hres_init,1.6611680730725409
1029,avamet,pangu_hres_init,1.7733837899218592
1030,avamet,ifs_hres,1.724692126981506
1030,avamet,graphcast_hres_init,1.6567242547118528
1030,avamet,pangu_hres_init,1.7631475000501888
1031,avamet,ifs_hres,1.7611909249560913
1031,avamet,graphcast_hres_init,1.6985491668556227
1031,avamet,pangu_hres_init,1.80340164830157
1032,avamet,ifs_hres,1.7482845457745493
1032,avamet,graphcast_hres_init,1.6788453395132736
1032,avamet,pangu_hres_init,1.789879903780463
1033,avamet,ifs_hres,1.7520714720775559
1033,avamet,graphcast_hres_init,1.6980009787505934
1033,avamet,pangu_hres_init,1.8233625616238798
1034,avamet,ifs_hres,1.7599157802186016
1034,avamet,graphcast_hres_init,1.6846147019895363
1034,avamet,pangu_hres_init,1.7951411595380586
1035,avamet,ifs_hres,1.7406301628766812
1035,avamet,graphcast_hres_init,1.676292804823238
1035,avamet,pangu_hres_init,1.7955992729502637
1036,avamet,ifs_hres,1.7543888544622823
1036,avamet,graphcast_hres_init,1.6847420231961323
1036,avamet,pangu_hres_init,1.8024395550773205
1037,avamet,ifs_hres,1.741166947747158
1037,avamet,graphcast_hres_init,1.6729100097284662
1037,avamet,pangu_hres_init,1.7802374506750733
1038,avamet,ifs_hres,1.7556898031613775
1038,avamet,graphcast_hres_init,1.6931536331693415
1038,avamet,pangu_hres_init,1.813768057154096
1039,avamet,ifs_hres,1.7544849442489372
1039,avamet,graphcast_hres_init,1.69598201430572
1039,avamet,pangu_hres_init,1.8047362012777293
1040,avamet,ifs_hres,1.7676764300380867
1040,avamet,graphcast_hres_init,1.701760225131293
1040,avamet,pangu_hres_init,1.8166269161435225
1041,avamet,ifs_hres,1.7330895429993318
1041,avamet,graphcast_hres_init,1.661937934324431
1041,avamet,pangu_hres_init,1.7794247272139676
1042,avamet,ifs_hres,1.7255377742574587
1042,avamet,graphcast_hres_init,1.6570757354515564
1042,avamet,pangu_hres_init,1.7710882448437966
1043,avamet,ifs_hres,1.7487266060821516
1043,avamet,graphcast_hres_init,1.6795463207920343
1043,avamet,pangu_hres_init,1.7810949200295294
1044,avamet,ifs_hres,1.7382991039336273
1044,avamet,graphcast_hres_init,1.6801289164388318
1044,avamet,pangu_hres_init,1.794893672185238
1045,avamet,ifs_hres,1.75791011171297
1045,avamet,graphcast_hres_init,1.6867280557112858
1045,avamet,pangu_hres_init,1.7813989066065579
1046,avamet,ifs_hres,1.7404337068543358
1046,avamet,graphcast_hres_init,1.6707420887750897
1046,avamet,pangu_hres_init,1.776016859285441
1047,avamet,ifs_hres,1.7324091295160104
1047,avamet,graphcast_hres_init,1.670204973363849
1047,avamet,pangu_hres_init,1.7913596302995145
1048,avamet,ifs_hres,1.7801021613983343
1048,avamet,graphcast_hres_init,1.7104123940879834
1048,avamet,pangu_hres_init,1.8143449834976917
1049,avamet,ifs_hres,1.7500924967466593
1049,avamet,graphcast_hres_init,1.6846158706230139
1049,avamet,pangu_hres_init,1.7853363918297178
1050,avamet,ifs_hres,1.7357278983694928
1050,avamet,graphcast_hres_init,1.6650659760866364
1050,avamet,pangu_hres_init,1.7657799085148187
1051,avamet,ifs_hres,1.767388527759607
1051,avamet,graphcast_hres_init,1.6984376517432516
1051,avamet,pangu_hres_init,1.8127370443990225
1052,avamet,ifs_hres,1.7532850359115684
1052,avamet,graphcast_hres_init,1.6924544245434667
1052,avamet,pangu_hres_init,1.8029645829608345
1053,avamet,ifs_hres,1.7502080593265492
1053,avamet,graphcast_hres_init,1.672110434327708
1053,avamet,pangu_hres_init,1.8010894948396423
1054,avamet,ifs_hres,1.7266459731588468
1054,avamet,graphcast_hres_init,1.66117992879639
1054,avamet,pangu_hres_init,1.7717548995952033
1055,avamet,ifs_hres,1.7687578374538493
1055,avamet,graphcast_hres_init,1.7065031958694115
1055,avamet,pangu_hres_init,1.8157648204528152
1056,avamet,ifs_hres,1.7499938971726328
1056,avamet,graphcast_hres_init,1.6765455103014741
1056,avamet,pangu_hres_init,1.7741017047970922
1057,avamet,ifs_hres,1.7561015833273559
1057,avamet,graphcast_hres_init,1.6859024764975352
1057,avamet,pangu_hres_init,1.7942779962048394
1058,avamet,ifs_hres,1.769708330540878
1058,avamet,graphcast_hres_init,1.6960465094177477
1058,avamet,pangu_hres_init,1.8175858480763396
1059,avamet,ifs_hres,1.7675347490390885
1059,avamet,graphcast_hres_init,1.6895141685277155
1059,avamet,pangu_hres_init,1.8060200411599858
1060,avamet,ifs_hres,1.7437558416565737
1060,avamet,graphcast_hres_init,1.6689503877124967
1060,avamet,pangu_hres_init,1.7755819255009782
1061,avamet,ifs_hres,1.7291290739221148
1061,avamet,graphcast_hres_init,1.6587696637856195
1061,avamet,pangu_hres_init,1.7682683318412105
1062,avamet,ifs_hres,1.7789735022179562
1062,avamet,graphcast_hres_init,1.7075593584551776
1062,avamet,pangu_hres_init,1.8263716123531544
1063,avamet,ifs_hres,1.755076081484428
1063,avamet,graphcast_hres_init,1.6897165644375791
1063,avamet,pangu_hres_init,1.7847910804220193
1064,avamet,ifs_hres,1.7522999303441387
1064,avamet,graphcast_hres_init,1.6935889083920659
1064,avamet,pangu_hres_init,1.7988278350038949
1065,avamet,ifs_hres,1.7331730935251417
1065,avamet,graphcast_hres_init,1.6693210585333
1065,avamet,pangu_hres_init,1.7729623338474294
1066,avamet,ifs_hres,1.7440046910843259
1066,avamet,graphcast_hres_init,1.6768907421773944
1066,avamet,pangu_hres_init,1.779278489005649
1067,avamet,ifs_hres,1.7478562726793263
1067,avamet,graphcast_hres_init,1.6891618019097285
1067,avamet,pangu_hres_init,1.7963943935117066
1068,avamet,ifs_hres,1.7430846206883004
1068,avamet,graphcast_hres_init,1.6783839730743788
1068,avamet,pangu_hres_init,1.7958198481934962
1069,avamet,ifs_hres,1.7166638480016656
1069,avamet,graphcast_hres_init,1.6518293243949633
1069,avamet,pangu_hres_init,1.766538840655252
1070,avamet,ifs_hres,1.7450848724644068
1070,avamet,graphcast_hres_init,1.6776431855458038
1070,avamet,pangu_hres_init,1.7790682127090873
1071,avamet,ifs_hres,1.7357432182522397
1071,avamet,graphcast_hres_init,1.6656499474423965
1071,avamet,pangu_hres_init,1.772410079621385
1072,avamet,ifs_hres,1.769056956785208
1072,avamet,graphcast_hres_init,1.6910356192757527
1072,avamet,pangu_hres_init,1.797805924970404
1073,avamet,ifs_hres,1.7970060634106324
1073,avamet,graphcast_hres_init,1.7277683522705714
1073,avamet,pangu_hres_init,1.8329411612998558
1074,avamet,ifs_hres,1.7373719310990652
1074,avamet,graphcast_hres_init,1.6628244068909215
1074,avamet,pangu_hres_init,1.7883874414912084
1075,avamet,ifs_hres,1.7426652203240467
1075,avamet,graphcast_hres_init,1.6774244439620771
1075,avamet,pangu_hres_init,1.7963209687121662
1076,avamet,ifs_hres,1.7466437756218771
1076,avamet,graphcast_hres_init,1.674349149675305
1076,avamet,pangu_hres_init,1.7795571978849825
1077,avamet,ifs_hres,1.7408432099443305
1077,avamet,graphcast_hres_init,1.6922916479293624
1077,avamet,pangu_hres_init,1.7939213317801312
1078,avamet,ifs_hres,1.7345289259138241
1078,avamet,graphcast_hres_init,1.6721204107576768
1078,avamet,pangu_hres_init,1.7887216515828672
1079,avamet,ifs_hres,1.7268008374900714
1079,avamet,graphcast_hres_init,1.667952868412972
1079,avamet,pangu_hres_init,1.7544826852446602
1080,avamet,ifs_hres,1.7478491685405582
1080,avamet,graphcast_hres_init,1.6912311568944447
1080,avamet,pangu_hres_init,1.819548683452664
1081,avamet,ifs_hres,1.7451793562958793
1081,avamet,graphcast_hres_init,1.6753473018356237
1081,avamet,pangu_hres_init,1.7855656195795278
1082,avamet,ifs_hres,1.753372954877757
1082,avamet,graphcast_hres_init,1.6800957237961363
1082,avamet,pangu_hres_init,1.7941433703375493
1083,avamet,ifs_hres,1.7547446514981673
1083,avamet,graphcast_hres_init,1.6848705684436434
1083,avamet,pangu_hres_init,1.8029625544289707
1084,avamet,ifs_hres,1.7382111530548274
1084,avamet,graphcast_hres_init,1.6677789884568663
1084,avamet,pangu_hres_init,1.7736899171187064
1085,avamet,ifs_hres,1.7054608019248452
1085,avamet,graphcast_hres_init,1.6572816805352701
1085,avamet,pangu_hres_init,1.7716499403434665
1086,avamet,ifs_hres,1.7787734816551481
1086,avamet,graphcast_hres_init,1.7071405268082425
1086,avamet,pangu_hres_init,1.8233097244894907
1087,avamet,ifs_hres,1.767581024550808
1087,avamet,graphcast_hres_init,1.7030579683302811
1087,avamet,pangu_hres_init,1.8017649936234645
1088,avamet,ifs_hres,1.7477413742431365
1088,avamet,graphcast_hres_init,1.6837093286086193
1088,avamet,pangu_hres_init,1.7894496511594884
1089,avamet,ifs_hres,1.7630497295178218
1089,avamet,graphcast_hres_init,1.69721799511646
1089,avamet,pangu_hres_init,1.8024738252300092
1090,avamet,ifs_hres,1.759337469695202
1090,avamet,graphcast_hres_init,1.6925176551470429
1090,avamet,pangu_hres_init,1.7918507159154604
1091,avamet,ifs_hres,1.7528045727519832
1091,avamet,graphcast_hres_init,1.6918016305745671
1091,avamet,pangu_hres_init,1.8004895355753883
1092,avamet,ifs_hres,1.754698102548467
1092,avamet,graphcast_hres_init,1.6824007115524853
1092,avamet,pangu_hres_init,1.7947716312964659
1093,avamet,ifs_hres,1.738059561010463
1093,avamet,graphcast_hres_init,1.6779383843046265
1093,avamet,pangu_hres_init,1.7824477741697349
1094,avamet,ifs_hres,1.7566631481983408
1094,avamet,graphcast_hres_init,1.6848029562879698
1094,avamet,pangu_hres_init,1.8035453834774782
1095,avamet,ifs_hres,1.7293000311753803
1095,avamet,graphcast_hres_init,1.6725909923410756
1095,avamet,pangu_hres_init,1.7830569987163647
1096,avamet,ifs_hres,1.7448086565726766
1096,avamet,graphcast_hres_init,1.6785780968827029
1096,avamet,pangu_hres_init,1.7721307219635745
1097,avamet,ifs_hres,1.7282869900428017
1097,avamet,graphcast_hres_init,1.6625063310866366
1097,avamet,pangu_hres_init,1.767936044761634
1098,avamet,ifs_hres,1.7612271320690915
1098,avamet,graphcast_hres_init,1.6963298971857528
1098,avamet,pangu_hres_init,1.8093385907578199
1099,avamet,ifs_hres,1.7446068127876437
1099,avamet,graphcast_hres_init,1.682606074416803
1099,avamet,pangu_hres_init,1.7854487490217743
1100,avamet,ifs_hres,1.7426455976745832
1100,avamet,graphcast_hres_init,1.6759590750828384
1100,avamet,pangu_hres_init,1.7905909608244401
1101,avamet,ifs_hres,1.7391480476550216
1101,avamet,graphcast_hres_init,1.6873634610886559
1101,avamet,pangu_hres_init,1.7975536641272656
1102,avamet,ifs_hres,1.737447126001678
1102,avamet,graphcast_hres_init,1.6761872189088063
1102,avamet,pangu_hres_init,1.78832993726556
1103,avamet,ifs_hres,1.7362107572273269
1103,avamet,graphcast_hres_init,1.675864657652677
1103,avamet,pangu_hres_init,1.7761895666559713
1104,avamet,ifs_hres,1.7319626657973897
1104,avamet,graphcast_hres_init,1.6614134038592046
1104,avamet,pangu_hres_init,1.7765986800339837
1105,avamet,ifs_hres,1.7595983461141054
1105,avamet,graphcast_hres_init,1.6962057110769502
1105,avamet,pangu_hres_init,1.8158897800728915
1106,avamet,ifs_hres,1.7627971969336607
1106,avamet,graphcast_hres_init,1.6993247386056383
1106,avamet,pangu_hres_init,1.810629196548007
1107,avamet,ifs_hres,1.7548939426766255
1107,avamet,graphcast_hres_init,1.6901938756424473
1107,avamet,pangu_hres_init,1.8069035318511881
1108,avamet,ifs_hres,1.7524590738489418
1108,avamet,graphcast_hres_init,1.6779711649727473
1108,avamet,pangu_hres_init,1.7961769017986364
1109,avamet,ifs_hres,1.748710694488615
1109,avamet,graphcast_hres_init,1.6853142203663534
1109,avamet,pangu_hres_init,1.7827594254989771
1110,avamet,ifs_hres,1.7342023755805467
1110,avamet,graphcast_hres_init,1.6641282837364781
1110,avamet,pangu_hres_init,1.779076499449351
1111,avamet,ifs_hres,1.7303719691171686
1111,avamet,graphcast_hres_init,1.6673037314200665
1111,avamet,pangu_hres_init,1.779939730471454
1112,avamet,ifs_hres,1.7393532271759176
1112,avamet,graphcast_hres_init,1.6837310273154797
1112,avamet,pangu_hres_init,1.7945344235096636
1113,avamet,ifs_hres,1.726971083353592
1113,avamet,graphcast_hres_init,1.6772585618155373
1113,avamet,pangu_hres_init,1.7919822430724206
1114,avamet,ifs_hres,1.74047371556502
1114,avamet,graphcast_hres_init,1.6775259383091359
1114,avamet,pangu_hres_init,1.7823783542674265
1115,avamet,ifs_hres,1.7391699804740417
1115,avamet,graphcast_hres_init,1.6773670971815078
1115,avamet,pangu_hres_init,1.7894495362628986
1116,avamet,ifs_hres,1.759836398883347
1116,avamet,graphcast_hres_init,1.6953662585114162
1116,avamet,pangu_hres_init,1.8140590589602779
1117,avamet,ifs_hres,1.7183738435163798
1117,avamet,graphcast_hres_init,1.656005872219652
1117,avamet,pangu_hres_init,1.7696400022718026
1118,avamet,ifs_hres,1.731613444827686
1118,avamet,graphcast_hres_init,1.6675066060664119
1118,avamet,pangu_hres_init,1.7796712845321738
1119,avamet,ifs_hres,1.7250837699758144
1119,avamet,graphcast_hres_init,1.663437828838575
1119,avamet,pangu_hres_init,1.7749268633287871
1120,avamet,ifs_hres,1.7538192283444631
1120,avamet,graphcast_hres_init,1.6891303758596705
1120,avamet,pangu_hres_init,1.804423560421962
1121,avamet,ifs_hres,1.7518562322315043
1121,avamet,graphcast_hres_init,1.6742619986091731
1121,avamet,pangu_hres_init,1.7858654152058417
1122,avamet,ifs_hres,1.7741245972645137
1122,avamet,graphcast_hres_init,1.705375838917443
1122,avamet,pangu_hres_init,1.8146803312162285
1123,avamet,ifs_hres,1.7356042685694386
1123,avamet,graphcast_hres_init,1.6813632806141032
1123,avamet,pangu_hres_init,1.7906549911160108
1124,avamet,ifs_hres,1.760009827033435
1124,avamet,graphcast_hres_init,1.6846595415262053
1124,avamet,pangu_hres_init,1.7985971996706307
1125,avamet,ifs_hres,1.7421974054183664
1125,avamet,graphcast_hres_init,1.6791048109206843
1125,avamet,pangu_hres_init,1.7805747191859804
1126,avamet,ifs_hres,1.7504883237542712
1126,avamet,graphcast_hres_init,1.6872637731191067
1126,avamet,pangu_hres_init,1.79522861149013
1127,avamet,ifs_hres,1.7486647194931646
1127,avamet,graphcast_hres_init,1.6820139240793217
1127,avamet,pangu_hres_init,1.7915616481174663
1128,avamet,ifs_hres,1.7563102043090546
1128,avamet,graphcast_hres_init,1.6812492672908514
1128,avamet,pangu_hres_init,1.7941655894308093
1129,avamet,ifs_hres,1.7365359597499865
1129,avamet,graphcast_hres_init,1.6709497217066636
1129,avamet,pangu_hres_init,1.783943824715346
1130,avamet,ifs_hres,1.7429507232410995
1130,avamet,graphcast_hres_init,1.6546166833297973
1130,avamet,pangu_hres_init,1.7684501647251585
1131,avamet,ifs_hres,1.7476856673044583
1131,avamet,graphcast_hres_init,1.68551000404617
1131,avamet,pangu_hres_init,1.776250777607052
1132,avamet,ifs_hres,1.7777475975885324
1132,avamet,graphcast_hres_init,1.7020161864170955
1132,avamet,pangu_hres_init,1.809422017315834
1133,avamet,ifs_hres,1.7329279706662475
1133,avamet,graphcast_hres_init,1.6706897484861876
1133,avamet,pangu_hres_init,1.7632798388393323
1134,avamet,ifs_hres,1.7346660305281723
1134,avamet,graphcast_hres_init,1.6731638387075787
1134,avamet,pangu_hres_init,1.7876239880022193
1135,avamet,ifs_hres,1.7400800447224578
1135,avamet,graphcast_hres_init,1.6741526091591648
1135,avamet,pangu_hres_init,1.7852755027835323
1136,avamet,ifs_hres,1.7579520682107879
1136,avamet,graphcast_hres_init,1.705223596903142
1136,avamet,pangu_hres_init,1.8096561270337013
1137,avamet,ifs_hres,1.7478702727728084
1137,avamet,graphcast_hres_init,1.6829665707446453
1137,avamet,pangu_hres_init,1.778680174180269
1138,avamet,ifs_hres,1.7356325903478995
1138,avamet,graphcast_hres_init,1.6684212803509044
1138,avamet,pangu_hres_init,1.7978542182595976
1139,avamet,ifs_hres,1.7297236882379414
1139,avamet,graphcast_hres_init,1.6647567534378949
1139,avamet,pangu_hres_init,1.7791279584200916
1140,avamet,ifs_hres,1.7608345525146487
1140,avamet,graphcast_hres_init,1.6864107704480003
1140,avamet,pangu_hres_init,1.798667012506684
1141,avamet,ifs_hres,1.735213262897887
1141,avamet,graphcast_hres_init,1.6693872247052375
1141,avamet,pangu_hres_init,1.770704937343408
1142,avamet,ifs_hres,1.7287812893286685
1142,avamet,graphcast_hres_init,1.654693623967688
1142,avamet,pangu_hres_init,1.760680348475267
1143,avamet,ifs_hres,1.7374674617995869
1143,avamet,graphcast_hres_init,1.6726630648986347
1143,avamet,pangu_hres_init,1.778615247078321
1144,avamet,ifs_hres,1.7548717908080016
1144,avamet,graphcast_hres_init,1.6754829533488313
1144,avamet,pangu_hres_init,1.7843820701791493
1145,avamet,ifs_hres,1.7371483609064233
1145,avamet,graphcast_hres_init,1.6741313594351193
1145,avamet,pangu_hres_init,1.7765552339253148
1146,avamet,ifs_hres,1.7700362284253792
1146,avamet,graphcast_hres_init,1.6954663156205352
1146,avamet,pangu_hres_init,1.802754065483986
1147,avamet,ifs_hres,1.7477877680245189
1147,avamet,graphcast_hres_init,1.686860742804962
1147,avamet,pangu_hres_init,1.7951537253857337
1148,avamet,ifs_hres,1.7573574457222503
1148,avamet,graphcast_hres_init,1.6865480984941632
1148,avamet,pangu_hres_init,1.7962221431322976
1149,avamet,ifs_hres,1.7474543648985568
1149,avamet,graphcast_hres_init,1.6866503199628329
1149,avamet,pangu_hres_init,1.783103529544648
1150,avamet,ifs_hres,1.7340236489419125
1150,avamet,graphcast_hres_init,1.6747157200976572
1150,avamet,pangu_hres_init,1.788763373938643
1151,avamet,ifs_hres,1.7386141533940536
1151,avamet,graphcast_hres_init,1.681866742037015
1151,avamet,pangu_hres_init,1.801156074761754
1152,avamet,ifs_hres,1.7746622707110602
1152,avamet,graphcast_hres_init,1.7020305608544264
1152,avamet,pangu_hres_init,1.8159940183071606
1153,avamet,ifs_hres,1.7279585362667562
1153,avamet,graphcast_hres_init,1.6718065775998576
1153,avamet,pangu_hres_init,1.7833568619607083
1154,avamet,ifs_hres,1.7200236906866442
1154,avamet,graphcast_hres_init,1.6607128673581568
1154,avamet,pangu_hres_init,1.766861391462132
1155,avamet,ifs_hres,1.7368198076482102
1155,avamet,graphcast_hres_init,1.6653375627264695
1155,avamet,pangu_hres_init,1.7848513987523544
1156,avamet,ifs_hres,1.7388022449157032
1156,avamet,graphcast_hres_init,1.6844846852495927
1156,avamet,pangu_hres_init,1.7969868296674099
1157,avamet,ifs_hres,1.7461869014517621
1157,avamet,graphcast_hres_init,1.6910949333800367
1157,avamet,pangu_hres_init,1.7912432198896309
1158,avamet,ifs_hres,1.7360543141692395
1158,avamet,graphcast_hres_init,1.6670932464702715
1158,avamet,pangu_hres_init,1.7698850816191738
1159,avamet,ifs_hres,1.7609178734569837
1159,avamet,graphcast_hres_init,1.6924883336164425
1159,avamet,pangu_hres_init,1.8183260678405906
1160,avamet,ifs_hres,1.7449949391469628
1160,avamet,graphcast_hres_init,1.6937032719364324
1160,avamet,pangu_hres_init,1.8103357660054598
1161,avamet,ifs_hres,1.7627491143685259
1161,avamet,graphcast_hres_init,1.6879529529386017
1161,avamet,pangu_hres_init,1.8094507978103505
1162,avamet,ifs_hres,1.7355507497272873
1162,avamet,graphcast_hres_init,1.671861376665605
1162,avamet,pangu_hres_init,1.791594866489574
1163,avamet,ifs_hres,1.741022740250574
1163,avamet,graphcast_hres_init,1.685321086374251
1163,avamet,pangu_hres_init,1.795133963307489
1164,avamet,ifs_hres,1.7353050191772355
1164,avamet,graphcast_hres_init,1.67802963543322
1164,avamet,pangu_hres_init,1.7827497985100695
1165,avamet,ifs_hres,1.7598622648770583
1165,avamet,graphcast_hres_init,1.6930189452509357
1165,avamet,pangu_hres_init,1.788677718882677
1166,avamet,ifs_hres,1.768516161538696
1166,avamet,graphcast_hres_init,1.7058656657780762
1166,avamet,pangu_hres_init,1.8249363504616536
1167,avamet,ifs_hres,1.752179770573118
1167,avamet,graphcast_hres_init,1.6855940669266203
1167,avamet,pangu_hres_init,1.7805737605775631
1168,avamet,ifs_hres,1.7413711386963193
1168,avamet,graphcast_hres_init,1.6785294656912197
1168,avamet,pangu_hres_init,1.7860582041852902
1169,avamet,ifs_hres,1.75634702491566
1169,avamet,graphcast_hres_init,1.6923403335098526
1169,avamet,pangu_hres_init,1.8101274333237372
1170,avamet,ifs_hres,1.7654916490480224
1170,avamet,graphcast_hres_init,1.7015341944121578
1170,avamet,pangu_hres_init,1.8109571309025345
1171,avamet,ifs_hres,1.7507845497696914
1171,avamet,graphcast_hres_init,1.6863899376834708
1171,avamet,pangu_hres_init,1.798815162460859
1172,avamet,ifs_hres,1.739470588950485
1172,avamet,graphcast_hres_init,1.6666679066521264
1172,avamet,pangu_hres_init,1.7699322161734328
1173,avamet,ifs_hres,1.7735996390607784
1173,avamet,graphcast_hres_init,1.7118539363225198
1173,avamet,pangu_hres_init,1.8170722069543235
1174,avamet,ifs_hres,1.7305771621854402
1174,avamet,graphcast_hres_init,1.660820332843171
1174,avamet,pangu_hres_init,1.7713184199700658
1175,avamet,ifs_hres,1.746862089050644
1175,avamet,graphcast_hres_init,1.6955835808086768
1175,avamet,pangu_hres_init,1.8000795033256052
1176,avamet,ifs_hres,1.7585584236311202
1176,avamet,graphcast_hres_init,1.6762571411006357
1176,avamet,pangu_hres_init,1.7916273432819385
1177,avamet,ifs_hres,1.759916516376437
1177,avamet,graphcast_hres_init,1.6943411213983246
1177,avamet,pangu_hres_init,1.7916914105761101
1178,avamet,ifs_hres,1.7425514568202478
1178,avamet,graphcast_hres_init,1.66422544862174
1178,avamet,pangu_hres_init,1.7778261151091646
1179,avamet,ifs_hres,1.7827779013899632
1179,avamet,graphcast_hres_init,1.7057513065263243
1179,avamet,pangu_hres_init,1.8233504741962843
1180,avamet,ifs_hres,1.7538633737278875
1180,avamet,graphcast_hres_init,1.6832468492664323
1180,avamet,pangu_hres_init,1.7961620093233235
1181,avamet,ifs_hres,1.7604764788990173
1181,avamet,graphcast_hres_init,1.6858494660749817
1181,avamet,pangu_hres_init,1.7918852508453391
1182,avamet,ifs_hres,1.7378533474468907
1182,avamet,graphcast_hres_init,1.6674513253910015
1182,avamet,pangu_hres_init,1.7630579999842795
1183,avamet,ifs_hres,1.7439155782832358
1183,avamet,graphcast_hres_init,1.6729470837194005
1183,avamet,pangu_hres_init,1.7869827670393816
1184,avamet,ifs_hres,1.7783818487370218
1184,avamet,graphcast_hres_init,1.7093053058958854
1184,avamet,pangu_hres_init,1.814501290564019
1185,avamet,ifs_hres,1.7554111046404073
1185,avamet,graphcast_hres_init,1.6819341781200743
1185,avamet,pangu_hres_init,1.783206733955464
1186,avamet,ifs_hres,1.7407685769018337
1186,avamet,graphcast_hres_init,1.6766332074031662
1186,avamet,pangu_hres_init,1.779208461661482
1187,avamet,ifs_hres,1.7482170172573477
1187,avamet,graphcast_hres_init,1.6738693750088978
1187,avamet,pangu_hres_init,1.7897255141830564
1188,avamet,ifs_hres,1.7737242412167147
1188,avamet,graphcast_hres_init,1.6990398447826007
1188,avamet,pangu_hres_init,1.8038335807219876
1189,avamet,ifs_hres,1.7465515015079387
1189,avamet,graphcast_hres_init,1.6853174991300572
1189,avamet,pangu_hres_init,1.7938931750838893
1190,avamet,ifs_hres,1.7530986346616129
1190,avamet,graphcast_hres_init,1.6839540536921451
1190,avamet,pangu_hres_init,1.810817047409099
1191,avamet,ifs_hres,1.7739939856544495
1191,avamet,graphcast_hres_init,1.7066290228818088
1191,avamet,pangu_hres_init,1.8279896024976188
1192,avamet,ifs_hres,1.7331345276401042
1192,avamet,graphcast_hres_init,1.6702849809490148
1192,avamet,pangu_hres_init,1.7828286781804357
1193,avamet,ifs_hres,1.7414866346183886
1193,avamet,graphcast_hres_init,1.675805110241223
1193,avamet,pangu_hres_init,1.7890758264867204
1194,avamet,ifs_hres,1.758064554083246
1194,avamet,graphcast_hres_init,1.6774502129000732
1194,avamet,pangu_hres_init,1.8022427708643742
1195,avamet,ifs_hres,1.758306411463738
1195,avamet,graphcast_hres_init,1.684066690987137
1195,avamet,pangu_hres_init,1.7965070705650867
1196,avamet,ifs_hres,1.7188134372254513
1196,avamet,graphcast_hres_init,1.6567636372643415
1196,avamet,pangu_hres_init,1.7799239434546044
1197,avamet,ifs_hres,1.7490785312880932
1197,avamet,graphcast_hres_init,1.68202268628598
1197,avamet,pangu_hres_init,1.7769606152994843
1198,avamet,ifs_hres,1.7730062363413386
1198,avamet,graphcast_hres_init,1.6998961200516427
1198,avamet,pangu_hres_init,1.8171306091326844
1199,avamet,ifs_hres,1.7553427021412595
1199,avamet,graphcast_hres_init,1.6804369657252132
1199,avamet,pangu_hres_init,1.7922525333223251
1200,avamet,ifs_hres,1.7454079225382708
1200,avamet,graphcast_hres_init,1.6634233490988857
1200,avamet,pangu_hres_init,1.792399950757048
1201,avamet,ifs_hres,1.7529981178102485
1201,avamet,graphcast_hres_init,1.6872104833404746
1201,avamet,pangu_hres_init,1.7868618877772768
1202,avamet,ifs_hres,1.7482930853830343
1202,avamet,graphcast_hres_init,1.6873305323557335
1202,avamet,pangu_hres_init,1.8008815752734508
1203,avamet,ifs_hres,1.7173765829977667
1203,avamet,graphcast_hres_init,1.650746473108966
1203,avamet,pangu_hres_init,1.7771567857181665
1204,avamet,ifs_hres,1.731837035098927
1204,avamet,graphcast_hres_init,1.6689523634010597
1204,avamet,pangu_hres_init,1.7858546588084656
1205,avamet,ifs_hres,1.7753206910014685
1205,avamet,graphcast_hres_init,1.69884951495211
1205,avamet,pangu_hres_init,1.8042573291528106
1206,avamet,ifs_hres,1.7466463029440522
1206,avamet,graphcast_hres_init,1.6840831482994907
1206,avamet,pangu_hres_init,1.7875166621974012
1207,avamet,ifs_hres,1.7562920714536896
1207,avamet,graphcast_hres_init,1.7031278712332818
1207,avamet,pangu_hres_init,1.8186999502287353
1208,avamet,ifs_hres,1.7486537234074386
1208,avamet,graphcast_hres_init,1.6874998028850614
1208,avamet,pangu_hres_init,1.8043688596060008
1209,avamet,ifs_hres,1.738812193017633
1209,avamet,graphcast_hres_init,1.6710888044131191
1209,avamet,pangu_hres_init,1.7846542984634837
1210,avamet,ifs_hres,1.746590686360418
1210,avamet,graphcast_hres_init,1.6832403986963416
1210,avamet,pangu_hres_init,1.785699410445926
1211,avamet,ifs_hres,1.743971936285249
1211,avamet,graphcast_hres_init,1.684884454551133
1211,avamet,pangu_hres_init,1.7922612319686453
1212,avamet,ifs_hres,1.7450820891165246
1212,avamet,graphcast_hres_init,1.687395719585298
1212,avamet,pangu_hres_init,1.795155266762617
1213,avamet,ifs_hres,1.7274536742970088
1213,avamet,graphcast_hres_init,1.6643916939453496
1213,avamet,pangu_hres_init,1.773050627876006
1214,avamet,ifs_hres,1.7331718373777552
1214,avamet,graphcast_hres_init,1.6748597146824167
1214,avamet,pangu_hres_init,1.7920890740349142
1215,avamet,ifs_hres,1.7389428069936692
1215,avamet,graphcast_hres_init,1.6759254319637806
1215,avamet,pangu_hres_init,1.7801976761273903
1216,avamet,ifs_hres,1.7515510032350516
1216,avamet,graphcast_hres_init,1.6877105110758013
1216,avamet,pangu_hres_init,1.8112140176884184
1217,avamet,ifs_hres,1.7422413626596547
1217,avamet,graphcast_hres_init,1.6887161523984124
1217,avamet,pangu_hres_init,1.7885447122283837
1218,avamet,ifs_hres,1.755791187852343
1218,avamet,graphcast_hres_init,1.6805344207220951
1218,avamet,pangu_hres_init,1.780340532270209
1219,avamet,ifs_hres,1.7340852430243738
1219,avamet,graphcast_hres_init,1.6749531420606942
1219,avamet,pangu_hres_init,1.7888057367914003
1220,avamet,ifs_hres,1.7619219223493499
1220,avamet,graphcast_hres_init,1.6928896746396436
1220,avamet,pangu_hres_init,1.8065065739371167
1221,avamet,ifs_hres,1.742844278570708
1221,avamet,graphcast_hres_init,1.6700169967697978
1221,avamet,pangu_hres_init,1.7656624330962876
1222,avamet,ifs_hres,1.740486986371106
1222,avamet,graphcast_hres_init,1.6792245908257875
1222,avamet,pangu_hres_init,1.781257192928787
1223,avamet,ifs_hres,1.7476706273229718
1223,avamet,graphcast_hres_init,1.6936198445325823
1223,avamet,pangu_hres_init,1.807366262137893
1224,avamet,ifs_hres,1.7442586931725363
1224,avamet,graphcast_hres_init,1.6789390363747936
1224,avamet,pangu_hres_init,1.7814980265592024
1225,avamet,ifs_hres,1.7589318457944354
1225,avamet,graphcast_hres_init,1.69115048521503
1225,avamet,pangu_hres_init,1.796308605812779
1226,avamet,ifs_hres,1.7515934127556156
1226,avamet,graphcast_hres_init,1.67108815946469
1226,avamet,pangu_hres_init,1.7840701174216134
1227,avamet,ifs_hres,1.7393801212062674
1227,avamet,graphcast_hres_init,1.6724923284593745
1227,avamet,pangu_hres_init,1.7686502543970712
1228,avamet,ifs_hres,1.7486964862595684
1228,avamet,graphcast_hres_init,1.67629828854031
1228,avamet,pangu_hres_init,1.7712915180191275
1229,avamet,ifs_hres,1.7670450523111376
1229,avamet,graphcast_hres_init,1.6992073859589563
1229,avamet,pangu_hres_init,1.813076219167017
1230,avamet,ifs_hres,1.746119369672681
1230,avamet,graphcast_hres_init,1.675358738976094
1230,avamet,pangu_hres_init,1.7810413483300103
1231,avamet,ifs_hres,1.714683263248178
1231,avamet,graphcast_hres_init,1.6504833379516475
1231,avamet,pangu_hres_init,1.7603020380778092
1232,avamet,ifs_hres,1.7215106506481945
1232,avamet,graphcast_hres_init,1.6629122213717862
1232,avamet,pangu_hres_init,1.760958357768643
1233,avamet,ifs_hres,1.7210868603510048
1233,avamet,graphcast_hres_init,1.6597275092530852
1233,avamet,pangu_hres_init,1.770708377218967
1234,avamet,ifs_hres,1.7486923649557429
1234,avamet,graphcast_hres_init,1.6838375584593168
1234,avamet,pangu_hres_init,1.7929325381250252
1235,avamet,ifs_hres,1.7519445927858246
1235,avamet,graphcast_hres_init,1.6778694638366267
1235,avamet,pangu_hres_init,1.7850922535808829
1236,avamet,ifs_hres,1.7369313617523359
1236,avamet,graphcast_hres_init,1.668199466021057
1236,avamet,pangu_hres_init,1.7834534360673744
1237,avamet,ifs_hres,1.7433004068749651
1237,avamet,graphcast_hres_init,1.6807281310924995
1237,avamet,pangu_hres_init,1.7883607198630442
1238,avamet,ifs_hres,1.7190613616605195
1238,avamet,graphcast_hres_init,1.6586351801767267
1238,avamet,pangu_hres_init,1.761241652704246
1239,avamet,ifs_hres,1.7719904184858606
1239,avamet,graphcast_hres_init,1.6953714052601099
1239,avamet,pangu_hres_init,1.8082827433878776
1240,avamet,ifs_hres,1.7662921016709856
1240,avamet,graphcast_hres_init,1.697122231754042
1240,avamet,pangu_hres_init,1.8026705745413925
1241,avamet,ifs_hres,1.7589729610625084
1241,avamet,graphcast_hres_init,1.6917819253351087
1241,avamet,pangu_hres_init,1.8188931953976468
1242,avamet,ifs_hres,1.7152980019268749
1242,avamet,graphcast_hres_init,1.6708137898154736
1242,avamet,pangu_hres_init,1.7767227941202326
1243,avamet,ifs_hres,1.7460324495540713
1243,avamet,graphcast_hres_init,1.677536069964535
1243,avamet,pangu_hres_init,1.7792619924360962
1244,avamet,ifs_hres,1.7381120844764293
1244,avamet,graphcast_hres_init,1.6769916087631216
1244,avamet,pangu_hres_init,1.79195152773595
1245,avamet,ifs_hres,1.7802109590147133
1245,avamet,graphcast_hres_init,1.7073738016011044
1245,avamet,pangu_hres_init,1.8169961842787592
1246,avamet,ifs_hres,1.7436742322093175
1246,avamet,graphcast_hres_init,1.684539330644
1246,avamet,pangu_hres_init,1.7821688359250072
1247,avamet,ifs_hres,1.7536797121781171
1247,avamet,graphcast_hres_init,1.6883308622943116
1247,avamet,pangu_hres_init,1.7806103605003907
1248,avamet,ifs_hres,1.7719504911797574
1248,avamet,graphcast_hres_init,1.6865845102481367
1248,avamet,pangu_hres_init,1.8033388461620918
1249,avamet,ifs_hres,1.7401972930218956
1249,avamet,graphcast_hres_init,1.6826288071409796
1249,avamet,pangu_hres_init,1.7990768719638817
1250,avamet,ifs_hres,1.761056452612026
1250,avamet,graphcast_hres_init,1.7005170813703203
1250,avamet,pangu_hres_init,1.8084070466142785
1251,avamet,ifs_hres,1.7312795155886993
1251,avamet,graphcast_hres_init,1.6553874468241037
1251,avamet,pangu_hres_init,1.7661502363686388
1252,avamet,ifs_hres,1.7174350020042033
1252,avamet,graphcast_hres_init,1.646467925522895
1252,avamet,pangu_hres_init,1.753818579015297
1253,avamet,ifs_hres,1.74571501175952
1253,avamet,graphcast_hres_init,1.6738434701001679
1253,avamet,pangu_hres_init,1.7856519820705694
1254,avamet,ifs_hres,1.763719309057527
1254,avamet,graphcast_hres_init,1.6896114493837704
1254,avamet,pangu_hres_init,1.7993463169838966
1255,avamet,ifs_hres,1.7352371531444983
1255,avamet,graphcast_hres_init,1.6701899912811158
1255,avamet,pangu_hres_init,1.7879283192165711
1256,avamet,ifs_hres,1.7350273200569972
1256,avamet,graphcast_hres_init,1.6869864769302423
1256,avamet,pangu_hres_init,1.791451325646378
1257,avamet,ifs_hres,1.7392597988462608
1257,avamet,graphcast_hres_init,1.68704895213222
1257,avamet,pangu_hres_init,1.784612780075026
1258,avamet,ifs_hres,1.7312469179617755
1258,avamet,graphcast_hres_init,1.6744226512666824
1258,avamet,pangu_hres_init,1.7832586146959093
1259,avamet,ifs_hres,1.7243349806043093
1259,avamet,graphcast_hres_init,1.6625028072427748
1259,avamet,pangu_hres_init,1.7907149779059612
1260,avamet,ifs_hres,1.7412879801002574
1260,avamet,graphcast_hres_init,1.6794765519952928
1260,avamet,pangu_hres_init,1.7852285882937722
1261,avamet,ifs_hres,1.77099397745083
1261,avamet,graphcast_hres_init,1.6867286354603566
1261,avamet,pangu_hres_init,1.7954937564491258
1262,avamet,ifs_hres,1.7731392342733712
1262,avamet,graphcast_hres_init,1.6849147616262392
1262,avamet,pangu_hres_init,1.8170952153745312
1263,avamet,ifs_hres,1.733938015073629
1263,avamet,graphcast_hres_init,1.673665836026054
1263,avamet,pangu_hres_init,1.7861954008655887
1264,avamet,ifs_hres,1.7779254579940522
1264,avamet,graphcast_hres_init,1.7156419989026082
1264,avamet,pangu_hres_init,1.8395262143061626
1265,avamet,ifs_hres,1.7649413470272204
1265,avamet,graphcast_hres_init,1.6921905172030751
1265,avamet,pangu_hres_init,1.801163117073615
1266,avamet,ifs_hres,1.7532693977126343
1266,avamet,graphcast_hres_init,1.6849381111336326
1266,avamet,pangu_hres_init,1.8012712696632804
1267,avamet,ifs_hres,1.7379808302830742
1267,avamet,graphcast_hres_init,1.6680062133953708
1267,avamet,pangu_hres_init,1.7690004265710555
1268,avamet,ifs_hres,1.738025461609291
1268,avamet,graphcast_hres_init,1.6785092302739724
1268,avamet,pangu_hres_init,1.8006718291332537
1269,avamet,ifs_hres,1.7566465998340701
1269,avamet,graphcast_hres_init,1.6979852400580542
1269,avamet,pangu_hres_init,1.8085736977157523
1270,avamet,ifs_hres,1.755941450371545
1270,avamet,graphcast_hres_init,1.6928198102864882
1270,avamet,pangu_hres_init,1.8025025056982735
1271,avamet,ifs_hres,1.7376350746467237
1271,avamet,graphcast_hres_init,1.6732843601579515
1271,avamet,pangu_hres_init,1.7890860024597777
1272,avamet,ifs_hres,1.7384299784461459
1272,avamet,graphcast_hres_init,1.6579111707068779
1272,avamet,pangu_hres_init,1.7701752767912067
1273,avamet,ifs_hres,1.7429121988625818
1273,avamet,graphcast_hres_init,1.6778592126444234
1273,avamet,pangu_hres_init,1.7777361047474407
1274,avamet,ifs_hres,1.7534325918404405
1274,avamet,graphcast_hres_init,1.6803455055812213
1274,avamet,pangu_hres_init,1.7913514514115545
1275,avamet,ifs_hres,1.7479073455643888
1275,avamet,graphcast_hres_init,1.6892817423487776
1275,avamet,pangu_hres_init,1.7831263782581068
1276,avamet,ifs_hres,1.763272259158568
1276,avamet,graphcast_hres_init,1.694356481251211
1276,avamet,pangu_hres_init,1.7963893794038956
1277,avamet,ifs_hres,1.7365129529110814
1277,avamet,graphcast_hres_init,1.6814184599783681
1277,avamet,pangu_hres_init,1.7902414920033614
1278,avamet,ifs_hres,1.7187645685257598
1278,avamet,graphcast_hres_init,1.6605185431205796
1278,avamet,pangu_hres_init,1.7683244107587537
1279,avamet,ifs_hres,1.7384089706326848
1279,avamet,graphcast_hres_init,1.6685236398578365
1279,avamet,pangu_hres_init,1.7655764674505143
1280,avamet,ifs_hres,1.7598063952355103
1280,avamet,graphcast_hres_init,1.693524689416372
1280,avamet,pangu_hres_init,1.7879967770155478
1281,avamet,ifs_hres,1.7792946496576525
1281,avamet,graphcast_hres_init,1.7024816760581178
1281,avamet,pangu_hres_init,1.8083856847909818
1282,avamet,ifs_hres,1.7665942875075886
1282,avamet,graphcast_hres_init,1.704623099102336
1282,avamet,pangu_hres_init,1.8308442571144328
1283,avamet,ifs_hres,1.7481158190573536
1283,avamet,graphcast_hres_init,1.6684439724463254
1283,avamet,pangu_hres_init,1.7716144054130174
1284,avamet,ifs_hres,1.7436323114804002
1284,avamet,graphcast_hres_init,1.679234323865589
1284,avamet,pangu_hres_init,1.7915865468933323
1285,avamet,ifs_hres,1.7717002411694769
1285,avamet,graphcast_hres_init,1.7003418557286545
1285,avamet,pangu_hres_init,1.8133734912809851
1286,avamet,ifs_hres,1.7481367796290688
1286,avamet,graphcast_hres_init,1.6745487219881416
1286,avamet,pangu_hres_init,1.7867753320439559
1287,avamet,ifs_hres,1.7312990910551185
1287,avamet,graphcast_hres_init,1.6574526729404715
1287,avamet,pangu_hres_init,1.7657840993228866
1288,avamet,ifs_hres,1.7156819654641713
1288,avamet,graphcast_hres_init,1.675686282480432
1288,avamet,pangu_hres_init,1.7825922850066314
1289,avamet,ifs_hres,1.7427274961225907
1289,avamet,graphcast_hres_init,1.6843268119310038
1289,avamet,pangu_hres_init,1.7975896151435353
1290,avamet,ifs_hres,1.7703314170662747
1290,avamet,graphcast_hres_init,1.7010903828777533
1290,avamet,pangu_hres_init,1.8129468512432128
1291,avamet,ifs_hres,1.7358324587132008
1291,avamet,graphcast_hres_init,1.673373587006249
1291,avamet,pangu_hres_init,1.7792072717785055
1292,avamet,ifs_hres,1.728387261785356
1292,avamet,graphcast_hres_init,1.660222469273481
1292,avamet,pangu_hres_init,1.7730658589938895
1293,avamet,ifs_hres,1.765827990846632
1293,avamet,graphcast_hres_init,1.7001688699572366
1293,avamet,pangu_hres_init,1.8111110481742383
1294,avamet,ifs_hres,1.752236362865194
1294,avamet,graphcast_hres_init,1.6872398842353638
1294,avamet,pangu_hres_init,1.797507997754846
1295,avamet,ifs_hres,1.7314398765712884
1295,avamet,graphcast_hres_init,1.6636049929626537
1295,avamet,pangu_hres_init,1.7737230487059368
1296,avamet,ifs_hres,1.7457807529014389
1296,avamet,graphcast_hres_init,1.6768988320828417
1296,avamet,pangu_hres_init,1.7891208589042165
1297,avamet,ifs_hres,1.7634917817581675
1297,avamet,graphcast_hres_init,1.702095666915136
1297,avamet,pangu_hres_init,1.8231853756527971
1298,avamet,ifs_hres,1.756798611912452
1298,avamet,graphcast_hres_init,1.698733457442911
1298,avamet,pangu_hres_init,1.8104428232806926
1299,avamet,ifs_hres,1.7685522233314153
1299,avamet,graphcast_hres_init,1.69299689028944
1299,avamet,pangu_hres_init,1.805447998594594
1300,avamet,ifs_hres,1.7869039407177718
1300,avamet,graphcast_hres_init,1.701098397081427
1300,avamet,pangu_hres_init,1.8275910444424395
1301,avamet,ifs_hres,1.774613655706713
1301,avamet,graphcast_hres_init,1.701757158757849
1301,avamet,pangu_hres_init,1.8245942753183007
1302,avamet,ifs_hres,1.7561208037314613
1302,avamet,graphcast_hres_init,1.6860995536837133
1302,avamet,pangu_hres_init,1.7890475674124637
1303,avamet,ifs_hres,1.7403137143239746
1303,avamet,graphcast_hres_init,1.6702503036063656
1303,avamet,pangu_hres_init,1.7817616989626752
1304,avamet,ifs_hres,1.748717416630565
1304,avamet,graphcast_hres_init,1.6821058471860828
1304,avamet,pangu_hres_init,1.7942021166523965
1305,avamet,ifs_hres,1.7459196443684528
1305,avamet,graphcast_hres_init,1.6800499880660889
1305,avamet,pangu_hres_init,1.7770649685783728
1306,avamet,ifs_hres,1.7355219759134344
1306,avamet,graphcast_hres_init,1.6693164053489082
1306,avamet,pangu_hres_init,1.775033225013188
1307,avamet,ifs_hres,1.7267527190316536
1307,avamet,graphcast_hres_init,1.6603856673009059
1307,avamet,pangu_hres_init,1.7792093155268602
1308,avamet,ifs_hres,1.7723757342326267
1308,avamet,graphcast_hres_init,1.695281693725578
1308,avamet,pangu_hres_init,1.7978879976270856
1309,avamet,ifs_hres,1.7594568478802852
1309,avamet,graphcast_hres_init,1.6933212248189684
1309,avamet,pangu_hres_init,1.8045874841818443
1310,avamet,ifs_hres,1.7565586047575708
1310,avamet,graphcast_hres_init,1.6822748760602735
1310,avamet,pangu_hres_init,1.7899673677919927
1311,avamet,ifs_hres,1.7866309878937705
1311,avamet,graphcast_hres_init,1.7163022475361975
1311,avamet,pangu_hres_init,1.829537751896915
1312,avamet,ifs_hres,1.7353620778995769
1312,avamet,graphcast_hres_init,1.6719806113335571
1312,avamet,pangu_hres_init,1.7836182388104191
1313,avamet,ifs_hres,1.759822887959736
1313,avamet,graphcast_hres_init,1.6974706556126684
1313,avamet,pangu_hres_init,1.8078703694129077
1314,avamet,ifs_hres,1.7627915603356223
1314,avamet,graphcast_hres_init,1.6943876310618489
1314,avamet,pangu_hres_init,1.8098237326189626
1315,avamet,ifs_hres,1.7452177273941312
1315,avamet,graphcast_hres_init,1.6788038281331656
1315,avamet,pangu_hres_init,1.7901671411100262
1316,avamet,ifs_hres,1.7699856409700983
1316,avamet,graphcast_hres_init,1.6987088310974965
1316,avamet,pangu_hres_init,1.8168670349653528
1317,avamet,ifs_hres,1.7588878384251505
1317,avamet,graphcast_hres_init,1.6814594090630555
1317,avamet,pangu_hres_init,1.7834158846367612
1318,avamet,ifs_hres,1.7687511700896459
1318,avamet,graphcast_hres_init,1.6998519623086812
1318,avamet,pangu_hres_init,1.8068856420485546
1319,avamet,ifs_hres,1.768911480229352
1319,avamet,graphcast_hres_init,1.6929111075420649
1319,avamet,pangu_hres_init,1.799220711771606
1320,avamet,ifs_hres,1.737136447763901
1320,avamet,graphcast_hres_init,1.6564777523008232
1320,avamet,pangu_hres_init,1.7710785293710438
1321,avamet,ifs_hres,1.736456492513114
1321,avamet,graphcast_hres_init,1.6742115811210503
1321,avamet,pangu_hres_init,1.7817050184935381
1322,avamet,ifs_hres,1.7570134820502523
1322,avamet,graphcast_hres_init,1.6819293255590162
1322,avamet,pangu_hres_init,1.7926126427297129
1323,avamet,ifs_hres,1.7590416098864847
1323,avamet,graphcast_hres_init,1.684290205585808
1323,avamet,pangu_hres_init,1.7941759151198315
1324,avamet,ifs_hres,1.7506346079689619
1324,avamet,graphcast_hres_init,1.6778864352100373
1324,avamet,pangu_hres_init,1.8023702506004167
1325,avamet,ifs_hres,1.7448668783800445
1325,avamet,graphcast_hres_init,1.6836136743544627
1325,avamet,pangu_hres_init,1.7960728461298563
1326,avamet,ifs_hres,1.7728090433604675
1326,avamet,graphcast_hres_init,1.693070028492042
1326,avamet,pangu_hres_init,1.7886718756485271
1327,avamet,ifs_hres,1.7549500487525431
1327,avamet,graphcast_hres_init,1.6926243781090937
1327,avamet,pangu_hres_init,1.790941674184947
1328,avamet,ifs_hres,1.7446610116246726
1328,avamet,graphcast_hres_init,1.6796879711811532
1328,avamet,pangu_hres_init,1.7874518842513267
1329,avamet,ifs_hres,1.7398000926022874
1329,avamet,graphcast_hres_init,1.6686603975854046
1329,avamet,pangu_hres_init,1.779518662944923
1330,avamet,ifs_hres,1.726644307359915
1330,avamet,graphcast_hres_init,1.6693651839732313
1330,avamet,pangu_hres_init,1.7854763587367257
1331,avamet,ifs_hres,1.7625980168993272
1331,avamet,graphcast_hres_init,1.6901778217605035
1331,avamet,pangu_hres_init,1.7956320710062779
1332,avamet,ifs_hres,1.7407895649164862
1332,avamet,graphcast_hres_init,1.6796505097390848
1332,avamet,pangu_hres_init,1.7798052730599918
1333,avamet,ifs_hres,1.7369597140790574
1333,avamet,graphcast_hres_init,1.6909170605300143
1333,avamet,pangu_hres_init,1.7840822229313698
1334,avamet,ifs_hres,1.7602732587437657
1334,avamet,graphcast_hres_init,1.6895166305043223
1334,avamet,pangu_hres_init,1.7968378028583707
1335,avamet,ifs_hres,1.7308608886787642
1335,avamet,graphcast_hres_init,1.6718272458472532
1335,avamet,pangu_hres_init,1.789623150324848
1336,avamet,ifs_hres,1.7526937835850662
1336,avamet,graphcast_hres_init,1.6867815987485062
1336,avamet,pangu_hres_init,1.8056617671746416
1337,avamet,ifs_hres,1.7319296596261258
1337,avamet,graphcast_hres_init,1.6759828057992658
1337,avamet,pangu_hres_init,1.7834247382486779
1338,avamet,ifs_hres,1.7595296568740941
1338,avamet,graphcast_hres_init,1.6981415070556904
1338,avamet,pangu_hres_init,1.80490923180155
1339,avamet,ifs_hres,1.7624875824985022
1339,avamet,graphcast_hres_init,1.7087699416544413
1339,avamet,pangu_hres_init,1.8110391925557234
1340,avamet,ifs_hres,1.7604652593835783
1340,avamet,graphcast_hres_init,1.6905718109352241
1340,avamet,pangu_hres_init,1.801833385531305
1341,avamet,ifs_hres,1.7411512032285623
1341,avamet,graphcast_hres_init,1.6767833247863686
1341,avamet,pangu_hres_init,1.7878789150585812
1342,avamet,ifs_hres,1.7284611788014923
1342,avamet,graphcast_hres_init,1.6773722941028777
1342,avamet,pangu_hres_init,1.7883720713494886
1343,avamet,ifs_hres,1.7332675948683187
1343,avamet,graphcast_hres_init,1.6583372197618695
1343,avamet,pangu_hres_init,1.7645048949174431
1344,avamet,ifs_hres,1.7517753692288731
1344,avamet,graphcast_hres_init,1.6800375206217846
1344,avamet,pangu_hres_init,1.797668752320365
1345,avamet,ifs_hres,1.7366125837728068
1345,avamet,graphcast_hres_init,1.6745016372923025
1345,avamet,pangu_hres_init,1.8105046242236686
1346,avamet,ifs_hres,1.7479185807198232
1346,avamet,graphcast_hres_init,1.6835758533959901
1346,avamet,pangu_hres_init,1.7949420519903712
1347,avamet,ifs_hres,1.7438590952764403
1347,avamet,graphcast_hres_init,1.6727585409176562
1347,avamet,pangu_hres_init,1.7846377404808456
1348,avamet,ifs_hres,1.7563234713498692
1348,avamet,graphcast_hres_init,1.684617421009112
1348,avamet,pangu_hres_init,1.7980793789185734
1349,avamet,ifs_hres,1.7416181715416665
1349,avamet,graphcast_hres_init,1.6846834502375034
1349,avamet,pangu_hres_init,1.799019439695128
1350,avamet,ifs_hres,1.7538362467607833
1350,avamet,graphcast_hres_init,1.6888391121142605
1350,avamet,pangu_hres_init,1.7905712338687019
1351,avamet,ifs_hres,1.7410024947225091
1351,avamet,graphcast_hres_init,1.670660788642154
1351,avamet,pangu_hres_init,1.76977465040862
1352,avamet,ifs_hres,1.7478161791238633
1352,avamet,graphcast_hres_init,1.6883778397765163
1352,avamet,pangu_hres_init,1.789148713196663
1353,avamet,ifs_hres,1.7429415088745122
1353,avamet,graphcast_hres_init,1.6729455173024992
1353,avamet,pangu_hres_init,1.7727975035684427
1354,avamet,ifs_hres,1.738498869568694
1354,avamet,graphcast_hres_init,1.6819613276417913
1354,avamet,pangu_hres_init,1.8151920134336152
1355,avamet,ifs_hres,1.7208910097039058
1355,avamet,graphcast_hres_init,1.6446697642620847
1355,avamet,pangu_hres_init,1.7699030592998848
1356,avamet,ifs_hres,1.7850637278117893
1356,avamet,graphcast_hres_init,1.6997690439455837
1356,avamet,pangu_hres_init,1.8153534473746775
1357,avamet,ifs_hres,1.7438647820703412
1357,avamet,graphcast_hres_init,1.6845815226006648
1357,avamet,pangu_hres_init,1.785439179471175
1358,avamet,ifs_hres,1.7241694107621612
1358,avamet,graphcast_hres_init,1.6704037900421655
1358,avamet,pangu_hres_init,1.7761571992775067
1359,avamet,ifs_hres,1.738651755821973
1359,avamet,graphcast_hres_init,1.6843117334236115
1359,avamet,pangu_hres_init,1.7902740155699377
1360,avamet,ifs_hres,1.7597164710985724
1360,avamet,graphcast_hres_init,1.6850935160726566
1360,avamet,pangu_hres_init,1.7879485327246307
1361,avamet,ifs_hres,1.747237467594933
1361,avamet,graphcast_hres_init,1.67560362391038
1361,avamet,pangu_hres_init,1.800135249256982
1362,avamet,ifs_hres,1.750395197857992
1362,avamet,graphcast_hres_init,1.6945062340322046
1362,avamet,pangu_hres_init,1.7915108007995422
1363,avamet,ifs_hres,1.773213220808825
1363,avamet,graphcast_hres_init,1.6928218294024915
1363,avamet,pangu_hres_init,1.802036412143799
1364,avamet,ifs_hres,1.7605739569349321
1364,avamet,graphcast_hres_init,1.702972077264555
1364,avamet,pangu_hres_init,1.811720100582642
1365,avamet,ifs_hres,1.7233152426555123
1365,avamet,graphcast_hres_init,1.6680485020714226
1365,avamet,pangu_hres_init,1.7698651265586798
1366,avamet,ifs_hres,1.7503127047145157
1366,avamet,graphcast_hres_init,1.681332479663023
1366,avamet,pangu_hres_init,1.799357395432858
1367,avamet,ifs_hres,1.7471861125319974
1367,avamet,graphcast_hres_init,1.6842269210425964
1367,avamet,pangu_hres_init,1.790289474116616
1368,avamet,ifs_hres,1.7506218913157883
1368,avamet,graphcast_hres_init,1.6872750967551715
1368,avamet,pangu_hres_init,1.7857646284523516
1369,avamet,ifs_hres,1.7299409250492017
1369,avamet,graphcast_hres_init,1.668429989754864
1369,avamet,pangu_hres_init,1.7888975732430512
1370,avamet,ifs_hres,1.7432791559738816
1370,avamet,graphcast_hres_init,1.6742656854232214
1370,avamet,pangu_hres_init,1.7770063472376794
1371,avamet,ifs_hres,1.7738891305195195
1371,avamet,graphcast_hres_init,1.7098939564139826
1371,avamet,pangu_hres_init,1.8321120422511303
1372,avamet,ifs_hres,1.7401815124247764
1372,avamet,graphcast_hres_init,1.6625538424453967
1372,avamet,pangu_hres_init,1.7539666143728128
1373,avamet,ifs_hres,1.7705100986028028
1373,avamet,graphcast_hres_init,1.7006312284321492
1373,avamet,pangu_hres_init,1.8288840981286287
1374,avamet,ifs_hres,1.7814272359152
1374,avamet,graphcast_hres_init,1.709267150278427
1374,avamet,pangu_hres_init,1.8354757599502
1375,avamet,ifs_hres,1.7223903203469193
1375,avamet,graphcast_hres_init,1.666073077123281
1375,avamet,pangu_hres_init,1.758782195996633
1376,avamet,ifs_hres,1.7267693403305888
1376,avamet,graphcast_hres_init,1.6493739941176586
1376,avamet,pangu_hres_init,1.7635918435019657
1377,avamet,ifs_hres,1.7457767961084178
1377,avamet,graphcast_hres_init,1.6735817324289137
1377,avamet,pangu_hres_init,1.7800376564065559
1378,avamet,ifs_hres,1.7458917806089627
1378,avamet,graphcast_hres_init,1.6783391903122726
1378,avamet,pangu_hres_init,1.7979171193392072
1379,avamet,ifs_hres,1.7482065338166717
1379,avamet,graphcast_hres_init,1.68201194507552
1379,avamet,pangu_hres_init,1.7913575734616831
1380,avamet,ifs_hres,1.7700172394029543
1380,avamet,graphcast_hres_init,1.6908372447750075
1380,avamet,pangu_hres_init,1.8019486568330965
1381,avamet,ifs_hres,1.7352719748713612
1381,avamet,graphcast_hres_init,1.6749515604984084
1381,avamet,pangu_hres_init,1.7913157146335859
1382,avamet,ifs_hres,1.7521043518687558
1382,avamet,graphcast_hres_init,1.6778322115997206
1382,avamet,pangu_hres_init,1.8032954515961734
1383,avamet,ifs_hres,1.7462785140507697
1383,avamet,graphcast_hres_init,1.663373293205399
1383,avamet,pangu_hres_init,1.765502663898463
1384,avamet,ifs_hres,1.7472072165215948
1384,avamet,graphcast_hres_init,1.6849293844718982
1384,avamet,pangu_hres_init,1.8038210768187681
1385,avamet,ifs_hres,1.7311993262447944
1385,avamet,graphcast_hres_init,1.662469453512556
1385,avamet,pangu_hres_init,1.7654113639568694
1386,avamet,ifs_hres,1.7268816984081494
1386,avamet,graphcast_hres_init,1.6764075595438648
1386,avamet,pangu_hres_init,1.7944314402531527
1387,avamet,ifs_hres,1.7500668376745119
1387,avamet,graphcast_hres_init,1.687374654310169
1387,avamet,pangu_hres_init,1.8002805655984053
1388,avamet,ifs_hres,1.7536074795301646
1388,avamet,graphcast_hres_init,1.693109598883254
1388,avamet,pangu_hres_init,1.8156171879283212
1389,avamet,ifs_hres,1.742485349231496
1389,avamet,graphcast_hres_init,1.6789500395334709
1389,avamet,pangu_hres_init,1.8025067396815084
1390,avamet,ifs_hres,1.7193811542138508
1390,avamet,graphcast_hres_init,1.6531549475085563
1390,avamet,pangu_hres_init,1.7675448712375643
1391,avamet,ifs_hres,1.7260531174112494
1391,avamet,graphcast_hres_init,1.668847101111789
1391,avamet,pangu_hres_init,1.7762071846905407
1392,avamet,ifs_hres,1.7171689502008025
1392,avamet,graphcast_hres_init,1.66363126659405
1392,avamet,pangu_hres_init,1.7719989151338005
1393,avamet,ifs_hres,1.748794997954526
1393,avamet,graphcast_hres_init,1.6682880681700938
1393,avamet,pangu_hres_init,1.7723245443956088
1394,avamet,ifs_hres,1.753847315896962
1394,avamet,graphcast_hres_init,1.6899069149008583
1394,avamet,pangu_hres_init,1.7989126028785982
1395,avamet,ifs_hres,1.7251260591651036
1395,avamet,graphcast_hres_init,1.6779387732076199
1395,avamet,pangu_hres_init,1.7855174296449963
1396,avamet,ifs_hres,1.759269401800544
1396,avamet,graphcast_hres_init,1.684226062944805
1396,avamet,pangu_hres_init,1.8025083028355195
1397,avamet,ifs_hres,1.7480424792038793
1397,avamet,graphcast_hres_init,1.694359587849629
1397,avamet,pangu_hres_init,1.8043014471725811
1398,avamet,ifs_hres,1.7514233194058564
1398,avamet,graphcast_hres_init,1.6792726068852335
1398,avamet,pangu_hres_init,1.787026913801949
1399,avamet,ifs_hres,1.724930530019947
1399,avamet,graphcast_hres_init,1.6629827896262313
1399,avamet,pangu_hres_init,1.7758376245798406
1400,avamet,ifs_hres,1.7395416285617051
1400,avamet,graphcast_hres_init,1.6712938100896155
1400,avamet,pangu_hres_init,1.7936748686226847
1401,avamet,ifs_hres,1.7419053327455083
1401,avamet,graphcast_hres_init,1.674155996287778
1401,avamet,pangu_hres_init,1.7834451020498832
1402,avamet,ifs_hres,1.756142292406654
1402,avamet,graphcast_hres_init,1.6850410547626644
1402,avamet,pangu_hres_init,1.7997273458942982
1403,avamet,ifs_hres,1.7634609624504407
1403,avamet,graphcast_hres_init,1.7053762425110943
1403,avamet,pangu_hres_init,1.8165480923453965
1404,avamet,ifs_hres,1.7169817899348536
1404,avamet,graphcast_hres_init,1.6643896376014884
1404,avamet,pangu_hres_init,1.7667047223263672
1405,avamet,ifs_hres,1.7543581094469727
1405,avamet,graphcast_hres_init,1.6754813919262606
1405,avamet,pangu_hres_init,1.7962730657627846
1406,avamet,ifs_hres,1.761628479625286
1406,avamet,graphcast_hres_init,1.7012970039391444
1406,avamet,pangu_hres_init,1.8305817920815552
1407,avamet,ifs_hres,1.7482447021088718
1407,avamet,graphcast_hres_init,1.6779644290079827
1407,avamet,pangu_hres_init,1.7818111592386356
1408,avamet,ifs_hres,1.7521122292848985
1408,avamet,graphcast_hres_init,1.6855234311349396
1408,avamet,pangu_hres_init,1.7861624342438573
1409,avamet,ifs_hres,1.7484642053867971
1409,avamet,graphcast_hres_init,1.6843153553181331
1409,avamet,pangu_hres_init,1.7960568907100158
1410,avamet,ifs_hres,1.7399567645536984
1410,avamet,graphcast_hres_init,1.6748000637782423
1410,avamet,pangu_hres_init,1.7698402608362431
1411,avamet,ifs_hres,1.7612023998799076
1411,avamet,graphcast_hres_init,1.7050694128510113
1411,avamet,pangu_hres_init,1.8120891590160206
1412,avamet,ifs_hres,1.7680006034236029
1412,avamet,graphcast_hres_init,1.6942479086347206
1412,avamet,pangu_hres_init,1.8162442081275774
1413,avamet,ifs_hres,1.7340786818692748
1413,avamet,graphcast_hres_init,1.6662049227893523
1413,avamet,pangu_hres_init,1.7743392738402703
1414,avamet,ifs_hres,1.7445956129307136
1414,avamet,graphcast_hres_init,1.6698720552222173
1414,avamet,pangu_hres_init,1.7798603273870146
1415,avamet,ifs_hres,1.7978301258606495
1415,avamet,graphcast_hres_init,1.7160557569982704
1415,avamet,pangu_hres_init,1.8316952235352337
1416,avamet,ifs_hres,1.7520665901420442
1416,avamet,graphcast_hres_init,1.6854223870535765
1416,avamet,pangu_hres_init,1.79108598808023
1417,avamet,ifs_hres,1.7663870511010444
1417,avamet,graphcast_hres_init,1.6996439838011068
1417,avamet,pangu_hres_init,1.8119916982767454
1418,avamet,ifs_hres,1.752546278802498
1418,avamet,graphcast_hres_init,1.687516130622132
1418,avamet,pangu_hres_init,1.8147970430169287
1419,avamet,ifs_hres,1.7330244915044506
1419,avamet,graphcast_hres_init,1.675887506273233
1419,avamet,pangu_hres_init,1.7881829598170846
1420,avamet,ifs_hres,1.760186533736612
1420,avamet,graphcast_hres_init,1.688835687846543
1420,avamet,pangu_hres_init,1.7952385861947826
1421,avamet,ifs_hres,1.7679206004577623
1421,avamet,graphcast_hres_init,1.7123073513030196
1421,avamet,pangu_hres_init,1.813993116934444
1422,avamet,ifs_hres,1.7488824362866238
1422,avamet,graphcast_hres_init,1.670766871411123
1422,avamet,pangu_hres_init,1.7818120963890551
1423,avamet,ifs_hres,1.757667849880823
1423,avamet,graphcast_hres_init,1.699070785486142
1423,avamet,pangu_hres_init,1.812689488692571
1424,avamet,ifs_hres,1.7314324957567586
1424,avamet,graphcast_hres_init,1.6704827966972988
1424,avamet,pangu_hres_init,1.7754396703607145
1425,avamet,ifs_hres,1.7512630700571217
1425,avamet,graphcast_hres_init,1.6889988200231032
1425,avamet,pangu_hres_init,1.7983723194340318
1426,avamet,ifs_hres,1.7732947222795148
1426,avamet,graphcast_hres_init,1.6912379907380453
1426,avamet,pangu_hres_init,1.808658046467773
1427,avamet,ifs_hres,1.7604333529248914
1427,avamet,graphcast_hres_init,1.7025960195968743
1427,avamet,pangu_hres_init,1.8216703453584904
1428,avamet,ifs_hres,1.7690576829525742
1428,avamet,graphcast_hres_init,1.6941285694627608
1428,avamet,pangu_hres_init,1.807307642661557
1429,avamet,ifs_hres,1.744596968396254
1429,avamet,graphcast_hres_init,1.6817217540712708
1429,avamet,pangu_hres_init,1.8113240259144168
1430,avamet,ifs_hres,1.738958230883877
1430,avamet,graphcast_hres_init,1.669183390638886
1430,avamet,pangu_hres_init,1.8064685012592938
1431,avamet,ifs_hres,1.750188221204151
1431,avamet,graphcast_hres_init,1.6836622664103131
1431,avamet,pangu_hres_init,1.8002225150718414
1432,avamet,ifs_hres,1.7536167047768565
1432,avamet,graphcast_hres_init,1.6847520504711417
1432,avamet,pangu_hres_init,1.7924478185227735
1433,avamet,ifs_hres,1.7485318493984896
1433,avamet,graphcast_hres_init,1.6791303451932715
1433,avamet,pangu_hres_init,1.7854368134185974
1434,avamet,ifs_hres,1.7395221242455645
1434,avamet,graphcast_hres_init,1.6737726515392366
1434,avamet,pangu_hres_init,1.7774669665343936
1435,avamet,ifs_hres,1.7541968723836088
1435,avamet,graphcast_hres_init,1.6868126936601773
1435,avamet,pangu_hres_init,1.788814615117253
1436,avamet,ifs_hres,1.7304287090529886
1436,avamet,graphcast_hres_init,1.6784900117891353
1436,avamet,pangu_hres_init,1.7920258101033222
1437,avamet,ifs_hres,1.754197138180535
1437,avamet,graphcast_hres_init,1.6743855167930777
1437,avamet,pangu_hres_init,1.7837904164813287
1438,avamet,ifs_hres,1.7559879650337114
1438,avamet,graphcast_hres_init,1.687525690453914
1438,avamet,pangu_hres_init,1.801148153989303
1439,avamet,ifs_hres,1.7650835695920863
1439,avamet,graphcast_hres_init,1.6870706911962978
1439,avamet,pangu_hres_init,1.7875557476739077
1440,avamet,ifs_hres,1.7315002637544676
1440,avamet,graphcast_hres_init,1.6675525039332888
1440,avamet,pangu_hres_init,1.7784368672541824
1441,avamet,ifs_hres,1.7809331555642318
1441,avamet,graphcast_hres_init,1.7185584476843772
1441,avamet,pangu_hres_init,1.8241005499982677
1442,avamet,ifs_hres,1.7355208146821455
1442,avamet,graphcast_hres_init,1.6624824431012526
1442,avamet,pangu_hres_init,1.776756373851404
1443,avamet,ifs_hres,1.7541730044338
1443,avamet,graphcast_hres_init,1.6881027746670743
1443,avamet,pangu_hres_init,1.8020524011715477
1444,avamet,ifs_hres,1.735584107539921
1444,avamet,graphcast_hres_init,1.6735089643801857
1444,avamet,pangu_hres_init,1.7804548663245974
1445,avamet,ifs_hres,1.761433169215154
1445,avamet,graphcast_hres_init,1.6873698117653912
1445,avamet,pangu_hres_init,1.7978063824945476
1446,avamet,ifs_hres,1.7335889155208932
1446,avamet,graphcast_hres_init,1.6807484078209987
1446,avamet,pangu_hres_init,1.7804322338728351
1447,avamet,ifs_hres,1.758372634462625
1447,avamet,graphcast_hres_init,1.6943195840925163
1447,avamet,pangu_hres_init,1.8007823653487192
1448,avamet,ifs_hres,1.7644584460060697
1448,avamet,graphcast_hres_init,1.6977326828196597
1448,avamet,pangu_hres_init,1.8054240136644328
1449,avamet,ifs_hres,1.751217439896118
1449,avamet,graphcast_hres_init,1.6966799014066203
1449,avamet,pangu_hres_init,1.8102808589054058
1450,avamet,ifs_hres,1.7668289918398692
1450,avamet,graphcast_hres_init,1.6878705142214274
1450,avamet,pangu_hres_init,1.7880471879424698
1451,avamet,ifs_hres,1.7517589411465897
1451,avamet,graphcast_hres_init,1.6790198722523813
1451,avamet,pangu_hres_init,1.7742889816416252
1452,avamet,ifs_hres,1.7549354792498975
1452,avamet,graphcast_hres_init,1.680439131855391
1452,avamet,pangu_hres_init,1.7796219114379692
1453,avamet,ifs_hres,1.7290891145405956
1453,avamet,graphcast_hres_init,1.6709975341005914
1453,avamet,pangu_hres_init,1.7768355660822979
1454,avamet,ifs_hres,1.754977443522513
1454,avamet,graphcast_hres_init,1.6896778347663768
1454,avamet,pangu_hres_init,1.794690837203044
1455,avamet,ifs_hres,1.7405634965966073
1455,avamet,graphcast_hres_init,1.671520260289284
1455,avamet,pangu_hres_init,1.7911481866245045
1456,avamet,ifs_hres,1.7388668923968715
1456,avamet,graphcast_hres_init,1.6791290052186965
1456,avamet,pangu_hres_init,1.8096634342046587
1457,avamet,ifs_hres,1.7597397893599678
1457,avamet,graphcast_hres_init,1.6811129608106687
1457,avamet,pangu_hres_init,1.7951022679226885
1458,avamet,ifs_hres,1.7601149033510033
1458,avamet,graphcast_hres_init,1.6906412548811682
1458,avamet,pangu_hres_init,1.7968390528143603
1459,avamet,ifs_hres,1.7207786734165025
1459,avamet,graphcast_hres_init,1.664507744722104
1459,avamet,pangu_hres_init,1.774418929076776
1460,avamet,ifs_hres,1.75962037180358
1460,avamet,graphcast_hres_init,1.6782858944412418
1460,avamet,pangu_hres_init,1.77854900116772
1461,avamet,ifs_hres,1.7632443581591932
1461,avamet,graphcast_hres_init,1.6936725742504832
1461,avamet,pangu_hres_init,1.8083882117183385
1462,avamet,ifs_hres,1.750890276389645
1462,avamet,graphcast_hres_init,1.692702053450792
1462,avamet,pangu_hres_init,1.8096837211590755
1463,avamet,ifs_hres,1.7464108937147385
1463,avamet,graphcast_hres_init,1.6826562969008996
1463,avamet,pangu_hres_init,1.7858586326556372
1464,avamet,ifs_hres,1.7177960216695036
1464,avamet,graphcast_hres_init,1.6611840348704103
1464,avamet,pangu_hres_init,1.7785700247444498
1465,avamet,ifs_hres,1.7423718549876746
1465,avamet,graphcast_hres_init,1.6697859015219283
1465,avamet,pangu_hres_init,1.7710601461139563
1466,avamet,ifs_hres,1.760210532574699
1466,avamet,graphcast_hres_init,1.693559985177561
1466,avamet,pangu_hres_init,1.7981707347350648
1467,avamet,ifs_hres,1.7462271736722037
1467,avamet,graphcast_hres_init,1.6751202611530682
1467,avamet,pangu_hres_init,1.7799056666846662
1468,avamet,ifs_hres,1.7642049427121447
1468,avamet,graphcast_hres_init,1.700725553123206
1468,avamet,pangu_hres_init,1.8123796796034208
1469,avamet,ifs_hres,1.7688872045139008
1469,avamet,graphcast_hres_init,1.6990559426192309
1469,avamet,pangu_hres_init,1.8080566395983593
1470,avamet,ifs_hres,1.741776246942469
1470,avamet,graphcast_hres_init,1.6635412544347936
1470,avamet,pangu_hres_init,1.7701904476581047
1471,avamet,ifs_hres,1.745904545348101
1471,avamet,graphcast_hres_init,1.688343447604493
1471,avamet,pangu_hres_init,1.7955723435888526
1472,avamet,ifs_hres,1.734765603125681
1472,avamet,graphcast_hres_init,1.6663759612965354
1472,avamet,pangu_hres_init,1.770346042813132
1473,avamet,ifs_hres,1.7392851623717922
1473,avamet,graphcast_hres_init,1.6856967734174708
1473,avamet,pangu_hres_init,1.7954096169039582
1474,avamet,ifs_hres,1.755229014535948
1474,avamet,graphcast_hres_init,1.6876963318546918
1474,avamet,pangu_hres_init,1.799828827728409
1475,avamet,ifs_hres,1.7474737496196011
1475,avamet,graphcast_hres_init,1.6790615882380877
1475,avamet,pangu_hres_init,1.775536124589119
1476,avamet,ifs_hres,1.7540763967300999
1476,avamet,graphcast_hres_init,1.692504557950899
1476,avamet,pangu_hres_init,1.8022675174064413
1477,avamet,ifs_hres,1.7295347461759751
1477,avamet,graphcast_hres_init,1.6794541204796891
1477,avamet,pangu_hres_init,1.781642515051724
1478,avamet,ifs_hres,1.7538838832298584
1478,avamet,graphcast_hres_init,1.6869118427557632
1478,avamet,pangu_hres_init,1.7938900346068178
1479,avamet,ifs_hres,1.7404190466969642
1479,avamet,graphcast_hres_init,1.6818998462187287
1479,avamet,pangu_hres_init,1.7862890094995933
1480,avamet,ifs_hres,1.7586779778952857
1480,avamet,graphcast_hres_init,1.684192359121411
1480,avamet,pangu_hres_init,1.796173249610659
1481,avamet,ifs_hres,1.7586198561498578
1481,avamet,graphcast_hres_init,1.6843464579672212
1481,avamet,pangu_hres_init,1.7975072742893017
1482,avamet,ifs_hres,1.7431514634022378
1482,avamet,graphcast_hres_init,1.678899539474265
1482,avamet,pangu_hres_init,1.7951437095878666
1483,avamet,ifs_hres,1.751635891075248
1483,avamet,graphcast_hres_init,1.6901917288831758
1483,avamet,pangu_hres_init,1.8031218693901883
1484,avamet,ifs_hres,1.7451801800662905
1484,avamet,graphcast_hres_init,1.6696044733958253
1484,avamet,pangu_hres_init,1.783191698356305
1485,avamet,ifs_hres,1.742468681078939
1485,avamet,graphcast_hres_init,1.6704298652639615
1485,avamet,pangu_hres_init,1.7791134634459789
1486,avamet,ifs_hres,1.7517732278481342
1486,avamet,graphcast_hres_init,1.6903634161629875
1486,avamet,pangu_hres_init,1.8026390562452455
1487,avamet,ifs_hres,1.7491345161497633
1487,avamet,graphcast_hres_init,1.6903556240174245
1487,avamet,pangu_hres_init,1.8128772340434107
1488,avamet,ifs_hres,1.7490391163761103
1488,avamet,graphcast_hres_init,1.6791877732226559
1488,avamet,pangu_hres_init,1.7794153325570568
1489,avamet,ifs_hres,1.7555882172553192
1489,avamet,graphcast_hres_init,1.6959713209590594
1489,avamet,pangu_hres_init,1.7853835278600896
1490,avamet,ifs_hres,1.7394051430100088
1490,avamet,graphcast_hres_init,1.6754795232716073
1490,avamet,pangu_hres_init,1.7865386677249993
1491,avamet,ifs_hres,1.7345574274316264
1491,avamet,graphcast_hres_init,1.6762754365241104
1491,avamet,pangu_hres_init,1.7793627954074052
1492,avamet,ifs_hres,1.7415570843657289
1492,avamet,graphcast_hres_init,1.6665554593616356
1492,avamet,pangu_hres_init,1.763425249300951
1493,avamet,ifs_hres,1.7453731669977173
1493,avamet,graphcast_hres_init,1.684329804291706
1493,avamet,pangu_hres_init,1.7941431897265199
1494,avamet,ifs_hres,1.7617593881043587
1494,avamet,graphcast_hres_init,1.6913522771383254
1494,avamet,pangu_hres_init,1.8023114037497592
1495,avamet,ifs_hres,1.7547700648462354
1495,avamet,graphcast_hres_init,1.6842721083281524
1495,avamet,pangu_hres_init,1.8071680544048272
1496,avamet,ifs_hres,1.7299796177728464
1496,avamet,graphcast_hres_init,1.6727494945843275
1496,avamet,pangu_hres_init,1.7797448806387874
1497,avamet,ifs_hres,1.7717671950596228
1497,avamet,graphcast_hres_init,1.6986991751436828
1497,avamet,pangu_hres_init,1.8016591499567691
1498,avamet,ifs_hres,1.7513373985917107
1498,avamet,graphcast_hres_init,1.6822397640504665
1498,avamet,pangu_hres_init,1.807999092430186
1499,avamet,ifs_hres,1.7305118911820463
1499,avamet,graphcast_hres_init,1.6645070992257327
1499,avamet,pangu_hres_init,1.771473699105959
1500,avamet,ifs_hres,1.7545387724397647
1500,avamet,graphcast_hres_init,1.6830917396736573
1500,avamet,pangu_hres_init,1.790857854807055
1501,avamet,ifs_hres,1.7613078909312299
1501,avamet,graphcast_hres_init,1.68895435420131
1501,avamet,pangu_hres_init,1.7906869698406804
1502,avamet,ifs_hres,1.7305259029271844
1502,avamet,graphcast_hres_init,1.6634420892527422
1502,avamet,pangu_hres_init,1.7718784538461156
1503,avamet,ifs_hres,1.759145000171146
1503,avamet,graphcast_hres_init,1.6894069217912577
1503,avamet,pangu_hres_init,1.8011870543835728
1504,avamet,ifs_hres,1.7379820183880688
1504,avamet,graphcast_hres_init,1.6777973781073838
1504,avamet,pangu_hres_init,1.7868633056595953
1505,avamet,ifs_hres,1.7296381111368744
1505,avamet,graphcast_hres_init,1.676916385854509
1505,avamet,pangu_hres_init,1.7759607218952511
1506,avamet,ifs_hres,1.7676230183387558
1506,avamet,graphcast_hres_init,1.7030827265199775
1506,avamet,pangu_hres_init,1.8018292762061754
1507,avamet,ifs_hres,1.7423754428659015
1507,avamet,graphcast_hres_init,1.6830112969090156
1507,avamet,pangu_hres_init,1.784722363518126
1508,avamet,ifs_hres,1.761025171963439
1508,avamet,graphcast_hres_init,1.6892968928965035
1508,avamet,pangu_hres_init,1.8052676817311628
1509,avamet,ifs_hres,1.766730946977861
1509,avamet,graphcast_hres_init,1.693555644290286
1509,avamet,pangu_hres_init,1.8004491037716137
1510,avamet,ifs_hres,1.728761780253442
1510,avamet,graphcast_hres_init,1.653420105591879
1510,avamet,pangu_hres_init,1.7709746030460185
1511,avamet,ifs_hres,1.7459165631422107
1511,avamet,graphcast_hres_init,1.6824665440385325
1511,avamet,pangu_hres_init,1.7870627546002318
1512,avamet,ifs_hres,1.7253244413486848
1512,avamet,graphcast_hres_init,1.65899468057784
1512,avamet,pangu_hres_init,1.7783774272236137
1513,avamet,ifs_hres,1.746909971567506
1513,avamet,graphcast_hres_init,1.6833305713061613
1513,avamet,pangu_hres_init,1.79352707345779
1514,avamet,ifs_hres,1.7579305619405527
1514,avamet,graphcast_hres_init,1.6844831889376686
1514,avamet,pangu_hres_init,1.8023082238906987
1515,avamet,ifs_hres,1.7569961086689978
1515,avamet,graphcast_hres_init,1.676139751017512
1515,avamet,pangu_hres_init,1.7969348625453567
1516,avamet,ifs_hres,1.748817435528528
1516,avamet,graphcast_hres_init,1.6802611681713142
1516,avamet,pangu_hres_init,1.7863017712461586
1517,avamet,ifs_hres,1.7421094588037531
1517,avamet,graphcast_hres_init,1.6738566848095744
1517,avamet,pangu_hres_init,1.7854632128655603
1518,avamet,ifs_hres,1.7572787178081168
1518,avamet,graphcast_hres_init,1.6957234810611979
1518,avamet,pangu_hres_init,1.8151519938440548
1519,avamet,ifs_hres,1.7728388139064768
1519,avamet,graphcast_hres_init,1.7041691632634872
1519,avamet,pangu_hres_init,1.805006361354403
1520,avamet,ifs_hres,1.7477493802122979
1520,avamet,graphcast_hres_init,1.6787329362557892
1520,avamet,pangu_hres_init,1.7806516337022305
1521,avamet,ifs_hres,1.75317587607869
1521,avamet,graphcast_hres_init,1.6821306851319997
1521,avamet,pangu_hres_init,1.7789354626144291
1522,avamet,ifs_hres,1.7405602190148468
1522,avamet,graphcast_hres_init,1.6679186497081748
1522,avamet,pangu_hres_init,1.778036317806305
1523,avamet,ifs_hres,1.7455271170975324
1523,avamet,graphcast_hres_init,1.6830093676888325
1523,avamet,pangu_hres_init,1.7830966743741388
1524,avamet,ifs_hres,1.7291100139236613
1524,avamet,graphcast_hres_init,1.6595130308053712
1524,avamet,pangu_hres_init,1.7825116775208583
1525,avamet,ifs_hres,1.7589890351705681
1525,avamet,graphcast_hres_init,1.6811006452746047
1525,avamet,pangu_hres_init,1.8060534335184633
1526,avamet,ifs_hres,1.74935648141514
1526,avamet,graphcast_hres_init,1.694699148594136
1526,avamet,pangu_hres_init,1.815135058523694
1527,avamet,ifs_hres,1.7642750649601975
1527,avamet,graphcast_hres_init,1.6946336478300819
1527,avamet,pangu_hres_init,1.811137935946813
1528,avamet,ifs_hres,1.7370450413216494
1528,avamet,graphcast_hres_init,1.6652981755867322
1528,avamet,pangu_hres_init,1.7668007494273859
1529,avamet,ifs_hres,1.7549265182082572
1529,avamet,graphcast_hres_init,1.6843984057666757
1529,avamet,pangu_hres_init,1.786473568750247
1530,avamet,ifs_hres,1.7814079658763096
1530,avamet,graphcast_hres_init,1.7040747686571411
1530,avamet,pangu_hres_init,1.8185257187027246
1531,avamet,ifs_hres,1.7342246774413526
1531,avamet,graphcast_hres_init,1.6777254256207965
1531,avamet,pangu_hres_init,1.7823605877567896
1532,avamet,ifs_hres,1.7310163165223635
1532,avamet,graphcast_hres_init,1.6784130881070047
1532,avamet,pangu_hres_init,1.785756358886813
1533,avamet,ifs_hres,1.7843490122604613
1533,avamet,graphcast_hres_init,1.696745945151838
1533,avamet,pangu_hres_init,1.7986057912568725
1534,avamet,ifs_hres,1.7476349541182612
1534,avamet,graphcast_hres_init,1.6849526639664985
1534,avamet,pangu_hres_init,1.80725184826005
1535,avamet,ifs_hres,1.7521799401011806
1535,avamet,graphcast_hres_init,1.6847280715007422
1535,avamet,pangu_hres_init,1.7857896971665888
1536,avamet,ifs_hres,1.7472059062377676
1536,avamet,graphcast_hres_init,1.6917220586996722
1536,avamet,pangu_hres_init,1.7844032385231134
1537,avamet,ifs_hres,1.7505054024216156
1537,avamet,graphcast_hres_init,1.6799085909978975
1537,avamet,pangu_hres_init,1.7885894057911886
1538,avamet,ifs_hres,1.7588901633589598
1538,avamet,graphcast_hres_init,1.696861775501529
1538,avamet,pangu_hres_init,1.8053158668665228
1539,avamet,ifs_hres,1.7436564745615981
1539,avamet,graphcast_hres_init,1.6919512264457013
1539,avamet,pangu_hres_init,1.8092546713015876
1540,avamet,ifs_hres,1.7226510512221356
1540,avamet,graphcast_hres_init,1.6714606264682874
1540,avamet,pangu_hres_init,1.7757306981388095
1541,avamet,ifs_hres,1.7408307042898845
1541,avamet,graphcast_hres_init,1.6735009648342163
1541,avamet,pangu_hres_init,1.7728896891871273
1542,avamet,ifs_hres,1.734556416345274
1542,avamet,graphcast_hres_init,1.6635440754267763
1542,avamet,pangu_hres_init,1.7755934641307163
1543,avamet,ifs_hres,1.7511546298486869
1543,avamet,graphcast_hres_init,1.6985536848381324
1543,avamet,pangu_hres_init,1.8117821726626109
1544,avamet,ifs_hres,1.744321312430574
1544,avamet,graphcast_hres_init,1.6829193169212597
1544,avamet,pangu_hres_init,1.7985130431118654
1545,avamet,ifs_hres,1.7465005750004394
1545,avamet,graphcast_hres_init,1.6882149541614548
1545,avamet,pangu_hres_init,1.7859414572169003
1546,avamet,ifs_hres,1.7222491103992523
1546,avamet,graphcast_hres_init,1.6644125008676045
1546,avamet,pangu_hres_init,1.773790558419215
1547,avamet,ifs_hres,1.7673210378832211
1547,avamet,graphcast_hres_init,1.705280895578118
1547,avamet,pangu_hres_init,1.822846377249892
1548,avamet,ifs_hres,1.7460449970622864
1548,avamet,graphcast_hres_init,1.6750929690389817
1548,avamet,pangu_hres_init,1.7908211367179574
1549,avamet,ifs_hres,1.7629819031142453
1549,avamet,graphcast_hres_init,1.7007072321739796
1549,avamet,pangu_hres_init,1.8073978078436506
1550,avamet,ifs_hres,1.7552725023710447
1550,avamet,graphcast_hres_init,1.6838157471530937
1550,avamet,pangu_hres_init,1.8032585934117686
1551,avamet,ifs_hres,1.770620581439907
1551,avamet,graphcast_hres_init,1.7138222401233414
1551,avamet,pangu_hres_init,1.8137830389943355
1552,avamet,ifs_hres,1.7774161538562916
1552,avamet,graphcast_hres_init,1.7038780117939478
1552,avamet,pangu_hres_init,1.8195317609922292
1553,avamet,ifs_hres,1.740046530787507
1553,avamet,graphcast_hres_init,1.6657107408018679
1553,avamet,pangu_hres_init,1.7746260452541223
1554,avamet,ifs_hres,1.774726315965372
1554,avamet,graphcast_hres_init,1.6979654611268917
1554,avamet,pangu_hres_init,1.8178016725343957
1555,avamet,ifs_hres,1.7469655344441655
1555,avamet,graphcast_hres_init,1.688049964940626
1555,avamet,pangu_hres_init,1.8007239126709251
1556,avamet,ifs_hres,1.7238772922242334
1556,avamet,graphcast_hres_init,1.6572579458092973
1556,avamet,pangu_hres_init,1.7595637162924835
1557,avamet,ifs_hres,1.7320893778259943
1557,avamet,graphcast_hres_init,1.6678641454431402
1557,avamet,pangu_hres_init,1.785952891567761
1558,avamet,ifs_hres,1.7953056559903136
1558,avamet,graphcast_hres_init,1.7266936915072633
1558,avamet,pangu_hres_init,1.8350690530555072
1559,avamet,ifs_hres,1.7579637037272935
1559,avamet,graphcast_hres_init,1.687998944695156
1559,avamet,pangu_hres_init,1.799850711634327
1560,avamet,ifs_hres,1.7214424746285506
1560,avamet,graphcast_hres_init,1.6694344956317229
1560,avamet,pangu_hres_init,1.769478753451797
1561,avamet,ifs_hres,1.750267449825133
1561,avamet,graphcast_hres_init,1.684402027258279
1561,avamet,pangu_hres_init,1.7989099431193751
1562,avamet,ifs_hres,1.7255756707445171
1562,avamet,graphcast_hres_init,1.6714752961328465
1562,avamet,pangu_hres_init,1.786514018149004
1563,avamet,ifs_hres,1.7267736265296236
1563,avamet,graphcast_hres_init,1.6605819902868295
1563,avamet,pangu_hres_init,1.7763047638211409
1564,avamet,ifs_hres,1.758745548896316
1564,avamet,graphcast_hres_init,1.6913419995283583
1564,avamet,pangu_hres_init,1.7887272742680795
1565,avamet,ifs_hres,1.7334103232589215
1565,avamet,graphcast_hres_init,1.6755139564329153
1565,avamet,pangu_hres_init,1.7818131381730005
1566,avamet,ifs_hres,1.7461128436366686
1566,avamet,graphcast_hres_init,1.670616975124648
1566,avamet,pangu_hres_init,1.7779236634003208
1567,avamet,ifs_hres,1.7332844776087957
1567,avamet,graphcast_hres_init,1.6874658673638365
1567,avamet,pangu_hres_init,1.7918105955261114
1568,avamet,ifs_hres,1.74786118677483
1568,avamet,graphcast_hres_init,1.6822527216039138
1568,avamet,pangu_hres_init,1.8092061136575224
1569,avamet,ifs_hres,1.7568103033615898
1569,avamet,graphcast_hres_init,1.6844185273881331
1569,avamet,pangu_hres_init,1.77768616334321
1570,avamet,ifs_hres,1.7319468004877765
1570,avamet,graphcast_hres_init,1.6564882019774942
1570,avamet,pangu_hres_init,1.7788874873964828
1571,avamet,ifs_hres,1.7615677356263484
1571,avamet,graphcast_hres_init,1.6892166742375088
1571,avamet,pangu_hres_init,1.7938866732495575
1572,avamet,ifs_hres,1.7394638417616715
1572,avamet,graphcast_hres_init,1.6711869105326806
1572,avamet,pangu_hres_init,1.7831277968751842
1573,avamet,ifs_hres,1.740879817860498
1573,avamet,graphcast_hres_init,1.6782443613986495
1573,avamet,pangu_hres_init,1.7942879867415436
1574,avamet,ifs_hres,1.7461522409938897
1574,avamet,graphcast_hres_init,1.6757262145238332
1574,avamet,pangu_hres_init,1.7845097247345414
1575,avamet,ifs_hres,1.7218775895187937
1575,avamet,graphcast_hres_init,1.6762861686022263
1575,avamet,pangu_hres_init,1.7839029812324287
1576,avamet,ifs_hres,1.7580991346065475
1576,avamet,graphcast_hres_init,1.6821889715022287
1576,avamet,pangu_hres_init,1.79752855055785
1577,avamet,ifs_hres,1.73703899204517
1577,avamet,graphcast_hres_init,1.6602786996494014
1577,avamet,pangu_hres_init,1.7746148929861914
1578,avamet,ifs_hres,1.751016672912162
1578,avamet,graphcast_hres_init,1.6723660232295356
1578,avamet,pangu_hres_init,1.7769353982925413
1579,avamet,ifs_hres,1.7416416970812552
1579,avamet,graphcast_hres_init,1.6698363116316344
1579,avamet,pangu_hres_init,1.7833402827131124
1580,avamet,ifs_hres,1.7285398114400297
1580,avamet,graphcast_hres_init,1.6684549507576836
1580,avamet,pangu_hres_init,1.7881038102157865
1581,avamet,ifs_hres,1.7347320685619296
1581,avamet,graphcast_hres_init,1.6741062120884547
1581,avamet,pangu_hres_init,1.7851523581336812
1582,avamet,ifs_hres,1.7568586214017234
1582,avamet,graphcast_hres_init,1.6863152548974205
1582,avamet,pangu_hres_init,1.7996397028097435
1583,avamet,ifs_hres,1.7489302887672016
1583,avamet,graphcast_hres_init,1.6769266945467836
1583,avamet,pangu_hres_init,1.781782074301815
1584,avamet,ifs_hres,1.7605370273933825
1584,avamet,graphcast_hres_init,1.6859518729358138
1584,avamet,pangu_hres_init,1.8029334328090263
1585,avamet,ifs_hres,1.782512577218855
1585,avamet,graphcast_hres_init,1.72412026564996
1585,avamet,pangu_hres_init,1.8400264864004927
1586,avamet,ifs_hres,1.7328015204323717
1586,avamet,graphcast_hres_init,1.655252252774951
1586,avamet,pangu_hres_init,1.766501172400547
1587,avamet,ifs_hres,1.7183052266912573
1587,avamet,graphcast_hres_init,1.662461501617891
1587,avamet,pangu_hres_init,1.7718677233145708
1588,avamet,ifs_hres,1.7526213826601926
1588,avamet,graphcast_hres_init,1.6773619050026491
1588,avamet,pangu_hres_init,1.791092717980407
1589,avamet,ifs_hres,1.7397939952316168
1589,avamet,graphcast_hres_init,1.6711757932586913
1589,avamet,pangu_hres_init,1.7955575917277016
1590,avamet,ifs_hres,1.7655927191300431
1590,avamet,graphcast_hres_init,1.6964186062932218
1590,avamet,pangu_hres_init,1.821803057217375
1591,avamet,ifs_hres,1.7665619783092272
1591,avamet,graphcast_hres_init,1.7170278434242474
1591,avamet,pangu_hres_init,1.8218387515508971
1592,avamet,ifs_hres,1.740874500265081
1592,avamet,graphcast_hres_init,1.6706092857164185
1592,avamet,pangu_hres_init,1.77560704680164
1593,avamet,ifs_hres,1.7240407796129744
1593,avamet,graphcast_hres_init,1.667035990032006
1593,avamet,pangu_hres_init,1.7710701879856579
1594,avamet,ifs_hres,1.7153533363326818
1594,avamet,graphcast_hres_init,1.6486208308639692
1594,avamet,pangu_hres_init,1.7725251279524636
1595,avamet,ifs_hres,1.7171621352850766
1595,avamet,graphcast_hres_init,1.6588925168583322
1595,avamet,pangu_hres_init,1.7655833105413037
1596,avamet,ifs_hres,1.7107709135761753
1596,avamet,graphcast_hres_init,1.6617332414878185
1596,avamet,pangu_hres_init,1.7705609596440453
1597,avamet,ifs_hres,1.719393818116125
1597,avamet,graphcast_hres_init,1.66007380425381
1597,avamet,pangu_hres_init,1.7622458108198247
1598,avamet,ifs_hres,1.7604427160949134
1598,avamet,graphcast_hres_init,1.6996151982125227
1598,avamet,pangu_hres_init,1.7989121875238283
1599,avamet,ifs_hres,1.7712773830680586
1599,avamet,graphcast_hres_init,1.6998701110791001
1599,avamet,pangu_hres_init,1.8032879463039062
1600,avamet,ifs_hres,1.7558489989818205
1600,avamet,graphcast_hres_init,1.687385017871005
1600,avamet,pangu_hres_init,1.8070201728883375
1601,avamet,ifs_hres,1.7424707838035647
1601,avamet,graphcast_hres_init,1.6644816032859313
1601,avamet,pangu_hres_init,1.7686055299840893
1602,avamet,ifs_hres,1.7432388678155548
1602,avamet,graphcast_hres_init,1.6646243191504404
1602,avamet,pangu_hres_init,1.763699379821692
1603,avamet,ifs_hres,1.7725231625727391
1603,avamet,graphcast_hres_init,1.7028179683260711
1603,avamet,pangu_hres_init,1.8262308542802748
1604,avamet,ifs_hres,1.7375969596440848
1604,avamet,graphcast_hres_init,1.6678729161448866
1604,avamet,pangu_hres_init,1.7689567588132222
1605,avamet,ifs_hres,1.7403505086929616
1605,avamet,graphcast_hres_init,1.6753514760764523
1605,avamet,pangu_hres_init,1.7854402428919056
1606,avamet,ifs_hres,1.7441506905162387
1606,avamet,graphcast_hres_init,1.6805618095730064
1606,avamet,pangu_hres_init,1.7942489114949256
1607,avamet,ifs_hres,1.7250192920928673
1607,avamet,graphcast_hres_init,1.6632090038787413
1607,avamet,pangu_hres_init,1.7780135728033726
1608,avamet,ifs_hres,1.7234487083879655
1608,avamet,graphcast_hres_init,1.651944647816047
1608,avamet,pangu_hres_init,1.7725129233903518
1609,avamet,ifs_hres,1.7344459767654294
1609,avamet,graphcast_hres_init,1.6720234815745239
1609,avamet,pangu_hres_init,1.78101952928343
1610,avamet,ifs_hres,1.7447358330076719
1610,avamet,graphcast_hres_init,1.674533187365639
1610,avamet,pangu_hres_init,1.7778589386845376
1611,avamet,ifs_hres,1.7459703518950789
1611,avamet,graphcast_hres_init,1.6801955300410174
1611,avamet,pangu_hres_init,1.7915007687112041
1612,avamet,ifs_hres,1.7747316831009856
1612,avamet,graphcast_hres_init,1.6995756363718306
1612,avamet,pangu_hres_init,1.8063923219852438
1613,avamet,ifs_hres,1.7535593993288836
1613,avamet,graphcast_hres_init,1.6913865100492131
1613,avamet,pangu_hres_init,1.7922040376929826
1614,avamet,ifs_hres,1.721237106640426
1614,avamet,graphcast_hres_init,1.6540620870039633
1614,avamet,pangu_hres_init,1.7762480121590818
1615,avamet,ifs_hres,1.7807691809209227
1615,avamet,graphcast_hres_init,1.7034185385671499
1615,avamet,pangu_hres_init,1.8195319198993047
1616,avamet,ifs_hres,1.767789782598539
1616,avamet,graphcast_hres_init,1.7017609305662587
1616,avamet,pangu_hres_init,1.803484458855665
1617,avamet,ifs_hres,1.7572622208464859
1617,avamet,graphcast_hres_init,1.6836271187637026
1617,avamet,pangu_hres_init,1.7988862891600719
1618,avamet,ifs_hres,1.7660207404775612
1618,avamet,graphcast_hres_init,1.6931781603801337
1618,avamet,pangu_hres_init,1.7967728195859771
1619,avamet,ifs_hres,1.750797604539389
1619,avamet,graphcast_hres_init,1.683288690991759
1619,avamet,pangu_hres_init,1.793454680175132
1620,avamet,ifs_hres,1.7017561963163328
1620,avamet,graphcast_hres_init,1.6520087809562372
1620,avamet,pangu_hres_init,1.7622044664491447
1621,avamet,ifs_hres,1.7333639273002297
1621,avamet,graphcast_hres_init,1.6766062427656876
1621,avamet,pangu_hres_init,1.7685290154495956
1622,avamet,ifs_hres,1.7471923301320522
1622,avamet,graphcast_hres_init,1.6745640351438404
1622,avamet,pangu_hres_init,1.79933661719748
1623,avamet,ifs_hres,1.7593507487526483
1623,avamet,graphcast_hres_init,1.6860614245607761
1623,avamet,pangu_hres_init,1.7891386227805912
1624,avamet,ifs_hres,1.7474802427413163
1624,avamet,graphcast_hres_init,1.6810735586568022
1624,avamet,pangu_hres_init,1.7955000174676379
1625,avamet,ifs_hres,1.758058111069246
1625,avamet,graphcast_hres_init,1.675079834045977
1625,avamet,pangu_hres_init,1.79935126159393
1626,avamet,ifs_hres,1.736011902936619
1626,avamet,graphcast_hres_init,1.6649637971174163
1626,avamet,pangu_hres_init,1.7746987803920993
1627,avamet,ifs_hres,1.735095861830751
1627,avamet,graphcast_hres_init,1.6751740335725065
1627,avamet,pangu_hres_init,1.7781843440030156
1628,avamet,ifs_hres,1.7410879697097168
1628,avamet,graphcast_hres_init,1.6940290323555003
1628,avamet,pangu_hres_init,1.805819025006634
1629,avamet,ifs_hres,1.7434556433479973
1629,avamet,graphcast_hres_init,1.6783695859047858
1629,avamet,pangu_hres_init,1.7851323300584765
1630,avamet,ifs_hres,1.7668297530753534
1630,avamet,graphcast_hres_init,1.7014678436928923
1630,avamet,pangu_hres_init,1.8235171195897069
1631,avamet,ifs_hres,1.7345853577169694
1631,avamet,graphcast_hres_init,1.6733567653455848
1631,avamet,pangu_hres_init,1.7835839962933735
1632,avamet,ifs_hres,1.7203959970300224
1632,avamet,graphcast_hres_init,1.661196990373105
1632,avamet,pangu_hres_init,1.7698123729804065
1633,avamet,ifs_hres,1.745297323200581
1633,avamet,graphcast_hres_init,1.673333701836782
1633,avamet,pangu_hres_init,1.7847341604975315
1634,avamet,ifs_hres,1.7765425567005353
1634,avamet,graphcast_hres_init,1.69038267512005
1634,avamet,pangu_hres_init,1.7904412070550504
1635,avamet,ifs_hres,1.749620769035224
1635,avamet,graphcast_hres_init,1.6766950325602712
1635,avamet,pangu_hres_init,1.7869639118373377
1636,avamet,ifs_hres,1.7532856581096727
1636,avamet,graphcast_hres_init,1.6815044743850223
1636,avamet,pangu_hres_init,1.7827870984001577
1637,avamet,ifs_hres,1.7358658905486
1637,avamet,graphcast_hres_init,1.6900377800848896
1637,avamet,pangu_hres_init,1.7860049827013245
1638,avamet,ifs_hres,1.7343413008458541
1638,avamet,graphcast_hres_init,1.6690057929405244
1638,avamet,pangu_hres_init,1.7664005511542682
1639,avamet,ifs_hres,1.7528810771555148
1639,avamet,graphcast_hres_init,1.684769856223328
1639,avamet,pangu_hres_init,1.7913297777078192
1640,avamet,ifs_hres,1.7623727997481056
1640,avamet,graphcast_hres_init,1.6892111929665878
1640,avamet,pangu_hres_init,1.7945425355950226
1641,avamet,ifs_hres,1.7617576782347306
1641,avamet,graphcast_hres_init,1.7008344894001945
1641,avamet,pangu_hres_init,1.8182583135836763
1642,avamet,ifs_hres,1.7596782030762137
1642,avamet,graphcast_hres_init,1.6886557480225042
1642,avamet,pangu_hres_init,1.793070870512485
1643,avamet,ifs_hres,1.7552607469034134
1643,avamet,graphcast_hres_init,1.6938792616734604
1643,avamet,pangu_hres_init,1.796942562998694
1644,avamet,ifs_hres,1.7280001004849361
1644,avamet,graphcast_hres_init,1.6623760286064773
1644,avamet,pangu_hres_init,1.7725703945621496
1645,avamet,ifs_hres,1.7500345544505278
1645,avamet,graphcast_hres_init,1.677182922088778
1645,avamet,pangu_hres_init,1.7925268978453786
1646,avamet,ifs_hres,1.7482310318006005
1646,avamet,graphcast_hres_init,1.6930973532865998
1646,avamet,pangu_hres_init,1.7997399685382685
1647,avamet,ifs_hres,1.7359241342732628
1647,avamet,graphcast_hres_init,1.653698553078022
1647,avamet,pangu_hres_init,1.758690251060351
1648,avamet,ifs_hres,1.7691731296413744
1648,avamet,graphcast_hres_init,1.6897698665011291
1648,avamet,pangu_hres_init,1.8017109386253225
1649,avamet,ifs_hres,1.7830287984601438
1649,avamet,graphcast_hres_init,1.7054458643102213
1649,avamet,pangu_hres_init,1.8259053795437528
1650,avamet,ifs_hres,1.7564989872871313
1650,avamet,graphcast_hres_init,1.6888949378226505
1650,avamet,pangu_hres_init,1.8064717600209932
1651,avamet,ifs_hres,1.754378056718736
1651,avamet,graphcast_hres_init,1.6877624561385354
1651,avamet,pangu_hres_init,1.7978906622122817
1652,avamet,ifs_hres,1.7594091878021592
1652,avamet,graphcast_hres_init,1.6952287976726632
1652,avamet,pangu_hres_init,1.8103352644559896
1653,avamet,ifs_hres,1.7598554319637232
1653,avamet,graphcast_hres_init,1.6934797034708686
1653,avamet,pangu_hres_init,1.8081290988279217
1654,avamet,ifs_hres,1.766417232499168
1654,avamet,graphcast_hres_init,1.703302645905314
1654,avamet,pangu_hres_init,1.8001786441263041
1655,avamet,ifs_hres,1.7350073010462834
1655,avamet,graphcast_hres_init,1.6647539749906537
1655,avamet,pangu_hres_init,1.7709343736983396
1656,avamet,ifs_hres,1.7817134690765102
1656,avamet,graphcast_hres_init,1.702425499540193
1656,avamet,pangu_hres_init,1.8182354885118035
1657,avamet,ifs_hres,1.7315483413184622
1657,avamet,graphcast_hres_init,1.6702741284646228
1657,avamet,pangu_hres_init,1.7738345217120428
1658,avamet,ifs_hres,1.7222712783669412
1658,avamet,graphcast_hres_init,1.6689544989651275
1658,avamet,pangu_hres_init,1.789731828062953
1659,avamet,ifs_hres,1.7599351813080069
1659,avamet,graphcast_hres_init,1.6767686591519908
1659,avamet,pangu_hres_init,1.7890273120843203
1660,avamet,ifs_hres,1.730158183245303
1660,avamet,graphcast_hres_init,1.6596813657582257
1660,avamet,pangu_hres_init,1.7789014935247014
1661,avamet,ifs_hres,1.7361490900187584
1661,avamet,graphcast_hres_init,1.681305481664257
1661,avamet,pangu_hres_init,1.7946580850941565
1662,avamet,ifs_hres,1.7692015566008776
1662,avamet,graphcast_hres_init,1.698277794458474
1662,avamet,pangu_hres_init,1.8201220327012093
1663,avamet,ifs_hres,1.7450293084497075
1663,avamet,graphcast_hres_init,1.683404658301807
1663,avamet,pangu_hres_init,1.7927329342621046
1664,avamet,ifs_hres,1.7326746392969565
1664,avamet,graphcast_hres_init,1.6765135759730772
1664,avamet,pangu_hres_init,1.7889060276866169
1665,avamet,ifs_hres,1.7551980943404968
1665,avamet,graphcast_hres_init,1.6811381734899886
1665,avamet,pangu_hres_init,1.8017452648277326
1666,avamet,ifs_hres,1.745667624514463
1666,avamet,graphcast_hres_init,1.6861728433202163
1666,avamet,pangu_hres_init,1.8098907554549646
1667,avamet,ifs_hres,1.7485303873492513
1667,avamet,graphcast_hres_init,1.680372358970758
1667,avamet,pangu_hres_init,1.7849241997312886
1668,avamet,ifs_hres,1.7462072078056263
1668,avamet,graphcast_hres_init,1.6823533268897397
1668,avamet,pangu_hres_init,1.787820451956792
1669,avamet,ifs_hres,1.7596860468243793
1669,avamet,graphcast_hres_init,1.6815683128554832
1669,avamet,pangu_hres_init,1.7884307922384943
1670,avamet,ifs_hres,1.768050887593271
1670,avamet,graphcast_hres_init,1.6975917862883187
1670,avamet,pangu_hres_init,1.809637385862055
1671,avamet,ifs_hres,1.752918180018275
1671,avamet,graphcast_hres_init,1.6840882939991333
1671,avamet,pangu_hres_init,1.7948523826593068
1672,avamet,ifs_hres,1.757669458717287
1672,avamet,graphcast_hres_init,1.6791858271956501
1672,avamet,pangu_hres_init,1.7903570658229377
1673,avamet,ifs_hres,1.7412415086805053
1673,avamet,graphcast_hres_init,1.6916377220358843
1673,avamet,pangu_hres_init,1.80095629037879
1674,avamet,ifs_hres,1.7439415388355213
1674,avamet,graphcast_hres_init,1.672460468662809
1674,avamet,pangu_hres_init,1.7984819920455413
1675,avamet,ifs_hres,1.7648931998585622
1675,avamet,graphcast_hres_init,1.7042066350490306
1675,avamet,pangu_hres_init,1.8108411813497252
1676,avamet,ifs_hres,1.734225540081681
1676,avamet,graphcast_hres_init,1.6678609426661082
1676,avamet,pangu_hres_init,1.7892411578714094
1677,avamet,ifs_hres,1.7355778893545686
1677,avamet,graphcast_hres_init,1.6913282937027603
1677,avamet,pangu_hres_init,1.8005176888418057
1678,avamet,ifs_hres,1.7531121555931966
1678,avamet,graphcast_hres_init,1.6767073215737673
1678,avamet,pangu_hres_init,1.796413658491725
1679,avamet,ifs_hres,1.7433493234925062
1679,avamet,graphcast_hres_init,1.668454455190845
1679,avamet,pangu_hres_init,1.787310114982856
1680,avamet,ifs_hres,1.7593579534983341
1680,avamet,graphcast_hres_init,1.704901965210878
1680,avamet,pangu_hres_init,1.8233504989222953
1681,avamet,ifs_hres,1.741226000960938
1681,avamet,graphcast_hres_init,1.6584309132170951
1681,avamet,pangu_hres_init,1.7687659366138795
1682,avamet,ifs_hres,1.734702377386496
1682,avamet,graphcast_hres_init,1.6716735671401872
1682,avamet,pangu_hres_init,1.7795817717061084
1683,avamet,ifs_hres,1.7349181555163993
1683,avamet,graphcast_hres_init,1.6654043409978623
1683,avamet,pangu_hres_init,1.7672572263706852
1684,avamet,ifs_hres,1.7667168308040915
1684,avamet,graphcast_hres_init,1.692146908385271
1684,avamet,pangu_hres_init,1.8194124804091278
1685,avamet,ifs_hres,1.7502876408339507
1685,avamet,graphcast_hres_init,1.6860330613420316
1685,avamet,pangu_hres_init,1.7988265451164596
1686,avamet,ifs_hres,1.7845691343694938
1686,avamet,graphcast_hres_init,1.7116163874243802
1686,avamet,pangu_hres_init,1.8253322365662725
1687,avamet,ifs_hres,1.7290080130899608
1687,avamet,graphcast_hres_init,1.660987120337676
1687,avamet,pangu_hres_init,1.7687873400028629
1688,avamet,ifs_hres,1.7547304163267303
1688,avamet,graphcast_hres_init,1.6900310800232823
1688,avamet,pangu_hres_init,1.8043387711401802
1689,avamet,ifs_hres,1.7388494210893353
1689,avamet,graphcast_hres_init,1.6660666187841886
1689,avamet,pangu_hres_init,1.7791629010605743
1690,avamet,ifs_hres,1.7659713994317758
1690,avamet,graphcast_hres_init,1.6989183685663087
1690,avamet,pangu_hres_init,1.7977870691974234
1691,avamet,ifs_hres,1.750415710890505
1691,avamet,graphcast_hres_init,1.6820239607132648
1691,avamet,pangu_hres_init,1.786845388952875
1692,avamet,ifs_hres,1.7269110620386992
1692,avamet,graphcast_hres_init,1.6748325946169649
1692,avamet,pangu_hres_init,1.7971060801748724
1693,avamet,ifs_hres,1.7537364314045334
1693,avamet,graphcast_hres_init,1.6748292212577678
1693,avamet,pangu_hres_init,1.7996236730138628
1694,avamet,ifs_hres,1.7430718200544135
1694,avamet,graphcast_hres_init,1.671368692569225
1694,avamet,pangu_hres_init,1.7903929405800403
1695,avamet,ifs_hres,1.7508652343539797
1695,avamet,graphcast_hres_init,1.6854140107096764
1695,avamet,pangu_hres_init,1.7974686107860416
1696,avamet,ifs_hres,1.754130813555846
1696,avamet,graphcast_hres_init,1.6913216043158203
1696,avamet,pangu_hres_init,1.8020651241647623
1697,avamet,ifs_hres,1.7353163660825859
1697,avamet,graphcast_hres_init,1.6683802676093469
1697,avamet,pangu_hres_init,1.7847529561654703
1698,avamet,ifs_hres,1.747400317273061
1698,avamet,graphcast_hres_init,1.6652828455482453
1698,avamet,pangu_hres_init,1.7762798565587512
1699,avamet,ifs_hres,1.755327860023173
1699,avamet,graphcast_hres_init,1.6939679599458093
1699,avamet,pangu_hres_init,1.8154234790856558
1700,avamet,ifs_hres,1.7493799099549778
1700,avamet,graphcast_hres_init,1.6850540638787903
1700,avamet,pangu_hres_init,1.8097829696538938
1701,avamet,ifs_hres,1.7423666506364734
1701,avamet,graphcast_hres_init,1.6753222816653985
1701,avamet,pangu_hres_init,1.7750891591211804
1702,avamet,ifs_hres,1.770766996763523
1702,avamet,graphcast_hres_init,1.6974285853354951
1702,avamet,pangu_hres_init,1.81634445440461
1703,avamet,ifs_hres,1.7307979729812835
1703,avamet,graphcast_hres_init,1.6688341462758556
1703,avamet,pangu_hres_init,1.7632145403579038
1704,avamet,ifs_hres,1.782287995108502
1704,avamet,graphcast_hres_init,1.6945561163502194
1704,avamet,pangu_hres_init,1.8082396875258646
1705,avamet,ifs_hres,1.7429746267589699
1705,avamet,graphcast_hres_init,1.6779548976283842
1705,avamet,pangu_hres_init,1.7849369812037001
1706,avamet,ifs_hres,1.7655485041478935
1706,avamet,graphcast_hres_init,1.6958266657329062
1706,avamet,pangu_hres_init,1.7944997631915596
1707,avamet,ifs_hres,1.7170415804091606
1707,avamet,graphcast_hres_init,1.6660220459418023
1707,avamet,pangu_hres_init,1.7788222554748376
1708,avamet,ifs_hres,1.7340520905514762
1708,avamet,graphcast_hres_init,1.6631704523754196
1708,avamet,pangu_hres_init,1.7903195895739104
1709,avamet,ifs_hres,1.7544054436020675
1709,avamet,graphcast_hres_init,1.6733653773934902
1709,avamet,pangu_hres_init,1.7933591208126178
1710,avamet,ifs_hres,1.7186015945450475
1710,avamet,graphcast_hres_init,1.6524932122534335
1710,avamet,pangu_hres_init,1.7677187369328653
1711,avamet,ifs_hres,1.7464385340098725
1711,avamet,graphcast_hres_init,1.6777492924210173
1711,avamet,pangu_hres_init,1.790408765377188
1712,avamet,ifs_hres,1.7391978706512954
1712,avamet,graphcast_hres_init,1.6695343370078712
1712,avamet,pangu_hres_init,1.777457394584254
1713,avamet,ifs_hres,1.747755008632638
1713,avamet,graphcast_hres_init,1.680411046638453
1713,avamet,pangu_hres_init,1.7993506225516611
1714,avamet,ifs_hres,1.7797380598593762
1714,avamet,graphcast_hres_init,1.6961584264391252
1714,avamet,pangu_hres_init,1.792475512695758
1715,avamet,ifs_hres,1.7359181513034785
1715,avamet,graphcast_hres_init,1.6504201932043083
1715,avamet,pangu_hres_init,1.7585886049291524
1716,avamet,ifs_hres,1.736852269983297
1716,avamet,graphcast_hres_init,1.6776993381256915
1716,avamet,pangu_hres_init,1.7888425366200627
1717,avamet,ifs_hres,1.7385442049741975
1717,avamet,graphcast_hres_init,1.6787163388383226
1717,avamet,pangu_hres_init,1.7814256571154383
1718,avamet,ifs_hres,1.7917859770835651
1718,avamet,graphcast_hres_init,1.700610489504374
1718,avamet,pangu_hres_init,1.81775497675086
1719,avamet,ifs_hres,1.723014858219878
1719,avamet,graphcast_hres_init,1.6600853564539042
1719,avamet,pangu_hres_init,1.7754267263277217
1720,avamet,ifs_hres,1.7738956457451744
1720,avamet,graphcast_hres_init,1.6940271585567066
1720,avamet,pangu_hres_init,1.80970551931615
1721,avamet,ifs_hres,1.7512028052535353
1721,avamet,graphcast_hres_init,1.6803792777743332
1721,avamet,pangu_hres_init,1.7906233496281645
1722,avamet,ifs_hres,1.7342419365148198
1722,avamet,graphcast_hres_init,1.6657942671871584
1722,avamet,pangu_hres_init,1.7750758006574563
1723,avamet,ifs_hres,1.7344409500948825
1723,avamet,graphcast_hres_init,1.6566982743939704
1723,avamet,pangu_hres_init,1.7944048567359612
1724,avamet,ifs_hres,1.7664959712753379
1724,avamet,graphcast_hres_init,1.687932422399733
1724,avamet,pangu_hres_init,1.7821776452321307
1725,avamet,ifs_hres,1.730084186644599
1725,avamet,graphcast_hres_init,1.678397149394935
1725,avamet,pangu_hres_init,1.776293977131043
1726,avamet,ifs_hres,1.7534962854979714
1726,avamet,graphcast_hres_init,1.6879773397693953
1726,avamet,pangu_hres_init,1.805587772270918
1727,avamet,ifs_hres,1.736253968265068
1727,avamet,graphcast_hres_init,1.6786832463919137
1727,avamet,pangu_hres_init,1.7985216253362502
1728,avamet,ifs_hres,1.7600434521744328
1728,avamet,graphcast_hres_init,1.6963745297030395
1728,avamet,pangu_hres_init,1.805663364735906
1729,avamet,ifs_hres,1.740471590374779
1729,avamet,graphcast_hres_init,1.6812036436431737
1729,avamet,pangu_hres_init,1.7999454365214045
1730,avamet,ifs_hres,1.7507734224877824
1730,avamet,graphcast_hres_init,1.6826981830767953
1730,avamet,pangu_hres_init,1.7872852284185665
1731,avamet,ifs_hres,1.7308673328546795
1731,avamet,graphcast_hres_init,1.6636537886703164
1731,avamet,pangu_hres_init,1.7706021185337832
1732,avamet,ifs_hres,1.746434830679455
1732,avamet,graphcast_hres_init,1.6931335369518041
1732,avamet,pangu_hres_init,1.8163511902471372
1733,avamet,ifs_hres,1.7440902627155614
1733,avamet,graphcast_hres_init,1.6724398664500568
1733,avamet,pangu_hres_init,1.7866810770198567
1734,avamet,ifs_hres,1.7638436798853498
1734,avamet,graphcast_hres_init,1.6869495131188967
1734,avamet,pangu_hres_init,1.7894876346452586
1735,avamet,ifs_hres,1.7317421712501742
1735,avamet,graphcast_hres_init,1.6690995544290872
1735,avamet,pangu_hres_init,1.7727320760278276
1736,avamet,ifs_hres,1.7261200750727836
1736,avamet,graphcast_hres_init,1.6745957554609279
1736,avamet,pangu_hres_init,1.7900302209984815
1737,avamet,ifs_hres,1.7353554483216709
1737,avamet,graphcast_hres_init,1.6620850944745307
1737,avamet,pangu_hres_init,1.7610657154027054
1738,avamet,ifs_hres,1.7537951407104428
1738,avamet,graphcast_hres_init,1.6816006479558931
1738,avamet,pangu_hres_init,1.7863958372281419
1739,avamet,ifs_hres,1.7727220986108012
1739,avamet,graphcast_hres_init,1.6938704397652178
1739,avamet,pangu_hres_init,1.8030025037628739
1740,avamet,ifs_hres,1.7370557215112385
1740,avamet,graphcast_hres_init,1.6778373464614185
1740,avamet,pangu_hres_init,1.7885755523053861
1741,avamet,ifs_hres,1.7431715063030166
1741,avamet,graphcast_hres_init,1.6861325368892575
1741,avamet,pangu_hres_init,1.8072833596410125
1742,avamet,ifs_hres,1.7119077427338023
1742,avamet,graphcast_hres_init,1.6654425994217175
1742,avamet,pangu_hres_init,1.7787564383075916
1743,avamet,ifs_hres,1.7223001790114696
1743,avamet,graphcast_hres_init,1.651451877658596
1743,avamet,pangu_hres_init,1.7813210060062785
1744,avamet,ifs_hres,1.7585044337029436
1744,avamet,graphcast_hres_init,1.6869016609882204
1744,avamet,pangu_hres_init,1.795511276665851
1745,avamet,ifs_hres,1.729796621495428
1745,avamet,graphcast_hres_init,1.6732792753031729
1745,avamet,pangu_hres_init,1.7726400398437974
1746,avamet,ifs_hres,1.7615680485731224
1746,avamet,graphcast_hres_init,1.6895354870935417
1746,avamet,pangu_hres_init,1.8136173601707328
1747,avamet,ifs_hres,1.7666499299421763
1747,avamet,graphcast_hres_init,1.7052161090227167
1747,avamet,pangu_hres_init,1.8157006792842851
1748,avamet,ifs_hres,1.7405551920524553
1748,avamet,graphcast_hres_init,1.686801757721623
1748,avamet,pangu_hres_init,1.7921405926799212
1749,avamet,ifs_hres,1.742554761529464
1749,avamet,graphcast_hres_init,1.6817377594176954
1749,avamet,pangu_hres_init,1.7922180919787984
1750,avamet,ifs_hres,1.7691132930292808
1750,avamet,graphcast_hres_init,1.6917664764774993
1750,avamet,pangu_hres_init,1.8175898403435846
1751,avamet,ifs_hres,1.7445609231578019
1751,avamet,graphcast_hres_init,1.6830906484938972
1751,avamet,pangu_hres_init,1.7852745722452923
1752,avamet,ifs_hres,1.763332274334784
1752,avamet,graphcast_hres_init,1.6855638839780318
1752,avamet,pangu_hres_init,1.801086860209786
1753,avamet,ifs_hres,1.740344873142931
1753,avamet,graphcast_hres_init,1.6773675728377087
1753,avamet,pangu_hres_init,1.782532459628475
1754,avamet,ifs_hres,1.745386989558222
1754,avamet,graphcast_hres_init,1.6770864517128181
1754,avamet,pangu_hres_init,1.7830974343988273
1755,avamet,ifs_hres,1.7671593483155723
1755,avamet,graphcast_hres_init,1.7051318462567875
1755,avamet,pangu_hres_init,1.8134888435720236
1756,avamet,ifs_hres,1.745067702983395
1756,avamet,graphcast_hres_init,1.6747243122436242
1756,avamet,pangu_hres_init,1.785118598645705
1757,avamet,ifs_hres,1.755839346135605
1757,avamet,graphcast_hres_init,1.7042370267557443
1757,avamet,pangu_hres_init,1.8148101929998572
1758,avamet,ifs_hres,1.7609327662436594
1758,avamet,graphcast_hres_init,1.682061445672738
1758,avamet,pangu_hres_init,1.8001427651144417
1759,avamet,ifs_hres,1.7138683183798262
1759,avamet,graphcast_hres_init,1.643273444112127
1759,avamet,pangu_hres_init,1.7540496697971901
1760,avamet,ifs_hres,1.7467993335387777
1760,avamet,graphcast_hres_init,1.685652153820536
1760,avamet,pangu_hres_init,1.7932491211668147
1761,avamet,ifs_hres,1.735418115238569
1761,avamet,graphcast_hres_init,1.6697467916456028
1761,avamet,pangu_hres_init,1.7835450968739055
1762,avamet,ifs_hres,1.7549148690310212
1762,avamet,graphcast_hres_init,1.6842861618179186
1762,avamet,pangu_hres_init,1.7918202131931553
1763,avamet,ifs_hres,1.738283876821137
1763,avamet,graphcast_hres_init,1.6680141751618642
1763,avamet,pangu_hres_init,1.7870752327385897
1764,avamet,ifs_hres,1.7774486349087473
1764,avamet,graphcast_hres_init,1.7009549212265291
1764,avamet,pangu_hres_init,1.8101710046739976
1765,avamet,ifs_hres,1.7496598617124026
1765,avamet,graphcast_hres_init,1.6812273871210348
1765,avamet,pangu_hres_init,1.796325642170059
1766,avamet,ifs_hres,1.7628452016112783
1766,avamet,graphcast_hres_init,1.6917570984693355
1766,avamet,pangu_hres_init,1.8036720837210396
1767,avamet,ifs_hres,1.7715510600744209
1767,avamet,graphcast_hres_init,1.6899261963946222
1767,avamet,pangu_hres_init,1.8014877620216418
1768,avamet,ifs_hres,1.734457754449708
1768,avamet,graphcast_hres_init,1.6682058824885775
1768,avamet,pangu_hres_init,1.7770610822603863
1769,avamet,ifs_hres,1.7585645787046016
1769,avamet,graphcast_hres_init,1.6889038870494195
1769,avamet,pangu_hres_init,1.8126580193030342
1770,avamet,ifs_hres,1.7368429468774562
1770,avamet,graphcast_hres_init,1.6691650784706675
1770,avamet,pangu_hres_init,1.777054044928594
1771,avamet,ifs_hres,1.7670539385895452
1771,avamet,graphcast_hres_init,1.7015169444269682
1771,avamet,pangu_hres_init,1.8061770339676813
1772,avamet,ifs_hres,1.7741973468859726
1772,avamet,graphcast_hres_init,1.6997464214600029
1772,avamet,pangu_hres_init,1.8148649151392728
1773,avamet,ifs_hres,1.7513390142881713
1773,avamet,graphcast_hres_init,1.6759149155389093
1773,avamet,pangu_hres_init,1.7846161522670818
1774,avamet,ifs_hres,1.70580008275176
1774,avamet,graphcast_hres_init,1.6593118821581359
1774,avamet,pangu_hres_init,1.7733353198044972
1775,avamet,ifs_hres,1.7379077370510372
1775,avamet,graphcast_hres_init,1.673770778347716
1775,avamet,pangu_hres_init,1.7900720592891761
1776,avamet,ifs_hres,1.7310355868505445
1776,avamet,graphcast_hres_init,1.6626610502674088
1776,avamet,pangu_hres_init,1.7786386477474296
1777,avamet,ifs_hres,1.7489362271925468
1777,avamet,graphcast_hres_init,1.6698023399322688
1777,avamet,pangu_hres_init,1.7933893717689238
1778,avamet,ifs_hres,1.7432628646381447
1778,avamet,graphcast_hres_init,1.6748162893144463
1778,avamet,pangu_hres_init,1.770042106623383
1779,avamet,ifs_hres,1.744845771430991
1779,avamet,graphcast_hres_init,1.6824206048569554
1779,avamet,pangu_hres_init,1.8020802822468995
1780,avamet,ifs_hres,1.7274598271970327
1780,avamet,graphcast_hres_init,1.6668403986052425
1780,avamet,pangu_hres_init,1.7856905545549862
1781,avamet,ifs_hres,1.7576290122801344
1781,avamet,graphcast_hres_init,1.69288896432861
1781,avamet,pangu_hres_init,1.8019293596694494
1782,avamet,ifs_hres,1.746183272997517
1782,avamet,graphcast_hres_init,1.686135655304999
1782,avamet,pangu_hres_init,1.801186396277023
1783,avamet,ifs_hres,1.753057891146801
1783,avamet,graphcast_hres_init,1.6826726623312012
1783,avamet,pangu_hres_init,1.79980927037074
1784,avamet,ifs_hres,1.7309781606730015
1784,avamet,graphcast_hres_init,1.6610112111565112
1784,avamet,pangu_hres_init,1.7665206257976969
1785,avamet,ifs_hres,1.7634781466370946
1785,avamet,graphcast_hres_init,1.700024770593336
1785,avamet,pangu_hres_init,1.8076329332744825
1786,avamet,ifs_hres,1.7534124034700966
1786,avamet,graphcast_hres_init,1.6773775396609512
1786,avamet,pangu_hres_init,1.780563902870691
1787,avamet,ifs_hres,1.73388692289156
1787,avamet,graphcast_hres_init,1.6747766040064052
1787,avamet,pangu_hres_init,1.7966902434973662
1788,avamet,ifs_hres,1.7426043449632924
1788,avamet,graphcast_hres_init,1.687954562294453
1788,avamet,pangu_hres_init,1.7861821249487775
1789,avamet,ifs_hres,1.7394556612036935
1789,avamet,graphcast_hres_init,1.667049441240517
1789,avamet,pangu_hres_init,1.7869941599419294
1790,avamet,ifs_hres,1.7408556011445653
1790,avamet,graphcast_hres_init,1.672448002308767
1790,avamet,pangu_hres_init,1.77806219075418
1791,avamet,ifs_hres,1.7545644675594005
1791,avamet,graphcast_hres_init,1.6754256778930352
1791,avamet,pangu_hres_init,1.7915704440135363
1792,avamet,ifs_hres,1.775656656417086
1792,avamet,graphcast_hres_init,1.6996673692660653
1792,avamet,pangu_hres_init,1.813337846124128
1793,avamet,ifs_hres,1.7398281139977527
1793,avamet,graphcast_hres_init,1.6883225388834466
1793,avamet,pangu_hres_init,1.7906841590323046
1794,avamet,ifs_hres,1.7519516259879175
1794,avamet,graphcast_hres_init,1.6899758169037244
1794,avamet,pangu_hres_init,1.8011410818274185
1795,avamet,ifs_hres,1.7318364797248638
1795,avamet,graphcast_hres_init,1.6679940331985292
1795,avamet,pangu_hres_init,1.7676581412389185
1796,avamet,ifs_hres,1.730711793288879
1796,avamet,graphcast_hres_init,1.6716198150128831
1796,avamet,pangu_hres_init,1.7731163508286012
1797,avamet,ifs_hres,1.7382977656368772
1797,avamet,graphcast_hres_init,1.6727600465820576
1797,avamet,pangu_hres_init,1.7774282991902344
1798,avamet,ifs_hres,1.7660758849903515
1798,avamet,graphcast_hres_init,1.706086175290593
1798,avamet,pangu_hres_init,1.8288839141911537
1799,avamet,ifs_hres,1.7584666506464377
1799,avamet,graphcast_hres_init,1.6965136453044207
1799,avamet,pangu_hres_init,1.8080410654230432
1800,avamet,ifs_hres,1.7548621974364578
1800,avamet,graphcast_hres_init,1.688942384974378
1800,avamet,pangu_hres_init,1.7892915353586203
1801,avamet,ifs_hres,1.7499875943174976
1801,avamet,graphcast_hres_init,1.6934300896459247
1801,avamet,pangu_hres_init,1.8010248915161537
1802,avamet,ifs_hres,1.7455146818360863
1802,avamet,graphcast_hres_init,1.6839537587908282
1802,avamet,pangu_hres_init,1.796223443064392
1803,avamet,ifs_hres,1.7194153015623825
1803,avamet,graphcast_hres_init,1.662235192689851
1803,avamet,pangu_hres_init,1.7610801403383192
1804,avamet,ifs_hres,1.7441096270413872
1804,avamet,graphcast_hres_init,1.6760233313536346
1804,avamet,pangu_hres_init,1.7853114713287694
1805,avamet,ifs_hres,1.7559158829532098
1805,avamet,graphcast_hres_init,1.6786604108896743
1805,avamet,pangu_hres_init,1.79737360184677
1806,avamet,ifs_hres,1.7670898639563009
1806,avamet,graphcast_hres_init,1.6925844833342105
1806,avamet,pangu_hres_init,1.7900084377369248
1807,avamet,ifs_hres,1.7361979022905583
1807,avamet,graphcast_hres_init,1.671375389434737
1807,avamet,pangu_hres_init,1.7895205558123841
1808,avamet,ifs_hres,1.768350045006
1808,avamet,graphcast_hres_init,1.6960435013045703
1808,avamet,pangu_hres_init,1.8050015093752834
1809,avamet,ifs_hres,1.743414900239715
1809,avamet,graphcast_hres_init,1.6843450641365025
1809,avamet,pangu_hres_init,1.7805412405345424
1810,avamet,ifs_hres,1.7098183264998275
1810,avamet,graphcast_hres_init,1.6458935374796007
1810,avamet,pangu_hres_init,1.7666319071636967
1811,avamet,ifs_hres,1.7348154641429416
1811,avamet,graphcast_hres_init,1.6648569338071002
1811,avamet,pangu_hres_init,1.7715409561043445
1812,avamet,ifs_hres,1.748346430815552
1812,avamet,graphcast_hres_init,1.6952201584080784
1812,avamet,pangu_hres_init,1.8155628041854877
1813,avamet,ifs_hres,1.7507972065500068
1813,avamet,graphcast_hres_init,1.687391839897436
1813,avamet,pangu_hres_init,1.8131015612090102
1814,avamet,ifs_hres,1.7387948736639576
1814,avamet,graphcast_hres_init,1.687529232437777
1814,avamet,pangu_hres_init,1.804708562944779
1815,avamet,ifs_hres,1.7288526007049039
1815,avamet,graphcast_hres_init,1.6775606454682614
1815,avamet,pangu_hres_init,1.7989787415521044
1816,avamet,ifs_hres,1.7435418796890312
1816,avamet,graphcast_hres_init,1.6773864428861598
1816,avamet,pangu_hres_init,1.802539933967508
1817,avamet,ifs_hres,1.7236078455734314
1817,avamet,graphcast_hres_init,1.669041333067466
1817,avamet,pangu_hres_init,1.7721872519886417
1818,avamet,ifs_hres,1.7617754105107966
1818,avamet,graphcast_hres_init,1.6952151411461256
1818,avamet,pangu_hres_init,1.809778005758479
1819,avamet,ifs_hres,1.745042162896743
1819,avamet,graphcast_hres_init,1.6823165054473028
1819,avamet,pangu_hres_init,1.804557655383589
1820,avamet,ifs_hres,1.7326708215902686
1820,avamet,graphcast_hres_init,1.6756793307213413
1820,avamet,pangu_hres_init,1.78356284018233
1821,avamet,ifs_hres,1.766819335546278
1821,avamet,graphcast_hres_init,1.692147439495601
1821,avamet,pangu_hres_init,1.797372989455342
1822,avamet,ifs_hres,1.7507444067566529
1822,avamet,graphcast_hres_init,1.6970433999989556
1822,avamet,pangu_hres_init,1.8011525247027171
1823,avamet,ifs_hres,1.7360373896563728
1823,avamet,graphcast_hres_init,1.6777237952702797
1823,avamet,pangu_hres_init,1.778367892295596
1824,avamet,ifs_hres,1.7289429082510834
1824,avamet,graphcast_hres_init,1.6677140712874807
1824,avamet,pangu_hres_init,1.7769984096647813
1825,avamet,ifs_hres,1.7639216251308893
1825,avamet,graphcast_hres_init,1.693737870467496
1825,avamet,pangu_hres_init,1.812555086400756
1826,avamet,ifs_hres,1.7476184773583874
1826,avamet,graphcast_hres_init,1.6878885675294255
1826,avamet,pangu_hres_init,1.8011169909489333
1827,avamet,ifs_hres,1.7455231667172795
1827,avamet,graphcast_hres_init,1.6757732032530765
1827,avamet,pangu_hres_init,1.8128410902756817
1828,avamet,ifs_hres,1.7451465152126224
1828,avamet,graphcast_hres_init,1.6870684768211563
1828,avamet,pangu_hres_init,1.7933062321204083
1829,avamet,ifs_hres,1.7247721188642462
1829,avamet,graphcast_hres_init,1.6622355122656907
1829,avamet,pangu_hres_init,1.7748430344714123
1830,avamet,ifs_hres,1.738953318737244
1830,avamet,graphcast_hres_init,1.663970059831723
1830,avamet,pangu_hres_init,1.779208361337245
1831,avamet,ifs_hres,1.7662917219063488
1831,avamet,graphcast_hres_init,1.694645180784999
1831,avamet,pangu_hres_init,1.8086943178655495
1832,avamet,ifs_hres,1.753775682638012
1832,avamet,graphcast_hres_init,1.6928866268381346
1832,avamet,pangu_hres_init,1.796130865876189
1833,avamet,ifs_hres,1.7396019479206974
1833,avamet,graphcast_hres_init,1.6890457906369818
1833,avamet,pangu_hres_init,1.7883943450653932
1834,avamet,ifs_hres,1.7699538242643635
1834,avamet,graphcast_hres_init,1.7072086066590226
1834,avamet,pangu_hres_init,1.7989572464268562
1835,avamet,ifs_hres,1.7411605631522613
1835,avamet,graphcast_hres_init,1.6743241442025278
1835,avamet,pangu_hres_init,1.7741776038165313
1836,avamet,ifs_hres,1.7551998806467528
1836,avamet,graphcast_hres_init,1.7013675217653503
1836,avamet,pangu_hres_init,1.8092661234955827
1837,avamet,ifs_hres,1.7401213539341882
1837,avamet,graphcast_hres_init,1.664014678743622
1837,avamet,pangu_hres_init,1.7671517329183544
1838,avamet,ifs_hres,1.7406764233282834
1838,avamet,graphcast_hres_init,1.669852467592553
1838,avamet,pangu_hres_init,1.767049954899562
1839,avamet,ifs_hres,1.7586197451114414
1839,avamet,graphcast_hres_init,1.6907503245730875
1839,avamet,pangu_hres_init,1.8075865815769252
1840,avamet,ifs_hres,1.7251143831679432
1840,avamet,graphcast_hres_init,1.6589423427733843
1840,avamet,pangu_hres_init,1.7761661187933262
1841,avamet,ifs_hres,1.7268428030221763
1841,avamet,graphcast_hres_init,1.6699605052869138
1841,avamet,pangu_hres_init,1.7731168187019237
1842,avamet,ifs_hres,1.7358089850768061
1842,avamet,graphcast_hres_init,1.6627156784164685
1842,avamet,pangu_hres_init,1.7803059336967286
1843,avamet,ifs_hres,1.7404058075308806
1843,avamet,graphcast_hres_init,1.684100266012411
1843,avamet,pangu_hres_init,1.7952813086875778
1844,avamet,ifs_hres,1.7754390402723321
1844,avamet,graphcast_hres_init,1.697657900040753
1844,avamet,pangu_hres_init,1.8147028638179747
1845,avamet,ifs_hres,1.7382618838627282
1845,avamet,graphcast_hres_init,1.6888107642880505
1845,avamet,pangu_hres_init,1.7866882564689095
1846,avamet,ifs_hres,1.7483471045731398
1846,avamet,graphcast_hres_init,1.687348214284608
1846,avamet,pangu_hres_init,1.801670073405126
1847,avamet,ifs_hres,1.7486002601584023
1847,avamet,graphcast_hres_init,1.6801095677909124
1847,avamet,pangu_hres_init,1.786302638793944
1848,avamet,ifs_hres,1.7273582930799656
1848,avamet,graphcast_hres_init,1.6647260720392447
1848,avamet,pangu_hres_init,1.771317808994109
1849,avamet,ifs_hres,1.7487969062292383
1849,avamet,graphcast_hres_init,1.674893930091529
1849,avamet,pangu_hres_init,1.782635553168128
1850,avamet,ifs_hres,1.7248645015674526
1850,avamet,graphcast_hres_init,1.6505928596416748
1850,avamet,pangu_hres_init,1.7660261778581843
1851,avamet,ifs_hres,1.7357394475905856
1851,avamet,graphcast_hres_init,1.6805520381589183
1851,avamet,pangu_hres_init,1.793419211693857
1852,avamet,ifs_hres,1.7746308374751005
1852,avamet,graphcast_hres_init,1.7066107424733499
1852,avamet,pangu_hres_init,1.8041923668080784
1853,avamet,ifs_hres,1.7291650637094005
1853,avamet,graphcast_hres_init,1.6604931098811648
1853,avamet,pangu_hres_init,1.7691921286681032
1854,avamet,ifs_hres,1.7546364932143703
1854,avamet,graphcast_hres_init,1.688754348474239
1854,avamet,pangu_hres_init,1.8018501653244507
1855,avamet,ifs_hres,1.757978305167577
1855,avamet,graphcast_hres_init,1.6813160238902078
1855,avamet,pangu_hres_init,1.7901399998674605
1856,avamet,ifs_hres,1.7448210312683268
1856,avamet,graphcast_hres_init,1.6721758587062747
1856,avamet,pangu_hres_init,1.7818720452659076
1857,avamet,ifs_hres,1.7382602047522147
1857,avamet,graphcast_hres_init,1.673664052349575
1857,avamet,pangu_hres_init,1.7797339422150202
1858,avamet,ifs_hres,1.734115069070678
1858,avamet,graphcast_hres_init,1.6684877985526032
1858,avamet,pangu_hres_init,1.7722182019136348
1859,avamet,ifs_hres,1.7562792686131936
1859,avamet,graphcast_hres_init,1.6979346263721637
1859,avamet,pangu_hres_init,1.7876721221553227
1860,avamet,ifs_hres,1.7277856824441846
1860,avamet,graphcast_hres_init,1.6626586890478707
1860,avamet,pangu_hres_init,1.7692021721304116
1861,avamet,ifs_hres,1.730721198855744
1861,avamet,graphcast_hres_init,1.6726779467496131
1861,avamet,pangu_hres_init,1.7821552271172583
1862,avamet,ifs_hres,1.7385969506192573
1862,avamet,graphcast_hres_init,1.6632322640044892
1862,avamet,pangu_hres_init,1.7645410246522917
1863,avamet,ifs_hres,1.733588063850553
1863,avamet,graphcast_hres_init,1.6675993920930032
1863,avamet,pangu_hres_init,1.7756867617432577
1864,avamet,ifs_hres,1.7294149229624163
1864,avamet,graphcast_hres_init,1.6753270396613915
1864,avamet,pangu_hres_init,1.7833405680640895
1865,avamet,ifs_hres,1.7615673896775828
1865,avamet,graphcast_hres_init,1.686067360712077
1865,avamet,pangu_hres_init,1.800066904691485
1866,avamet,ifs_hres,1.7333288560568707
1866,avamet,graphcast_hres_init,1.6785715498302067
1866,avamet,pangu_hres_init,1.787654384673084
1867,avamet,ifs_hres,1.755856831532163
1867,avamet,graphcast_hres_init,1.689071807254407
1867,avamet,pangu_hres_init,1.8091914243064031
1868,avamet,ifs_hres,1.764453720561631
1868,avamet,graphcast_hres_init,1.6954929675764887
1868,avamet,pangu_hres_init,1.805667023253838
1869,avamet,ifs_hres,1.7314581738653878
1869,avamet,graphcast_hres_init,1.6626553257946093
1869,avamet,pangu_hres_init,1.7755941890704225
1870,avamet,ifs_hres,1.7210664409869327
1870,avamet,graphcast_hres_init,1.6739425310697378
1870,avamet,pangu_hres_init,1.7986592086305422
1871,avamet,ifs_hres,1.7478149043206022
1871,avamet,graphcast_hres_init,1.6649197825155853
1871,avamet,pangu_hres_init,1.774136952169214
1872,avamet,ifs_hres,1.7565366784353658
1872,avamet,graphcast_hres_init,1.6790968422459933
1872,avamet,pangu_hres_init,1.789348769846759
1873,avamet,ifs_hres,1.7552574298372832
1873,avamet,graphcast_hres_init,1.6809004861216712
1873,avamet,pangu_hres_init,1.800980276282514
1874,avamet,ifs_hres,1.7357026227485848
1874,avamet,graphcast_hres_init,1.6734017141896769
1874,avamet,pangu_hres_init,1.7873034256489644
1875,avamet,ifs_hres,1.7481280899734921
1875,avamet,graphcast_hres_init,1.6866186909634533
1875,avamet,pangu_hres_init,1.7944572055422698
1876,avamet,ifs_hres,1.7541498135075344
1876,avamet,graphcast_hres_init,1.691794656595784
1876,avamet,pangu_hres_init,1.8000673167987695
1877,avamet,ifs_hres,1.7582054199514239
1877,avamet,graphcast_hres_init,1.6857823334714594
1877,avamet,pangu_hres_init,1.810435503081758
1878,avamet,ifs_hres,1.7477227220039138
1878,avamet,graphcast_hres_init,1.6912838013430955
1878,avamet,pangu_hres_init,1.7919317759966171
1879,avamet,ifs_hres,1.7544877158050702
1879,avamet,graphcast_hres_init,1.6824545996752018
1879,avamet,pangu_hres_init,1.7957561445306138
1880,avamet,ifs_hres,1.7343071467919182
1880,avamet,graphcast_hres_init,1.6784295249284773
1880,avamet,pangu_hres_init,1.7901848969878813
1881,avamet,ifs_hres,1.7543124971323245
1881,avamet,graphcast_hres_init,1.6927109081914677
1881,avamet,pangu_hres_init,1.8230729951464615
1882,avamet,ifs_hres,1.7557956855851782
1882,avamet,graphcast_hres_init,1.6861707285195868
1882,avamet,pangu_hres_init,1.79536550831847
1883,avamet,ifs_hres,1.7490097825246425
1883,avamet,graphcast_hres_init,1.6872151335650811
1883,avamet,pangu_hres_init,1.791554777877428
1884,avamet,ifs_hres,1.7624174959920826
1884,avamet,graphcast_hres_init,1.6976202591583638
1884,avamet,pangu_hres_init,1.8018741112442473
1885,avamet,ifs_hres,1.733866282462532
1885,avamet,graphcast_hres_init,1.6647748353769287
1885,avamet,pangu_hres_init,1.770399337345555
1886,avamet,ifs_hres,1.759142364678132
1886,avamet,graphcast_hres_init,1.6742111257208385
1886,avamet,pangu_hres_init,1.7936811632360312
1887,avamet,ifs_hres,1.7486170489644215
1887,avamet,graphcast_hres_init,1.6896341283152747
1887,avamet,pangu_hres_init,1.7958225260602179
1888,avamet,ifs_hres,1.7273970224315907
1888,avamet,graphcast_hres_init,1.6673935280615984
1888,avamet,pangu_hres_init,1.788445463668159
1889,avamet,ifs_hres,1.74197763212583
1889,avamet,graphcast_hres_init,1.6870581503771438
1889,avamet,pangu_hres_init,1.7979141955607159
1890,avamet,ifs_hres,1.749364898440988
1890,avamet,graphcast_hres_init,1.6839737343761145
1890,avamet,pangu_hres_init,1.7795316075668777
1891,avamet,ifs_hres,1.7566563560547497
1891,avamet,graphcast_hres_init,1.6911599833203836
1891,avamet,pangu_hres_init,1.8053573914479526
1892,avamet,ifs_hres,1.7488395910753731
1892,avamet,graphcast_hres_init,1.6904045937510181
1892,avamet,pangu_hres_init,1.7783080182209976
1893,avamet,ifs_hres,1.7434709260575818
1893,avamet,graphcast_hres_init,1.6825736871940609
1893,avamet,pangu_hres_init,1.800092798136661
1894,avamet,ifs_hres,1.7543679264056948
1894,avamet,graphcast_hres_init,1.6736314573316444
1894,avamet,pangu_hres_init,1.7870664168730659
1895,avamet,ifs_hres,1.7589825335931257
1895,avamet,graphcast_hres_init,1.6875656761096332
1895,avamet,pangu_hres_init,1.7890237089786574
1896,avamet,ifs_hres,1.7512599412221423
1896,avamet,graphcast_hres_init,1.6969713840310618
1896,avamet,pangu_hres_init,1.8087229997899883
1897,avamet,ifs_hres,1.7639631696483948
1897,avamet,graphcast_hres_init,1.694734438011951
1897,avamet,pangu_hres_init,1.8192374832903437
1898,avamet,ifs_hres,1.7580887937096483
1898,avamet,graphcast_hres_init,1.7013872214987142
1898,avamet,pangu_hres_init,1.820001692181787
1899,avamet,ifs_hres,1.751361992018467
1899,avamet,graphcast_hres_init,1.6851699141418353
1899,avamet,pangu_hres_init,1.7954666369137824
1900,avamet,ifs_hres,1.7443526452271105
1900,avamet,graphcast_hres_init,1.684727175159709
1900,avamet,pangu_hres_init,1.7801520203677206
1901,avamet,ifs_hres,1.7512838939096005
1901,avamet,graphcast_hres_init,1.6942269710820377
1901,avamet,pangu_hres_init,1.7955619212831997
1902,avamet,ifs_hres,1.7261417538334582
1902,avamet,graphcast_hres_init,1.674647734050096
1902,avamet,pangu_hres_init,1.7855108281391383
1903,avamet,ifs_hres,1.7393301783933288
1903,avamet,graphcast_hres_init,1.6713110559449937
1903,avamet,pangu_hres_init,1.7866991824098843
1904,avamet,ifs_hres,1.7260066616531036
1904,avamet,graphcast_hres_init,1.6761921511395415
1904,avamet,pangu_hres_init,1.7771636703752938
1905,avamet,ifs_hres,1.7653567684312585
1905,avamet,graphcast_hres_init,1.7004948281512453
1905,avamet,pangu_hres_init,1.812563602116782
1906,avamet,ifs_hres,1.7351058376218924
1906,avamet,graphcast_hres_init,1.673515407691957
1906,avamet,pangu_hres_init,1.7736425546688384
1907,avamet,ifs_hres,1.7350398279859465
1907,avamet,graphcast_hres_init,1.6744047690294623
1907,avamet,pangu_hres_init,1.7861410021212998
1908,avamet,ifs_hres,1.7576754344139744
1908,avamet,graphcast_hres_init,1.6914440544507898
1908,avamet,pangu_hres_init,1.7973546011623156
1909,avamet,ifs_hres,1.7301007691593009
1909,avamet,graphcast_hres_init,1.6775586009610182
1909,avamet,pangu_hres_init,1.7914485045357
1910,avamet,ifs_hres,1.761295110022565
1910,avamet,graphcast_hres_init,1.6716344540182133
1910,avamet,pangu_hres_init,1.7967938692871765
1911,avamet,ifs_hres,1.7372791212804461
1911,avamet,graphcast_hres_init,1.6767875240208068
1911,avamet,pangu_hres_init,1.778783123038804
1912,avamet,ifs_hres,1.7431478931896518
1912,avamet,graphcast_hres_init,1.6707238101016681
1912,avamet,pangu_hres_init,1.7806396782792229
1913,avamet,ifs_hres,1.7526552316558255
1913,avamet,graphcast_hres_init,1.6897003477900538
1913,avamet,pangu_hres_init,1.8028999898518372
1914,avamet,ifs_hres,1.7331897284850475
1914,avamet,graphcast_hres_init,1.6583661893536716
1914,avamet,pangu_hres_init,1.7586119923908226
1915,avamet,ifs_hres,1.7707244549759213
1915,avamet,graphcast_hres_init,1.7061927009748772
1915,avamet,pangu_hres_init,1.8193060097125633
1916,avamet,ifs_hres,1.759274868986256
1916,avamet,graphcast_hres_init,1.6998034569435894
1916,avamet,pangu_hres_init,1.8124286415372632
1917,avamet,ifs_hres,1.738855175642574
1917,avamet,graphcast_hres_init,1.6624991424263813
1917,avamet,pangu_hres_init,1.7780003999809493
1918,avamet,ifs_hres,1.7764757301206617
1918,avamet,graphcast_hres_init,1.6990224889752963
1918,avamet,pangu_hres_init,1.8084789817012
1919,avamet,ifs_hres,1.7552342985550886
1919,avamet,graphcast_hres_init,1.6771151211341189
1919,avamet,pangu_hres_init,1.7650786507981027
1920,avamet,ifs_hres,1.738941754634665
1920,avamet,graphcast_hres_init,1.6753147810728097
1920,avamet,pangu_hres_init,1.7892023134389479
1921,avamet,ifs_hres,1.7777201692029694
1921,avamet,graphcast_hres_init,1.6950376973674681
1921,avamet,pangu_hres_init,1.7903425087912708
1922,avamet,ifs_hres,1.7661361071127721
1922,avamet,graphcast_hres_init,1.6950686860973767
1922,avamet,pangu_hres_init,1.802880043826732
1923,avamet,ifs_hres,1.7570660952748063
1923,avamet,graphcast_hres_init,1.69721885636016
1923,avamet,pangu_hres_init,1.8057676252472383
1924,avamet,ifs_hres,1.737260472324979
1924,avamet,graphcast_hres_init,1.6857135737073947
1924,avamet,pangu_hres_init,1.791153521797108
1925,avamet,ifs_hres,1.765025638848767
1925,avamet,graphcast_hres_init,1.694764667758523
1925,avamet,pangu_hres_init,1.7966092635473405
1926,avamet,ifs_hres,1.7594549964340962
1926,avamet,graphcast_hres_init,1.6824632147712326
1926,avamet,pangu_hres_init,1.793677661121105
1927,avamet,ifs_hres,1.773177183908076
1927,avamet,graphcast_hres_init,1.7016868720637575
1927,avamet,pangu_hres_init,1.806945634582788
1928,avamet,ifs_hres,1.7461884700740664
1928,avamet,graphcast_hres_init,1.67788664780853
1928,avamet,pangu_hres_init,1.791186881935854
1929,avamet,ifs_hres,1.7860061447253828
1929,avamet,graphcast_hres_init,1.7136529736600603
1929,avamet,pangu_hres_init,1.8509732486193717
1930,avamet,ifs_hres,1.7545574536453825
1930,avamet,graphcast_hres_init,1.690475939021431
1930,avamet,pangu_hres_init,1.7944003638732777
1931,avamet,ifs_hres,1.7634006210577091
1931,avamet,graphcast_hres_init,1.6975236412913395
1931,avamet,pangu_hres_init,1.8024799682949781
1932,avamet,ifs_hres,1.7249032867864167
1932,avamet,graphcast_hres_init,1.6557222212667315
1932,avamet,pangu_hres_init,1.7676754644752397
1933,avamet,ifs_hres,1.7481558904091052
1933,avamet,graphcast_hres_init,1.6795780728758118
1933,avamet,pangu_hres_init,1.798477144307332
1934,avamet,ifs_hres,1.7250774217726568
1934,avamet,graphcast_hres_init,1.6568811681054947
1934,avamet,pangu_hres_init,1.7676549411107552
1935,avamet,ifs_hres,1.7319417257874448
1935,avamet,graphcast_hres_init,1.6764003679918786
1935,avamet,pangu_hres_init,1.7851591732429368
1936,avamet,ifs_hres,1.7213361370707714
1936,avamet,graphcast_hres_init,1.6571486586304787
1936,avamet,pangu_hres_init,1.7700520417806922
1937,avamet,ifs_hres,1.7628435552734099
1937,avamet,graphcast_hres_init,1.6890200181486112
1937,avamet,pangu_hres_init,1.7961898362434445
1938,avamet,ifs_hres,1.7323335451510151
1938,avamet,graphcast_hres_init,1.67606305632538
1938,avamet,pangu_hres_init,1.7693064178747926
1939,avamet,ifs_hres,1.7714381205514549
1939,avamet,graphcast_hres_init,1.7049420012837646
1939,avamet,pangu_hres_init,1.810440463405712
1940,avamet,ifs_hres,1.7488709523404595
1940,avamet,graphcast_hres_init,1.6857970299080811
1940,avamet,pangu_hres_init,1.7975396876070402
1941,avamet,ifs_hres,1.7423311570233162
1941,avamet,graphcast_hres_init,1.679770362272132
1941,avamet,pangu_hres_init,1.7890287448257134
1942,avamet,ifs_hres,1.7512618938133777
1942,avamet,graphcast_hres_init,1.6910145003308976
1942,avamet,pangu_hres_init,1.7916833629412385
1943,avamet,ifs_hres,1.7603529378261151
1943,avamet,graphcast_hres_init,1.7040817089505438
1943,avamet,pangu_hres_init,1.807766262929651
1944,avamet,ifs_hres,1.7238510423606077
1944,avamet,graphcast_hres_init,1.6687160996061352
1944,avamet,pangu_hres_init,1.7676084033309785
1945,avamet,ifs_hres,1.7507901942527726
1945,avamet,graphcast_hres_init,1.665167019311503
1945,avamet,pangu_hres_init,1.776006518710438
1946,avamet,ifs_hres,1.7458029753769537
1946,avamet,graphcast_hres_init,1.6906929829416415
1946,avamet,pangu_hres_init,1.7888395278353788
1947,avamet,ifs_hres,1.7483829278685397
1947,avamet,graphcast_hres_init,1.684437436387153
1947,avamet,pangu_hres_init,1.7869249308202548
1948,avamet,ifs_hres,1.727715128551239
1948,avamet,graphcast_hres_init,1.6670594197730855
1948,avamet,pangu_hres_init,1.7788915657304292
1949,avamet,ifs_hres,1.757929271133528
1949,avamet,graphcast_hres_init,1.6773838457945087
1949,avamet,pangu_hres_init,1.7936657376801586
1950,avamet,ifs_hres,1.7622581360899936
1950,avamet,graphcast_hres_init,1.6934454740023386
1950,avamet,pangu_hres_init,1.798639279731413
1951,avamet,ifs_hres,1.7328478618765808
1951,avamet,graphcast_hres_init,1.6690571459662786
1951,avamet,pangu_hres_init,1.7684418499354215
1952,avamet,ifs_hres,1.7307338399897323
1952,avamet,graphcast_hres_init,1.6750723450394358
1952,avamet,pangu_hres_init,1.775328562222143
1953,avamet,ifs_hres,1.7646870227535618
1953,avamet,graphcast_hres_init,1.6967103525146288
1953,avamet,pangu_hres_init,1.7981375497480203
1954,avamet,ifs_hres,1.7576233293854275
1954,avamet,graphcast_hres_init,1.6878300531517128
1954,avamet,pangu_hres_init,1.7963511412743949
1955,avamet,ifs_hres,1.7228698134302467
1955,avamet,graphcast_hres_init,1.6637839752296593
1955,avamet,pangu_hres_init,1.7735723588040617
1956,avamet,ifs_hres,1.7382894917558542
1956,avamet,graphcast_hres_init,1.6730812265036221
1956,avamet,pangu_hres_init,1.7748053366447245
1957,avamet,ifs_hres,1.752074444519576
1957,avamet,graphcast_hres_init,1.6901457850622854
1957,avamet,pangu_hres_init,1.812448946176834
1958,avamet,ifs_hres,1.7337979924302425
1958,avamet,graphcast_hres_init,1.6881936335617533
1958,avamet,pangu_hres_init,1.796671891553264
1959,avamet,ifs_hres,1.7511342140936694
1959,avamet,graphcast_hres_init,1.6829438789908837
1959,avamet,pangu_hres_init,1.7978874583306765
1960,avamet,ifs_hres,1.7253529604871414
1960,avamet,graphcast_hres_init,1.652496677761409
1960,avamet,pangu_hres_init,1.7608322884699403
1961,avamet,ifs_hres,1.7517268411647169
1961,avamet,graphcast_hres_init,1.6809728404080477
1961,avamet,pangu_hres_init,1.792381605928628
1962,avamet,ifs_hres,1.7337439290598498
1962,avamet,graphcast_hres_init,1.674340417928181
1962,avamet,pangu_hres_init,1.7869931430198664
1963,avamet,ifs_hres,1.7481922513121122
1963,avamet,graphcast_hres_init,1.6754990008749564
1963,avamet,pangu_hres_init,1.7921607048037442
1964,avamet,ifs_hres,1.719975412161059
1964,avamet,graphcast_hres_init,1.6606857870946177
1964,avamet,pangu_hres_init,1.7641543229778673
1965,avamet,ifs_hres,1.7676214767056364
1965,avamet,graphcast_hres_init,1.688643970227776
1965,avamet,pangu_hres_init,1.8153404397678223
1966,avamet,ifs_hres,1.7682489162163304
1966,avamet,graphcast_hres_init,1.702254079073232
1966,avamet,pangu_hres_init,1.8224517714284498
1967,avamet,ifs_hres,1.757182874227596
1967,avamet,graphcast_hres_init,1.7069883322919734
1967,avamet,pangu_hres_init,1.8234389858184283
1968,avamet,ifs_hres,1.755710606924
1968,avamet,graphcast_hres_init,1.6781667613971694
1968,avamet,pangu_hres_init,1.7950041157142593
1969,avamet,ifs_hres,1.72779555911039
1969,avamet,graphcast_hres_init,1.6603670753795627
1969,avamet,pangu_hres_init,1.7808991920335815
1970,avamet,ifs_hres,1.7610174077907679
1970,avamet,graphcast_hres_init,1.6969676342818054
1970,avamet,pangu_hres_init,1.8185608435864353
1971,avamet,ifs_hres,1.7109102711137039
1971,avamet,graphcast_hres_init,1.6535208610379073
1971,avamet,pangu_hres_init,1.7571118199178357
1972,avamet,ifs_hres,1.7455322794091312
1972,avamet,graphcast_hres_init,1.6737012737608958
1972,avamet,pangu_hres_init,1.779476462031149
1973,avamet,ifs_hres,1.7329848459134631
1973,avamet,graphcast_hres_init,1.6562155527554652
1973,avamet,pangu_hres_init,1.7562685737712083
1974,avamet,ifs_hres,1.7459271373251921
1974,avamet,graphcast_hres_init,1.6745811304028964
1974,avamet,pangu_hres_init,1.7794940149705925
1975,avamet,ifs_hres,1.7364384095649852
1975,avamet,graphcast_hres_init,1.6766713672526146
1975,avamet,pangu_hres_init,1.791614461601096
1976,avamet,ifs_hres,1.7330252492042175
1976,avamet,graphcast_hres_init,1.6720294441654078
1976,avamet,pangu_hres_init,1.7745076065562635
1977,avamet,ifs_hres,1.750617628588044
1977,avamet,graphcast_hres_init,1.6849687542619547
1977,avamet,pangu_hres_init,1.793607384110732
1978,avamet,ifs_hres,1.7390365448099836
1978,avamet,graphcast_hres_init,1.6745550503136037
1978,avamet,pangu_hres_init,1.789973776256268
1979,avamet,ifs_hres,1.7475299895832277
1979,avamet,graphcast_hres_init,1.6858500307520896
1979,avamet,pangu_hres_init,1.792955319430563
1980,avamet,ifs_hres,1.757407420410881
1980,avamet,graphcast_hres_init,1.6881332676894334
1980,avamet,pangu_hres_init,1.800014452890491
1981,avamet,ifs_hres,1.7423790609976326
1981,avamet,graphcast_hres_init,1.6732433617511095
1981,avamet,pangu_hres_init,1.7962159997264877
1982,avamet,ifs_hres,1.7473924313529998
1982,avamet,graphcast_hres_init,1.6925092773044983
1982,avamet,pangu_hres_init,1.8129021749236105
1983,avamet,ifs_hres,1.764003377744692
1983,avamet,graphcast_hres_init,1.7019309973510837
1983,avamet,pangu_hres_init,1.8040783033534284
1984,avamet,ifs_hres,1.754752341559067
1984,avamet,graphcast_hres_init,1.6743999684266297
1984,avamet,pangu_hres_init,1.7883497413510436
1985,avamet,ifs_hres,1.7450523584612547
1985,avamet,graphcast_hres_init,1.6917007899562997
1985,avamet,pangu_hres_init,1.7840143387829317
1986,avamet,ifs_hres,1.7286483583918064
1986,avamet,graphcast_hres_init,1.6682327981324103
1986,avamet,pangu_hres_init,1.7834164391320921
1987,avamet,ifs_hres,1.7677219579700634
1987,avamet,graphcast_hres_init,1.6934421003589124
1987,avamet,pangu_hres_init,1.8141344867805775
1988,avamet,ifs_hres,1.7542865302827655
1988,avamet,graphcast_hres_init,1.6723812105149978
1988,avamet,pangu_hres_init,1.780110604592855
1989,avamet,ifs_hres,1.7622997853736044
1989,avamet,graphcast_hres_init,1.6986376847980162
1989,avamet,pangu_hres_init,1.8056130414855602
1990,avamet,ifs_hres,1.7334440953746872
1990,avamet,graphcast_hres_init,1.6696887067295294
1990,avamet,pangu_hres_init,1.7833137471313516
1991,avamet,ifs_hres,1.7514069245579844
1991,avamet,graphcast_hres_init,1.6783428270610048
1991,avamet,pangu_hres_init,1.7854922090038399
1992,avamet,ifs_hres,1.7543596682775557
1992,avamet,graphcast_hres_init,1.6831058942387018
1992,avamet,pangu_hres_init,1.8059234296731816
1993,avamet,ifs_hres,1.7355167038439976
1993,avamet,graphcast_hres_init,1.6787988147006492
1993,avamet,pangu_hres_init,1.780091402908979
1994,avamet,ifs_hres,1.7436669111158258
1994,avamet,graphcast_hres_init,1.675556329650086
1994,avamet,pangu_hres_init,1.7928951315655248
1995,avamet,ifs_hres,1.7518345365633643
1995,avamet,graphcast_hres_init,1.6824664406661736
1995,avamet,pangu_hres_init,1.7915956664187946
1996,avamet,ifs_hres,1.717293190757477
1996,avamet,graphcast_hres_init,1.662200224808954
1996,avamet,pangu_hres_init,1.7644968644285044
1997,avamet,ifs_hres,1.7770475636059315
1997,avamet,graphcast_hres_init,1.6982050080987057
1997,avamet,pangu_hres_init,1.8012593271093837
1998,avamet,ifs_hres,1.7191135637150607
1998,avamet,graphcast_hres_init,1.6647903413710066
1998,avamet,pangu_hres_init,1.7889357114193951
1999,avamet,ifs_hres,1.7440147101463592
1999,avamet,graphcast_hres_init,1.6916843136311306
1999,avamet,pangu_hres_init,1.7805166544700302
